subscription_id,user_id,valid_from,valid_to
1,1,2025-09-26,2025-10-26
2,2,2026-02-20,2026-03-22
3,2,2026-03-31,2026-04-30
4,2,2026-05-05,2026-06-04
5,2,2026-06-17,2026-07-17
6,3,2025-10-15,2025-11-14
7,3,2025-11-29,2025-12-29
8,3,2026-01-16,2026-02-15
9,4,2026-01-28,2026-02-27
10,4,2026-03-01,2026-03-31
11,5,2026-02-14,2026-03-16
12,5,2026-03-21,2026-04-20
13,6,2025-06-05,2025-07-05
14,6,2025-07-15,2025-08-14
15,6,2025-08-25,2025-09-24
16,6,2025-09-28,2025-10-28
17,6,2025-10-31,2025-11-30
18,6,2025-12-01,2025-12-31
19,6,2026-01-02,2026-02-01
20,7,2025-12-06,2026-01-05
21,8,2025-08-06,2025-09-05
22,9,2025-07-02,2025-08-01
23,10,2026-03-14,2026-04-13
24,10,2026-04-22,2026-05-22
25,10,2026-05-30,2026-06-29
26,10,2026-06-30,2026-07-30
27,11,2025-06-30,2025-07-30
28,12,2026-02-28,2026-03-30
29,12,2026-04-07,2026-05-07
30,12,2026-05-12,2026-06-11
31,12,2026-07-01,2026-07-31
32,13,2025-09-20,2025-10-20
33,13,2025-11-04,2025-12-04
34,13,2025-12-15,2026-01-14
35,14,2025-09-30,2025-10-30
36,14,2025-11-14,2025-12-14
37,14,2025-12-25,2026-01-24
38,14,2026-02-12,2026-03-14
39,14,2026-03-20,2026-04-19
40,15,2026-02-01,2026-03-03
41,15,2026-03-22,2026-04-21
42,16,2026-01-07,2026-02-06
43,16,2026-02-19,2026-03-21
44,16,2026-03-23,2026-04-22
45,17,2025-11-30,2025-12-30
46,17,2026-01-13,2026-02-12
47,17,2026-03-06,2026-04-05
48,17,2026-04-11,2026-05-11
49,17,2026-05-12,2026-06-11
50,17,2026-06-16,2026-07-16
51,17,2026-07-31,2026-08-30
52,18,2026-02-21,2026-03-23
53,18,2026-03-29,2026-04-28
54,18,2026-05-01,2026-05-31
55,19,2026-03-25,2026-04-24
56,19,2026-04-25,2026-05-25
57,19,2026-06-14,2026-07-14
58,19,2026-07-19,2026-08-18
59,20,2025-11-16,2025-12-16
60,20,2025-12-19,2026-01-18
61,20,2026-01-30,2026-03-01
62,20,2026-03-07,2026-04-06
63,21,2025-09-24,2025-10-24
64,21,2025-10-25,2025-11-24
65,21,2025-11-30,2025-12-30
66,21,2026-01-06,2026-02-05
67,21,2026-02-19,2026-03-21
68,21,2026-03-27,2026-04-26
69,22,2026-03-26,2026-04-25
70,22,2026-05-17,2026-06-16
71,22,2026-06-22,2026-07-22
72,22,2026-07-25,2026-08-24
73,22,2026-09-05,2026-10-05
74,22,2026-10-22,2026-11-21
75,23,2026-02-01,2026-03-03
76,23,2026-03-19,2026-04-18
77,23,2026-04-19,2026-05-19
78,23,2026-06-10,2026-07-10
79,23,2026-07-22,2026-08-21
80,24,2025-11-15,2025-12-15
81,25,2025-12-17,2026-01-16
82,25,2026-02-02,2026-03-04
83,25,2026-03-18,2026-04-17
84,25,2026-04-24,2026-05-24
85,25,2026-06-11,2026-07-11
86,25,2026-07-23,2026-08-22
87,25,2026-09-02,2026-10-02
88,26,2025-06-10,2025-07-10
89,26,2025-07-29,2025-08-28
90,26,2025-09-08,2025-10-08
91,26,2025-10-27,2025-11-26
92,26,2025-12-11,2026-01-10
93,27,2025-06-21,2025-07-21
94,27,2025-08-03,2025-09-02
95,28,2026-03-29,2026-04-28
96,28,2026-04-30,2026-05-30
97,28,2026-06-10,2026-07-10
98,28,2026-07-18,2026-08-17
99,28,2026-09-02,2026-10-02
100,29,2025-09-05,2025-10-05
101,29,2025-10-12,2025-11-11
102,29,2025-11-14,2025-12-14
103,29,2026-01-01,2026-01-31
104,29,2026-02-13,2026-03-15
105,29,2026-04-04,2026-05-04
106,29,2026-05-09,2026-06-08
107,30,2025-10-22,2025-11-21
108,30,2025-11-27,2025-12-27
109,30,2026-01-13,2026-02-12
110,30,2026-02-21,2026-03-23
111,30,2026-04-03,2026-05-03
112,31,2025-09-10,2025-10-10
113,31,2025-11-01,2025-12-01
114,31,2025-12-05,2026-01-04
115,31,2026-01-21,2026-02-20
116,31,2026-02-25,2026-03-27
117,31,2026-04-02,2026-05-02
118,31,2026-05-18,2026-06-17
119,32,2025-05-16,2025-06-15
120,33,2025-06-02,2025-07-02
121,33,2025-07-22,2025-08-21
122,33,2025-08-31,2025-09-30
123,33,2025-10-18,2025-11-17
124,33,2025-11-22,2025-12-22
125,34,2026-01-04,2026-02-03
126,34,2026-02-08,2026-03-10
127,34,2026-04-01,2026-05-01
128,34,2026-05-06,2026-06-05
129,34,2026-06-07,2026-07-07
130,34,2026-07-16,2026-08-15
131,34,2026-08-18,2026-09-17
132,35,2026-01-29,2026-02-28
133,35,2026-03-09,2026-04-08
134,35,2026-04-29,2026-05-29
135,36,2026-03-14,2026-04-13
136,36,2026-04-30,2026-05-30
137,36,2026-06-03,2026-07-03
138,36,2026-07-06,2026-08-05
139,36,2026-08-19,2026-09-18
140,36,2026-09-30,2026-10-30
141,37,2025-07-01,2025-07-31
142,37,2025-08-01,2025-08-31
143,37,2025-09-22,2025-10-22
144,37,2025-10-27,2025-11-26
145,37,2025-12-17,2026-01-16
146,38,2025-12-25,2026-01-24
147,38,2026-02-14,2026-03-16
148,39,2025-09-16,2025-10-16
149,40,2026-03-29,2026-04-28
150,40,2026-05-03,2026-06-02
151,41,2025-07-02,2025-08-01
152,41,2025-08-06,2025-09-05
153,41,2025-09-09,2025-10-09
154,41,2025-10-17,2025-11-16
155,42,2026-02-11,2026-03-13
156,42,2026-03-15,2026-04-14
157,42,2026-04-19,2026-05-19
158,42,2026-06-05,2026-07-05
159,42,2026-07-08,2026-08-07
160,42,2026-08-21,2026-09-20
161,43,2025-09-03,2025-10-03
162,44,2025-10-09,2025-11-08
163,44,2025-11-09,2025-12-09
164,44,2025-12-31,2026-01-30
165,44,2026-02-01,2026-03-03
166,45,2026-05-08,2026-06-07
167,45,2026-06-15,2026-07-15
168,45,2026-07-30,2026-08-29
169,45,2026-09-13,2026-10-13
170,45,2026-10-28,2026-11-27
171,45,2026-12-09,2027-01-08
172,46,2026-01-06,2026-02-05
173,46,2026-02-25,2026-03-27
174,46,2026-04-14,2026-05-14
175,46,2026-05-22,2026-06-21
176,46,2026-06-26,2026-07-26
177,47,2025-10-25,2025-11-24
178,47,2025-12-15,2026-01-14
179,47,2026-01-20,2026-02-19
180,47,2026-03-11,2026-04-10
181,47,2026-04-13,2026-05-13
182,47,2026-05-27,2026-06-26
183,48,2026-01-25,2026-02-24
184,48,2026-03-12,2026-04-11
185,48,2026-04-21,2026-05-21
186,48,2026-06-03,2026-07-03
187,48,2026-07-23,2026-08-22
188,48,2026-08-24,2026-09-23
189,48,2026-09-29,2026-10-29
190,49,2025-08-19,2025-09-18
191,49,2025-09-25,2025-10-25
192,49,2025-10-29,2025-11-28
193,49,2025-11-29,2025-12-29
194,49,2026-01-07,2026-02-06
195,49,2026-02-14,2026-03-16
196,50,2025-08-20,2025-09-19
197,50,2025-09-22,2025-10-22
198,50,2025-11-11,2025-12-11
199,50,2025-12-24,2026-01-23
200,50,2026-02-05,2026-03-07
201,50,2026-03-13,2026-04-12
202,50,2026-04-17,2026-05-17
203,51,2026-04-19,2026-05-19
204,52,2025-05-23,2025-06-22
205,52,2025-06-23,2025-07-23
206,52,2025-08-09,2025-09-08
207,52,2025-09-10,2025-10-10
208,53,2026-01-26,2026-02-25
209,53,2026-03-09,2026-04-08
210,53,2026-04-22,2026-05-22
211,53,2026-06-04,2026-07-04
212,54,2026-04-19,2026-05-19
213,54,2026-06-01,2026-07-01
214,54,2026-07-09,2026-08-08
215,54,2026-08-21,2026-09-20
216,54,2026-09-25,2026-10-25
217,54,2026-10-28,2026-11-27
218,54,2026-12-16,2027-01-15
219,55,2025-10-18,2025-11-17
220,55,2025-11-29,2025-12-29
221,55,2026-01-10,2026-02-09
222,55,2026-02-11,2026-03-13
223,55,2026-03-23,2026-04-22
224,55,2026-05-11,2026-06-10
225,55,2026-06-20,2026-07-20
226,56,2026-03-22,2026-04-21
227,56,2026-05-06,2026-06-05
228,56,2026-06-19,2026-07-19
229,57,2025-05-21,2025-06-20
230,57,2025-07-10,2025-08-09
231,58,2026-02-20,2026-03-22
232,58,2026-04-10,2026-05-10
233,58,2026-05-24,2026-06-23
234,58,2026-07-05,2026-08-04
235,58,2026-08-05,2026-09-04
236,58,2026-09-14,2026-10-14
237,59,2025-08-31,2025-09-30
238,59,2025-10-06,2025-11-05
239,59,2025-11-20,2025-12-20
240,59,2025-12-27,2026-01-26
241,59,2026-01-31,2026-03-02
242,60,2025-10-20,2025-11-19
243,60,2025-12-03,2026-01-02
244,60,2026-01-06,2026-02-05
245,60,2026-02-08,2026-03-10
246,61,2026-03-26,2026-04-25
247,61,2026-05-02,2026-06-01
248,62,2026-01-23,2026-02-22
249,62,2026-03-05,2026-04-04
250,62,2026-04-25,2026-05-25
251,62,2026-06-12,2026-07-12
252,62,2026-07-23,2026-08-22
253,62,2026-08-31,2026-09-30
254,63,2025-07-21,2025-08-20
255,63,2025-09-11,2025-10-11
256,64,2025-07-19,2025-08-18
257,64,2025-09-08,2025-10-08
258,64,2025-10-10,2025-11-09
259,64,2025-11-27,2025-12-27
260,64,2026-01-12,2026-02-11
261,64,2026-03-03,2026-04-02
262,64,2026-04-24,2026-05-24
263,65,2026-03-09,2026-04-08
264,66,2026-03-06,2026-04-05
265,66,2026-04-15,2026-05-15
266,67,2025-05-27,2025-06-26
267,67,2025-07-15,2025-08-14
268,67,2025-09-05,2025-10-05
269,67,2025-10-18,2025-11-17
270,67,2025-11-26,2025-12-26
271,67,2026-01-03,2026-02-02
272,68,2025-11-01,2025-12-01
273,68,2025-12-09,2026-01-08
274,68,2026-01-13,2026-02-12
275,68,2026-02-22,2026-03-24
276,68,2026-04-08,2026-05-08
277,69,2026-04-27,2026-05-27
278,69,2026-06-08,2026-07-08
279,69,2026-07-26,2026-08-25
280,70,2026-01-18,2026-02-17
281,70,2026-02-26,2026-03-28
282,71,2025-05-25,2025-06-24
283,71,2025-07-02,2025-08-01
284,71,2025-08-04,2025-09-03
285,71,2025-09-06,2025-10-06
286,71,2025-10-18,2025-11-17
287,71,2025-12-09,2026-01-08
288,71,2026-01-25,2026-02-24
289,72,2025-11-21,2025-12-21
290,72,2026-01-02,2026-02-01
291,72,2026-02-10,2026-03-12
292,72,2026-03-24,2026-04-23
293,73,2026-05-08,2026-06-07
294,73,2026-06-26,2026-07-26
295,73,2026-08-17,2026-09-16
296,73,2026-09-25,2026-10-25
297,73,2026-11-10,2026-12-10
298,73,2026-12-21,2027-01-20
299,73,2027-02-04,2027-03-06
300,74,2026-01-27,2026-02-26
301,74,2026-03-19,2026-04-18
302,74,2026-04-29,2026-05-29
303,74,2026-06-05,2026-07-05
304,74,2026-07-17,2026-08-16
305,75,2025-10-03,2025-11-02
306,75,2025-11-21,2025-12-21
307,75,2026-01-06,2026-02-05
308,75,2026-02-14,2026-03-16
309,76,2026-01-06,2026-02-05
310,76,2026-02-22,2026-03-24
311,76,2026-04-06,2026-05-06
312,76,2026-05-09,2026-06-08
313,77,2026-05-01,2026-05-31
314,77,2026-06-05,2026-07-05
315,78,2025-12-17,2026-01-16
316,78,2026-01-26,2026-02-25
317,79,2025-10-19,2025-11-18
318,80,2026-05-02,2026-06-01
319,80,2026-06-21,2026-07-21
320,80,2026-07-31,2026-08-30
321,80,2026-09-16,2026-10-16
322,80,2026-10-19,2026-11-18
323,81,2025-06-10,2025-07-10
324,81,2025-07-30,2025-08-29
325,82,2025-12-05,2026-01-04
326,82,2026-01-23,2026-02-22
327,82,2026-03-07,2026-04-06
328,83,2026-02-26,2026-03-28
329,83,2026-04-03,2026-05-03
330,83,2026-05-07,2026-06-06
331,84,2025-06-04,2025-07-04
332,85,2026-04-24,2026-05-24
333,85,2026-06-05,2026-07-05
334,86,2025-09-16,2025-10-16
335,87,2026-01-27,2026-02-26
336,87,2026-03-08,2026-04-07
337,87,2026-04-09,2026-05-09
338,87,2026-05-31,2026-06-30
339,88,2025-07-17,2025-08-16
340,88,2025-09-04,2025-10-04
341,88,2025-10-11,2025-11-10
342,88,2025-11-18,2025-12-18
343,88,2025-12-24,2026-01-23
344,88,2026-02-06,2026-03-08
345,89,2025-12-03,2026-01-02
346,89,2026-01-12,2026-02-11
347,89,2026-02-18,2026-03-20
348,90,2026-02-03,2026-03-05
349,90,2026-03-19,2026-04-18
350,90,2026-04-26,2026-05-26
351,90,2026-06-17,2026-07-17
352,91,2025-11-09,2025-12-09
353,91,2025-12-31,2026-01-30
354,92,2026-02-07,2026-03-09
355,93,2026-04-24,2026-05-24
356,93,2026-06-09,2026-07-09
357,93,2026-07-26,2026-08-25
358,93,2026-09-06,2026-10-06
359,93,2026-10-12,2026-11-11
360,93,2026-11-16,2026-12-16
361,94,2026-02-19,2026-03-21
362,95,2025-11-15,2025-12-15
363,95,2026-01-02,2026-02-01
364,95,2026-02-10,2026-03-12
365,95,2026-03-23,2026-04-22
366,96,2026-02-25,2026-03-27
367,96,2026-04-18,2026-05-18
368,97,2026-04-13,2026-05-13
369,97,2026-05-27,2026-06-26
370,97,2026-07-13,2026-08-12
371,97,2026-08-27,2026-09-26
372,97,2026-10-05,2026-11-04
373,97,2026-11-13,2026-12-13
374,98,2025-12-30,2026-01-29
375,98,2026-01-31,2026-03-02
376,98,2026-03-06,2026-04-05
377,98,2026-04-21,2026-05-21
378,98,2026-05-28,2026-06-27
379,98,2026-07-18,2026-08-17
380,99,2025-12-15,2026-01-14
381,99,2026-01-31,2026-03-02
382,99,2026-03-16,2026-04-15
383,99,2026-04-26,2026-05-26
384,99,2026-05-31,2026-06-30
385,99,2026-07-08,2026-08-07
386,99,2026-08-22,2026-09-21
387,100,2026-03-02,2026-04-01
388,100,2026-04-20,2026-05-20
389,100,2026-06-03,2026-07-03
390,100,2026-07-16,2026-08-15
391,101,2025-09-17,2025-10-17
392,101,2025-10-24,2025-11-23
393,101,2025-11-30,2025-12-30
394,102,2025-12-29,2026-01-28
395,103,2025-09-09,2025-10-09
396,104,2025-11-10,2025-12-10
397,104,2025-12-15,2026-01-14
398,104,2026-01-29,2026-02-28
399,104,2026-03-18,2026-04-17
400,104,2026-04-20,2026-05-20
401,104,2026-05-21,2026-06-20
402,105,2025-12-22,2026-01-21
403,105,2026-02-12,2026-03-14
404,105,2026-03-16,2026-04-15
405,106,2026-03-30,2026-04-29
406,107,2026-02-15,2026-03-17
407,107,2026-03-22,2026-04-21
408,107,2026-04-24,2026-05-24
409,107,2026-06-03,2026-07-03
410,107,2026-07-09,2026-08-08
411,107,2026-08-19,2026-09-18
412,107,2026-10-03,2026-11-02
413,108,2026-02-24,2026-03-26
414,108,2026-03-30,2026-04-29
415,108,2026-05-13,2026-06-12
416,108,2026-06-13,2026-07-13
417,108,2026-08-02,2026-09-01
418,108,2026-09-11,2026-10-11
419,108,2026-10-19,2026-11-18
420,109,2025-08-30,2025-09-29
421,109,2025-10-06,2025-11-05
422,109,2025-11-18,2025-12-18
423,109,2026-01-04,2026-02-03
424,109,2026-02-24,2026-03-26
425,109,2026-03-29,2026-04-28
426,110,2026-01-27,2026-02-26
427,110,2026-03-05,2026-04-04
428,111,2025-10-12,2025-11-11
429,111,2025-12-01,2025-12-31
430,112,2026-01-16,2026-02-15
431,112,2026-03-04,2026-04-03
432,112,2026-04-16,2026-05-16
433,113,2026-01-30,2026-03-01
434,113,2026-03-21,2026-04-20
435,113,2026-05-11,2026-06-10
436,113,2026-06-16,2026-07-16
437,113,2026-08-04,2026-09-03
438,113,2026-09-24,2026-10-24
439,114,2026-04-10,2026-05-10
440,114,2026-05-22,2026-06-21
441,114,2026-06-26,2026-07-26
442,114,2026-08-07,2026-09-06
443,114,2026-09-26,2026-10-26
444,114,2026-11-07,2026-12-07
445,114,2026-12-29,2027-01-28
446,115,2026-02-18,2026-03-20
447,115,2026-03-25,2026-04-24
448,116,2025-10-10,2025-11-09
449,116,2025-11-17,2025-12-17
450,117,2025-11-14,2025-12-14
451,117,2026-01-03,2026-02-02
452,118,2025-07-30,2025-08-29
453,118,2025-09-08,2025-10-08
454,119,2025-12-28,2026-01-27
455,119,2026-02-04,2026-03-06
456,119,2026-03-18,2026-04-17
457,119,2026-04-25,2026-05-25
458,119,2026-05-30,2026-06-29
459,119,2026-07-07,2026-08-06
460,119,2026-08-20,2026-09-19
461,120,2026-01-23,2026-02-22
462,121,2025-10-25,2025-11-24
463,122,2025-12-31,2026-01-30
464,123,2025-09-12,2025-10-12
465,123,2025-10-29,2025-11-28
466,123,2025-12-04,2026-01-03
467,123,2026-01-16,2026-02-15
468,124,2026-04-12,2026-05-12
469,124,2026-05-29,2026-06-28
470,124,2026-07-04,2026-08-03
471,124,2026-08-10,2026-09-09
472,125,2026-01-21,2026-02-20
473,126,2025-12-01,2025-12-31
474,126,2026-01-05,2026-02-04
475,126,2026-02-17,2026-03-19
476,126,2026-03-23,2026-04-22
477,127,2026-05-08,2026-06-07
478,127,2026-06-15,2026-07-15
479,127,2026-08-02,2026-09-01
480,127,2026-09-23,2026-10-23
481,127,2026-11-10,2026-12-10
482,127,2026-12-31,2027-01-30
483,128,2025-12-01,2025-12-31
484,128,2026-01-16,2026-02-15
485,128,2026-03-09,2026-04-08
486,128,2026-04-29,2026-05-29
487,128,2026-06-12,2026-07-12
488,128,2026-07-21,2026-08-20
489,129,2025-10-08,2025-11-07
490,129,2025-11-20,2025-12-20
491,129,2026-01-05,2026-02-04
492,129,2026-02-11,2026-03-13
493,129,2026-03-24,2026-04-23
494,129,2026-05-08,2026-06-07
495,129,2026-06-16,2026-07-16
496,130,2026-05-07,2026-06-06
497,130,2026-06-13,2026-07-13
498,131,2025-09-18,2025-10-18
499,131,2025-11-04,2025-12-04
500,132,2025-08-08,2025-09-07
501,132,2025-09-27,2025-10-27
502,132,2025-11-06,2025-12-06
503,132,2025-12-15,2026-01-14
504,132,2026-01-19,2026-02-18
505,132,2026-03-02,2026-04-01
506,133,2025-06-30,2025-07-30
507,133,2025-08-04,2025-09-03
508,133,2025-09-25,2025-10-25
509,133,2025-11-16,2025-12-16
510,133,2026-01-06,2026-02-05
511,133,2026-02-11,2026-03-13
512,134,2025-09-30,2025-10-30
513,134,2025-11-12,2025-12-12
514,134,2025-12-14,2026-01-13
515,134,2026-01-26,2026-02-25
516,134,2026-03-03,2026-04-02
517,134,2026-04-22,2026-05-22
518,135,2025-09-09,2025-10-09
519,135,2025-10-30,2025-11-29
520,136,2025-07-05,2025-08-04
521,136,2025-08-25,2025-09-24
522,136,2025-10-10,2025-11-09
523,136,2025-11-17,2025-12-17
524,137,2025-10-13,2025-11-12
525,137,2025-11-30,2025-12-30
526,137,2026-01-01,2026-01-31
527,137,2026-02-09,2026-03-11
528,137,2026-03-24,2026-04-23
529,137,2026-05-15,2026-06-14
530,137,2026-06-30,2026-07-30
531,138,2026-02-13,2026-03-15
532,139,2025-10-18,2025-11-17
533,139,2025-11-25,2025-12-25
534,139,2026-01-12,2026-02-11
535,139,2026-02-21,2026-03-23
536,140,2026-03-07,2026-04-06
537,140,2026-04-17,2026-05-17
538,140,2026-05-22,2026-06-21
539,140,2026-06-22,2026-07-22
540,140,2026-08-13,2026-09-12
541,140,2026-09-15,2026-10-15
542,141,2025-07-14,2025-08-13
543,141,2025-08-19,2025-09-18
544,141,2025-10-01,2025-10-31
545,141,2025-11-22,2025-12-22
546,141,2025-12-24,2026-01-23
547,141,2026-02-09,2026-03-11
548,141,2026-03-21,2026-04-20
549,142,2025-10-31,2025-11-30
550,142,2025-12-19,2026-01-18
551,142,2026-02-03,2026-03-05
552,142,2026-03-27,2026-04-26
553,143,2025-08-10,2025-09-09
554,143,2025-09-20,2025-10-20
555,143,2025-10-29,2025-11-28
556,143,2025-12-14,2026-01-13
557,144,2025-12-26,2026-01-25
558,144,2026-02-03,2026-03-05
559,144,2026-03-24,2026-04-23
560,145,2025-09-26,2025-10-26
561,145,2025-11-16,2025-12-16
562,145,2026-01-07,2026-02-06
563,145,2026-02-09,2026-03-11
564,145,2026-03-23,2026-04-22
565,145,2026-04-25,2026-05-25
566,145,2026-06-08,2026-07-08
567,146,2025-10-21,2025-11-20
568,147,2026-04-17,2026-05-17
569,147,2026-05-28,2026-06-27
570,147,2026-07-11,2026-08-10
571,147,2026-08-19,2026-09-18
572,147,2026-09-19,2026-10-19
573,147,2026-11-07,2026-12-07
574,147,2026-12-29,2027-01-28
575,148,2026-03-22,2026-04-21
576,148,2026-05-10,2026-06-09
577,148,2026-06-16,2026-07-16
578,148,2026-08-04,2026-09-03
579,148,2026-09-14,2026-10-14
580,149,2025-12-14,2026-01-13
581,149,2026-01-25,2026-02-24
582,149,2026-03-02,2026-04-01
583,149,2026-04-03,2026-05-03
584,149,2026-05-19,2026-06-18
585,150,2026-03-23,2026-04-22
586,150,2026-04-23,2026-05-23
587,150,2026-06-01,2026-07-01
588,150,2026-07-07,2026-08-06
589,150,2026-08-20,2026-09-19
590,150,2026-09-25,2026-10-25
591,150,2026-11-16,2026-12-16
592,151,2026-02-17,2026-03-19
593,152,2025-11-18,2025-12-18
594,152,2025-12-23,2026-01-22
595,152,2026-02-13,2026-03-15
596,152,2026-03-18,2026-04-17
597,153,2026-02-19,2026-03-21
598,153,2026-03-28,2026-04-27
599,153,2026-05-16,2026-06-15
600,154,2026-03-19,2026-04-18
601,154,2026-05-08,2026-06-07
602,154,2026-06-20,2026-07-20
603,154,2026-08-04,2026-09-03
604,154,2026-09-21,2026-10-21
605,154,2026-11-09,2026-12-09
606,154,2026-12-30,2027-01-29
607,155,2025-08-16,2025-09-15
608,155,2025-10-04,2025-11-03
609,155,2025-11-20,2025-12-20
610,155,2026-01-05,2026-02-04
611,156,2025-11-30,2025-12-30
612,157,2025-07-10,2025-08-09
613,157,2025-08-17,2025-09-16
614,157,2025-09-19,2025-10-19
615,157,2025-11-08,2025-12-08
616,158,2025-07-11,2025-08-10
617,158,2025-08-31,2025-09-30
618,159,2025-07-29,2025-08-28
619,159,2025-09-12,2025-10-12
620,159,2025-10-23,2025-11-22
621,159,2025-12-11,2026-01-10
622,159,2026-01-27,2026-02-26
623,159,2026-03-16,2026-04-15
624,160,2025-10-16,2025-11-15
625,160,2025-11-29,2025-12-29
626,160,2026-01-10,2026-02-09
627,160,2026-02-17,2026-03-19
628,161,2025-09-08,2025-10-08
629,161,2025-10-18,2025-11-17
630,162,2025-09-23,2025-10-23
631,163,2025-05-21,2025-06-20
632,163,2025-07-01,2025-07-31
633,163,2025-08-10,2025-09-09
634,163,2025-09-16,2025-10-16
635,163,2025-10-17,2025-11-16
636,163,2025-12-03,2026-01-02
637,164,2025-06-13,2025-07-13
638,164,2025-08-03,2025-09-02
639,164,2025-09-13,2025-10-13
640,164,2025-10-19,2025-11-18
641,164,2025-11-26,2025-12-26
642,164,2025-12-30,2026-01-29
643,165,2025-05-13,2025-06-12
644,166,2026-03-28,2026-04-27
645,166,2026-05-09,2026-06-08
646,166,2026-06-09,2026-07-09
647,166,2026-07-21,2026-08-20
648,166,2026-09-05,2026-10-05
649,167,2025-10-05,2025-11-04
650,167,2025-11-23,2025-12-23
651,167,2026-01-13,2026-02-12
652,168,2025-09-22,2025-10-22
653,168,2025-11-07,2025-12-07
654,168,2025-12-08,2026-01-07
655,168,2026-01-09,2026-02-08
656,168,2026-02-09,2026-03-11
657,168,2026-03-16,2026-04-15
658,168,2026-04-29,2026-05-29
659,169,2025-11-11,2025-12-11
660,169,2025-12-21,2026-01-20
661,169,2026-01-30,2026-03-01
662,169,2026-03-19,2026-04-18
663,170,2026-02-13,2026-03-15
664,170,2026-03-31,2026-04-30
665,170,2026-05-13,2026-06-12
666,170,2026-06-22,2026-07-22
667,170,2026-08-10,2026-09-09
668,170,2026-09-24,2026-10-24
669,170,2026-11-12,2026-12-12
670,171,2025-09-28,2025-10-28
671,171,2025-11-11,2025-12-11
672,171,2025-12-18,2026-01-17
673,172,2025-12-02,2026-01-01
674,172,2026-01-03,2026-02-02
675,172,2026-02-11,2026-03-13
676,173,2025-06-30,2025-07-30
677,174,2026-03-31,2026-04-30
678,174,2026-05-11,2026-06-10
679,175,2025-11-23,2025-12-23
680,175,2025-12-25,2026-01-24
681,175,2026-02-12,2026-03-14
682,175,2026-03-27,2026-04-26
683,176,2025-09-27,2025-10-27
684,176,2025-11-16,2025-12-16
685,176,2025-12-22,2026-01-21
686,176,2026-02-05,2026-03-07
687,176,2026-03-22,2026-04-21
688,177,2025-08-24,2025-09-23
689,178,2025-12-17,2026-01-16
690,178,2026-02-04,2026-03-06
691,178,2026-03-19,2026-04-18
692,179,2026-05-05,2026-06-04
693,179,2026-06-06,2026-07-06
694,179,2026-07-18,2026-08-17
695,180,2025-09-18,2025-10-18
696,180,2025-10-24,2025-11-23
697,180,2025-12-05,2026-01-04
698,180,2026-01-16,2026-02-15
699,181,2025-07-07,2025-08-06
700,181,2025-08-12,2025-09-11
701,182,2025-07-18,2025-08-17
702,182,2025-08-31,2025-09-30
703,182,2025-10-10,2025-11-09
704,182,2025-11-17,2025-12-17
705,183,2026-04-24,2026-05-24
706,183,2026-06-13,2026-07-13
707,183,2026-07-23,2026-08-22
708,183,2026-09-08,2026-10-08
709,183,2026-10-28,2026-11-27
710,183,2026-12-15,2027-01-14
711,183,2027-02-02,2027-03-04
712,184,2025-09-26,2025-10-26
713,184,2025-11-07,2025-12-07
714,184,2025-12-17,2026-01-16
715,184,2026-01-30,2026-03-01
716,184,2026-03-23,2026-04-22
717,185,2025-08-02,2025-09-01
718,185,2025-09-12,2025-10-12
719,186,2025-05-16,2025-06-15
720,186,2025-06-23,2025-07-23
721,186,2025-08-02,2025-09-01
722,186,2025-09-10,2025-10-10
723,186,2025-10-13,2025-11-12
724,186,2025-11-22,2025-12-22
725,186,2026-01-11,2026-02-10
726,187,2025-10-17,2025-11-16
727,187,2025-12-06,2026-01-05
728,187,2026-01-24,2026-02-23
729,187,2026-03-03,2026-04-02
730,188,2026-03-24,2026-04-23
731,188,2026-05-02,2026-06-01
732,189,2025-12-22,2026-01-21
733,189,2026-01-29,2026-02-28
734,189,2026-03-19,2026-04-18
735,189,2026-04-27,2026-05-27
736,190,2025-08-19,2025-09-18
737,190,2025-10-05,2025-11-04
738,190,2025-11-26,2025-12-26
739,191,2025-07-15,2025-08-14
740,191,2025-08-20,2025-09-19
741,191,2025-09-24,2025-10-24
742,191,2025-11-01,2025-12-01
743,191,2025-12-03,2026-01-02
744,191,2026-01-21,2026-02-20
745,192,2025-10-20,2025-11-19
746,192,2025-11-24,2025-12-24
747,192,2026-01-13,2026-02-12
748,192,2026-02-28,2026-03-30
749,192,2026-04-06,2026-05-06
750,193,2026-04-17,2026-05-17
751,193,2026-06-07,2026-07-07
752,193,2026-07-24,2026-08-23
753,193,2026-09-11,2026-10-11
754,193,2026-10-20,2026-11-19
755,193,2026-11-23,2026-12-23
756,194,2025-11-28,2025-12-28
757,194,2025-12-29,2026-01-28
758,195,2026-02-10,2026-03-12
759,195,2026-03-14,2026-04-13
760,195,2026-04-19,2026-05-19
761,195,2026-05-23,2026-06-22
762,196,2025-09-21,2025-10-21
763,196,2025-11-06,2025-12-06
764,196,2025-12-17,2026-01-16
765,196,2026-01-26,2026-02-25
766,196,2026-03-14,2026-04-13
767,196,2026-04-25,2026-05-25
768,196,2026-06-01,2026-07-01
769,197,2026-05-05,2026-06-04
770,197,2026-06-16,2026-07-16
771,197,2026-07-27,2026-08-26
772,197,2026-09-11,2026-10-11
773,197,2026-10-30,2026-11-29
774,197,2026-12-04,2027-01-03
775,198,2025-10-15,2025-11-14
776,199,2025-07-27,2025-08-26
777,200,2026-03-29,2026-04-28
778,200,2026-05-08,2026-06-07
779,200,2026-06-20,2026-07-20
780,200,2026-07-23,2026-08-22
781,200,2026-08-27,2026-09-26
782,201,2025-08-14,2025-09-13
783,201,2025-09-15,2025-10-15
784,202,2025-07-01,2025-07-31
785,202,2025-08-04,2025-09-03
786,203,2026-01-12,2026-02-11
787,203,2026-02-18,2026-03-20
788,203,2026-04-04,2026-05-04
789,203,2026-05-15,2026-06-14
790,203,2026-06-27,2026-07-27
791,203,2026-08-08,2026-09-07
792,203,2026-09-24,2026-10-24
793,204,2025-10-09,2025-11-08
794,204,2025-11-19,2025-12-19
795,204,2026-01-07,2026-02-06
796,204,2026-02-17,2026-03-19
797,205,2026-01-01,2026-01-31
798,205,2026-02-01,2026-03-03
799,205,2026-03-21,2026-04-20
800,205,2026-05-04,2026-06-03
801,205,2026-06-06,2026-07-06
802,205,2026-07-25,2026-08-24
803,206,2025-08-07,2025-09-06
804,206,2025-09-15,2025-10-15
805,207,2026-02-06,2026-03-08
806,207,2026-03-15,2026-04-14
807,207,2026-04-23,2026-05-23
808,207,2026-06-03,2026-07-03
809,207,2026-07-16,2026-08-15
810,208,2025-10-21,2025-11-20
811,208,2025-11-23,2025-12-23
812,209,2025-06-03,2025-07-03
813,209,2025-07-15,2025-08-14
814,209,2025-08-16,2025-09-15
815,209,2025-09-22,2025-10-22
816,209,2025-11-01,2025-12-01
817,210,2025-11-10,2025-12-10
818,210,2025-12-16,2026-01-15
819,211,2025-09-28,2025-10-28
820,211,2025-10-30,2025-11-29
821,211,2025-12-07,2026-01-06
822,211,2026-01-13,2026-02-12
823,211,2026-02-22,2026-03-24
824,211,2026-04-08,2026-05-08
825,212,2026-02-09,2026-03-11
826,212,2026-03-25,2026-04-24
827,213,2025-06-24,2025-07-24
828,213,2025-07-25,2025-08-24
829,213,2025-09-03,2025-10-03
830,213,2025-10-11,2025-11-10
831,213,2025-12-02,2026-01-01
832,213,2026-01-16,2026-02-15
833,214,2025-11-22,2025-12-22
834,214,2026-01-13,2026-02-12
835,214,2026-03-06,2026-04-05
836,214,2026-04-18,2026-05-18
837,215,2025-05-30,2025-06-29
838,215,2025-07-01,2025-07-31
839,215,2025-08-18,2025-09-17
840,215,2025-10-08,2025-11-07
841,215,2025-11-18,2025-12-18
842,215,2025-12-23,2026-01-22
843,215,2026-02-10,2026-03-12
844,216,2025-10-27,2025-11-26
845,216,2025-11-28,2025-12-28
846,216,2026-01-02,2026-02-01
847,216,2026-02-22,2026-03-24
848,217,2026-02-20,2026-03-22
849,217,2026-04-06,2026-05-06
850,217,2026-05-16,2026-06-15
851,217,2026-06-18,2026-07-18
852,217,2026-08-02,2026-09-01
853,217,2026-09-10,2026-10-10
854,218,2026-03-30,2026-04-29
855,219,2025-11-09,2025-12-09
856,219,2025-12-11,2026-01-10
857,219,2026-01-15,2026-02-14
858,219,2026-02-22,2026-03-24
859,219,2026-04-11,2026-05-11
860,219,2026-05-23,2026-06-22
861,219,2026-06-24,2026-07-24
862,220,2025-10-16,2025-11-15
863,220,2025-12-05,2026-01-04
864,221,2025-09-10,2025-10-10
865,221,2025-10-21,2025-11-20
866,221,2025-11-26,2025-12-26
867,221,2026-01-10,2026-02-09
868,222,2025-12-17,2026-01-16
869,222,2026-01-23,2026-02-22
870,222,2026-03-01,2026-03-31
871,222,2026-04-05,2026-05-05
872,222,2026-05-22,2026-06-21
873,222,2026-06-26,2026-07-26
874,223,2026-02-03,2026-03-05
875,223,2026-03-06,2026-04-05
876,223,2026-04-10,2026-05-10
877,223,2026-05-11,2026-06-10
878,223,2026-06-15,2026-07-15
879,223,2026-07-26,2026-08-25
880,223,2026-09-07,2026-10-07
881,224,2025-10-11,2025-11-10
882,225,2025-07-20,2025-08-19
883,226,2025-12-31,2026-01-30
884,226,2026-02-08,2026-03-10
885,227,2025-12-12,2026-01-11
886,227,2026-01-14,2026-02-13
887,227,2026-02-17,2026-03-19
888,227,2026-04-10,2026-05-10
889,228,2026-05-04,2026-06-03
890,228,2026-06-15,2026-07-15
891,228,2026-07-16,2026-08-15
892,228,2026-08-30,2026-09-29
893,228,2026-10-13,2026-11-12
894,228,2026-11-17,2026-12-17
895,228,2027-01-02,2027-02-01
896,229,2025-11-21,2025-12-21
897,229,2026-01-01,2026-01-31
898,229,2026-02-08,2026-03-10
899,229,2026-03-12,2026-04-11
900,229,2026-04-17,2026-05-17
901,230,2026-01-22,2026-02-21
902,230,2026-02-28,2026-03-30
903,230,2026-04-01,2026-05-01
904,230,2026-05-04,2026-06-03
905,230,2026-06-09,2026-07-09
906,230,2026-07-17,2026-08-16
907,231,2025-10-12,2025-11-11
908,231,2025-11-27,2025-12-27
909,231,2026-01-02,2026-02-01
910,231,2026-02-09,2026-03-11
911,231,2026-03-12,2026-04-11
912,232,2026-01-03,2026-02-02
913,232,2026-02-04,2026-03-06
914,232,2026-03-11,2026-04-10
915,233,2025-05-22,2025-06-21
916,233,2025-06-24,2025-07-24
917,233,2025-08-12,2025-09-11
918,234,2025-07-19,2025-08-18
919,235,2025-09-18,2025-10-18
920,235,2025-10-28,2025-11-27
921,236,2025-10-24,2025-11-23
922,236,2025-12-08,2026-01-07
923,236,2026-01-21,2026-02-20
924,237,2025-06-19,2025-07-19
925,237,2025-08-03,2025-09-02
926,237,2025-09-06,2025-10-06
927,237,2025-10-22,2025-11-21
928,237,2025-12-12,2026-01-11
929,237,2026-02-01,2026-03-03
930,238,2026-04-27,2026-05-27
931,238,2026-06-10,2026-07-10
932,238,2026-07-14,2026-08-13
933,239,2026-04-14,2026-05-14
934,239,2026-05-20,2026-06-19
935,239,2026-06-28,2026-07-28
936,239,2026-07-30,2026-08-29
937,239,2026-09-11,2026-10-11
938,239,2026-10-23,2026-11-22
939,239,2026-12-13,2027-01-12
940,240,2025-08-29,2025-09-28
941,240,2025-10-13,2025-11-12
942,241,2026-01-26,2026-02-25
943,241,2026-03-18,2026-04-17
944,241,2026-04-22,2026-05-22
945,241,2026-06-02,2026-07-02
946,241,2026-07-19,2026-08-18
947,241,2026-08-21,2026-09-20
948,241,2026-09-26,2026-10-26
949,242,2025-06-18,2025-07-18
950,242,2025-07-20,2025-08-19
951,242,2025-09-07,2025-10-07
952,243,2026-01-23,2026-02-22
953,243,2026-03-12,2026-04-11
954,243,2026-04-21,2026-05-21
955,243,2026-05-30,2026-06-29
956,244,2025-12-31,2026-01-30
957,244,2026-02-07,2026-03-09
958,244,2026-03-25,2026-04-24
959,244,2026-05-02,2026-06-01
960,244,2026-06-22,2026-07-22
961,244,2026-07-29,2026-08-28
962,245,2025-08-22,2025-09-21
963,245,2025-09-27,2025-10-27
964,245,2025-10-31,2025-11-30
965,245,2025-12-05,2026-01-04
966,245,2026-01-07,2026-02-06
967,246,2025-11-12,2025-12-12
968,247,2026-02-13,2026-03-15
969,247,2026-03-17,2026-04-16
970,247,2026-04-24,2026-05-24
971,247,2026-06-05,2026-07-05
972,248,2025-05-22,2025-06-21
973,248,2025-06-23,2025-07-23
974,248,2025-08-14,2025-09-13
975,248,2025-09-16,2025-10-16
976,249,2026-04-08,2026-05-08
977,249,2026-05-24,2026-06-23
978,249,2026-07-03,2026-08-02
979,249,2026-08-04,2026-09-03
980,249,2026-09-24,2026-10-24
981,249,2026-11-01,2026-12-01
982,249,2026-12-21,2027-01-20
983,250,2025-09-22,2025-10-22
984,250,2025-11-10,2025-12-10
985,250,2025-12-30,2026-01-29
986,251,2026-01-17,2026-02-16
987,251,2026-02-22,2026-03-24
988,251,2026-04-13,2026-05-13
989,252,2025-06-03,2025-07-03
990,252,2025-07-19,2025-08-18
991,252,2025-08-22,2025-09-21
992,252,2025-09-27,2025-10-27
993,252,2025-11-02,2025-12-02
994,252,2025-12-07,2026-01-06
995,253,2026-01-24,2026-02-23
996,253,2026-03-03,2026-04-02
997,253,2026-04-10,2026-05-10
998,253,2026-05-28,2026-06-27
999,254,2025-09-25,2025-10-25
1000,254,2025-10-26,2025-11-25
1001,255,2025-09-24,2025-10-24
1002,255,2025-10-29,2025-11-28
1003,255,2025-12-03,2026-01-02
1004,255,2026-01-06,2026-02-05
1005,255,2026-02-18,2026-03-20
1006,255,2026-03-26,2026-04-25
1007,255,2026-05-08,2026-06-07
1008,256,2025-06-29,2025-07-29
1009,256,2025-08-17,2025-09-16
1010,256,2025-10-07,2025-11-06
1011,257,2026-05-10,2026-06-09
1012,257,2026-06-16,2026-07-16
1013,257,2026-07-17,2026-08-16
1014,257,2026-09-03,2026-10-03
1015,257,2026-10-10,2026-11-09
1016,257,2026-11-16,2026-12-16
1017,257,2026-12-26,2027-01-25
1018,258,2026-03-16,2026-04-15
1019,258,2026-04-16,2026-05-16
1020,258,2026-05-26,2026-06-25
1021,259,2025-10-20,2025-11-19
1022,259,2025-12-05,2026-01-04
1023,259,2026-01-21,2026-02-20
1024,259,2026-03-12,2026-04-11
1025,259,2026-04-30,2026-05-30
1026,259,2026-06-10,2026-07-10
1027,259,2026-07-11,2026-08-10
1028,260,2025-05-15,2025-06-14
1029,260,2025-06-20,2025-07-20
1030,260,2025-07-21,2025-08-20
1031,260,2025-09-01,2025-10-01
1032,261,2025-08-06,2025-09-05
1033,261,2025-09-22,2025-10-22
1034,261,2025-11-13,2025-12-13
1035,261,2025-12-25,2026-01-24
1036,261,2026-01-27,2026-02-26
1037,261,2026-03-18,2026-04-17
1038,262,2025-07-13,2025-08-12
1039,262,2025-08-28,2025-09-27
1040,263,2025-06-20,2025-07-20
1041,263,2025-08-02,2025-09-01
1042,263,2025-09-15,2025-10-15
1043,263,2025-11-05,2025-12-05
1044,263,2025-12-27,2026-01-26
1045,264,2025-10-03,2025-11-02
1046,264,2025-11-13,2025-12-13
1047,265,2026-04-17,2026-05-17
1048,265,2026-05-23,2026-06-22
1049,266,2026-03-17,2026-04-16
1050,266,2026-04-27,2026-05-27
1051,266,2026-06-02,2026-07-02
1052,266,2026-07-08,2026-08-07
1053,267,2026-05-11,2026-06-10
1054,267,2026-06-11,2026-07-11
1055,267,2026-07-25,2026-08-24
1056,267,2026-08-27,2026-09-26
1057,267,2026-10-09,2026-11-08
1058,268,2026-01-10,2026-02-09
1059,268,2026-02-14,2026-03-16
1060,268,2026-04-05,2026-05-05
1061,268,2026-05-10,2026-06-09
1062,268,2026-06-10,2026-07-10
1063,269,2025-11-13,2025-12-13
1064,269,2025-12-19,2026-01-18
1065,269,2026-01-23,2026-02-22
1066,270,2025-07-11,2025-08-10
1067,270,2025-08-13,2025-09-12
1068,270,2025-09-23,2025-10-23
1069,271,2025-07-23,2025-08-22
1070,271,2025-08-27,2025-09-26
1071,272,2026-01-22,2026-02-21
1072,272,2026-03-15,2026-04-14
1073,272,2026-05-03,2026-06-02
1074,273,2025-07-15,2025-08-14
1075,273,2025-08-22,2025-09-21
1076,274,2026-03-14,2026-04-13
1077,274,2026-05-04,2026-06-03
1078,274,2026-06-17,2026-07-17
1079,274,2026-07-23,2026-08-22
1080,274,2026-09-11,2026-10-11
1081,274,2026-10-21,2026-11-20
1082,275,2025-06-29,2025-07-29
1083,275,2025-07-31,2025-08-30
1084,275,2025-09-13,2025-10-13
1085,275,2025-10-26,2025-11-25
1086,275,2025-11-28,2025-12-28
1087,275,2026-01-08,2026-02-07
1088,275,2026-03-01,2026-03-31
1089,276,2026-03-04,2026-04-03
1090,276,2026-04-04,2026-05-04
1091,276,2026-05-25,2026-06-24
1092,276,2026-07-16,2026-08-15
1093,276,2026-09-02,2026-10-02
1094,277,2025-06-29,2025-07-29
1095,278,2025-06-04,2025-07-04
1096,278,2025-07-12,2025-08-11
1097,278,2025-09-01,2025-10-01
1098,278,2025-10-19,2025-11-18
1099,278,2025-11-20,2025-12-20
1100,278,2025-12-22,2026-01-21
1101,279,2025-12-22,2026-01-21
1102,279,2026-01-29,2026-02-28
1103,279,2026-03-06,2026-04-05
1104,279,2026-04-08,2026-05-08
1105,279,2026-05-29,2026-06-28
1106,280,2025-12-09,2026-01-08
1107,280,2026-01-12,2026-02-11
1108,281,2026-01-05,2026-02-04
1109,281,2026-02-16,2026-03-18
1110,281,2026-03-28,2026-04-27
1111,281,2026-05-14,2026-06-13
1112,281,2026-07-05,2026-08-04
1113,281,2026-08-08,2026-09-07
1114,281,2026-09-19,2026-10-19
1115,282,2026-01-27,2026-02-26
1116,282,2026-03-16,2026-04-15
1117,283,2025-08-29,2025-09-28
1118,283,2025-10-11,2025-11-10
1119,283,2025-11-20,2025-12-20
1120,283,2025-12-21,2026-01-20
1121,283,2026-01-24,2026-02-23
1122,284,2025-12-21,2026-01-20
1123,285,2026-05-04,2026-06-03
1124,285,2026-06-21,2026-07-21
1125,285,2026-07-23,2026-08-22
1126,286,2025-10-16,2025-11-15
1127,286,2025-11-20,2025-12-20
1128,286,2026-01-11,2026-02-10
1129,287,2025-07-16,2025-08-15
1130,288,2026-03-22,2026-04-21
1131,288,2026-05-07,2026-06-06
1132,288,2026-06-21,2026-07-21
1133,288,2026-08-11,2026-09-10
1134,288,2026-09-27,2026-10-27
1135,289,2025-09-11,2025-10-11
1136,289,2025-10-28,2025-11-27
1137,290,2025-09-06,2025-10-06
1138,290,2025-10-27,2025-11-26
1139,290,2025-12-09,2026-01-08
1140,290,2026-01-18,2026-02-17
1141,290,2026-03-02,2026-04-01
1142,290,2026-04-11,2026-05-11
1143,290,2026-05-15,2026-06-14
1144,291,2025-12-16,2026-01-15
1145,291,2026-01-22,2026-02-21
1146,291,2026-03-03,2026-04-02
1147,291,2026-04-24,2026-05-24
1148,292,2025-10-08,2025-11-07
1149,293,2026-03-07,2026-04-06
1150,293,2026-04-11,2026-05-11
1151,293,2026-05-17,2026-06-16
1152,293,2026-06-19,2026-07-19
1153,293,2026-07-26,2026-08-25
1154,293,2026-08-31,2026-09-30
1155,294,2025-08-02,2025-09-01
1156,294,2025-09-03,2025-10-03
1157,294,2025-10-13,2025-11-12
1158,295,2026-01-24,2026-02-23
1159,295,2026-03-13,2026-04-12
1160,295,2026-04-19,2026-05-19
1161,295,2026-05-23,2026-06-22
1162,295,2026-07-02,2026-08-01
1163,296,2025-07-31,2025-08-30
1164,296,2025-09-03,2025-10-03
1165,296,2025-10-06,2025-11-05
1166,296,2025-11-21,2025-12-21
1167,296,2026-01-10,2026-02-09
1168,297,2025-09-01,2025-10-01
1169,297,2025-10-20,2025-11-19
1170,298,2025-08-21,2025-09-20
1171,298,2025-09-29,2025-10-29
1172,298,2025-11-17,2025-12-17
1173,298,2026-01-03,2026-02-02
1174,298,2026-02-06,2026-03-08
1175,299,2026-05-10,2026-06-09
1176,299,2026-06-16,2026-07-16
1177,300,2025-07-29,2025-08-28
1178,300,2025-08-29,2025-09-28
1179,300,2025-09-30,2025-10-30
1180,300,2025-11-07,2025-12-07
1181,300,2025-12-21,2026-01-20
1182,300,2026-02-03,2026-03-05
1183,301,2025-11-19,2025-12-19
1184,302,2026-04-20,2026-05-20
1185,303,2026-04-18,2026-05-18
1186,303,2026-06-05,2026-07-05
1187,304,2026-01-12,2026-02-11
1188,304,2026-02-24,2026-03-26
1189,305,2025-11-04,2025-12-04
1190,305,2025-12-05,2026-01-04
1191,305,2026-01-15,2026-02-14
1192,305,2026-03-07,2026-04-06
1193,305,2026-04-08,2026-05-08
1194,305,2026-05-19,2026-06-18
1195,305,2026-06-24,2026-07-24
1196,306,2025-07-20,2025-08-19
1197,306,2025-08-27,2025-09-26
1198,307,2025-06-25,2025-07-25
1199,307,2025-08-06,2025-09-05
1200,307,2025-09-23,2025-10-23
1201,307,2025-10-29,2025-11-28
1202,307,2025-12-12,2026-01-11
1203,307,2026-01-31,2026-03-02
1204,308,2025-06-19,2025-07-19
1205,308,2025-08-08,2025-09-07
1206,308,2025-09-09,2025-10-09
1207,308,2025-10-11,2025-11-10
1208,308,2025-11-25,2025-12-25
1209,308,2026-01-07,2026-02-06
1210,309,2026-05-09,2026-06-08
1211,309,2026-06-14,2026-07-14
1212,309,2026-07-29,2026-08-28
1213,309,2026-09-11,2026-10-11
1214,309,2026-10-19,2026-11-18
1215,309,2026-11-26,2026-12-26
1216,310,2025-10-09,2025-11-08
1217,310,2025-11-15,2025-12-15
1218,310,2026-01-01,2026-01-31
1219,310,2026-02-20,2026-03-22
1220,310,2026-04-04,2026-05-04
1221,310,2026-05-26,2026-06-25
1222,310,2026-07-02,2026-08-01
1223,311,2025-06-29,2025-07-29
1224,311,2025-08-12,2025-09-11
1225,311,2025-09-14,2025-10-14
1226,311,2025-10-31,2025-11-30
1227,311,2025-12-11,2026-01-10
1228,311,2026-01-31,2026-03-02
1229,311,2026-03-06,2026-04-05
1230,312,2025-12-21,2026-01-20
1231,312,2026-01-26,2026-02-25
1232,312,2026-03-10,2026-04-09
1233,312,2026-04-24,2026-05-24
1234,312,2026-05-28,2026-06-27
1235,313,2025-05-23,2025-06-22
1236,313,2025-07-02,2025-08-01
1237,313,2025-08-05,2025-09-04
1238,313,2025-09-05,2025-10-05
1239,314,2025-07-27,2025-08-26
1240,314,2025-09-17,2025-10-17
1241,315,2026-02-18,2026-03-20
1242,315,2026-03-27,2026-04-26
1243,315,2026-05-04,2026-06-03
1244,315,2026-06-23,2026-07-23
1245,315,2026-07-28,2026-08-27
1246,315,2026-08-31,2026-09-30
1247,315,2026-10-22,2026-11-21
1248,316,2025-10-17,2025-11-16
1249,316,2025-11-24,2025-12-24
1250,316,2026-01-05,2026-02-04
1251,316,2026-02-10,2026-03-12
1252,316,2026-03-27,2026-04-26
1253,316,2026-05-16,2026-06-15
1254,316,2026-06-18,2026-07-18
1255,317,2026-03-16,2026-04-15
1256,317,2026-04-16,2026-05-16
1257,317,2026-05-29,2026-06-28
1258,317,2026-07-14,2026-08-13
1259,318,2026-01-29,2026-02-28
1260,318,2026-03-21,2026-04-20
1261,318,2026-04-22,2026-05-22
1262,318,2026-06-05,2026-07-05
1263,319,2025-05-24,2025-06-23
1264,319,2025-07-12,2025-08-11
1265,319,2025-08-17,2025-09-16
1266,319,2025-09-17,2025-10-17
1267,319,2025-11-07,2025-12-07
1268,319,2025-12-25,2026-01-24
1269,320,2025-12-18,2026-01-17
1270,321,2025-07-01,2025-07-31
1271,321,2025-08-20,2025-09-19
1272,321,2025-09-24,2025-10-24
1273,321,2025-11-08,2025-12-08
1274,321,2025-12-28,2026-01-27
1275,321,2026-02-11,2026-03-13
1276,321,2026-03-27,2026-04-26
1277,322,2025-06-18,2025-07-18
1278,322,2025-07-22,2025-08-21
1279,322,2025-09-02,2025-10-02
1280,322,2025-10-21,2025-11-20
1281,323,2025-07-29,2025-08-28
1282,323,2025-09-18,2025-10-18
1283,323,2025-10-26,2025-11-25
1284,323,2025-12-13,2026-01-12
1285,323,2026-01-22,2026-02-21
1286,324,2025-12-01,2025-12-31
1287,324,2026-01-06,2026-02-05
1288,324,2026-02-27,2026-03-29
1289,324,2026-03-30,2026-04-29
1290,324,2026-05-04,2026-06-03
1291,324,2026-06-16,2026-07-16
1292,325,2025-10-13,2025-11-12
1293,325,2025-11-30,2025-12-30
1294,325,2026-01-12,2026-02-11
1295,326,2025-12-17,2026-01-16
1296,326,2026-02-04,2026-03-06
1297,326,2026-03-10,2026-04-09
1298,326,2026-04-14,2026-05-14
1299,326,2026-05-25,2026-06-24
1300,327,2026-01-26,2026-02-25
1301,327,2026-03-17,2026-04-16
1302,328,2025-10-23,2025-11-22
1303,328,2025-11-28,2025-12-28
1304,328,2026-01-08,2026-02-07
1305,328,2026-02-18,2026-03-20
1306,328,2026-03-28,2026-04-27
1307,329,2025-10-21,2025-11-20
1308,329,2025-12-11,2026-01-10
1309,329,2026-01-31,2026-03-02
1310,330,2025-07-12,2025-08-11
1311,330,2025-08-21,2025-09-20
1312,330,2025-09-25,2025-10-25
1313,330,2025-11-13,2025-12-13
1314,330,2026-01-02,2026-02-01
1315,330,2026-02-02,2026-03-04
1316,330,2026-03-19,2026-04-18
1317,331,2025-08-13,2025-09-12
1318,331,2025-09-17,2025-10-17
1319,331,2025-11-06,2025-12-06
1320,331,2025-12-20,2026-01-19
1321,331,2026-02-02,2026-03-04
1322,331,2026-03-23,2026-04-22
1323,332,2026-02-10,2026-03-12
1324,333,2025-12-10,2026-01-09
1325,333,2026-01-25,2026-02-24
1326,333,2026-02-25,2026-03-27
1327,333,2026-04-14,2026-05-14
1328,333,2026-05-15,2026-06-14
1329,334,2026-01-19,2026-02-18
1330,334,2026-03-05,2026-04-04
1331,334,2026-04-14,2026-05-14
1332,334,2026-06-05,2026-07-05
1333,334,2026-07-27,2026-08-26
1334,334,2026-09-11,2026-10-11
1335,334,2026-10-20,2026-11-19
1336,335,2026-04-18,2026-05-18
1337,335,2026-06-06,2026-07-06
1338,335,2026-07-16,2026-08-15
1339,336,2026-04-02,2026-05-02
1340,336,2026-05-19,2026-06-18
1341,336,2026-06-25,2026-07-25
1342,337,2025-09-13,2025-10-13
1343,337,2025-10-23,2025-11-22
1344,337,2025-11-26,2025-12-26
1345,337,2026-01-09,2026-02-08
1346,337,2026-02-23,2026-03-25
1347,337,2026-04-02,2026-05-02
1348,337,2026-05-12,2026-06-11
1349,338,2026-01-18,2026-02-17
1350,338,2026-02-24,2026-03-26
1351,338,2026-04-08,2026-05-08
1352,338,2026-05-27,2026-06-26
1353,338,2026-07-14,2026-08-13
1354,339,2025-05-21,2025-06-20
1355,340,2026-05-19,2026-06-18
1356,340,2026-07-06,2026-08-05
1357,340,2026-08-06,2026-09-05
1358,340,2026-09-14,2026-10-14
1359,340,2026-10-24,2026-11-23
1360,340,2026-12-04,2027-01-03
1361,340,2027-01-04,2027-02-03
1362,341,2026-01-22,2026-02-21
1363,341,2026-03-06,2026-04-05
1364,342,2026-05-08,2026-06-07
1365,342,2026-06-11,2026-07-11
1366,342,2026-07-13,2026-08-12
1367,343,2026-03-10,2026-04-09
1368,343,2026-04-24,2026-05-24
1369,343,2026-05-26,2026-06-25
1370,343,2026-07-08,2026-08-07
1371,344,2025-10-22,2025-11-21
1372,344,2025-12-11,2026-01-10
1373,344,2026-01-12,2026-02-11
1374,345,2025-06-19,2025-07-19
1375,345,2025-07-25,2025-08-24
1376,345,2025-09-02,2025-10-02
1377,345,2025-10-20,2025-11-19
1378,345,2025-11-28,2025-12-28
1379,345,2026-01-09,2026-02-08
1380,345,2026-02-25,2026-03-27
1381,346,2025-07-27,2025-08-26
1382,346,2025-08-27,2025-09-26
1383,346,2025-10-14,2025-11-13
1384,346,2025-12-01,2025-12-31
1385,346,2026-01-19,2026-02-18
1386,346,2026-03-08,2026-04-07
1387,346,2026-04-14,2026-05-14
1388,347,2025-06-25,2025-07-25
1389,347,2025-08-05,2025-09-04
1390,347,2025-09-20,2025-10-20
1391,347,2025-10-30,2025-11-29
1392,347,2025-12-21,2026-01-20
1393,347,2026-02-07,2026-03-09
1394,347,2026-03-27,2026-04-26
1395,348,2025-05-25,2025-06-24
1396,348,2025-07-10,2025-08-09
1397,348,2025-08-18,2025-09-17
1398,348,2025-09-21,2025-10-21
1399,348,2025-11-08,2025-12-08
1400,349,2026-03-25,2026-04-24
1401,349,2026-04-25,2026-05-25
1402,349,2026-05-30,2026-06-29
1403,349,2026-07-14,2026-08-13
1404,350,2025-12-11,2026-01-10
1405,351,2026-04-20,2026-05-20
1406,351,2026-06-11,2026-07-11
1407,352,2025-09-29,2025-10-29
1408,352,2025-11-20,2025-12-20
1409,352,2026-01-02,2026-02-01
1410,352,2026-02-05,2026-03-07
1411,352,2026-03-26,2026-04-25
1412,352,2026-05-15,2026-06-14
1413,353,2026-02-04,2026-03-06
1414,353,2026-03-07,2026-04-06
1415,353,2026-04-18,2026-05-18
1416,353,2026-05-31,2026-06-30
1417,353,2026-07-10,2026-08-09
1418,353,2026-08-13,2026-09-12
1419,354,2026-05-14,2026-06-13
1420,354,2026-06-20,2026-07-20
1421,354,2026-08-04,2026-09-03
1422,355,2025-06-22,2025-07-22
1423,355,2025-08-05,2025-09-04
1424,355,2025-09-19,2025-10-19
1425,355,2025-11-07,2025-12-07
1426,355,2025-12-09,2026-01-08
1427,355,2026-01-25,2026-02-24
1428,356,2025-11-04,2025-12-04
1429,356,2025-12-25,2026-01-24
1430,356,2026-01-28,2026-02-27
1431,356,2026-03-16,2026-04-15
1432,356,2026-05-01,2026-05-31
1433,356,2026-06-06,2026-07-06
1434,357,2026-04-20,2026-05-20
1435,357,2026-05-21,2026-06-20
1436,357,2026-06-24,2026-07-24
1437,357,2026-08-14,2026-09-13
1438,357,2026-09-20,2026-10-20
1439,357,2026-11-03,2026-12-03
1440,358,2025-09-16,2025-10-16
1441,358,2025-10-18,2025-11-17
1442,358,2025-11-25,2025-12-25
1443,358,2026-01-03,2026-02-02
1444,358,2026-02-12,2026-03-14
1445,358,2026-03-24,2026-04-23
1446,359,2025-06-21,2025-07-21
1447,359,2025-08-10,2025-09-09
1448,360,2026-03-13,2026-04-12
1449,360,2026-04-21,2026-05-21
1450,360,2026-06-12,2026-07-12
1451,360,2026-07-23,2026-08-22
1452,361,2026-03-21,2026-04-20
1453,361,2026-05-02,2026-06-01
1454,361,2026-06-07,2026-07-07
1455,361,2026-07-17,2026-08-16
1456,361,2026-08-18,2026-09-17
1457,362,2025-12-16,2026-01-15
1458,362,2026-01-19,2026-02-18
1459,363,2025-06-13,2025-07-13
1460,363,2025-08-02,2025-09-01
1461,363,2025-09-15,2025-10-15
1462,364,2025-10-14,2025-11-13
1463,364,2025-11-27,2025-12-27
1464,365,2025-09-24,2025-10-24
1465,365,2025-10-28,2025-11-27
1466,366,2025-09-11,2025-10-11
1467,367,2025-07-22,2025-08-21
1468,367,2025-09-05,2025-10-05
1469,368,2025-10-09,2025-11-08
1470,368,2025-11-18,2025-12-18
1471,368,2026-01-03,2026-02-02
1472,369,2026-02-01,2026-03-03
1473,369,2026-03-13,2026-04-12
1474,369,2026-05-04,2026-06-03
1475,370,2025-09-23,2025-10-23
1476,370,2025-10-31,2025-11-30
1477,370,2025-12-20,2026-01-19
1478,371,2026-04-30,2026-05-30
1479,371,2026-06-03,2026-07-03
1480,371,2026-07-11,2026-08-10
1481,372,2025-07-18,2025-08-17
1482,372,2025-08-18,2025-09-17
1483,373,2025-07-18,2025-08-17
1484,373,2025-08-22,2025-09-21
1485,373,2025-10-01,2025-10-31
1486,373,2025-11-11,2025-12-11
1487,373,2025-12-23,2026-01-22
1488,373,2026-01-29,2026-02-28
1489,373,2026-03-04,2026-04-03
1490,374,2025-05-30,2025-06-29
1491,374,2025-07-01,2025-07-31
1492,374,2025-08-01,2025-08-31
1493,374,2025-09-08,2025-10-08
1494,374,2025-10-21,2025-11-20
1495,374,2025-11-25,2025-12-25
1496,375,2026-02-25,2026-03-27
1497,375,2026-03-30,2026-04-29
1498,376,2025-09-28,2025-10-28
1499,376,2025-11-18,2025-12-18
1500,377,2025-08-26,2025-09-25
1501,377,2025-10-09,2025-11-08
1502,377,2025-11-17,2025-12-17
1503,377,2026-01-04,2026-02-03
1504,378,2025-07-13,2025-08-12
1505,378,2025-09-01,2025-10-01
1506,378,2025-10-13,2025-11-12
1507,378,2025-11-30,2025-12-30
1508,378,2026-01-10,2026-02-09
1509,379,2025-07-11,2025-08-10
1510,379,2025-08-21,2025-09-20
1511,379,2025-09-26,2025-10-26
1512,380,2026-02-07,2026-03-09
1513,380,2026-03-15,2026-04-14
1514,380,2026-05-06,2026-06-05
1515,380,2026-06-17,2026-07-17
1516,380,2026-07-22,2026-08-21
1517,381,2025-09-11,2025-10-11
1518,382,2026-03-15,2026-04-14
1519,382,2026-04-30,2026-05-30
1520,382,2026-06-11,2026-07-11
1521,382,2026-07-31,2026-08-30
1522,382,2026-09-02,2026-10-02
1523,383,2025-09-30,2025-10-30
1524,384,2025-11-27,2025-12-27
1525,385,2026-04-13,2026-05-13
1526,386,2026-02-23,2026-03-25
1527,386,2026-04-03,2026-05-03
1528,386,2026-05-18,2026-06-17
1529,386,2026-07-02,2026-08-01
1530,386,2026-08-11,2026-09-10
1531,387,2025-11-14,2025-12-14
1532,387,2025-12-26,2026-01-25
1533,387,2026-02-15,2026-03-17
1534,387,2026-03-24,2026-04-23
1535,388,2025-11-22,2025-12-22
1536,388,2026-01-01,2026-01-31
1537,388,2026-02-15,2026-03-17
1538,388,2026-04-03,2026-05-03
1539,388,2026-05-13,2026-06-12
1540,388,2026-06-16,2026-07-16
1541,388,2026-07-31,2026-08-30
1542,389,2025-12-16,2026-01-15
1543,389,2026-01-25,2026-02-24
1544,389,2026-03-15,2026-04-14
1545,390,2025-11-21,2025-12-21
1546,390,2025-12-31,2026-01-30
1547,391,2025-11-19,2025-12-19
1548,391,2025-12-30,2026-01-29
1549,392,2025-10-04,2025-11-03
1550,392,2025-11-21,2025-12-21
1551,392,2025-12-22,2026-01-21
1552,392,2026-01-29,2026-02-28
1553,393,2025-12-25,2026-01-24
1554,394,2025-11-23,2025-12-23
1555,394,2025-12-26,2026-01-25
1556,394,2026-02-01,2026-03-03
1557,394,2026-03-11,2026-04-10
1558,395,2026-03-04,2026-04-03
1559,395,2026-04-09,2026-05-09
1560,395,2026-05-23,2026-06-22
1561,395,2026-06-24,2026-07-24
1562,395,2026-08-10,2026-09-09
1563,396,2025-08-04,2025-09-03
1564,396,2025-09-09,2025-10-09
1565,396,2025-10-27,2025-11-26
1566,396,2025-11-29,2025-12-29
1567,396,2026-01-10,2026-02-09
1568,397,2026-02-25,2026-03-27
1569,397,2026-04-12,2026-05-12
1570,397,2026-05-19,2026-06-18
1571,397,2026-06-19,2026-07-19
1572,398,2026-02-09,2026-03-11
1573,398,2026-03-25,2026-04-24
1574,398,2026-04-30,2026-05-30
1575,398,2026-06-10,2026-07-10
1576,398,2026-08-01,2026-08-31
1577,398,2026-09-03,2026-10-03
1578,398,2026-10-14,2026-11-13
1579,399,2025-05-29,2025-06-28
1580,400,2025-08-15,2025-09-14
1581,400,2025-10-06,2025-11-05
1582,400,2025-11-12,2025-12-12
1583,400,2025-12-23,2026-01-22
1584,401,2026-05-17,2026-06-16
1585,401,2026-06-18,2026-07-18
1586,401,2026-07-22,2026-08-21
1587,401,2026-09-07,2026-10-07
1588,402,2026-02-01,2026-03-03
1589,402,2026-03-15,2026-04-14
1590,402,2026-04-28,2026-05-28
1591,402,2026-06-19,2026-07-19
1592,402,2026-08-04,2026-09-03
1593,402,2026-09-10,2026-10-10
1594,402,2026-10-20,2026-11-19
1595,403,2025-12-10,2026-01-09
1596,403,2026-01-25,2026-02-24
1597,403,2026-02-27,2026-03-29
1598,403,2026-04-14,2026-05-14
1599,403,2026-05-29,2026-06-28
1600,403,2026-07-11,2026-08-10
1601,403,2026-08-16,2026-09-15
1602,404,2026-04-01,2026-05-01
1603,404,2026-05-20,2026-06-19
1604,404,2026-06-22,2026-07-22
1605,404,2026-08-01,2026-08-31
1606,404,2026-09-08,2026-10-08
1607,404,2026-10-15,2026-11-14
1608,404,2026-11-27,2026-12-27
1609,405,2025-11-12,2025-12-12
1610,405,2025-12-31,2026-01-30
1611,405,2026-02-08,2026-03-10
1612,405,2026-03-23,2026-04-22
1613,405,2026-05-13,2026-06-12
1614,406,2026-04-09,2026-05-09
1615,406,2026-05-11,2026-06-10
1616,406,2026-06-30,2026-07-30
1617,407,2026-04-09,2026-05-09
1618,407,2026-05-10,2026-06-09
1619,407,2026-06-11,2026-07-11
1620,407,2026-07-15,2026-08-14
1621,407,2026-08-16,2026-09-15
1622,408,2026-01-07,2026-02-06
1623,408,2026-02-17,2026-03-19
1624,408,2026-04-04,2026-05-04
1625,408,2026-05-12,2026-06-11
1626,408,2026-06-30,2026-07-30
1627,409,2025-10-28,2025-11-27
1628,409,2025-12-19,2026-01-18
1629,409,2026-01-29,2026-02-28
1630,409,2026-03-06,2026-04-05
1631,409,2026-04-09,2026-05-09
1632,410,2026-02-09,2026-03-11
1633,410,2026-03-25,2026-04-24
1634,410,2026-05-16,2026-06-15
1635,410,2026-07-02,2026-08-01
1636,410,2026-08-11,2026-09-10
1637,411,2025-09-21,2025-10-21
1638,411,2025-11-03,2025-12-03
1639,412,2025-07-23,2025-08-22
1640,412,2025-09-08,2025-10-08
1641,412,2025-10-18,2025-11-17
1642,412,2025-12-07,2026-01-06
1643,412,2026-01-28,2026-02-27
1644,412,2026-03-19,2026-04-18
1645,413,2026-05-10,2026-06-09
1646,413,2026-06-24,2026-07-24
1647,413,2026-07-30,2026-08-29
1648,413,2026-09-16,2026-10-16
1649,413,2026-10-28,2026-11-27
1650,414,2025-11-18,2025-12-18
1651,414,2025-12-30,2026-01-29
1652,414,2026-02-15,2026-03-17
1653,415,2025-07-21,2025-08-20
1654,415,2025-09-08,2025-10-08
1655,415,2025-10-10,2025-11-09
1656,415,2025-11-15,2025-12-15
1657,415,2025-12-20,2026-01-19
1658,416,2026-02-08,2026-03-10
1659,416,2026-03-25,2026-04-24
1660,416,2026-05-12,2026-06-11
1661,416,2026-07-01,2026-07-31
1662,417,2025-11-03,2025-12-03
1663,417,2025-12-08,2026-01-07
1664,417,2026-01-17,2026-02-16
1665,417,2026-03-05,2026-04-04
1666,417,2026-04-22,2026-05-22
1667,417,2026-05-29,2026-06-28
1668,418,2025-06-21,2025-07-21
1669,418,2025-07-24,2025-08-23
1670,418,2025-09-07,2025-10-07
1671,418,2025-10-08,2025-11-07
1672,418,2025-11-18,2025-12-18
1673,419,2025-11-30,2025-12-30
1674,419,2026-01-08,2026-02-07
1675,419,2026-02-18,2026-03-20
1676,419,2026-03-24,2026-04-23
1677,419,2026-05-02,2026-06-01
1678,420,2026-02-04,2026-03-06
1679,420,2026-03-12,2026-04-11
1680,420,2026-04-28,2026-05-28
1681,420,2026-06-10,2026-07-10
1682,421,2025-12-01,2025-12-31
1683,422,2025-06-14,2025-07-14
1684,422,2025-08-04,2025-09-03
1685,422,2025-09-04,2025-10-04
1686,422,2025-10-11,2025-11-10
1687,422,2025-11-27,2025-12-27
1688,422,2026-01-13,2026-02-12
1689,423,2025-09-26,2025-10-26
1690,423,2025-11-13,2025-12-13
1691,423,2025-12-17,2026-01-16
1692,423,2026-01-19,2026-02-18
1693,423,2026-03-09,2026-04-08
1694,423,2026-04-16,2026-05-16
1695,423,2026-06-05,2026-07-05
1696,424,2026-02-11,2026-03-13
1697,424,2026-03-16,2026-04-15
1698,424,2026-04-24,2026-05-24
1699,424,2026-06-04,2026-07-04
1700,424,2026-07-23,2026-08-22
1701,424,2026-08-23,2026-09-22
1702,424,2026-09-23,2026-10-23
1703,425,2026-01-27,2026-02-26
1704,425,2026-03-19,2026-04-18
1705,425,2026-04-24,2026-05-24
1706,425,2026-05-28,2026-06-27
1707,425,2026-07-12,2026-08-11
1708,425,2026-08-26,2026-09-25
1709,426,2025-12-29,2026-01-28
1710,427,2025-12-04,2026-01-03
1711,427,2026-01-17,2026-02-16
1712,428,2025-11-04,2025-12-04
1713,428,2025-12-12,2026-01-11
1714,428,2026-01-23,2026-02-22
1715,428,2026-02-25,2026-03-27
1716,428,2026-04-17,2026-05-17
1717,429,2026-04-07,2026-05-07
1718,429,2026-05-25,2026-06-24
1719,429,2026-06-25,2026-07-25
1720,430,2025-09-05,2025-10-05
1721,430,2025-10-27,2025-11-26
1722,430,2025-12-07,2026-01-06
1723,430,2026-01-13,2026-02-12
1724,430,2026-02-17,2026-03-19
1725,430,2026-04-10,2026-05-10
1726,431,2025-11-16,2025-12-16
1727,432,2026-03-13,2026-04-12
1728,432,2026-05-01,2026-05-31
1729,432,2026-06-03,2026-07-03
1730,432,2026-07-04,2026-08-03
1731,432,2026-08-11,2026-09-10
1732,433,2025-09-26,2025-10-26
1733,433,2025-11-11,2025-12-11
1734,434,2026-01-15,2026-02-14
1735,434,2026-02-26,2026-03-28
1736,435,2025-06-18,2025-07-18
1737,435,2025-07-20,2025-08-19
1738,436,2025-05-22,2025-06-21
1739,437,2025-12-13,2026-01-12
1740,437,2026-01-16,2026-02-15
1741,437,2026-03-04,2026-04-03
1742,437,2026-04-07,2026-05-07
1743,437,2026-05-09,2026-06-08
1744,437,2026-06-18,2026-07-18
1745,437,2026-07-29,2026-08-28
1746,438,2025-11-27,2025-12-27
1747,438,2026-01-03,2026-02-02
1748,439,2026-04-09,2026-05-09
1749,439,2026-05-12,2026-06-11
1750,440,2026-04-05,2026-05-05
1751,440,2026-05-21,2026-06-20
1752,440,2026-06-27,2026-07-27
1753,440,2026-08-09,2026-09-08
1754,440,2026-09-21,2026-10-21
1755,440,2026-10-26,2026-11-25
1756,441,2026-01-16,2026-02-15
1757,442,2025-06-01,2025-07-01
1758,442,2025-07-14,2025-08-13
1759,442,2025-09-01,2025-10-01
1760,442,2025-10-09,2025-11-08
1761,442,2025-11-15,2025-12-15
1762,443,2025-09-14,2025-10-14
1763,443,2025-10-16,2025-11-15
1764,444,2025-12-24,2026-01-23
1765,444,2026-02-10,2026-03-12
1766,444,2026-03-23,2026-04-22
1767,444,2026-05-06,2026-06-05
1768,444,2026-06-08,2026-07-08
1769,444,2026-07-20,2026-08-19
1770,445,2025-10-24,2025-11-23
1771,445,2025-12-15,2026-01-14
1772,445,2026-01-22,2026-02-21
1773,446,2026-01-11,2026-02-10
1774,446,2026-02-23,2026-03-25
1775,446,2026-04-07,2026-05-07
1776,446,2026-05-15,2026-06-14
1777,446,2026-07-03,2026-08-02
1778,446,2026-08-18,2026-09-17
1779,447,2025-06-17,2025-07-17
1780,447,2025-07-29,2025-08-28
1781,448,2025-12-13,2026-01-12
1782,449,2025-07-11,2025-08-10
1783,449,2025-09-01,2025-10-01
1784,450,2025-11-09,2025-12-09
1785,451,2025-06-19,2025-07-19
1786,451,2025-08-04,2025-09-03
1787,452,2025-05-11,2025-06-10
1788,452,2025-06-16,2025-07-16
1789,452,2025-08-03,2025-09-02
1790,452,2025-09-22,2025-10-22
1791,453,2025-10-17,2025-11-16
1792,453,2025-11-30,2025-12-30
1793,453,2025-12-31,2026-01-30
1794,453,2026-02-10,2026-03-12
1795,453,2026-03-20,2026-04-19
1796,453,2026-04-29,2026-05-29
1797,453,2026-06-04,2026-07-04
1798,454,2025-09-21,2025-10-21
1799,455,2026-01-28,2026-02-27
1800,455,2026-03-21,2026-04-20
1801,455,2026-05-04,2026-06-03
1802,456,2025-07-25,2025-08-24
1803,457,2025-11-28,2025-12-28
1804,457,2026-01-08,2026-02-07
1805,457,2026-02-28,2026-03-30
1806,457,2026-04-06,2026-05-06
1807,457,2026-05-17,2026-06-16
1808,457,2026-07-04,2026-08-03
1809,458,2025-08-23,2025-09-22
1810,458,2025-10-01,2025-10-31
1811,458,2025-11-02,2025-12-02
1812,459,2026-03-01,2026-03-31
1813,460,2025-08-03,2025-09-02
1814,460,2025-09-20,2025-10-20
1815,460,2025-10-21,2025-11-20
1816,460,2025-11-25,2025-12-25
1817,460,2026-01-10,2026-02-09
1818,460,2026-02-16,2026-03-18
1819,461,2026-03-17,2026-04-16
1820,461,2026-05-02,2026-06-01
1821,461,2026-06-15,2026-07-15
1822,462,2025-09-07,2025-10-07
1823,462,2025-10-24,2025-11-23
1824,462,2025-11-27,2025-12-27
1825,462,2026-01-05,2026-02-04
1826,463,2025-11-11,2025-12-11
1827,463,2025-12-26,2026-01-25
1828,463,2026-01-29,2026-02-28
1829,464,2025-07-07,2025-08-06
1830,464,2025-08-14,2025-09-13
1831,464,2025-10-02,2025-11-01
1832,464,2025-11-12,2025-12-12
1833,464,2025-12-19,2026-01-18
1834,464,2026-01-19,2026-02-18
1835,464,2026-03-09,2026-04-08
1836,465,2025-09-08,2025-10-08
1837,465,2025-10-22,2025-11-21
1838,465,2025-12-07,2026-01-06
1839,465,2026-01-19,2026-02-18
1840,465,2026-02-27,2026-03-29
1841,466,2025-10-30,2025-11-29
1842,466,2025-12-20,2026-01-19
1843,466,2026-01-20,2026-02-19
1844,466,2026-03-10,2026-04-09
1845,466,2026-04-15,2026-05-15
1846,466,2026-05-21,2026-06-20
1847,466,2026-07-07,2026-08-06
1848,467,2025-07-17,2025-08-16
1849,467,2025-09-05,2025-10-05
1850,467,2025-10-22,2025-11-21
1851,467,2025-12-06,2026-01-05
1852,467,2026-01-14,2026-02-13
1853,467,2026-02-24,2026-03-26
1854,467,2026-04-07,2026-05-07
1855,468,2026-03-30,2026-04-29
1856,468,2026-05-10,2026-06-09
1857,468,2026-06-27,2026-07-27
1858,468,2026-08-11,2026-09-10
1859,468,2026-09-15,2026-10-15
1860,468,2026-10-31,2026-11-30
1861,468,2026-12-04,2027-01-03
1862,469,2025-08-07,2025-09-06
1863,469,2025-09-07,2025-10-07
1864,469,2025-10-28,2025-11-27
1865,470,2025-11-12,2025-12-12
1866,470,2025-12-30,2026-01-29
1867,470,2026-02-02,2026-03-04
1868,470,2026-03-08,2026-04-07
1869,470,2026-04-20,2026-05-20
1870,470,2026-05-29,2026-06-28
1871,470,2026-06-30,2026-07-30
1872,471,2025-10-27,2025-11-26
1873,471,2025-12-15,2026-01-14
1874,471,2026-01-31,2026-03-02
1875,472,2026-03-22,2026-04-21
1876,473,2025-08-31,2025-09-30
1877,473,2025-10-16,2025-11-15
1878,474,2025-12-15,2026-01-14
1879,474,2026-01-31,2026-03-02
1880,474,2026-03-10,2026-04-09
1881,474,2026-04-17,2026-05-17
1882,474,2026-05-24,2026-06-23
1883,474,2026-07-06,2026-08-05
1884,475,2025-10-07,2025-11-06
1885,475,2025-11-21,2025-12-21
1886,475,2025-12-22,2026-01-21
1887,475,2026-01-30,2026-03-01
1888,475,2026-03-05,2026-04-04
1889,475,2026-04-12,2026-05-12
1890,475,2026-05-13,2026-06-12
1891,476,2025-06-27,2025-07-27
1892,477,2025-10-18,2025-11-17
1893,477,2025-12-04,2026-01-03
1894,477,2026-01-24,2026-02-23
1895,478,2026-03-16,2026-04-15
1896,479,2025-08-12,2025-09-11
1897,479,2025-09-16,2025-10-16
1898,480,2025-12-06,2026-01-05
1899,480,2026-01-07,2026-02-06
1900,480,2026-02-15,2026-03-17
1901,481,2026-05-01,2026-05-31
1902,481,2026-06-08,2026-07-08
1903,481,2026-07-11,2026-08-10
1904,481,2026-08-30,2026-09-29
1905,481,2026-10-01,2026-10-31
1906,481,2026-11-21,2026-12-21
1907,482,2025-12-12,2026-01-11
1908,482,2026-01-16,2026-02-15
1909,482,2026-02-16,2026-03-18
1910,482,2026-03-27,2026-04-26
1911,483,2025-08-25,2025-09-24
1912,484,2025-09-29,2025-10-29
1913,484,2025-11-17,2025-12-17
1914,484,2025-12-26,2026-01-25
1915,484,2026-01-29,2026-02-28
1916,484,2026-03-19,2026-04-18
1917,484,2026-04-25,2026-05-25
1918,485,2025-08-30,2025-09-29
1919,485,2025-10-07,2025-11-06
1920,485,2025-11-24,2025-12-24
1921,486,2025-08-17,2025-09-16
1922,487,2025-11-24,2025-12-24
1923,487,2026-01-03,2026-02-02
1924,487,2026-02-06,2026-03-08
1925,487,2026-03-29,2026-04-28
1926,488,2025-06-14,2025-07-14
1927,488,2025-08-01,2025-08-31
1928,489,2026-01-07,2026-02-06
1929,490,2026-03-18,2026-04-17
1930,490,2026-04-30,2026-05-30
1931,490,2026-06-08,2026-07-08
1932,490,2026-07-27,2026-08-26
1933,491,2025-06-23,2025-07-23
1934,491,2025-07-29,2025-08-28
1935,492,2025-11-28,2025-12-28
1936,493,2026-01-04,2026-02-03
1937,493,2026-02-09,2026-03-11
1938,493,2026-03-21,2026-04-20
1939,493,2026-04-21,2026-05-21
1940,493,2026-05-30,2026-06-29
1941,493,2026-07-20,2026-08-19
1942,493,2026-09-10,2026-10-10
1943,494,2025-06-09,2025-07-09
1944,494,2025-07-13,2025-08-12
1945,495,2026-01-26,2026-02-25
1946,495,2026-02-27,2026-03-29
1947,495,2026-03-31,2026-04-30
1948,495,2026-05-07,2026-06-06
1949,495,2026-06-16,2026-07-16
1950,496,2026-04-19,2026-05-19
1951,496,2026-05-23,2026-06-22
1952,496,2026-07-05,2026-08-04
1953,496,2026-08-11,2026-09-10
1954,496,2026-09-12,2026-10-12
1955,497,2025-10-24,2025-11-23
1956,498,2026-02-27,2026-03-29
1957,498,2026-04-19,2026-05-19
1958,498,2026-05-25,2026-06-24
1959,498,2026-06-26,2026-07-26
1960,499,2025-10-03,2025-11-02
1961,499,2025-11-04,2025-12-04
1962,499,2025-12-24,2026-01-23
1963,499,2026-02-03,2026-03-05
1964,499,2026-03-13,2026-04-12
1965,499,2026-04-25,2026-05-25
1966,499,2026-06-08,2026-07-08
1967,500,2025-11-26,2025-12-26
1968,501,2026-05-11,2026-06-10
1969,501,2026-06-28,2026-07-28
1970,502,2025-05-15,2025-06-14
1971,503,2025-06-29,2025-07-29
1972,503,2025-08-18,2025-09-17
1973,503,2025-09-28,2025-10-28
1974,503,2025-10-29,2025-11-28
1975,504,2026-02-26,2026-03-28
1976,505,2026-05-01,2026-05-31
1977,505,2026-06-19,2026-07-19
1978,506,2025-05-21,2025-06-20
1979,507,2026-02-06,2026-03-08
1980,507,2026-03-11,2026-04-10
1981,507,2026-04-17,2026-05-17
1982,507,2026-05-19,2026-06-18
1983,507,2026-07-09,2026-08-08
1984,508,2026-04-15,2026-05-15
1985,508,2026-05-18,2026-06-17
1986,509,2025-08-17,2025-09-16
1987,509,2025-09-29,2025-10-29
1988,510,2026-03-24,2026-04-23
1989,511,2026-05-12,2026-06-11
1990,512,2026-05-01,2026-05-31
1991,512,2026-06-04,2026-07-04
1992,513,2025-10-04,2025-11-03
1993,513,2025-11-14,2025-12-14
1994,513,2025-12-23,2026-01-22
1995,513,2026-02-05,2026-03-07
1996,513,2026-03-11,2026-04-10
1997,513,2026-04-26,2026-05-26
1998,513,2026-05-30,2026-06-29
1999,514,2025-05-22,2025-06-21
2000,514,2025-06-24,2025-07-24
2001,515,2025-11-12,2025-12-12
2002,515,2025-12-27,2026-01-26
2003,515,2026-02-04,2026-03-06
2004,515,2026-03-16,2026-04-15
2005,515,2026-04-23,2026-05-23
2006,515,2026-06-06,2026-07-06
2007,515,2026-07-08,2026-08-07
2008,516,2025-10-13,2025-11-12
2009,516,2025-11-22,2025-12-22
2010,516,2026-01-01,2026-01-31
2011,516,2026-02-05,2026-03-07
2012,516,2026-03-13,2026-04-12
2013,516,2026-04-24,2026-05-24
2014,516,2026-05-29,2026-06-28
2015,517,2025-11-10,2025-12-10
2016,517,2025-12-11,2026-01-10
2017,517,2026-01-15,2026-02-14
2018,517,2026-02-25,2026-03-27
2019,517,2026-04-02,2026-05-02
2020,517,2026-05-09,2026-06-08
2021,518,2025-06-18,2025-07-18
2022,518,2025-07-23,2025-08-22
2023,518,2025-09-13,2025-10-13
2024,519,2025-09-09,2025-10-09
2025,519,2025-10-19,2025-11-18
2026,519,2025-12-03,2026-01-02
2027,519,2026-01-18,2026-02-17
2028,519,2026-02-23,2026-03-25
2029,520,2025-08-06,2025-09-05
2030,520,2025-09-12,2025-10-12
2031,520,2025-11-03,2025-12-03
2032,520,2025-12-09,2026-01-08
2033,520,2026-01-22,2026-02-21
2034,521,2025-10-20,2025-11-19
2035,521,2025-11-30,2025-12-30
2036,521,2026-01-03,2026-02-02
2037,521,2026-02-10,2026-03-12
2038,521,2026-03-17,2026-04-16
2039,521,2026-05-02,2026-06-01
2040,522,2025-11-07,2025-12-07
2041,523,2025-08-19,2025-09-18
2042,523,2025-10-06,2025-11-05
2043,523,2025-11-06,2025-12-06
2044,523,2025-12-28,2026-01-27
2045,523,2026-02-01,2026-03-03
2046,523,2026-03-12,2026-04-11
2047,523,2026-04-23,2026-05-23
2048,524,2025-06-02,2025-07-02
2049,524,2025-07-14,2025-08-13
2050,524,2025-08-17,2025-09-16
2051,524,2025-09-29,2025-10-29
2052,524,2025-10-31,2025-11-30
2053,525,2025-11-05,2025-12-05
2054,526,2025-10-06,2025-11-05
2055,526,2025-11-16,2025-12-16
2056,526,2026-01-03,2026-02-02
2057,526,2026-02-21,2026-03-23
2058,526,2026-03-26,2026-04-25
2059,526,2026-05-01,2026-05-31
2060,527,2025-05-20,2025-06-19
2061,527,2025-06-29,2025-07-29
2062,527,2025-08-18,2025-09-17
2063,527,2025-10-05,2025-11-04
2064,527,2025-11-18,2025-12-18
2065,528,2026-01-09,2026-02-08
2066,528,2026-02-22,2026-03-24
2067,528,2026-04-10,2026-05-10
2068,528,2026-06-01,2026-07-01
2069,529,2026-01-24,2026-02-23
2070,529,2026-03-10,2026-04-09
2071,530,2025-10-24,2025-11-23
2072,531,2025-12-16,2026-01-15
2073,531,2026-01-25,2026-02-24
2074,531,2026-03-11,2026-04-10
2075,531,2026-04-19,2026-05-19
2076,531,2026-05-20,2026-06-19
2077,532,2026-03-01,2026-03-31
2078,532,2026-04-15,2026-05-15
2079,532,2026-06-06,2026-07-06
2080,532,2026-07-24,2026-08-23
2081,532,2026-08-26,2026-09-25
2082,532,2026-10-14,2026-11-13
2083,533,2025-07-16,2025-08-15
2084,533,2025-08-31,2025-09-30
2085,533,2025-10-10,2025-11-09
2086,533,2025-11-29,2025-12-29
2087,533,2026-01-17,2026-02-16
2088,534,2026-05-12,2026-06-11
2089,535,2025-10-14,2025-11-13
2090,536,2025-09-12,2025-10-12
2091,536,2025-10-19,2025-11-18
2092,536,2025-12-01,2025-12-31
2093,536,2026-01-20,2026-02-19
2094,536,2026-03-12,2026-04-11
2095,537,2025-10-14,2025-11-13
2096,537,2025-11-24,2025-12-24
2097,537,2026-01-01,2026-01-31
2098,537,2026-02-09,2026-03-11
2099,537,2026-03-29,2026-04-28
2100,537,2026-05-07,2026-06-06
2101,537,2026-06-23,2026-07-23
2102,538,2025-07-08,2025-08-07
2103,538,2025-08-09,2025-09-08
2104,538,2025-09-25,2025-10-25
2105,539,2025-06-15,2025-07-15
2106,540,2026-04-13,2026-05-13
2107,540,2026-05-24,2026-06-23
2108,540,2026-07-02,2026-08-01
2109,540,2026-08-15,2026-09-14
2110,540,2026-09-20,2026-10-20
2111,541,2025-11-30,2025-12-30
2112,541,2026-01-05,2026-02-04
2113,541,2026-02-07,2026-03-09
2114,541,2026-03-15,2026-04-14
2115,541,2026-04-21,2026-05-21
2116,541,2026-06-06,2026-07-06
2117,542,2026-04-25,2026-05-25
2118,542,2026-05-26,2026-06-25
2119,542,2026-07-07,2026-08-06
2120,542,2026-08-17,2026-09-16
2121,542,2026-09-17,2026-10-17
2122,542,2026-10-24,2026-11-23
2123,543,2026-01-25,2026-02-24
2124,544,2025-07-04,2025-08-03
2125,545,2025-12-13,2026-01-12
2126,545,2026-01-22,2026-02-21
2127,545,2026-03-06,2026-04-05
2128,545,2026-04-20,2026-05-20
2129,546,2025-12-17,2026-01-16
2130,546,2026-02-05,2026-03-07
2131,546,2026-03-08,2026-04-07
2132,546,2026-04-08,2026-05-08
2133,546,2026-05-25,2026-06-24
2134,547,2025-07-30,2025-08-29
2135,547,2025-09-01,2025-10-01
2136,547,2025-10-05,2025-11-04
2137,547,2025-11-13,2025-12-13
2138,547,2025-12-17,2026-01-16
2139,548,2025-12-04,2026-01-03
2140,548,2026-01-04,2026-02-03
2141,548,2026-02-22,2026-03-24
2142,548,2026-03-27,2026-04-26
2143,548,2026-05-09,2026-06-08
2144,548,2026-06-27,2026-07-27
2145,548,2026-08-17,2026-09-16
2146,549,2025-08-24,2025-09-23
2147,549,2025-09-28,2025-10-28
2148,549,2025-11-19,2025-12-19
2149,549,2026-01-04,2026-02-03
2150,549,2026-02-10,2026-03-12
2151,549,2026-03-27,2026-04-26
2152,549,2026-05-15,2026-06-14
2153,550,2025-08-08,2025-09-07
2154,550,2025-09-22,2025-10-22
2155,550,2025-11-11,2025-12-11
2156,550,2025-12-13,2026-01-12
2157,550,2026-01-25,2026-02-24
2158,551,2025-07-26,2025-08-25
2159,551,2025-09-04,2025-10-04
2160,551,2025-10-22,2025-11-21
2161,551,2025-11-24,2025-12-24
2162,551,2026-01-11,2026-02-10
2163,552,2025-10-27,2025-11-26
2164,552,2025-12-09,2026-01-08
2165,552,2026-01-16,2026-02-15
2166,552,2026-02-17,2026-03-19
2167,553,2025-08-31,2025-09-30
2168,554,2025-07-14,2025-08-13
2169,554,2025-09-04,2025-10-04
2170,554,2025-10-12,2025-11-11
2171,554,2025-11-19,2025-12-19
2172,554,2026-01-02,2026-02-01
2173,555,2025-10-10,2025-11-09
2174,556,2025-09-29,2025-10-29
2175,557,2026-05-06,2026-06-05
2176,558,2025-07-15,2025-08-14
2177,558,2025-09-01,2025-10-01
2178,558,2025-10-22,2025-11-21
2179,558,2025-12-03,2026-01-02
2180,558,2026-01-11,2026-02-10
2181,558,2026-02-21,2026-03-23
2182,559,2025-11-27,2025-12-27
2183,559,2026-01-06,2026-02-05
2184,560,2025-07-04,2025-08-03
2185,561,2026-02-05,2026-03-07
2186,561,2026-03-10,2026-04-09
2187,561,2026-04-21,2026-05-21
2188,562,2025-12-21,2026-01-20
2189,562,2026-01-29,2026-02-28
2190,562,2026-03-14,2026-04-13
2191,563,2026-04-25,2026-05-25
2192,564,2025-12-08,2026-01-07
2193,564,2026-01-27,2026-02-26
2194,564,2026-03-18,2026-04-17
2195,564,2026-04-26,2026-05-26
2196,565,2026-01-21,2026-02-20
2197,565,2026-03-05,2026-04-04
2198,565,2026-04-18,2026-05-18
2199,565,2026-06-02,2026-07-02
2200,565,2026-07-07,2026-08-06
2201,566,2025-07-22,2025-08-21
2202,567,2025-11-25,2025-12-25
2203,567,2026-01-15,2026-02-14
2204,568,2025-07-14,2025-08-13
2205,568,2025-08-31,2025-09-30
2206,568,2025-10-03,2025-11-02
2207,568,2025-11-19,2025-12-19
2208,568,2025-12-24,2026-01-23
2209,568,2026-01-28,2026-02-27
2210,568,2026-03-20,2026-04-19
2211,569,2025-10-04,2025-11-03
2212,569,2025-11-23,2025-12-23
2213,569,2026-01-02,2026-02-01
2214,569,2026-02-02,2026-03-04
2215,569,2026-03-09,2026-04-08
2216,570,2025-11-20,2025-12-20
2217,570,2026-01-06,2026-02-05
2218,571,2026-05-11,2026-06-10
2219,571,2026-06-26,2026-07-26
2220,571,2026-08-04,2026-09-03
2221,571,2026-09-14,2026-10-14
2222,571,2026-10-19,2026-11-18
2223,572,2025-08-26,2025-09-25
2224,572,2025-10-16,2025-11-15
2225,573,2025-10-12,2025-11-11
2226,573,2025-11-17,2025-12-17
2227,573,2025-12-25,2026-01-24
2228,573,2026-02-05,2026-03-07
2229,574,2025-09-20,2025-10-20
2230,575,2025-11-12,2025-12-12
2231,576,2026-04-06,2026-05-06
2232,577,2025-08-01,2025-08-31
2233,577,2025-09-04,2025-10-04
2234,577,2025-10-22,2025-11-21
2235,577,2025-11-25,2025-12-25
2236,577,2026-01-16,2026-02-15
2237,578,2026-01-14,2026-02-13
2238,579,2026-03-28,2026-04-27
2239,579,2026-05-16,2026-06-15
2240,579,2026-06-16,2026-07-16
2241,580,2025-11-11,2025-12-11
2242,580,2025-12-15,2026-01-14
2243,580,2026-01-16,2026-02-15
2244,580,2026-02-17,2026-03-19
2245,580,2026-04-03,2026-05-03
2246,580,2026-05-23,2026-06-22
2247,581,2025-11-19,2025-12-19
2248,581,2025-12-28,2026-01-27
2249,582,2025-09-24,2025-10-24
2250,582,2025-10-26,2025-11-25
2251,582,2025-11-28,2025-12-28
2252,582,2026-01-02,2026-02-01
2253,583,2025-05-29,2025-06-28
2254,583,2025-07-03,2025-08-02
2255,584,2025-10-14,2025-11-13
2256,585,2025-05-22,2025-06-21
2257,585,2025-06-28,2025-07-28
2258,585,2025-08-02,2025-09-01
2259,585,2025-09-20,2025-10-20
2260,585,2025-11-10,2025-12-10
2261,585,2025-12-24,2026-01-23
2262,586,2026-02-18,2026-03-20
2263,586,2026-03-25,2026-04-24
2264,586,2026-04-25,2026-05-25
2265,587,2026-05-01,2026-05-31
2266,587,2026-06-12,2026-07-12
2267,587,2026-07-13,2026-08-12
2268,588,2025-07-25,2025-08-24
2269,588,2025-09-07,2025-10-07
2270,588,2025-10-18,2025-11-17
2271,588,2025-11-25,2025-12-25
2272,588,2026-01-03,2026-02-02
2273,588,2026-02-12,2026-03-14
2274,589,2025-11-28,2025-12-28
2275,589,2026-01-07,2026-02-06
2276,589,2026-02-27,2026-03-29
2277,589,2026-04-04,2026-05-04
2278,589,2026-05-09,2026-06-08
2279,589,2026-06-23,2026-07-23
2280,590,2026-02-13,2026-03-15
2281,590,2026-03-28,2026-04-27
2282,591,2026-02-24,2026-03-26
2283,592,2025-08-20,2025-09-19
2284,592,2025-09-20,2025-10-20
2285,592,2025-11-01,2025-12-01
2286,593,2025-06-30,2025-07-30
2287,593,2025-08-09,2025-09-08
2288,593,2025-09-24,2025-10-24
2289,593,2025-10-29,2025-11-28
2290,593,2025-12-07,2026-01-06
2291,593,2026-01-14,2026-02-13
2292,594,2025-09-01,2025-10-01
2293,594,2025-10-04,2025-11-03
2294,594,2025-11-19,2025-12-19
2295,594,2026-01-02,2026-02-01
2296,594,2026-02-19,2026-03-21
2297,595,2025-07-03,2025-08-02
2298,595,2025-08-06,2025-09-05
2299,596,2025-06-02,2025-07-02
2300,596,2025-07-24,2025-08-23
2301,597,2025-10-17,2025-11-16
2302,597,2025-11-17,2025-12-17
2303,597,2026-01-03,2026-02-02
2304,597,2026-02-15,2026-03-17
2305,598,2025-06-20,2025-07-20
2306,598,2025-08-01,2025-08-31
2307,598,2025-09-13,2025-10-13
2308,598,2025-10-18,2025-11-17
2309,598,2025-11-22,2025-12-22
2310,598,2025-12-31,2026-01-30
2311,599,2025-11-12,2025-12-12
2312,599,2025-12-26,2026-01-25
2313,599,2026-02-12,2026-03-14
2314,599,2026-03-29,2026-04-28
2315,599,2026-05-15,2026-06-14
2316,600,2026-03-13,2026-04-12
2317,600,2026-04-22,2026-05-22
2318,600,2026-06-07,2026-07-07
2319,600,2026-07-22,2026-08-21
2320,600,2026-08-24,2026-09-23
2321,600,2026-10-15,2026-11-14
2322,600,2026-11-20,2026-12-20
2323,601,2025-09-23,2025-10-23
2324,602,2026-03-09,2026-04-08
2325,603,2025-11-19,2025-12-19
2326,604,2025-09-02,2025-10-02
2327,604,2025-10-18,2025-11-17
2328,604,2025-11-27,2025-12-27
2329,604,2026-01-01,2026-01-31
2330,604,2026-02-05,2026-03-07
2331,605,2026-01-21,2026-02-20
2332,605,2026-02-27,2026-03-29
2333,605,2026-04-08,2026-05-08
2334,606,2025-06-25,2025-07-25
2335,606,2025-08-07,2025-09-06
2336,606,2025-09-24,2025-10-24
2337,607,2026-04-09,2026-05-09
2338,608,2026-02-04,2026-03-06
2339,608,2026-03-15,2026-04-14
2340,608,2026-05-04,2026-06-03
2341,609,2026-03-05,2026-04-04
2342,609,2026-04-13,2026-05-13
2343,610,2025-11-17,2025-12-17
2344,610,2025-12-18,2026-01-17
2345,610,2026-01-30,2026-03-01
2346,610,2026-03-23,2026-04-22
2347,610,2026-05-01,2026-05-31
2348,610,2026-06-10,2026-07-10
2349,610,2026-07-31,2026-08-30
2350,611,2026-05-04,2026-06-03
2351,611,2026-06-07,2026-07-07
2352,611,2026-07-29,2026-08-28
2353,611,2026-09-17,2026-10-17
2354,611,2026-11-02,2026-12-02
2355,611,2026-12-09,2027-01-08
2356,611,2027-01-26,2027-02-25
2357,612,2025-12-06,2026-01-05
2358,613,2025-12-16,2026-01-15
2359,613,2026-01-16,2026-02-15
2360,613,2026-03-09,2026-04-08
2361,613,2026-04-22,2026-05-22
2362,614,2025-09-27,2025-10-27
2363,614,2025-11-07,2025-12-07
2364,614,2025-12-29,2026-01-28
2365,615,2025-08-07,2025-09-06
2366,615,2025-09-23,2025-10-23
2367,615,2025-11-09,2025-12-09
2368,615,2025-12-15,2026-01-14
2369,615,2026-01-17,2026-02-16
2370,615,2026-03-05,2026-04-04
2371,615,2026-04-21,2026-05-21
2372,616,2025-08-22,2025-09-21
2373,616,2025-10-09,2025-11-08
2374,616,2025-11-09,2025-12-09
2375,616,2025-12-22,2026-01-21
2376,616,2026-02-03,2026-03-05
2377,617,2026-05-09,2026-06-08
2378,617,2026-06-20,2026-07-20
2379,617,2026-07-24,2026-08-23
2380,617,2026-08-27,2026-09-26
2381,617,2026-09-28,2026-10-28
2382,617,2026-11-03,2026-12-03
2383,617,2026-12-06,2027-01-05
2384,618,2025-11-30,2025-12-30
2385,618,2026-01-09,2026-02-08
2386,618,2026-02-15,2026-03-17
2387,618,2026-04-08,2026-05-08
2388,618,2026-05-17,2026-06-16
2389,618,2026-06-19,2026-07-19
2390,618,2026-07-25,2026-08-24
2391,619,2025-06-17,2025-07-17
2392,619,2025-07-21,2025-08-20
2393,619,2025-09-02,2025-10-02
2394,619,2025-10-04,2025-11-03
2395,619,2025-11-13,2025-12-13
2396,619,2026-01-02,2026-02-01
2397,619,2026-02-18,2026-03-20
2398,620,2026-01-12,2026-02-11
2399,621,2025-10-31,2025-11-30
2400,621,2025-12-21,2026-01-20
2401,622,2026-03-24,2026-04-23
2402,622,2026-04-25,2026-05-25
2403,622,2026-06-01,2026-07-01
2404,622,2026-07-07,2026-08-06
2405,623,2025-10-22,2025-11-21
2406,623,2025-11-25,2025-12-25
2407,623,2026-01-14,2026-02-13
2408,623,2026-02-28,2026-03-30
2409,623,2026-04-17,2026-05-17
2410,623,2026-06-05,2026-07-05
2411,624,2025-08-26,2025-09-25
2412,624,2025-09-28,2025-10-28
2413,624,2025-10-31,2025-11-30
2414,624,2025-12-09,2026-01-08
2415,624,2026-01-10,2026-02-09
2416,625,2025-08-31,2025-09-30
2417,625,2025-10-16,2025-11-15
2418,626,2026-01-06,2026-02-05
2419,626,2026-02-21,2026-03-23
2420,627,2025-06-11,2025-07-11
2421,627,2025-08-01,2025-08-31
2422,627,2025-09-18,2025-10-18
2423,627,2025-11-01,2025-12-01
2424,627,2025-12-03,2026-01-02
2425,628,2025-08-23,2025-09-22
2426,628,2025-09-27,2025-10-27
2427,628,2025-11-08,2025-12-08
2428,628,2025-12-30,2026-01-29
2429,628,2026-02-18,2026-03-20
2430,628,2026-03-22,2026-04-21
2431,629,2025-12-10,2026-01-09
2432,629,2026-01-28,2026-02-27
2433,629,2026-03-20,2026-04-19
2434,630,2026-01-15,2026-02-14
2435,630,2026-03-03,2026-04-02
2436,630,2026-04-13,2026-05-13
2437,630,2026-05-25,2026-06-24
2438,630,2026-06-25,2026-07-25
2439,630,2026-08-15,2026-09-14
2440,630,2026-09-18,2026-10-18
2441,631,2026-02-15,2026-03-17
2442,631,2026-03-28,2026-04-27
2443,632,2026-01-27,2026-02-26
2444,632,2026-03-04,2026-04-03
2445,632,2026-04-07,2026-05-07
2446,633,2025-09-24,2025-10-24
2447,633,2025-11-11,2025-12-11
2448,633,2025-12-28,2026-01-27
2449,633,2026-02-18,2026-03-20
2450,634,2025-09-05,2025-10-05
2451,634,2025-10-21,2025-11-20
2452,634,2025-11-25,2025-12-25
2453,634,2026-01-09,2026-02-08
2454,634,2026-02-28,2026-03-30
2455,635,2025-12-13,2026-01-12
2456,635,2026-01-27,2026-02-26
2457,635,2026-03-02,2026-04-01
2458,635,2026-04-15,2026-05-15
2459,635,2026-05-19,2026-06-18
2460,635,2026-07-02,2026-08-01
2461,636,2026-04-23,2026-05-23
2462,636,2026-05-27,2026-06-26
2463,636,2026-07-16,2026-08-15
2464,636,2026-08-31,2026-09-30
2465,636,2026-10-05,2026-11-04
2466,637,2026-01-30,2026-03-01
2467,637,2026-03-20,2026-04-19
2468,638,2026-02-09,2026-03-11
2469,638,2026-03-27,2026-04-26
2470,638,2026-05-12,2026-06-11
2471,638,2026-06-15,2026-07-15
2472,639,2026-02-23,2026-03-25
2473,639,2026-04-05,2026-05-05
2474,640,2025-09-03,2025-10-03
2475,641,2026-05-10,2026-06-09
2476,641,2026-06-10,2026-07-10
2477,641,2026-07-16,2026-08-15
2478,641,2026-08-25,2026-09-24
2479,641,2026-10-12,2026-11-11
2480,642,2025-12-27,2026-01-26
2481,642,2026-02-07,2026-03-09
2482,642,2026-03-21,2026-04-20
2483,642,2026-05-05,2026-06-04
2484,642,2026-06-21,2026-07-21
2485,642,2026-07-23,2026-08-22
2486,643,2025-10-15,2025-11-14
2487,643,2025-12-06,2026-01-05
2488,644,2025-05-27,2025-06-26
2489,644,2025-07-03,2025-08-02
2490,645,2025-07-01,2025-07-31
2491,645,2025-08-04,2025-09-03
2492,646,2025-05-17,2025-06-16
2493,646,2025-06-29,2025-07-29
2494,646,2025-08-18,2025-09-17
2495,646,2025-10-09,2025-11-08
2496,646,2025-11-21,2025-12-21
2497,647,2025-10-09,2025-11-08
2498,647,2025-11-17,2025-12-17
2499,647,2025-12-30,2026-01-29
2500,648,2025-07-12,2025-08-11
2501,648,2025-08-24,2025-09-23
2502,648,2025-10-08,2025-11-07
2503,648,2025-11-29,2025-12-29
2504,649,2026-03-04,2026-04-03
2505,649,2026-04-17,2026-05-17
2506,649,2026-06-06,2026-07-06
2507,650,2025-09-01,2025-10-01
2508,650,2025-10-13,2025-11-12
2509,651,2026-05-06,2026-06-05
2510,652,2025-06-12,2025-07-12
2511,652,2025-07-26,2025-08-25
2512,652,2025-09-04,2025-10-04
2513,652,2025-10-09,2025-11-08
2514,652,2025-11-21,2025-12-21
2515,652,2025-12-24,2026-01-23
2516,653,2026-04-13,2026-05-13
2517,653,2026-05-20,2026-06-19
2518,653,2026-06-26,2026-07-26
2519,653,2026-08-07,2026-09-06
2520,654,2026-01-03,2026-02-02
2521,654,2026-02-11,2026-03-13
2522,654,2026-03-19,2026-04-18
2523,654,2026-04-28,2026-05-28
2524,654,2026-06-04,2026-07-04
2525,654,2026-07-08,2026-08-07
2526,654,2026-08-27,2026-09-26
2527,655,2025-12-30,2026-01-29
2528,655,2026-02-17,2026-03-19
2529,655,2026-03-24,2026-04-23
2530,655,2026-05-03,2026-06-02
2531,655,2026-06-20,2026-07-20
2532,655,2026-07-30,2026-08-29
2533,655,2026-09-15,2026-10-15
2534,656,2025-12-22,2026-01-21
2535,656,2026-01-22,2026-02-21
2536,657,2025-07-20,2025-08-19
2537,658,2025-12-30,2026-01-29
2538,658,2026-01-30,2026-03-01
2539,658,2026-03-12,2026-04-11
2540,658,2026-04-19,2026-05-19
2541,658,2026-05-21,2026-06-20
2542,658,2026-06-25,2026-07-25
2543,658,2026-07-29,2026-08-28
2544,659,2026-02-19,2026-03-21
2545,660,2025-08-31,2025-09-30
2546,660,2025-10-18,2025-11-17
2547,660,2025-11-30,2025-12-30
2548,660,2026-01-09,2026-02-08
2549,660,2026-02-21,2026-03-23
2550,660,2026-03-31,2026-04-30
2551,661,2026-02-05,2026-03-07
2552,661,2026-03-18,2026-04-17
2553,661,2026-04-25,2026-05-25
2554,661,2026-06-04,2026-07-04
2555,661,2026-07-22,2026-08-21
2556,661,2026-08-24,2026-09-23
2557,662,2026-02-15,2026-03-17
2558,663,2025-09-03,2025-10-03
2559,663,2025-10-12,2025-11-11
2560,663,2025-11-27,2025-12-27
2561,663,2026-01-10,2026-02-09
2562,663,2026-02-18,2026-03-20
2563,663,2026-03-25,2026-04-24
2564,663,2026-05-10,2026-06-09
2565,664,2026-01-08,2026-02-07
2566,664,2026-02-21,2026-03-23
2567,664,2026-03-27,2026-04-26
2568,664,2026-05-07,2026-06-06
2569,664,2026-06-22,2026-07-22
2570,664,2026-07-30,2026-08-29
2571,664,2026-09-16,2026-10-16
2572,665,2025-08-24,2025-09-23
2573,665,2025-09-28,2025-10-28
2574,665,2025-11-15,2025-12-15
2575,666,2025-12-13,2026-01-12
2576,666,2026-01-23,2026-02-22
2577,666,2026-02-26,2026-03-28
2578,666,2026-04-02,2026-05-02
2579,667,2026-04-14,2026-05-14
2580,667,2026-06-02,2026-07-02
2581,667,2026-07-18,2026-08-17
2582,667,2026-09-03,2026-10-03
2583,667,2026-10-07,2026-11-06
2584,668,2025-09-01,2025-10-01
2585,668,2025-10-06,2025-11-05
2586,668,2025-11-18,2025-12-18
2587,669,2026-01-09,2026-02-08
2588,670,2025-11-13,2025-12-13
2589,670,2025-12-26,2026-01-25
2590,671,2025-11-06,2025-12-06
2591,671,2025-12-16,2026-01-15
2592,672,2026-01-01,2026-01-31
2593,672,2026-02-09,2026-03-11
2594,672,2026-03-25,2026-04-24
2595,672,2026-05-09,2026-06-08
2596,672,2026-06-23,2026-07-23
2597,672,2026-07-28,2026-08-27
2598,672,2026-08-29,2026-09-28
2599,673,2026-01-05,2026-02-04
2600,674,2025-10-30,2025-11-29
2601,675,2026-03-05,2026-04-04
2602,676,2026-03-23,2026-04-22
2603,677,2025-05-17,2025-06-16
2604,677,2025-07-07,2025-08-06
2605,677,2025-08-22,2025-09-21
2606,677,2025-10-09,2025-11-08
2607,677,2025-11-29,2025-12-29
2608,677,2026-01-06,2026-02-05
2609,677,2026-02-21,2026-03-23
2610,678,2026-01-10,2026-02-09
2611,678,2026-02-16,2026-03-18
2612,678,2026-03-22,2026-04-21
2613,678,2026-05-07,2026-06-06
2614,678,2026-06-17,2026-07-17
2615,678,2026-07-27,2026-08-26
2616,679,2026-02-18,2026-03-20
2617,679,2026-03-26,2026-04-25
2618,679,2026-05-10,2026-06-09
2619,679,2026-06-19,2026-07-19
2620,679,2026-07-22,2026-08-21
2621,680,2026-03-16,2026-04-15
2622,680,2026-04-30,2026-05-30
2623,680,2026-06-21,2026-07-21
2624,680,2026-07-27,2026-08-26
2625,680,2026-09-08,2026-10-08
2626,681,2026-03-11,2026-04-10
2627,681,2026-04-16,2026-05-16
2628,682,2025-12-20,2026-01-19
2629,682,2026-02-10,2026-03-12
2630,682,2026-03-29,2026-04-28
2631,683,2025-07-26,2025-08-25
2632,683,2025-08-31,2025-09-30
2633,684,2026-01-19,2026-02-18
2634,684,2026-02-20,2026-03-22
2635,684,2026-04-06,2026-05-06
2636,684,2026-05-20,2026-06-19
2637,684,2026-07-03,2026-08-02
2638,685,2026-01-04,2026-02-03
2639,685,2026-02-18,2026-03-20
2640,686,2026-04-04,2026-05-04
2641,686,2026-05-09,2026-06-08
2642,686,2026-06-24,2026-07-24
2643,686,2026-07-27,2026-08-26
2644,687,2026-01-05,2026-02-04
2645,687,2026-02-22,2026-03-24
2646,687,2026-04-06,2026-05-06
2647,688,2025-07-22,2025-08-21
2648,688,2025-09-02,2025-10-02
2649,688,2025-10-22,2025-11-21
2650,688,2025-11-26,2025-12-26
2651,689,2026-02-15,2026-03-17
2652,689,2026-04-03,2026-05-03
2653,689,2026-05-19,2026-06-18
2654,689,2026-07-08,2026-08-07
2655,689,2026-08-09,2026-09-08
2656,690,2025-09-23,2025-10-23
2657,690,2025-11-01,2025-12-01
2658,690,2025-12-18,2026-01-17
2659,690,2026-02-03,2026-03-05
2660,690,2026-03-18,2026-04-17
2661,690,2026-05-06,2026-06-05
2662,691,2025-12-13,2026-01-12
2663,691,2026-01-14,2026-02-13
2664,692,2025-12-20,2026-01-19
2665,692,2026-01-27,2026-02-26
2666,692,2026-03-07,2026-04-06
2667,692,2026-04-07,2026-05-07
2668,692,2026-05-19,2026-06-18
2669,692,2026-06-19,2026-07-19
2670,692,2026-08-10,2026-09-09
2671,693,2025-12-18,2026-01-17
2672,693,2026-01-22,2026-02-21
2673,693,2026-03-09,2026-04-08
2674,693,2026-04-15,2026-05-15
2675,693,2026-06-03,2026-07-03
2676,693,2026-07-17,2026-08-16
2677,693,2026-08-19,2026-09-18
2678,694,2025-06-28,2025-07-28
2679,694,2025-08-11,2025-09-10
2680,694,2025-09-19,2025-10-19
2681,694,2025-10-20,2025-11-19
2682,694,2025-11-30,2025-12-30
2683,695,2026-03-19,2026-04-18
2684,695,2026-05-02,2026-06-01
2685,695,2026-06-16,2026-07-16
2686,695,2026-07-18,2026-08-17
2687,695,2026-09-02,2026-10-02
2688,695,2026-10-19,2026-11-18
2689,696,2026-02-23,2026-03-25
2690,696,2026-04-05,2026-05-05
2691,696,2026-05-17,2026-06-16
2692,696,2026-06-25,2026-07-25
2693,697,2025-06-30,2025-07-30
2694,697,2025-08-18,2025-09-17
2695,697,2025-09-18,2025-10-18
2696,697,2025-10-26,2025-11-25
2697,698,2025-09-30,2025-10-30
2698,698,2025-11-05,2025-12-05
2699,698,2025-12-21,2026-01-20
2700,699,2025-07-14,2025-08-13
2701,699,2025-08-18,2025-09-17
2702,699,2025-10-02,2025-11-01
2703,699,2025-11-08,2025-12-08
2704,699,2025-12-14,2026-01-13
2705,699,2026-01-15,2026-02-14
2706,699,2026-02-20,2026-03-22
2707,700,2025-12-22,2026-01-21
2708,700,2026-02-06,2026-03-08
2709,700,2026-03-12,2026-04-11
2710,700,2026-04-15,2026-05-15
2711,700,2026-05-18,2026-06-17
2712,700,2026-07-02,2026-08-01
2713,701,2026-02-18,2026-03-20
2714,701,2026-04-03,2026-05-03
2715,701,2026-05-23,2026-06-22
2716,701,2026-06-26,2026-07-26
2717,701,2026-08-11,2026-09-10
2718,701,2026-09-14,2026-10-14
2719,702,2025-05-29,2025-06-28
2720,702,2025-07-08,2025-08-07
2721,703,2025-10-04,2025-11-03
2722,703,2025-11-15,2025-12-15
2723,703,2025-12-19,2026-01-18
2724,703,2026-01-28,2026-02-27
2725,703,2026-03-08,2026-04-07
2726,704,2025-11-03,2025-12-03
2727,704,2025-12-21,2026-01-20
2728,704,2026-01-28,2026-02-27
2729,704,2026-03-01,2026-03-31
2730,705,2025-09-20,2025-10-20
2731,705,2025-11-03,2025-12-03
2732,706,2026-02-07,2026-03-09
2733,707,2025-08-01,2025-08-31
2734,707,2025-09-06,2025-10-06
2735,707,2025-10-07,2025-11-06
2736,707,2025-11-12,2025-12-12
2737,707,2025-12-26,2026-01-25
2738,707,2026-02-13,2026-03-15
2739,707,2026-04-02,2026-05-02
2740,708,2025-10-25,2025-11-24
2741,709,2025-08-24,2025-09-23
2742,709,2025-10-02,2025-11-01
2743,709,2025-11-17,2025-12-17
2744,709,2025-12-20,2026-01-19
2745,709,2026-01-21,2026-02-20
2746,709,2026-03-06,2026-04-05
2747,710,2025-12-25,2026-01-24
2748,711,2025-08-03,2025-09-02
2749,711,2025-09-09,2025-10-09
2750,711,2025-10-12,2025-11-11
2751,711,2025-11-24,2025-12-24
2752,712,2026-01-23,2026-02-22
2753,712,2026-03-05,2026-04-04
2754,712,2026-04-26,2026-05-26
2755,712,2026-05-27,2026-06-26
2756,713,2026-03-12,2026-04-11
2757,713,2026-04-18,2026-05-18
2758,713,2026-05-25,2026-06-24
2759,714,2026-02-26,2026-03-28
2760,714,2026-04-03,2026-05-03
2761,714,2026-05-12,2026-06-11
2762,714,2026-06-20,2026-07-20
2763,715,2025-10-04,2025-11-03
2764,715,2025-11-07,2025-12-07
2765,715,2025-12-22,2026-01-21
2766,715,2026-01-27,2026-02-26
2767,715,2026-03-17,2026-04-16
2768,716,2025-11-13,2025-12-13
2769,716,2025-12-27,2026-01-26
2770,716,2026-02-03,2026-03-05
2771,716,2026-03-23,2026-04-22
2772,716,2026-04-23,2026-05-23
2773,716,2026-06-10,2026-07-10
2774,716,2026-07-18,2026-08-17
2775,717,2025-07-02,2025-08-01
2776,718,2025-07-06,2025-08-05
2777,718,2025-08-11,2025-09-10
2778,718,2025-09-22,2025-10-22
2779,719,2026-03-08,2026-04-07
2780,719,2026-04-25,2026-05-25
2781,719,2026-06-05,2026-07-05
2782,719,2026-07-09,2026-08-08
2783,719,2026-08-28,2026-09-27
2784,719,2026-10-05,2026-11-04
2785,720,2026-04-19,2026-05-19
2786,720,2026-06-03,2026-07-03
2787,721,2025-05-28,2025-06-27
2788,721,2025-07-03,2025-08-02
2789,721,2025-08-20,2025-09-19
2790,721,2025-09-22,2025-10-22
2791,721,2025-10-28,2025-11-27
2792,721,2025-12-16,2026-01-15
2793,721,2026-01-19,2026-02-18
2794,722,2025-12-05,2026-01-04
2795,722,2026-01-25,2026-02-24
2796,723,2026-03-18,2026-04-17
2797,723,2026-05-01,2026-05-31
2798,723,2026-06-02,2026-07-02
2799,724,2025-08-30,2025-09-29
2800,724,2025-10-13,2025-11-12
2801,724,2025-11-27,2025-12-27
2802,724,2026-01-09,2026-02-08
2803,724,2026-03-01,2026-03-31
2804,724,2026-04-11,2026-05-11
2805,724,2026-05-17,2026-06-16
2806,725,2025-12-13,2026-01-12
2807,725,2026-01-30,2026-03-01
2808,725,2026-03-22,2026-04-21
2809,725,2026-05-01,2026-05-31
2810,725,2026-06-12,2026-07-12
2811,725,2026-07-19,2026-08-18
2812,725,2026-09-06,2026-10-06
2813,726,2026-03-22,2026-04-21
2814,726,2026-05-12,2026-06-11
2815,726,2026-06-30,2026-07-30
2816,727,2026-04-17,2026-05-17
2817,728,2026-04-20,2026-05-20
2818,728,2026-06-03,2026-07-03
2819,728,2026-07-13,2026-08-12
2820,728,2026-08-13,2026-09-12
2821,728,2026-09-26,2026-10-26
2822,729,2026-03-08,2026-04-07
2823,729,2026-04-08,2026-05-08
2824,729,2026-05-14,2026-06-13
2825,730,2025-11-10,2025-12-10
2826,730,2026-01-01,2026-01-31
2827,730,2026-02-04,2026-03-06
2828,730,2026-03-25,2026-04-24
2829,730,2026-04-30,2026-05-30
2830,731,2025-08-09,2025-09-08
2831,732,2025-10-17,2025-11-16
2832,732,2025-11-28,2025-12-28
2833,732,2026-01-07,2026-02-06
2834,732,2026-02-14,2026-03-16
2835,732,2026-04-05,2026-05-05
2836,732,2026-05-07,2026-06-06
2837,732,2026-06-15,2026-07-15
2838,733,2026-03-25,2026-04-24
2839,733,2026-04-26,2026-05-26
2840,733,2026-06-14,2026-07-14
2841,733,2026-07-22,2026-08-21
2842,733,2026-08-27,2026-09-26
2843,734,2025-10-06,2025-11-05
2844,734,2025-11-13,2025-12-13
2845,734,2025-12-20,2026-01-19
2846,735,2025-07-29,2025-08-28
2847,736,2025-09-13,2025-10-13
2848,736,2025-10-15,2025-11-14
2849,736,2025-11-19,2025-12-19
2850,737,2025-10-08,2025-11-07
2851,737,2025-11-19,2025-12-19
2852,737,2025-12-21,2026-01-20
2853,737,2026-01-24,2026-02-23
2854,737,2026-03-15,2026-04-14
2855,737,2026-04-22,2026-05-22
2856,738,2025-12-24,2026-01-23
2857,738,2026-02-14,2026-03-16
2858,738,2026-03-18,2026-04-17
2859,739,2026-04-27,2026-05-27
2860,739,2026-06-15,2026-07-15
2861,739,2026-08-01,2026-08-31
2862,739,2026-09-18,2026-10-18
2863,739,2026-11-05,2026-12-05
2864,739,2026-12-15,2027-01-14
2865,739,2027-01-21,2027-02-20
2866,740,2026-05-08,2026-06-07
2867,740,2026-06-14,2026-07-14
2868,741,2026-05-09,2026-06-08
2869,741,2026-06-21,2026-07-21
2870,741,2026-07-27,2026-08-26
2871,742,2025-06-01,2025-07-01
2872,742,2025-07-02,2025-08-01
2873,742,2025-08-19,2025-09-18
2874,742,2025-09-19,2025-10-19
2875,743,2026-03-06,2026-04-05
2876,743,2026-04-26,2026-05-26
2877,743,2026-06-03,2026-07-03
2878,743,2026-07-07,2026-08-06
2879,743,2026-08-11,2026-09-10
2880,744,2025-09-12,2025-10-12
2881,744,2025-10-15,2025-11-14
2882,744,2025-11-20,2025-12-20
2883,744,2026-01-08,2026-02-07
2884,744,2026-02-09,2026-03-11
2885,744,2026-03-26,2026-04-25
2886,744,2026-05-06,2026-06-05
2887,745,2025-07-15,2025-08-14
2888,745,2025-09-03,2025-10-03
2889,745,2025-10-23,2025-11-22
2890,745,2025-12-12,2026-01-11
2891,746,2025-05-23,2025-06-22
2892,747,2025-07-22,2025-08-21
2893,747,2025-09-03,2025-10-03
2894,748,2026-05-02,2026-06-01
2895,749,2026-01-31,2026-03-02
2896,749,2026-03-14,2026-04-13
2897,749,2026-04-22,2026-05-22
2898,750,2025-10-21,2025-11-20
2899,751,2025-11-23,2025-12-23
2900,751,2026-01-01,2026-01-31
2901,752,2026-03-29,2026-04-28
2902,753,2025-07-01,2025-07-31
2903,753,2025-08-20,2025-09-19
2904,753,2025-09-23,2025-10-23
2905,753,2025-11-11,2025-12-11
2906,754,2026-01-05,2026-02-04
2907,754,2026-02-19,2026-03-21
2908,755,2025-12-10,2026-01-09
2909,755,2026-01-13,2026-02-12
2910,755,2026-02-28,2026-03-30
2911,755,2026-04-11,2026-05-11
2912,755,2026-05-19,2026-06-18
2913,755,2026-07-01,2026-07-31
2914,756,2025-08-20,2025-09-19
2915,756,2025-10-05,2025-11-04
2916,756,2025-11-15,2025-12-15
2917,756,2025-12-20,2026-01-19
2918,757,2026-04-08,2026-05-08
2919,757,2026-05-29,2026-06-28
2920,757,2026-07-11,2026-08-10
2921,757,2026-08-19,2026-09-18
2922,757,2026-10-01,2026-10-31
2923,757,2026-11-04,2026-12-04
2924,757,2026-12-09,2027-01-08
2925,758,2025-12-06,2026-01-05
2926,758,2026-01-09,2026-02-08
2927,758,2026-02-23,2026-03-25
2928,758,2026-04-02,2026-05-02
2929,758,2026-05-03,2026-06-02
2930,759,2026-01-18,2026-02-17
2931,759,2026-02-23,2026-03-25
2932,759,2026-04-16,2026-05-16
2933,759,2026-06-03,2026-07-03
2934,759,2026-07-12,2026-08-11
2935,760,2026-01-15,2026-02-14
2936,760,2026-02-23,2026-03-25
2937,760,2026-03-27,2026-04-26
2938,760,2026-05-03,2026-06-02
2939,760,2026-06-08,2026-07-08
2940,760,2026-07-12,2026-08-11
2941,760,2026-08-14,2026-09-13
2942,761,2025-10-29,2025-11-28
2943,761,2025-12-09,2026-01-08
2944,761,2026-01-20,2026-02-19
2945,761,2026-02-20,2026-03-22
2946,761,2026-04-02,2026-05-02
2947,761,2026-05-06,2026-06-05
2948,762,2025-12-24,2026-01-23
2949,762,2026-01-27,2026-02-26
2950,763,2025-07-21,2025-08-20
2951,763,2025-08-30,2025-09-29
2952,763,2025-10-07,2025-11-06
2953,763,2025-11-28,2025-12-28
2954,763,2025-12-30,2026-01-29
2955,763,2026-02-15,2026-03-17
2956,764,2025-08-09,2025-09-08
2957,764,2025-09-23,2025-10-23
2958,764,2025-11-13,2025-12-13
2959,764,2025-12-18,2026-01-17
2960,765,2026-01-23,2026-02-22
2961,765,2026-02-27,2026-03-29
2962,765,2026-04-10,2026-05-10
2963,765,2026-05-19,2026-06-18
2964,766,2025-12-23,2026-01-22
2965,766,2026-02-08,2026-03-10
2966,767,2025-09-29,2025-10-29
2967,767,2025-11-19,2025-12-19
2968,768,2025-08-22,2025-09-21
2969,768,2025-09-25,2025-10-25
2970,768,2025-11-13,2025-12-13
2971,769,2025-12-22,2026-01-21
2972,769,2026-01-31,2026-03-02
2973,769,2026-03-20,2026-04-19
2974,769,2026-05-05,2026-06-04
2975,769,2026-06-20,2026-07-20
2976,769,2026-07-22,2026-08-21
2977,770,2025-12-27,2026-01-26
2978,770,2026-02-14,2026-03-16
2979,770,2026-03-23,2026-04-22
2980,770,2026-04-29,2026-05-29
2981,771,2025-11-22,2025-12-22
2982,771,2026-01-10,2026-02-09
2983,771,2026-02-28,2026-03-30
2984,771,2026-04-17,2026-05-17
2985,771,2026-05-31,2026-06-30
2986,771,2026-07-12,2026-08-11
2987,771,2026-08-15,2026-09-14
2988,772,2026-02-21,2026-03-23
2989,772,2026-03-25,2026-04-24
2990,772,2026-04-30,2026-05-30
2991,772,2026-06-10,2026-07-10
2992,772,2026-07-25,2026-08-24
2993,772,2026-09-11,2026-10-11
2994,772,2026-11-02,2026-12-02
2995,773,2026-01-06,2026-02-05
2996,773,2026-02-07,2026-03-09
2997,773,2026-03-26,2026-04-25
2998,773,2026-05-06,2026-06-05
2999,774,2025-06-19,2025-07-19
3000,774,2025-08-05,2025-09-04
3001,774,2025-09-21,2025-10-21
3002,774,2025-10-28,2025-11-27
3003,774,2025-12-15,2026-01-14
3004,775,2025-07-26,2025-08-25
3005,775,2025-09-08,2025-10-08
3006,775,2025-10-24,2025-11-23
3007,775,2025-11-28,2025-12-28
3008,775,2026-01-10,2026-02-09
3009,775,2026-02-15,2026-03-17
3010,775,2026-03-18,2026-04-17
3011,776,2025-12-08,2026-01-07
3012,776,2026-01-23,2026-02-22
3013,776,2026-02-27,2026-03-29
3014,777,2026-04-16,2026-05-16
3015,777,2026-05-28,2026-06-27
3016,777,2026-07-07,2026-08-06
3017,777,2026-08-13,2026-09-12
3018,777,2026-10-03,2026-11-02
3019,778,2025-09-28,2025-10-28
3020,778,2025-10-31,2025-11-30
3021,778,2025-12-19,2026-01-18
3022,778,2026-01-31,2026-03-02
3023,778,2026-03-08,2026-04-07
3024,778,2026-04-25,2026-05-25
3025,779,2025-08-16,2025-09-15
3026,779,2025-09-27,2025-10-27
3027,780,2025-10-12,2025-11-11
3028,780,2025-11-29,2025-12-29
3029,780,2026-01-04,2026-02-03
3030,780,2026-02-15,2026-03-17
3031,780,2026-04-08,2026-05-08
3032,780,2026-05-29,2026-06-28
3033,780,2026-07-11,2026-08-10
3034,781,2025-12-18,2026-01-17
3035,781,2026-02-01,2026-03-03
3036,781,2026-03-09,2026-04-08
3037,781,2026-04-26,2026-05-26
3038,781,2026-06-09,2026-07-09
3039,781,2026-07-16,2026-08-15
3040,781,2026-09-03,2026-10-03
3041,782,2025-05-29,2025-06-28
3042,782,2025-07-01,2025-07-31
3043,783,2026-04-24,2026-05-24
3044,783,2026-06-01,2026-07-01
3045,783,2026-07-10,2026-08-09
3046,783,2026-08-12,2026-09-11
3047,783,2026-09-21,2026-10-21
3048,783,2026-11-09,2026-12-09
3049,783,2026-12-28,2027-01-27
3050,784,2025-10-09,2025-11-08
3051,784,2025-11-09,2025-12-09
3052,784,2025-12-29,2026-01-28
3053,784,2026-02-18,2026-03-20
3054,784,2026-04-03,2026-05-03
3055,785,2025-10-11,2025-11-10
3056,785,2025-11-12,2025-12-12
3057,786,2025-09-21,2025-10-21
3058,786,2025-10-22,2025-11-21
3059,786,2025-11-30,2025-12-30
3060,786,2026-01-10,2026-02-09
3061,787,2025-05-29,2025-06-28
3062,787,2025-07-12,2025-08-11
3063,787,2025-08-18,2025-09-17
3064,787,2025-09-23,2025-10-23
3065,787,2025-10-26,2025-11-25
3066,788,2026-01-27,2026-02-26
3067,788,2026-03-19,2026-04-18
3068,788,2026-04-20,2026-05-20
3069,788,2026-05-21,2026-06-20
3070,788,2026-06-28,2026-07-28
3071,788,2026-08-17,2026-09-16
3072,788,2026-09-19,2026-10-19
3073,789,2025-11-24,2025-12-24
3074,789,2026-01-12,2026-02-11
3075,789,2026-02-19,2026-03-21
3076,789,2026-03-29,2026-04-28
3077,789,2026-05-10,2026-06-09
3078,789,2026-06-16,2026-07-16
3079,790,2026-02-02,2026-03-04
3080,790,2026-03-09,2026-04-08
3081,790,2026-04-14,2026-05-14
3082,790,2026-05-24,2026-06-23
3083,790,2026-07-08,2026-08-07
3084,791,2026-04-17,2026-05-17
3085,792,2025-11-13,2025-12-13
3086,792,2025-12-15,2026-01-14
3087,792,2026-01-28,2026-02-27
3088,792,2026-02-28,2026-03-30
3089,793,2025-10-24,2025-11-23
3090,793,2025-12-09,2026-01-08
3091,794,2025-07-06,2025-08-05
3092,795,2025-06-28,2025-07-28
3093,795,2025-08-01,2025-08-31
3094,795,2025-09-22,2025-10-22
3095,796,2025-12-17,2026-01-16
3096,796,2026-02-01,2026-03-03
3097,796,2026-03-17,2026-04-16
3098,796,2026-04-21,2026-05-21
3099,796,2026-06-03,2026-07-03
3100,796,2026-07-13,2026-08-12
3101,796,2026-08-19,2026-09-18
3102,797,2026-02-25,2026-03-27
3103,797,2026-03-28,2026-04-27
3104,797,2026-04-28,2026-05-28
3105,797,2026-06-16,2026-07-16
3106,797,2026-07-27,2026-08-26
3107,797,2026-09-03,2026-10-03
3108,798,2026-05-02,2026-06-01
3109,798,2026-06-10,2026-07-10
3110,799,2025-12-18,2026-01-17
3111,800,2026-05-09,2026-06-08
3112,800,2026-06-16,2026-07-16
3113,800,2026-08-07,2026-09-06
3114,800,2026-09-10,2026-10-10
3115,800,2026-10-17,2026-11-16
3116,800,2026-11-23,2026-12-23
3117,801,2026-05-02,2026-06-01
3118,802,2025-12-08,2026-01-07
3119,802,2026-01-16,2026-02-15
3120,802,2026-02-25,2026-03-27
3121,802,2026-03-30,2026-04-29
3122,802,2026-05-13,2026-06-12
3123,802,2026-06-22,2026-07-22
3124,802,2026-07-27,2026-08-26
3125,803,2025-05-24,2025-06-23
3126,803,2025-07-06,2025-08-05
3127,803,2025-08-17,2025-09-16
3128,803,2025-09-25,2025-10-25
3129,803,2025-11-04,2025-12-04
3130,803,2025-12-08,2026-01-07
3131,804,2026-02-11,2026-03-13
3132,804,2026-03-28,2026-04-27
3133,804,2026-05-13,2026-06-12
3134,804,2026-07-04,2026-08-03
3135,805,2025-07-23,2025-08-22
3136,805,2025-09-07,2025-10-07
3137,805,2025-10-21,2025-11-20
3138,805,2025-11-22,2025-12-22
3139,805,2026-01-05,2026-02-04
3140,806,2025-06-05,2025-07-05
3141,806,2025-07-25,2025-08-24
3142,806,2025-09-03,2025-10-03
3143,806,2025-10-09,2025-11-08
3144,806,2025-11-28,2025-12-28
3145,806,2025-12-30,2026-01-29
3146,806,2026-02-07,2026-03-09
3147,807,2026-02-11,2026-03-13
3148,807,2026-03-29,2026-04-28
3149,807,2026-05-09,2026-06-08
3150,807,2026-06-19,2026-07-19
3151,807,2026-07-23,2026-08-22
3152,807,2026-09-08,2026-10-08
3153,807,2026-10-26,2026-11-25
3154,808,2026-02-07,2026-03-09
3155,809,2026-04-05,2026-05-05
3156,809,2026-05-24,2026-06-23
3157,809,2026-06-30,2026-07-30
3158,809,2026-08-05,2026-09-04
3159,809,2026-09-14,2026-10-14
3160,810,2025-12-27,2026-01-26
3161,811,2025-08-10,2025-09-09
3162,811,2025-09-24,2025-10-24
3163,811,2025-11-03,2025-12-03
3164,811,2025-12-12,2026-01-11
3165,811,2026-01-20,2026-02-19
3166,812,2026-04-20,2026-05-20
3167,812,2026-05-26,2026-06-25
3168,812,2026-07-03,2026-08-02
3169,812,2026-08-11,2026-09-10
3170,812,2026-09-22,2026-10-22
3171,812,2026-11-05,2026-12-05
3172,812,2026-12-16,2027-01-15
3173,813,2025-08-01,2025-08-31
3174,813,2025-09-19,2025-10-19
3175,813,2025-10-28,2025-11-27
3176,813,2025-12-12,2026-01-11
3177,813,2026-01-30,2026-03-01
3178,814,2025-09-18,2025-10-18
3179,814,2025-10-28,2025-11-27
3180,815,2025-06-30,2025-07-30
3181,815,2025-08-12,2025-09-11
3182,815,2025-09-16,2025-10-16
3183,816,2026-01-21,2026-02-20
3184,816,2026-02-22,2026-03-24
3185,816,2026-04-02,2026-05-02
3186,816,2026-05-17,2026-06-16
3187,816,2026-06-22,2026-07-22
3188,817,2025-09-15,2025-10-15
3189,817,2025-10-24,2025-11-23
3190,817,2025-11-26,2025-12-26
3191,817,2026-01-16,2026-02-15
3192,817,2026-02-16,2026-03-18
3193,818,2025-08-19,2025-09-18
3194,818,2025-09-26,2025-10-26
3195,818,2025-11-12,2025-12-12
3196,818,2025-12-23,2026-01-22
3197,818,2026-02-12,2026-03-14
3198,819,2026-02-23,2026-03-25
3199,819,2026-03-31,2026-04-30
3200,819,2026-05-03,2026-06-02
3201,819,2026-06-15,2026-07-15
3202,820,2025-11-12,2025-12-12
3203,820,2025-12-31,2026-01-30
3204,821,2025-12-24,2026-01-23
3205,822,2025-09-17,2025-10-17
3206,822,2025-11-02,2025-12-02
3207,822,2025-12-20,2026-01-19
3208,822,2026-01-22,2026-02-21
3209,822,2026-03-02,2026-04-01
3210,822,2026-04-23,2026-05-23
3211,822,2026-06-06,2026-07-06
3212,823,2025-06-22,2025-07-22
3213,823,2025-08-12,2025-09-11
3214,823,2025-10-02,2025-11-01
3215,824,2025-11-02,2025-12-02
3216,824,2025-12-12,2026-01-11
3217,824,2026-01-19,2026-02-18
3218,824,2026-03-05,2026-04-04
3219,824,2026-04-21,2026-05-21
3220,824,2026-06-07,2026-07-07
3221,825,2025-11-24,2025-12-24
3222,825,2026-01-08,2026-02-07
3223,825,2026-02-09,2026-03-11
3224,826,2025-11-23,2025-12-23
3225,826,2025-12-26,2026-01-25
3226,826,2026-02-12,2026-03-14
3227,826,2026-03-29,2026-04-28
3228,826,2026-05-19,2026-06-18
3229,826,2026-06-30,2026-07-30
3230,827,2026-04-06,2026-05-06
3231,827,2026-05-21,2026-06-20
3232,827,2026-06-25,2026-07-25
3233,828,2025-06-26,2025-07-26
3234,828,2025-08-08,2025-09-07
3235,828,2025-09-25,2025-10-25
3236,828,2025-10-28,2025-11-27
3237,829,2025-11-29,2025-12-29
3238,829,2026-01-01,2026-01-31
3239,829,2026-02-17,2026-03-19
3240,829,2026-03-31,2026-04-30
3241,829,2026-05-17,2026-06-16
3242,829,2026-07-06,2026-08-05
3243,830,2025-06-10,2025-07-10
3244,831,2025-10-29,2025-11-28
3245,831,2025-12-04,2026-01-03
3246,831,2026-01-22,2026-02-21
3247,831,2026-02-25,2026-03-27
3248,832,2025-05-24,2025-06-23
3249,832,2025-07-03,2025-08-02
3250,832,2025-08-13,2025-09-12
3251,832,2025-09-14,2025-10-14
3252,832,2025-10-29,2025-11-28
3253,832,2025-12-19,2026-01-18
3254,832,2026-02-05,2026-03-07
3255,833,2025-10-29,2025-11-28
3256,834,2026-03-27,2026-04-26
3257,834,2026-05-10,2026-06-09
3258,834,2026-06-11,2026-07-11
3259,835,2026-01-24,2026-02-23
3260,836,2025-10-29,2025-11-28
3261,836,2025-12-12,2026-01-11
3262,836,2026-01-30,2026-03-01
3263,836,2026-03-18,2026-04-17
3264,837,2026-03-24,2026-04-23
3265,837,2026-05-06,2026-06-05
3266,838,2025-11-23,2025-12-23
3267,838,2026-01-14,2026-02-13
3268,838,2026-02-20,2026-03-22
3269,838,2026-03-23,2026-04-22
3270,838,2026-05-05,2026-06-04
3271,838,2026-06-20,2026-07-20
3272,839,2026-03-19,2026-04-18
3273,839,2026-04-24,2026-05-24
3274,839,2026-05-30,2026-06-29
3275,839,2026-07-13,2026-08-12
3276,839,2026-08-26,2026-09-25
3277,840,2025-06-10,2025-07-10
3278,840,2025-07-13,2025-08-12
3279,840,2025-09-01,2025-10-01
3280,840,2025-10-02,2025-11-01
3281,840,2025-11-18,2025-12-18
3282,841,2026-01-20,2026-02-19
3283,841,2026-03-05,2026-04-04
3284,841,2026-04-15,2026-05-15
3285,841,2026-05-22,2026-06-21
3286,841,2026-07-08,2026-08-07
3287,842,2025-10-14,2025-11-13
3288,842,2025-11-15,2025-12-15
3289,842,2025-12-28,2026-01-27
3290,842,2026-02-12,2026-03-14
3291,842,2026-03-21,2026-04-20
3292,842,2026-05-09,2026-06-08
3293,843,2026-03-12,2026-04-11
3294,843,2026-05-03,2026-06-02
3295,844,2025-10-16,2025-11-15
3296,844,2025-12-05,2026-01-04
3297,844,2026-01-21,2026-02-20
3298,844,2026-03-08,2026-04-07
3299,844,2026-04-20,2026-05-20
3300,844,2026-05-21,2026-06-20
3301,845,2026-04-06,2026-05-06
3302,845,2026-05-07,2026-06-06
3303,845,2026-06-28,2026-07-28
3304,845,2026-08-18,2026-09-17
3305,845,2026-09-27,2026-10-27
3306,845,2026-11-15,2026-12-15
3307,845,2026-12-20,2027-01-19
3308,846,2025-07-14,2025-08-13
3309,846,2025-08-28,2025-09-27
3310,846,2025-09-29,2025-10-29
3311,846,2025-11-07,2025-12-07
3312,846,2025-12-28,2026-01-27
3313,846,2026-02-14,2026-03-16
3314,846,2026-03-30,2026-04-29
3315,847,2025-12-19,2026-01-18
3316,847,2026-02-09,2026-03-11
3317,847,2026-03-26,2026-04-25
3318,847,2026-04-26,2026-05-26
3319,847,2026-06-09,2026-07-09
3320,848,2026-01-24,2026-02-23
3321,848,2026-02-25,2026-03-27
3322,849,2025-10-04,2025-11-03
3323,849,2025-11-22,2025-12-22
3324,849,2026-01-13,2026-02-12
3325,849,2026-02-13,2026-03-15
3326,850,2025-11-21,2025-12-21
3327,850,2026-01-09,2026-02-08
3328,851,2026-04-05,2026-05-05
3329,851,2026-05-25,2026-06-24
3330,851,2026-06-27,2026-07-27
3331,851,2026-08-18,2026-09-17
3332,851,2026-10-06,2026-11-05
3333,851,2026-11-23,2026-12-23
3334,851,2026-12-29,2027-01-28
3335,852,2025-08-20,2025-09-19
3336,853,2025-09-10,2025-10-10
3337,853,2025-10-17,2025-11-16
3338,853,2025-11-24,2025-12-24
3339,853,2026-01-08,2026-02-07
3340,854,2025-12-03,2026-01-02
3341,854,2026-01-20,2026-02-19
3342,854,2026-03-05,2026-04-04
3343,854,2026-04-14,2026-05-14
3344,855,2026-01-30,2026-03-01
3345,855,2026-03-14,2026-04-13
3346,855,2026-05-02,2026-06-01
3347,856,2025-06-25,2025-07-25
3348,856,2025-08-01,2025-08-31
3349,857,2025-09-23,2025-10-23
3350,857,2025-10-26,2025-11-25
3351,857,2025-12-17,2026-01-16
3352,857,2026-01-24,2026-02-23
3353,857,2026-03-06,2026-04-05
3354,858,2025-12-26,2026-01-25
3355,858,2026-01-26,2026-02-25
3356,858,2026-03-01,2026-03-31
3357,858,2026-04-10,2026-05-10
3358,858,2026-05-22,2026-06-21
3359,858,2026-07-10,2026-08-09
3360,859,2025-09-02,2025-10-02
3361,859,2025-10-03,2025-11-02
3362,859,2025-11-15,2025-12-15
3363,859,2026-01-04,2026-02-03
3364,860,2025-08-17,2025-09-16
3365,861,2025-07-20,2025-08-19
3366,861,2025-09-03,2025-10-03
3367,861,2025-10-10,2025-11-09
3368,861,2025-11-10,2025-12-10
3369,861,2025-12-22,2026-01-21
3370,861,2026-01-30,2026-03-01
3371,861,2026-03-21,2026-04-20
3372,862,2025-08-15,2025-09-14
3373,862,2025-09-22,2025-10-22
3374,863,2026-03-08,2026-04-07
3375,863,2026-04-29,2026-05-29
3376,863,2026-06-06,2026-07-06
3377,863,2026-07-08,2026-08-07
3378,863,2026-08-12,2026-09-11
3379,864,2026-04-02,2026-05-02
3380,864,2026-05-17,2026-06-16
3381,864,2026-07-04,2026-08-03
3382,864,2026-08-07,2026-09-06
3383,864,2026-09-20,2026-10-20
3384,864,2026-11-05,2026-12-05
3385,864,2026-12-22,2027-01-21
3386,865,2026-01-22,2026-02-21
3387,865,2026-03-14,2026-04-13
3388,865,2026-04-22,2026-05-22
3389,865,2026-06-13,2026-07-13
3390,866,2025-11-13,2025-12-13
3391,866,2025-12-24,2026-01-23
3392,866,2026-02-13,2026-03-15
3393,866,2026-04-01,2026-05-01
3394,866,2026-05-20,2026-06-19
3395,866,2026-06-21,2026-07-21
3396,867,2025-12-04,2026-01-03
3397,867,2026-01-22,2026-02-21
3398,867,2026-03-15,2026-04-14
3399,867,2026-04-19,2026-05-19
3400,868,2026-01-21,2026-02-20
3401,868,2026-03-03,2026-04-02
3402,868,2026-04-03,2026-05-03
3403,868,2026-05-10,2026-06-09
3404,868,2026-06-24,2026-07-24
3405,869,2025-12-18,2026-01-17
3406,870,2025-05-31,2025-06-30
3407,870,2025-07-14,2025-08-13
3408,870,2025-09-03,2025-10-03
3409,870,2025-10-13,2025-11-12
3410,870,2025-11-14,2025-12-14
3411,871,2025-09-02,2025-10-02
3412,872,2026-04-17,2026-05-17
3413,872,2026-05-19,2026-06-18
3414,872,2026-07-05,2026-08-04
3415,872,2026-08-25,2026-09-24
3416,872,2026-09-27,2026-10-27
3417,873,2025-11-07,2025-12-07
3418,873,2025-12-12,2026-01-11
3419,874,2025-06-08,2025-07-08
3420,874,2025-07-22,2025-08-21
3421,875,2025-09-28,2025-10-28
3422,875,2025-11-07,2025-12-07
3423,876,2025-09-17,2025-10-17
3424,876,2025-11-08,2025-12-08
3425,876,2025-12-09,2026-01-08
3426,877,2025-07-17,2025-08-16
3427,877,2025-09-02,2025-10-02
3428,878,2025-06-02,2025-07-02
3429,878,2025-07-21,2025-08-20
3430,878,2025-08-26,2025-09-25
3431,878,2025-10-16,2025-11-15
3432,878,2025-12-06,2026-01-05
3433,879,2026-03-16,2026-04-15
3434,879,2026-04-18,2026-05-18
3435,879,2026-05-21,2026-06-20
3436,879,2026-07-04,2026-08-03
3437,879,2026-08-21,2026-09-20
3438,879,2026-09-21,2026-10-21
3439,880,2026-01-26,2026-02-25
3440,880,2026-03-17,2026-04-16
3441,880,2026-04-29,2026-05-29
3442,880,2026-06-02,2026-07-02
3443,880,2026-07-08,2026-08-07
3444,881,2026-03-24,2026-04-23
3445,881,2026-04-28,2026-05-28
3446,881,2026-05-29,2026-06-28
3447,881,2026-07-16,2026-08-15
3448,882,2025-09-06,2025-10-06
3449,882,2025-10-07,2025-11-06
3450,882,2025-11-14,2025-12-14
3451,882,2026-01-03,2026-02-02
3452,882,2026-02-06,2026-03-08
3453,883,2025-08-12,2025-09-11
3454,884,2025-06-23,2025-07-23
3455,884,2025-08-01,2025-08-31
3456,885,2025-06-18,2025-07-18
3457,885,2025-08-07,2025-09-06
3458,886,2026-01-07,2026-02-06
3459,886,2026-02-27,2026-03-29
3460,886,2026-04-07,2026-05-07
3461,886,2026-05-18,2026-06-17
3462,886,2026-07-04,2026-08-03
3463,886,2026-08-25,2026-09-24
3464,887,2026-01-25,2026-02-24
3465,888,2025-06-14,2025-07-14
3466,889,2026-02-20,2026-03-22
3467,889,2026-04-01,2026-05-01
3468,889,2026-05-07,2026-06-06
3469,889,2026-06-28,2026-07-28
3470,889,2026-08-09,2026-09-08
3471,889,2026-09-15,2026-10-15
3472,890,2026-03-11,2026-04-10
3473,890,2026-04-29,2026-05-29
3474,890,2026-06-01,2026-07-01
3475,890,2026-07-06,2026-08-05
3476,890,2026-08-13,2026-09-12
3477,891,2025-08-15,2025-09-14
3478,891,2025-09-15,2025-10-15
3479,891,2025-10-21,2025-11-20
3480,892,2025-07-16,2025-08-15
3481,892,2025-08-30,2025-09-29
3482,892,2025-10-12,2025-11-11
3483,893,2025-06-06,2025-07-06
3484,893,2025-07-19,2025-08-18
3485,894,2026-02-01,2026-03-03
3486,894,2026-03-04,2026-04-03
3487,894,2026-04-08,2026-05-08
3488,894,2026-05-18,2026-06-17
3489,894,2026-06-25,2026-07-25
3490,894,2026-08-07,2026-09-06
3491,894,2026-09-17,2026-10-17
3492,895,2025-10-23,2025-11-22
3493,895,2025-11-24,2025-12-24
3494,895,2026-01-05,2026-02-04
3495,895,2026-02-16,2026-03-18
3496,895,2026-03-26,2026-04-25
3497,895,2026-05-09,2026-06-08
3498,895,2026-06-17,2026-07-17
3499,896,2026-02-02,2026-03-04
3500,896,2026-03-22,2026-04-21
3501,896,2026-05-06,2026-06-05
3502,896,2026-06-17,2026-07-17
3503,896,2026-07-26,2026-08-25
3504,896,2026-09-16,2026-10-16
3505,896,2026-10-17,2026-11-16
3506,897,2026-03-10,2026-04-09
3507,897,2026-04-18,2026-05-18
3508,897,2026-06-04,2026-07-04
3509,897,2026-07-22,2026-08-21
3510,897,2026-08-26,2026-09-25
3511,897,2026-09-29,2026-10-29
3512,897,2026-11-10,2026-12-10
3513,898,2025-11-28,2025-12-28
3514,898,2026-01-05,2026-02-04
3515,898,2026-02-21,2026-03-23
3516,898,2026-04-04,2026-05-04
3517,899,2026-03-25,2026-04-24
3518,899,2026-05-08,2026-06-07
3519,899,2026-06-12,2026-07-12
3520,899,2026-07-19,2026-08-18
3521,899,2026-08-23,2026-09-22
3522,899,2026-09-30,2026-10-30
3523,900,2025-08-07,2025-09-06
3524,901,2025-05-24,2025-06-23
3525,901,2025-07-13,2025-08-12
3526,901,2025-09-01,2025-10-01
3527,901,2025-10-18,2025-11-17
3528,901,2025-12-01,2025-12-31
3529,901,2026-01-10,2026-02-09
3530,901,2026-02-28,2026-03-30
3531,902,2025-12-16,2026-01-15
3532,902,2026-02-03,2026-03-05
3533,903,2026-04-13,2026-05-13
3534,903,2026-06-04,2026-07-04
3535,903,2026-07-10,2026-08-09
3536,903,2026-08-14,2026-09-13
3537,903,2026-09-15,2026-10-15
3538,904,2026-04-15,2026-05-15
3539,904,2026-06-01,2026-07-01
3540,905,2026-05-11,2026-06-10
3541,905,2026-06-24,2026-07-24
3542,906,2025-12-27,2026-01-26
3543,906,2026-01-27,2026-02-26
3544,906,2026-03-11,2026-04-10
3545,906,2026-04-24,2026-05-24
3546,906,2026-06-06,2026-07-06
3547,907,2026-02-16,2026-03-18
3548,907,2026-04-06,2026-05-06
3549,907,2026-05-20,2026-06-19
3550,907,2026-06-25,2026-07-25
3551,908,2025-06-09,2025-07-09
3552,908,2025-07-29,2025-08-28
3553,908,2025-09-16,2025-10-16
3554,909,2026-01-19,2026-02-18
3555,909,2026-03-09,2026-04-08
3556,909,2026-04-28,2026-05-28
3557,909,2026-06-15,2026-07-15
3558,909,2026-07-23,2026-08-22
3559,909,2026-08-29,2026-09-28
3560,910,2026-02-08,2026-03-10
3561,910,2026-03-26,2026-04-25
3562,910,2026-05-08,2026-06-07
3563,910,2026-06-25,2026-07-25
3564,910,2026-08-11,2026-09-10
3565,910,2026-09-25,2026-10-25
3566,910,2026-11-10,2026-12-10
3567,911,2026-04-15,2026-05-15
3568,911,2026-05-27,2026-06-26
3569,911,2026-07-10,2026-08-09
3570,911,2026-08-10,2026-09-09
3571,911,2026-09-19,2026-10-19
3572,912,2025-06-03,2025-07-03
3573,912,2025-07-20,2025-08-19
3574,913,2025-10-31,2025-11-30
3575,914,2026-04-30,2026-05-30
3576,914,2026-06-03,2026-07-03
3577,914,2026-07-14,2026-08-13
3578,914,2026-08-20,2026-09-19
3579,914,2026-10-09,2026-11-08
3580,915,2025-05-21,2025-06-20
3581,915,2025-07-10,2025-08-09
3582,915,2025-08-12,2025-09-11
3583,915,2025-09-16,2025-10-16
3584,915,2025-10-21,2025-11-20
3585,915,2025-12-03,2026-01-02
3586,916,2025-12-17,2026-01-16
3587,917,2025-10-09,2025-11-08
3588,917,2025-11-10,2025-12-10
3589,917,2025-12-31,2026-01-30
3590,918,2025-12-23,2026-01-22
3591,918,2026-02-04,2026-03-06
3592,918,2026-03-11,2026-04-10
3593,918,2026-04-30,2026-05-30
3594,918,2026-06-02,2026-07-02
3595,918,2026-07-12,2026-08-11
3596,919,2025-05-28,2025-06-27
3597,919,2025-06-29,2025-07-29
3598,919,2025-08-08,2025-09-07
3599,919,2025-09-26,2025-10-26
3600,919,2025-10-29,2025-11-28
3601,919,2025-12-05,2026-01-04
3602,920,2025-11-11,2025-12-11
3603,921,2026-05-17,2026-06-16
3604,921,2026-07-02,2026-08-01
3605,921,2026-08-12,2026-09-11
3606,921,2026-09-16,2026-10-16
3607,921,2026-11-06,2026-12-06
3608,922,2025-09-04,2025-10-04
3609,922,2025-10-06,2025-11-05
3610,922,2025-11-24,2025-12-24
3611,922,2026-01-13,2026-02-12
3612,923,2025-10-08,2025-11-07
3613,923,2025-11-29,2025-12-29
3614,923,2026-01-11,2026-02-10
3615,923,2026-02-20,2026-03-22
3616,924,2026-04-27,2026-05-27
3617,924,2026-06-06,2026-07-06
3618,924,2026-07-07,2026-08-06
3619,924,2026-08-17,2026-09-16
3620,924,2026-10-06,2026-11-05
3621,924,2026-11-26,2026-12-26
3622,925,2025-08-10,2025-09-09
3623,926,2026-02-16,2026-03-18
3624,926,2026-03-26,2026-04-25
3625,927,2025-09-26,2025-10-26
3626,927,2025-11-09,2025-12-09
3627,927,2025-12-23,2026-01-22
3628,927,2026-02-11,2026-03-13
3629,927,2026-03-17,2026-04-16
3630,928,2025-10-29,2025-11-28
3631,928,2025-12-18,2026-01-17
3632,928,2026-01-30,2026-03-01
3633,929,2025-06-19,2025-07-19
3634,929,2025-07-21,2025-08-20
3635,929,2025-09-10,2025-10-10
3636,929,2025-10-22,2025-11-21
3637,929,2025-12-04,2026-01-03
3638,930,2025-08-20,2025-09-19
3639,930,2025-09-22,2025-10-22
3640,931,2025-11-13,2025-12-13
3641,931,2025-12-21,2026-01-20
3642,931,2026-02-10,2026-03-12
3643,931,2026-03-13,2026-04-12
3644,931,2026-04-27,2026-05-27
3645,931,2026-06-16,2026-07-16
3646,932,2025-08-11,2025-09-10
3647,932,2025-09-27,2025-10-27
3648,932,2025-11-10,2025-12-10
3649,932,2025-12-29,2026-01-28
3650,933,2025-10-19,2025-11-18
3651,933,2025-12-09,2026-01-08
3652,933,2026-01-29,2026-02-28
3653,933,2026-03-10,2026-04-09
3654,934,2026-05-04,2026-06-03
3655,934,2026-06-13,2026-07-13
3656,934,2026-07-29,2026-08-28
3657,935,2025-07-12,2025-08-11
3658,936,2025-08-03,2025-09-02
3659,936,2025-09-24,2025-10-24
3660,937,2025-09-29,2025-10-29
3661,937,2025-11-09,2025-12-09
3662,937,2025-12-22,2026-01-21
3663,937,2026-01-25,2026-02-24
3664,938,2026-02-25,2026-03-27
3665,939,2026-05-04,2026-06-03
3666,939,2026-06-24,2026-07-24
3667,939,2026-07-30,2026-08-29
3668,939,2026-09-01,2026-10-01
3669,940,2026-02-15,2026-03-17
3670,940,2026-03-25,2026-04-24
3671,940,2026-05-08,2026-06-07
3672,941,2025-06-21,2025-07-21
3673,941,2025-08-12,2025-09-11
3674,941,2025-09-17,2025-10-17
3675,941,2025-10-19,2025-11-18
3676,941,2025-11-23,2025-12-23
3677,941,2026-01-03,2026-02-02
3678,941,2026-02-22,2026-03-24
3679,942,2025-09-18,2025-10-18
3680,942,2025-11-06,2025-12-06
3681,942,2025-12-13,2026-01-12
3682,942,2026-01-29,2026-02-28
3683,942,2026-03-16,2026-04-15
3684,943,2026-02-06,2026-03-08
3685,943,2026-03-10,2026-04-09
3686,944,2025-10-14,2025-11-13
3687,944,2025-11-23,2025-12-23
3688,944,2026-01-02,2026-02-01
3689,945,2025-09-26,2025-10-26
3690,945,2025-11-05,2025-12-05
3691,945,2025-12-23,2026-01-22
3692,945,2026-02-11,2026-03-13
3693,945,2026-03-14,2026-04-13
3694,945,2026-04-22,2026-05-22
3695,945,2026-06-07,2026-07-07
3696,946,2025-11-03,2025-12-03
3697,947,2026-03-26,2026-04-25
3698,947,2026-05-03,2026-06-02
3699,947,2026-06-13,2026-07-13
3700,947,2026-07-16,2026-08-15
3701,948,2025-07-28,2025-08-27
3702,948,2025-09-10,2025-10-10
3703,948,2025-10-21,2025-11-20
3704,948,2025-11-23,2025-12-23
3705,948,2026-01-12,2026-02-11
3706,948,2026-02-14,2026-03-16
3707,949,2025-05-12,2025-06-11
3708,949,2025-06-29,2025-07-29
3709,949,2025-08-10,2025-09-09
3710,949,2025-09-12,2025-10-12
3711,949,2025-10-28,2025-11-27
3712,949,2025-12-05,2026-01-04
3713,950,2026-02-02,2026-03-04
3714,950,2026-03-23,2026-04-22
3715,951,2026-01-12,2026-02-11
3716,952,2025-12-24,2026-01-23
3717,952,2026-02-01,2026-03-03
3718,952,2026-03-05,2026-04-04
3719,952,2026-04-24,2026-05-24
3720,953,2026-03-15,2026-04-14
3721,953,2026-05-01,2026-05-31
3722,953,2026-06-01,2026-07-01
3723,953,2026-07-13,2026-08-12
3724,953,2026-08-24,2026-09-23
3725,954,2026-02-26,2026-03-28
3726,954,2026-04-01,2026-05-01
3727,954,2026-05-12,2026-06-11
3728,954,2026-06-26,2026-07-26
3729,954,2026-08-04,2026-09-03
3730,954,2026-09-12,2026-10-12
3731,955,2026-05-01,2026-05-31
3732,955,2026-06-08,2026-07-08
3733,955,2026-07-28,2026-08-27
3734,955,2026-09-18,2026-10-18
3735,956,2025-09-21,2025-10-21
3736,956,2025-11-11,2025-12-11
3737,956,2025-12-27,2026-01-26
3738,956,2026-02-11,2026-03-13
3739,957,2025-10-16,2025-11-15
3740,958,2025-06-07,2025-07-07
3741,958,2025-07-08,2025-08-07
3742,958,2025-08-17,2025-09-16
3743,958,2025-09-27,2025-10-27
3744,958,2025-11-06,2025-12-06
3745,959,2025-06-15,2025-07-15
3746,959,2025-07-16,2025-08-15
3747,959,2025-08-23,2025-09-22
3748,959,2025-10-12,2025-11-11
3749,959,2025-11-29,2025-12-29
3750,960,2025-05-18,2025-06-17
3751,960,2025-07-05,2025-08-04
3752,961,2026-02-27,2026-03-29
3753,961,2026-04-17,2026-05-17
3754,961,2026-05-30,2026-06-29
3755,961,2026-07-12,2026-08-11
3756,961,2026-08-17,2026-09-16
3757,961,2026-09-18,2026-10-18
3758,962,2025-08-02,2025-09-01
3759,962,2025-09-19,2025-10-19
3760,962,2025-11-06,2025-12-06
3761,962,2025-12-19,2026-01-18
3762,962,2026-02-09,2026-03-11
3763,963,2025-12-31,2026-01-30
3764,963,2026-02-21,2026-03-23
3765,963,2026-04-07,2026-05-07
3766,963,2026-05-25,2026-06-24
3767,963,2026-07-12,2026-08-11
3768,963,2026-08-12,2026-09-11
3769,964,2025-11-05,2025-12-05
3770,964,2025-12-11,2026-01-10
3771,964,2026-01-30,2026-03-01
3772,964,2026-03-12,2026-04-11
3773,965,2025-08-29,2025-09-28
3774,965,2025-10-12,2025-11-11
3775,965,2025-12-01,2025-12-31
3776,965,2026-01-07,2026-02-06
3777,966,2025-05-19,2025-06-18
3778,966,2025-06-29,2025-07-29
3779,966,2025-08-12,2025-09-11
3780,966,2025-09-16,2025-10-16
3781,966,2025-10-23,2025-11-22
3782,966,2025-11-24,2025-12-24
3783,967,2025-08-16,2025-09-15
3784,967,2025-09-25,2025-10-25
3785,967,2025-11-03,2025-12-03
3786,967,2025-12-04,2026-01-03
3787,967,2026-01-20,2026-02-19
3788,968,2025-12-14,2026-01-13
3789,969,2025-07-13,2025-08-12
3790,970,2025-12-25,2026-01-24
3791,970,2026-01-26,2026-02-25
3792,970,2026-03-17,2026-04-16
3793,970,2026-04-22,2026-05-22
3794,970,2026-05-24,2026-06-23
3795,971,2026-01-09,2026-02-08
3796,971,2026-02-28,2026-03-30
3797,971,2026-04-19,2026-05-19
3798,971,2026-05-22,2026-06-21
3799,971,2026-07-09,2026-08-08
3800,971,2026-08-29,2026-09-28
3801,972,2025-09-06,2025-10-06
3802,972,2025-10-09,2025-11-08
3803,972,2025-11-11,2025-12-11
3804,972,2025-12-18,2026-01-17
3805,972,2026-02-08,2026-03-10
3806,972,2026-03-15,2026-04-14
3807,972,2026-04-27,2026-05-27
3808,973,2026-05-05,2026-06-04
3809,974,2025-11-23,2025-12-23
3810,974,2026-01-10,2026-02-09
3811,974,2026-02-20,2026-03-22
3812,974,2026-04-09,2026-05-09
3813,974,2026-05-11,2026-06-10
3814,975,2025-09-17,2025-10-17
3815,975,2025-10-25,2025-11-24
3816,976,2026-01-28,2026-02-27
3817,976,2026-03-03,2026-04-02
3818,976,2026-04-22,2026-05-22
3819,976,2026-06-12,2026-07-12
3820,976,2026-07-25,2026-08-24
3821,976,2026-08-26,2026-09-25
3822,977,2026-01-15,2026-02-14
3823,977,2026-02-19,2026-03-21
3824,977,2026-03-22,2026-04-21
3825,977,2026-05-02,2026-06-01
3826,978,2026-03-09,2026-04-08
3827,978,2026-04-30,2026-05-30
3828,978,2026-05-31,2026-06-30
3829,978,2026-07-16,2026-08-15
3830,978,2026-08-31,2026-09-30
3831,979,2025-06-25,2025-07-25
3832,979,2025-08-04,2025-09-03
3833,979,2025-09-19,2025-10-19
3834,980,2025-05-21,2025-06-20
3835,980,2025-07-12,2025-08-11
3836,980,2025-09-02,2025-10-02
3837,980,2025-10-07,2025-11-06
3838,980,2025-11-27,2025-12-27
3839,980,2026-01-03,2026-02-02
3840,980,2026-02-05,2026-03-07
3841,981,2026-03-16,2026-04-15
3842,981,2026-04-25,2026-05-25
3843,981,2026-06-07,2026-07-07
3844,981,2026-07-10,2026-08-09
3845,981,2026-08-29,2026-09-28
3846,981,2026-10-17,2026-11-16
3847,981,2026-11-27,2026-12-27
3848,982,2026-04-24,2026-05-24
3849,982,2026-06-07,2026-07-07
3850,982,2026-07-23,2026-08-22
3851,982,2026-09-04,2026-10-04
3852,982,2026-10-18,2026-11-17
3853,983,2025-11-10,2025-12-10
3854,983,2025-12-16,2026-01-15
3855,983,2026-01-23,2026-02-22
3856,983,2026-03-05,2026-04-04
3857,983,2026-04-23,2026-05-23
3858,983,2026-06-05,2026-07-05
3859,983,2026-07-06,2026-08-05
3860,984,2026-04-08,2026-05-08
3861,984,2026-05-13,2026-06-12
3862,985,2026-04-18,2026-05-18
3863,986,2026-01-06,2026-02-05
3864,987,2026-03-25,2026-04-24
3865,987,2026-05-09,2026-06-08
3866,987,2026-06-09,2026-07-09
3867,987,2026-07-16,2026-08-15
3868,988,2025-12-06,2026-01-05
3869,988,2026-01-07,2026-02-06
3870,988,2026-02-17,2026-03-19
3871,988,2026-03-21,2026-04-20
3872,988,2026-05-03,2026-06-02
3873,989,2026-02-27,2026-03-29
3874,990,2026-01-15,2026-02-14
3875,990,2026-02-15,2026-03-17
3876,991,2025-07-16,2025-08-15
3877,992,2025-10-06,2025-11-05
3878,992,2025-11-26,2025-12-26
3879,992,2026-01-16,2026-02-15
3880,992,2026-03-01,2026-03-31
3881,992,2026-04-09,2026-05-09
3882,992,2026-05-10,2026-06-09
3883,993,2026-01-25,2026-02-24
3884,993,2026-02-28,2026-03-30
3885,993,2026-03-31,2026-04-30
3886,993,2026-05-07,2026-06-06
3887,993,2026-06-25,2026-07-25
3888,994,2026-04-30,2026-05-30
3889,994,2026-06-05,2026-07-05
3890,994,2026-07-07,2026-08-06
3891,994,2026-08-14,2026-09-13
3892,994,2026-10-04,2026-11-03
3893,995,2026-02-12,2026-03-14
3894,995,2026-03-19,2026-04-18
3895,996,2025-09-21,2025-10-21
3896,996,2025-11-01,2025-12-01
3897,996,2025-12-07,2026-01-06
3898,996,2026-01-13,2026-02-12
3899,996,2026-02-27,2026-03-29
3900,997,2025-08-21,2025-09-20
3901,997,2025-10-10,2025-11-09
3902,997,2025-11-21,2025-12-21
3903,997,2025-12-29,2026-01-28
3904,997,2026-02-01,2026-03-03
3905,998,2025-07-04,2025-08-03
3906,998,2025-08-16,2025-09-15
3907,998,2025-09-17,2025-10-17
3908,998,2025-10-19,2025-11-18
3909,998,2025-12-08,2026-01-07
3910,998,2026-01-25,2026-02-24
3911,999,2026-02-02,2026-03-04
3912,1000,2025-09-19,2025-10-19
3913,1000,2025-10-29,2025-11-28
3914,1000,2025-12-20,2026-01-19
3915,1001,2025-08-30,2025-09-29
3916,1001,2025-10-20,2025-11-19
3917,1001,2025-12-08,2026-01-07
3918,1002,2025-10-17,2025-11-16
3919,1003,2025-10-22,2025-11-21
3920,1003,2025-12-11,2026-01-10
3921,1003,2026-01-20,2026-02-19
3922,1003,2026-03-01,2026-03-31
3923,1003,2026-04-11,2026-05-11
3924,1003,2026-05-19,2026-06-18
3925,1004,2025-07-25,2025-08-24
3926,1005,2026-02-08,2026-03-10
3927,1006,2026-04-10,2026-05-10
3928,1006,2026-05-30,2026-06-29
3929,1006,2026-07-12,2026-08-11
3930,1006,2026-08-23,2026-09-22
3931,1006,2026-10-13,2026-11-12
3932,1006,2026-11-24,2026-12-24
3933,1007,2025-12-10,2026-01-09
3934,1007,2026-01-19,2026-02-18
3935,1008,2025-08-14,2025-09-13
3936,1008,2025-09-19,2025-10-19
3937,1008,2025-10-25,2025-11-24
3938,1008,2025-12-14,2026-01-13
3939,1009,2025-09-14,2025-10-14
3940,1009,2025-10-18,2025-11-17
3941,1009,2025-12-03,2026-01-02
3942,1010,2025-06-05,2025-07-05
3943,1010,2025-07-16,2025-08-15
3944,1010,2025-08-29,2025-09-28
3945,1010,2025-10-11,2025-11-10
3946,1011,2026-03-11,2026-04-10
3947,1011,2026-04-14,2026-05-14
3948,1012,2025-11-29,2025-12-29
3949,1012,2026-01-08,2026-02-07
3950,1012,2026-02-25,2026-03-27
3951,1012,2026-04-10,2026-05-10
3952,1012,2026-05-11,2026-06-10
3953,1012,2026-06-25,2026-07-25
3954,1012,2026-07-26,2026-08-25
3955,1013,2025-06-21,2025-07-21
3956,1013,2025-08-04,2025-09-03
3957,1013,2025-09-16,2025-10-16
3958,1013,2025-10-17,2025-11-16
3959,1014,2025-05-22,2025-06-21
3960,1014,2025-06-24,2025-07-24
3961,1015,2025-08-01,2025-08-31
3962,1015,2025-09-01,2025-10-01
3963,1015,2025-10-04,2025-11-03
3964,1015,2025-11-15,2025-12-15
3965,1015,2025-12-22,2026-01-21
3966,1016,2025-05-24,2025-06-23
3967,1017,2025-05-26,2025-06-25
3968,1017,2025-07-09,2025-08-08
3969,1018,2026-01-04,2026-02-03
3970,1018,2026-02-14,2026-03-16
3971,1018,2026-03-30,2026-04-29
3972,1018,2026-05-01,2026-05-31
3973,1018,2026-06-12,2026-07-12
3974,1018,2026-07-29,2026-08-28
3975,1018,2026-09-12,2026-10-12
3976,1019,2026-01-05,2026-02-04
3977,1020,2026-03-07,2026-04-06
3978,1020,2026-04-16,2026-05-16
3979,1021,2026-04-08,2026-05-08
3980,1021,2026-05-27,2026-06-26
3981,1022,2026-03-24,2026-04-23
3982,1022,2026-05-12,2026-06-11
3983,1022,2026-06-20,2026-07-20
3984,1023,2026-03-29,2026-04-28
3985,1023,2026-05-07,2026-06-06
3986,1023,2026-06-18,2026-07-18
3987,1023,2026-07-25,2026-08-24
3988,1023,2026-08-28,2026-09-27
3989,1023,2026-10-19,2026-11-18
3990,1024,2025-11-30,2025-12-30
3991,1024,2026-01-18,2026-02-17
3992,1024,2026-02-19,2026-03-21
3993,1024,2026-04-01,2026-05-01
3994,1024,2026-05-16,2026-06-15
3995,1024,2026-06-19,2026-07-19
3996,1025,2025-12-29,2026-01-28
3997,1025,2026-02-18,2026-03-20
3998,1025,2026-04-06,2026-05-06
3999,1025,2026-05-27,2026-06-26
4000,1025,2026-07-15,2026-08-14
4001,1025,2026-09-01,2026-10-01
4002,1026,2026-01-28,2026-02-27
4003,1026,2026-03-12,2026-04-11
4004,1026,2026-04-30,2026-05-30
4005,1026,2026-06-06,2026-07-06
4006,1027,2025-09-04,2025-10-04
4007,1027,2025-10-08,2025-11-07
4008,1027,2025-11-25,2025-12-25
4009,1028,2026-04-05,2026-05-05
4010,1028,2026-05-25,2026-06-24
4011,1029,2025-10-15,2025-11-14
4012,1029,2025-11-29,2025-12-29
4013,1029,2026-01-11,2026-02-10
4014,1030,2026-01-09,2026-02-08
4015,1031,2025-08-02,2025-09-01
4016,1031,2025-09-07,2025-10-07
4017,1031,2025-10-15,2025-11-14
4018,1031,2025-11-30,2025-12-30
4019,1032,2025-09-13,2025-10-13
4020,1032,2025-10-31,2025-11-30
4021,1032,2025-12-09,2026-01-08
4022,1032,2026-01-16,2026-02-15
4023,1032,2026-02-16,2026-03-18
4024,1032,2026-04-08,2026-05-08
4025,1032,2026-05-12,2026-06-11
4026,1033,2026-04-17,2026-05-17
4027,1033,2026-05-18,2026-06-17
4028,1034,2025-12-13,2026-01-12
4029,1034,2026-01-28,2026-02-27
4030,1034,2026-03-07,2026-04-06
4031,1035,2026-01-11,2026-02-10
4032,1035,2026-03-02,2026-04-01
4033,1036,2025-09-17,2025-10-17
4034,1036,2025-10-24,2025-11-23
4035,1037,2025-06-13,2025-07-13
4036,1037,2025-07-23,2025-08-22
4037,1037,2025-08-31,2025-09-30
4038,1037,2025-10-02,2025-11-01
4039,1037,2025-11-07,2025-12-07
4040,1037,2025-12-25,2026-01-24
4041,1037,2026-01-29,2026-02-28
4042,1038,2025-09-17,2025-10-17
4043,1038,2025-10-30,2025-11-29
4044,1039,2025-10-12,2025-11-11
4045,1039,2025-11-30,2025-12-30
4046,1039,2026-01-20,2026-02-19
4047,1039,2026-02-25,2026-03-27
4048,1040,2026-03-07,2026-04-06
4049,1040,2026-04-22,2026-05-22
4050,1041,2026-04-18,2026-05-18
4051,1041,2026-05-26,2026-06-25
4052,1041,2026-07-13,2026-08-12
4053,1041,2026-08-23,2026-09-22
4054,1041,2026-10-13,2026-11-12
4055,1042,2025-07-14,2025-08-13
4056,1043,2025-07-20,2025-08-19
4057,1043,2025-08-20,2025-09-19
4058,1043,2025-10-08,2025-11-07
4059,1043,2025-11-11,2025-12-11
4060,1043,2025-12-20,2026-01-19
4061,1043,2026-01-20,2026-02-19
4062,1044,2026-02-20,2026-03-22
4063,1044,2026-03-29,2026-04-28
4064,1044,2026-05-06,2026-06-05
4065,1044,2026-06-11,2026-07-11
4066,1045,2025-12-06,2026-01-05
4067,1045,2026-01-10,2026-02-09
4068,1045,2026-02-16,2026-03-18
4069,1046,2025-09-09,2025-10-09
4070,1046,2025-10-29,2025-11-28
4071,1046,2025-12-17,2026-01-16
4072,1046,2026-02-02,2026-03-04
4073,1047,2026-04-13,2026-05-13
4074,1047,2026-06-04,2026-07-04
4075,1047,2026-07-20,2026-08-19
4076,1047,2026-08-30,2026-09-29
4077,1047,2026-10-10,2026-11-09
4078,1048,2025-08-17,2025-09-16
4079,1048,2025-09-27,2025-10-27
4080,1048,2025-11-01,2025-12-01
4081,1049,2026-03-18,2026-04-17
4082,1050,2026-04-27,2026-05-27
4083,1050,2026-06-16,2026-07-16
4084,1050,2026-08-05,2026-09-04
4085,1050,2026-09-07,2026-10-07
4086,1051,2026-05-05,2026-06-04
4087,1051,2026-06-08,2026-07-08
4088,1051,2026-07-09,2026-08-08
4089,1051,2026-08-09,2026-09-08
4090,1051,2026-09-21,2026-10-21
4091,1052,2026-01-18,2026-02-17
4092,1052,2026-03-11,2026-04-10
4093,1053,2025-12-02,2026-01-01
4094,1053,2026-01-22,2026-02-21
4095,1054,2026-03-04,2026-04-03
4096,1054,2026-04-18,2026-05-18
4097,1055,2026-01-19,2026-02-18
4098,1055,2026-02-25,2026-03-27
4099,1055,2026-03-30,2026-04-29
4100,1055,2026-05-13,2026-06-12
4101,1056,2025-05-16,2025-06-15
4102,1056,2025-06-28,2025-07-28
4103,1056,2025-08-10,2025-09-09
4104,1056,2025-09-19,2025-10-19
4105,1056,2025-11-04,2025-12-04
4106,1056,2025-12-05,2026-01-04
4107,1057,2025-06-30,2025-07-30
4108,1058,2025-10-21,2025-11-20
4109,1058,2025-11-28,2025-12-28
4110,1058,2026-01-10,2026-02-09
4111,1059,2025-09-24,2025-10-24
4112,1059,2025-11-04,2025-12-04
4113,1059,2025-12-10,2026-01-09
4114,1060,2025-09-08,2025-10-08
4115,1060,2025-10-13,2025-11-12
4116,1060,2025-12-03,2026-01-02
4117,1060,2026-01-12,2026-02-11
4118,1060,2026-02-14,2026-03-16
4119,1061,2025-05-23,2025-06-22
4120,1061,2025-07-02,2025-08-01
4121,1061,2025-08-03,2025-09-02
4122,1061,2025-09-07,2025-10-07
4123,1061,2025-10-23,2025-11-22
4124,1061,2025-12-01,2025-12-31
4125,1062,2025-11-11,2025-12-11
4126,1062,2025-12-27,2026-01-26
4127,1062,2026-02-07,2026-03-09
4128,1062,2026-03-26,2026-04-25
4129,1062,2026-05-01,2026-05-31
4130,1062,2026-06-14,2026-07-14
4131,1063,2025-10-26,2025-11-25
4132,1063,2025-12-07,2026-01-06
4133,1063,2026-01-25,2026-02-24
4134,1063,2026-02-25,2026-03-27
4135,1064,2026-03-31,2026-04-30
4136,1064,2026-05-01,2026-05-31
4137,1064,2026-06-02,2026-07-02
4138,1064,2026-07-10,2026-08-09
4139,1064,2026-08-22,2026-09-21
4140,1064,2026-09-28,2026-10-28
4141,1064,2026-11-14,2026-12-14
4142,1065,2025-11-10,2025-12-10
4143,1065,2025-12-19,2026-01-18
4144,1065,2026-02-01,2026-03-03
4145,1066,2025-08-31,2025-09-30
4146,1066,2025-10-15,2025-11-14
4147,1066,2025-11-23,2025-12-23
4148,1067,2026-04-06,2026-05-06
4149,1067,2026-05-27,2026-06-26
4150,1067,2026-07-15,2026-08-14
4151,1067,2026-08-21,2026-09-20
4152,1067,2026-09-24,2026-10-24
4153,1068,2026-05-14,2026-06-13
4154,1068,2026-07-02,2026-08-01
4155,1069,2025-06-11,2025-07-11
4156,1069,2025-07-29,2025-08-28
4157,1069,2025-09-06,2025-10-06
4158,1069,2025-10-26,2025-11-25
4159,1070,2025-06-11,2025-07-11
4160,1070,2025-07-28,2025-08-27
4161,1070,2025-09-10,2025-10-10
4162,1071,2025-08-16,2025-09-15
4163,1071,2025-09-26,2025-10-26
4164,1071,2025-11-06,2025-12-06
4165,1071,2025-12-07,2026-01-06
4166,1071,2026-01-16,2026-02-15
4167,1072,2025-12-22,2026-01-21
4168,1072,2026-01-26,2026-02-25
4169,1072,2026-03-11,2026-04-10
4170,1072,2026-04-24,2026-05-24
4171,1072,2026-06-03,2026-07-03
4172,1072,2026-07-10,2026-08-09
4173,1073,2025-08-30,2025-09-29
4174,1073,2025-10-18,2025-11-17
4175,1074,2025-09-18,2025-10-18
4176,1074,2025-10-23,2025-11-22
4177,1074,2025-11-26,2025-12-26
4178,1074,2026-01-01,2026-01-31
4179,1075,2025-06-11,2025-07-11
4180,1075,2025-08-01,2025-08-31
4181,1075,2025-09-03,2025-10-03
4182,1075,2025-10-25,2025-11-24
4183,1075,2025-11-28,2025-12-28
4184,1076,2026-03-21,2026-04-20
4185,1076,2026-05-08,2026-06-07
4186,1076,2026-06-18,2026-07-18
4187,1076,2026-07-26,2026-08-25
4188,1076,2026-09-03,2026-10-03
4189,1077,2025-09-25,2025-10-25
4190,1078,2026-01-31,2026-03-02
4191,1078,2026-03-16,2026-04-15
4192,1078,2026-04-21,2026-05-21
4193,1078,2026-05-26,2026-06-25
4194,1078,2026-07-02,2026-08-01
4195,1078,2026-08-20,2026-09-19
4196,1079,2025-07-19,2025-08-18
4197,1079,2025-09-03,2025-10-03
4198,1079,2025-10-13,2025-11-12
4199,1079,2025-11-18,2025-12-18
4200,1079,2026-01-08,2026-02-07
4201,1079,2026-02-13,2026-03-15
4202,1080,2025-05-22,2025-06-21
4203,1080,2025-07-08,2025-08-07
4204,1080,2025-08-23,2025-09-22
4205,1080,2025-09-25,2025-10-25
4206,1081,2026-04-08,2026-05-08
4207,1081,2026-05-25,2026-06-24
4208,1081,2026-06-29,2026-07-29
4209,1081,2026-08-03,2026-09-02
4210,1081,2026-09-09,2026-10-09
4211,1081,2026-10-24,2026-11-23
4212,1081,2026-12-10,2027-01-09
4213,1082,2025-08-09,2025-09-08
4214,1082,2025-09-10,2025-10-10
4215,1082,2025-10-21,2025-11-20
4216,1082,2025-12-12,2026-01-11
4217,1082,2026-01-29,2026-02-28
4218,1083,2025-09-10,2025-10-10
4219,1084,2025-05-29,2025-06-28
4220,1085,2025-11-24,2025-12-24
4221,1085,2026-01-02,2026-02-01
4222,1085,2026-02-20,2026-03-22
4223,1085,2026-04-12,2026-05-12
4224,1085,2026-05-24,2026-06-23
4225,1085,2026-07-06,2026-08-05
4226,1086,2025-09-26,2025-10-26
4227,1086,2025-11-15,2025-12-15
4228,1086,2026-01-02,2026-02-01
4229,1086,2026-02-10,2026-03-12
4230,1087,2025-07-26,2025-08-25
4231,1088,2025-08-20,2025-09-19
4232,1088,2025-10-09,2025-11-08
4233,1088,2025-11-17,2025-12-17
4234,1088,2026-01-05,2026-02-04
4235,1089,2026-05-02,2026-06-01
4236,1089,2026-06-09,2026-07-09
4237,1090,2025-08-17,2025-09-16
4238,1090,2025-10-01,2025-10-31
4239,1090,2025-11-05,2025-12-05
4240,1090,2025-12-12,2026-01-11
4241,1090,2026-01-24,2026-02-23
4242,1090,2026-02-27,2026-03-29
4243,1090,2026-03-31,2026-04-30
4244,1091,2026-02-13,2026-03-15
4245,1092,2025-09-25,2025-10-25
4246,1092,2025-11-07,2025-12-07
4247,1092,2025-12-20,2026-01-19
4248,1092,2026-01-24,2026-02-23
4249,1093,2025-09-23,2025-10-23
4250,1094,2026-04-14,2026-05-14
4251,1094,2026-05-29,2026-06-28
4252,1094,2026-07-20,2026-08-19
4253,1095,2025-05-15,2025-06-14
4254,1095,2025-06-25,2025-07-25
4255,1095,2025-08-10,2025-09-09
4256,1095,2025-10-01,2025-10-31
4257,1096,2026-05-10,2026-06-09
4258,1096,2026-06-20,2026-07-20
4259,1096,2026-08-01,2026-08-31
4260,1096,2026-09-16,2026-10-16
4261,1097,2025-08-06,2025-09-05
4262,1098,2025-08-01,2025-08-31
4263,1098,2025-09-09,2025-10-09
4264,1098,2025-10-10,2025-11-09
4265,1098,2025-11-10,2025-12-10
4266,1099,2026-01-06,2026-02-05
4267,1099,2026-02-20,2026-03-22
4268,1099,2026-04-02,2026-05-02
4269,1099,2026-05-19,2026-06-18
4270,1100,2025-10-16,2025-11-15
4271,1100,2025-11-20,2025-12-20
4272,1100,2025-12-30,2026-01-29
4273,1100,2026-02-20,2026-03-22
4274,1100,2026-03-24,2026-04-23
4275,1100,2026-05-05,2026-06-04
4276,1100,2026-06-07,2026-07-07
4277,1101,2025-10-11,2025-11-10
4278,1101,2025-11-19,2025-12-19
4279,1101,2025-12-30,2026-01-29
4280,1101,2026-02-02,2026-03-04
4281,1102,2026-02-04,2026-03-06
4282,1102,2026-03-16,2026-04-15
4283,1103,2025-06-22,2025-07-22
4284,1104,2026-01-03,2026-02-02
4285,1104,2026-02-12,2026-03-14
4286,1104,2026-03-15,2026-04-14
4287,1104,2026-04-19,2026-05-19
4288,1104,2026-05-26,2026-06-25
4289,1105,2026-04-26,2026-05-26
4290,1105,2026-06-13,2026-07-13
4291,1105,2026-07-27,2026-08-26
4292,1105,2026-08-27,2026-09-26
4293,1105,2026-10-13,2026-11-12
4294,1106,2026-02-14,2026-03-16
4295,1106,2026-04-01,2026-05-01
4296,1106,2026-05-03,2026-06-02
4297,1106,2026-06-05,2026-07-05
4298,1106,2026-07-20,2026-08-19
4299,1106,2026-08-20,2026-09-19
4300,1106,2026-09-27,2026-10-27
4301,1107,2025-07-27,2025-08-26
4302,1107,2025-09-15,2025-10-15
4303,1108,2025-09-02,2025-10-02
4304,1108,2025-10-07,2025-11-06
4305,1108,2025-11-13,2025-12-13
4306,1108,2025-12-30,2026-01-29
4307,1108,2026-02-19,2026-03-21
4308,1108,2026-04-04,2026-05-04
4309,1108,2026-05-06,2026-06-05
4310,1109,2026-04-08,2026-05-08
4311,1110,2026-01-01,2026-01-31
4312,1110,2026-02-18,2026-03-20
4313,1110,2026-03-28,2026-04-27
4314,1110,2026-04-28,2026-05-28
4315,1110,2026-06-17,2026-07-17
4316,1111,2025-12-05,2026-01-04
4317,1111,2026-01-11,2026-02-10
4318,1111,2026-02-19,2026-03-21
4319,1111,2026-04-12,2026-05-12
4320,1111,2026-05-31,2026-06-30
4321,1111,2026-07-01,2026-07-31
4322,1112,2025-10-04,2025-11-03
4323,1112,2025-11-24,2025-12-24
4324,1112,2025-12-27,2026-01-26
4325,1112,2026-02-15,2026-03-17
4326,1112,2026-04-02,2026-05-02
4327,1112,2026-05-22,2026-06-21
4328,1112,2026-07-07,2026-08-06
4329,1113,2025-08-07,2025-09-06
4330,1113,2025-09-15,2025-10-15
4331,1113,2025-10-26,2025-11-25
4332,1113,2025-11-30,2025-12-30
4333,1114,2026-03-23,2026-04-22
4334,1114,2026-04-29,2026-05-29
4335,1114,2026-06-10,2026-07-10
4336,1115,2025-06-30,2025-07-30
4337,1115,2025-08-16,2025-09-15
4338,1115,2025-09-16,2025-10-16
4339,1115,2025-10-26,2025-11-25
4340,1115,2025-12-06,2026-01-05
4341,1116,2025-09-27,2025-10-27
4342,1116,2025-11-08,2025-12-08
4343,1116,2025-12-21,2026-01-20
4344,1116,2026-02-05,2026-03-07
4345,1117,2025-07-08,2025-08-07
4346,1117,2025-08-26,2025-09-25
4347,1117,2025-10-06,2025-11-05
4348,1117,2025-11-21,2025-12-21
4349,1117,2026-01-11,2026-02-10
4350,1118,2025-11-01,2025-12-01
4351,1118,2025-12-10,2026-01-09
4352,1119,2025-10-11,2025-11-10
4353,1120,2026-03-17,2026-04-16
4354,1120,2026-04-18,2026-05-18
4355,1120,2026-05-23,2026-06-22
4356,1120,2026-07-14,2026-08-13
4357,1120,2026-08-27,2026-09-26
4358,1120,2026-09-27,2026-10-27
4359,1120,2026-11-02,2026-12-02
4360,1121,2025-12-18,2026-01-17
4361,1121,2026-01-22,2026-02-21
4362,1121,2026-03-14,2026-04-13
4363,1122,2025-12-06,2026-01-05
4364,1122,2026-01-08,2026-02-07
4365,1122,2026-02-19,2026-03-21
4366,1122,2026-04-07,2026-05-07
4367,1122,2026-05-27,2026-06-26
4368,1122,2026-07-01,2026-07-31
4369,1122,2026-08-11,2026-09-10
4370,1123,2025-08-13,2025-09-12
4371,1123,2025-09-13,2025-10-13
4372,1123,2025-10-28,2025-11-27
4373,1124,2025-10-02,2025-11-01
4374,1124,2025-11-06,2025-12-06
4375,1124,2025-12-08,2026-01-07
4376,1124,2026-01-15,2026-02-14
4377,1124,2026-02-18,2026-03-20
4378,1124,2026-04-08,2026-05-08
4379,1124,2026-05-23,2026-06-22
4380,1125,2026-05-15,2026-06-14
4381,1125,2026-06-24,2026-07-24
4382,1125,2026-08-11,2026-09-10
4383,1125,2026-09-24,2026-10-24
4384,1126,2025-11-04,2025-12-04
4385,1126,2025-12-16,2026-01-15
4386,1126,2026-01-19,2026-02-18
4387,1127,2025-12-04,2026-01-03
4388,1127,2026-01-20,2026-02-19
4389,1127,2026-03-05,2026-04-04
4390,1128,2026-02-05,2026-03-07
4391,1128,2026-03-13,2026-04-12
4392,1128,2026-04-19,2026-05-19
4393,1128,2026-05-20,2026-06-19
4394,1128,2026-07-06,2026-08-05
4395,1128,2026-08-22,2026-09-21
4396,1129,2026-01-19,2026-02-18
4397,1129,2026-03-01,2026-03-31
4398,1129,2026-04-21,2026-05-21
4399,1129,2026-06-07,2026-07-07
4400,1129,2026-07-20,2026-08-19
4401,1129,2026-09-05,2026-10-05
4402,1129,2026-10-14,2026-11-13
4403,1130,2025-09-30,2025-10-30
4404,1130,2025-11-05,2025-12-05
4405,1130,2025-12-13,2026-01-12
4406,1130,2026-02-02,2026-03-04
4407,1130,2026-03-12,2026-04-11
4408,1131,2025-09-06,2025-10-06
4409,1131,2025-10-27,2025-11-26
4410,1131,2025-12-08,2026-01-07
4411,1131,2026-01-25,2026-02-24
4412,1132,2025-05-28,2025-06-27
4413,1132,2025-07-06,2025-08-05
4414,1132,2025-08-11,2025-09-10
4415,1132,2025-09-25,2025-10-25
4416,1132,2025-11-08,2025-12-08
4417,1132,2025-12-24,2026-01-23
4418,1133,2026-04-21,2026-05-21
4419,1133,2026-05-25,2026-06-24
4420,1133,2026-07-09,2026-08-08
4421,1133,2026-08-15,2026-09-14
4422,1133,2026-09-15,2026-10-15
4423,1134,2025-07-14,2025-08-13
4424,1134,2025-09-01,2025-10-01
4425,1134,2025-10-08,2025-11-07
4426,1134,2025-11-29,2025-12-29
4427,1135,2025-10-19,2025-11-18
4428,1135,2025-11-30,2025-12-30
4429,1135,2026-01-02,2026-02-01
4430,1135,2026-02-18,2026-03-20
4431,1135,2026-03-23,2026-04-22
4432,1135,2026-05-07,2026-06-06
4433,1136,2025-08-15,2025-09-14
4434,1136,2025-09-24,2025-10-24
4435,1136,2025-10-29,2025-11-28
4436,1136,2025-12-11,2026-01-10
4437,1136,2026-01-22,2026-02-21
4438,1137,2025-09-19,2025-10-19
4439,1137,2025-11-02,2025-12-02
4440,1137,2025-12-22,2026-01-21
4441,1137,2026-02-08,2026-03-10
4442,1137,2026-03-29,2026-04-28
4443,1138,2025-06-05,2025-07-05
4444,1138,2025-07-13,2025-08-12
4445,1138,2025-08-17,2025-09-16
4446,1138,2025-10-01,2025-10-31
4447,1139,2025-08-20,2025-09-19
4448,1139,2025-09-23,2025-10-23
4449,1140,2026-02-27,2026-03-29
4450,1140,2026-04-17,2026-05-17
4451,1140,2026-05-18,2026-06-17
4452,1140,2026-06-22,2026-07-22
4453,1140,2026-07-28,2026-08-27
4454,1141,2025-06-15,2025-07-15
4455,1141,2025-07-17,2025-08-16
4456,1141,2025-08-18,2025-09-17
4457,1141,2025-10-01,2025-10-31
4458,1142,2025-07-27,2025-08-26
4459,1142,2025-09-13,2025-10-13
4460,1142,2025-11-03,2025-12-03
4461,1142,2025-12-24,2026-01-23
4462,1142,2026-02-07,2026-03-09
4463,1142,2026-03-11,2026-04-10
4464,1142,2026-05-02,2026-06-01
4465,1143,2025-10-26,2025-11-25
4466,1143,2025-12-10,2026-01-09
4467,1143,2026-01-28,2026-02-27
4468,1144,2026-04-25,2026-05-25
4469,1144,2026-05-28,2026-06-27
4470,1144,2026-07-18,2026-08-17
4471,1144,2026-09-01,2026-10-01
4472,1144,2026-10-15,2026-11-14
4473,1144,2026-11-30,2026-12-30
4474,1145,2025-10-24,2025-11-23
4475,1145,2025-12-12,2026-01-11
4476,1145,2026-01-28,2026-02-27
4477,1146,2025-12-27,2026-01-26
4478,1146,2026-02-13,2026-03-15
4479,1146,2026-04-04,2026-05-04
4480,1146,2026-05-26,2026-06-25
4481,1146,2026-06-27,2026-07-27
4482,1146,2026-08-11,2026-09-10
4483,1146,2026-09-17,2026-10-17
4484,1147,2025-07-06,2025-08-05
4485,1147,2025-08-17,2025-09-16
4486,1147,2025-10-05,2025-11-04
4487,1147,2025-11-07,2025-12-07
4488,1147,2025-12-18,2026-01-17
4489,1148,2025-08-10,2025-09-09
4490,1148,2025-09-27,2025-10-27
4491,1148,2025-11-15,2025-12-15
4492,1148,2025-12-25,2026-01-24
4493,1148,2026-02-05,2026-03-07
4494,1149,2025-06-08,2025-07-08
4495,1149,2025-07-14,2025-08-13
4496,1149,2025-08-26,2025-09-25
4497,1149,2025-10-13,2025-11-12
4498,1149,2025-11-19,2025-12-19
4499,1150,2025-10-16,2025-11-15
4500,1150,2025-12-02,2026-01-01
4501,1150,2026-01-16,2026-02-15
4502,1151,2026-03-18,2026-04-17
4503,1151,2026-04-18,2026-05-18
4504,1152,2025-06-19,2025-07-19
4505,1153,2026-03-18,2026-04-17
4506,1154,2026-05-03,2026-06-02
4507,1154,2026-06-24,2026-07-24
4508,1154,2026-07-28,2026-08-27
4509,1154,2026-09-02,2026-10-02
4510,1154,2026-10-06,2026-11-05
4511,1155,2026-02-10,2026-03-12
4512,1155,2026-03-13,2026-04-12
4513,1155,2026-05-03,2026-06-02
4514,1155,2026-06-13,2026-07-13
4515,1155,2026-07-16,2026-08-15
4516,1155,2026-09-02,2026-10-02
4517,1155,2026-10-20,2026-11-19
4518,1156,2026-04-11,2026-05-11
4519,1156,2026-06-01,2026-07-01
4520,1157,2026-03-19,2026-04-18
4521,1157,2026-05-09,2026-06-08
4522,1157,2026-06-12,2026-07-12
4523,1157,2026-07-29,2026-08-28
4524,1157,2026-09-02,2026-10-02
4525,1158,2025-09-18,2025-10-18
4526,1158,2025-10-19,2025-11-18
4527,1158,2025-12-01,2025-12-31
4528,1158,2026-01-13,2026-02-12
4529,1158,2026-03-04,2026-04-03
4530,1158,2026-04-05,2026-05-05
4531,1159,2025-07-15,2025-08-14
4532,1160,2025-07-19,2025-08-18
4533,1160,2025-09-03,2025-10-03
4534,1161,2026-01-28,2026-02-27
4535,1161,2026-03-04,2026-04-03
4536,1161,2026-04-16,2026-05-16
4537,1161,2026-06-03,2026-07-03
4538,1161,2026-07-23,2026-08-22
4539,1162,2026-01-27,2026-02-26
4540,1162,2026-03-15,2026-04-14
4541,1163,2025-12-19,2026-01-18
4542,1163,2026-02-09,2026-03-11
4543,1163,2026-03-21,2026-04-20
4544,1163,2026-05-10,2026-06-09
4545,1163,2026-06-24,2026-07-24
4546,1163,2026-07-26,2026-08-25
4547,1163,2026-09-02,2026-10-02
4548,1164,2026-03-14,2026-04-13
4549,1165,2026-03-28,2026-04-27
4550,1165,2026-05-14,2026-06-13
4551,1165,2026-07-03,2026-08-02
4552,1166,2026-03-15,2026-04-14
4553,1166,2026-04-22,2026-05-22
4554,1166,2026-05-29,2026-06-28
4555,1166,2026-07-09,2026-08-08
4556,1166,2026-08-20,2026-09-19
4557,1166,2026-10-04,2026-11-03
4558,1166,2026-11-04,2026-12-04
4559,1167,2025-06-26,2025-07-26
4560,1167,2025-07-30,2025-08-29
4561,1167,2025-09-04,2025-10-04
4562,1167,2025-10-26,2025-11-25
4563,1168,2025-10-16,2025-11-15
4564,1169,2026-01-22,2026-02-21
4565,1169,2026-03-15,2026-04-14
4566,1169,2026-04-25,2026-05-25
4567,1170,2026-04-22,2026-05-22
4568,1170,2026-06-03,2026-07-03
4569,1170,2026-07-08,2026-08-07
4570,1170,2026-08-28,2026-09-27
4571,1170,2026-09-30,2026-10-30
4572,1170,2026-11-16,2026-12-16
4573,1171,2025-12-20,2026-01-19
4574,1171,2026-02-10,2026-03-12
4575,1171,2026-03-20,2026-04-19
4576,1171,2026-05-06,2026-06-05
4577,1171,2026-06-14,2026-07-14
4578,1172,2026-04-24,2026-05-24
4579,1172,2026-06-03,2026-07-03
4580,1172,2026-07-15,2026-08-14
4581,1173,2025-05-16,2025-06-15
4582,1173,2025-06-19,2025-07-19
4583,1173,2025-07-22,2025-08-21
4584,1173,2025-08-31,2025-09-30
4585,1173,2025-10-03,2025-11-02
4586,1174,2025-09-24,2025-10-24
4587,1174,2025-11-14,2025-12-14
4588,1174,2025-12-18,2026-01-17
4589,1174,2026-01-22,2026-02-21
4590,1175,2025-10-12,2025-11-11
4591,1175,2025-11-13,2025-12-13
4592,1175,2025-12-20,2026-01-19
4593,1175,2026-02-01,2026-03-03
4594,1175,2026-03-21,2026-04-20
4595,1175,2026-05-05,2026-06-04
4596,1176,2025-08-30,2025-09-29
4597,1176,2025-10-17,2025-11-16
4598,1176,2025-12-06,2026-01-05
4599,1177,2025-12-19,2026-01-18
4600,1177,2026-02-06,2026-03-08
4601,1177,2026-03-29,2026-04-28
4602,1177,2026-05-13,2026-06-12
4603,1177,2026-06-27,2026-07-27
4604,1177,2026-08-16,2026-09-15
4605,1178,2025-11-24,2025-12-24
4606,1178,2025-12-29,2026-01-28
4607,1178,2026-02-05,2026-03-07
4608,1178,2026-03-28,2026-04-27
4609,1178,2026-05-07,2026-06-06
4610,1179,2025-09-06,2025-10-06
4611,1179,2025-10-20,2025-11-19
4612,1179,2025-12-06,2026-01-05
4613,1180,2025-06-01,2025-07-01
4614,1180,2025-07-17,2025-08-16
4615,1180,2025-09-04,2025-10-04
4616,1181,2026-04-18,2026-05-18
4617,1182,2026-05-11,2026-06-10
4618,1182,2026-06-20,2026-07-20
4619,1182,2026-07-21,2026-08-20
4620,1182,2026-08-23,2026-09-22
4621,1182,2026-10-06,2026-11-05
4622,1182,2026-11-12,2026-12-12
4623,1183,2025-09-06,2025-10-06
4624,1183,2025-10-22,2025-11-21
4625,1183,2025-11-28,2025-12-28
4626,1183,2026-01-13,2026-02-12
4627,1183,2026-03-01,2026-03-31
4628,1184,2025-10-19,2025-11-18
4629,1184,2025-11-30,2025-12-30
4630,1185,2025-10-15,2025-11-14
4631,1185,2025-11-29,2025-12-29
4632,1185,2026-01-04,2026-02-03
4633,1185,2026-02-23,2026-03-25
4634,1186,2026-04-21,2026-05-21
4635,1186,2026-05-29,2026-06-28
4636,1187,2025-09-13,2025-10-13
4637,1187,2025-10-31,2025-11-30
4638,1187,2025-12-07,2026-01-06
4639,1187,2026-01-08,2026-02-07
4640,1187,2026-02-12,2026-03-14
4641,1188,2025-11-17,2025-12-17
4642,1188,2025-12-28,2026-01-27
4643,1188,2026-02-14,2026-03-16
4644,1188,2026-03-28,2026-04-27
4645,1188,2026-05-19,2026-06-18
4646,1188,2026-06-28,2026-07-28
4647,1188,2026-08-18,2026-09-17
4648,1189,2026-05-07,2026-06-06
4649,1189,2026-06-14,2026-07-14
4650,1189,2026-07-20,2026-08-19
4651,1189,2026-08-29,2026-09-28
4652,1189,2026-10-01,2026-10-31
4653,1189,2026-11-13,2026-12-13
4654,1189,2026-12-25,2027-01-24
4655,1190,2025-07-25,2025-08-24
4656,1190,2025-09-14,2025-10-14
4657,1190,2025-10-23,2025-11-22
4658,1190,2025-12-10,2026-01-09
4659,1190,2026-01-17,2026-02-16
4660,1191,2026-05-07,2026-06-06
4661,1191,2026-06-07,2026-07-07
4662,1191,2026-07-22,2026-08-21
4663,1191,2026-08-28,2026-09-27
4664,1192,2026-04-21,2026-05-21
4665,1192,2026-06-06,2026-07-06
4666,1192,2026-07-15,2026-08-14
4667,1193,2025-11-17,2025-12-17
4668,1193,2025-12-29,2026-01-28
4669,1194,2025-11-28,2025-12-28
4670,1194,2026-01-15,2026-02-14
4671,1194,2026-02-24,2026-03-26
4672,1194,2026-04-16,2026-05-16
4673,1194,2026-05-19,2026-06-18
4674,1195,2025-11-03,2025-12-03
4675,1195,2025-12-23,2026-01-22
4676,1195,2026-01-26,2026-02-25
4677,1195,2026-03-11,2026-04-10
4678,1196,2026-04-13,2026-05-13
4679,1196,2026-05-24,2026-06-23
4680,1196,2026-06-24,2026-07-24
4681,1196,2026-07-30,2026-08-29
4682,1197,2025-08-26,2025-09-25
4683,1198,2025-12-27,2026-01-26
4684,1199,2026-03-09,2026-04-08
4685,1199,2026-04-29,2026-05-29
4686,1199,2026-06-08,2026-07-08
4687,1199,2026-07-12,2026-08-11
4688,1199,2026-08-19,2026-09-18
4689,1200,2025-07-09,2025-08-08
4690,1200,2025-08-30,2025-09-29
4691,1200,2025-10-15,2025-11-14
4692,1200,2025-11-27,2025-12-27
4693,1200,2025-12-29,2026-01-28
4694,1200,2026-02-16,2026-03-18
4695,1200,2026-03-27,2026-04-26
4696,1201,2026-05-12,2026-06-11
4697,1201,2026-06-26,2026-07-26
4698,1202,2025-08-02,2025-09-01
4699,1203,2026-01-23,2026-02-22
4700,1203,2026-03-12,2026-04-11
4701,1203,2026-04-24,2026-05-24
4702,1203,2026-06-03,2026-07-03
4703,1203,2026-07-25,2026-08-24
4704,1203,2026-09-14,2026-10-14
4705,1203,2026-10-22,2026-11-21
4706,1204,2025-06-14,2025-07-14
4707,1204,2025-07-19,2025-08-18
4708,1204,2025-09-01,2025-10-01
4709,1204,2025-10-22,2025-11-21
4710,1204,2025-12-03,2026-01-02
4711,1204,2026-01-03,2026-02-02
4712,1204,2026-02-21,2026-03-23
4713,1205,2026-03-18,2026-04-17
4714,1205,2026-04-23,2026-05-23
4715,1205,2026-05-27,2026-06-26
4716,1205,2026-07-14,2026-08-13
4717,1205,2026-08-20,2026-09-19
4718,1206,2026-04-03,2026-05-03
4719,1206,2026-05-18,2026-06-17
4720,1206,2026-06-21,2026-07-21
4721,1206,2026-08-10,2026-09-09
4722,1207,2025-10-11,2025-11-10
4723,1207,2025-11-24,2025-12-24
4724,1207,2025-12-27,2026-01-26
4725,1207,2026-01-27,2026-02-26
4726,1208,2025-12-14,2026-01-13
4727,1208,2026-01-21,2026-02-20
4728,1208,2026-03-01,2026-03-31
4729,1209,2025-06-19,2025-07-19
4730,1209,2025-07-24,2025-08-23
4731,1209,2025-08-28,2025-09-27
4732,1209,2025-10-02,2025-11-01
4733,1209,2025-11-23,2025-12-23
4734,1209,2025-12-31,2026-01-30
4735,1209,2026-02-08,2026-03-10
4736,1210,2025-10-25,2025-11-24
4737,1210,2025-11-26,2025-12-26
4738,1210,2025-12-29,2026-01-28
4739,1210,2026-02-04,2026-03-06
4740,1210,2026-03-21,2026-04-20
4741,1211,2025-09-21,2025-10-21
4742,1211,2025-11-04,2025-12-04
4743,1211,2025-12-20,2026-01-19
4744,1211,2026-01-31,2026-03-02
4745,1211,2026-03-22,2026-04-21
4746,1212,2025-10-27,2025-11-26
4747,1213,2026-03-17,2026-04-16
4748,1213,2026-04-27,2026-05-27
4749,1213,2026-06-01,2026-07-01
4750,1213,2026-07-22,2026-08-21
4751,1213,2026-08-31,2026-09-30
4752,1214,2026-04-04,2026-05-04
4753,1214,2026-05-08,2026-06-07
4754,1214,2026-06-16,2026-07-16
4755,1214,2026-07-26,2026-08-25
4756,1214,2026-08-26,2026-09-25
4757,1214,2026-10-15,2026-11-14
4758,1214,2026-11-20,2026-12-20
4759,1215,2026-03-13,2026-04-12
4760,1215,2026-04-15,2026-05-15
4761,1216,2025-08-08,2025-09-07
4762,1216,2025-09-19,2025-10-19
4763,1216,2025-11-02,2025-12-02
4764,1217,2025-10-17,2025-11-16
4765,1217,2025-11-18,2025-12-18
4766,1218,2025-06-07,2025-07-07
4767,1218,2025-07-15,2025-08-14
4768,1218,2025-08-30,2025-09-29
4769,1218,2025-10-04,2025-11-03
4770,1218,2025-11-16,2025-12-16
4771,1219,2026-01-21,2026-02-20
4772,1220,2025-06-15,2025-07-15
4773,1220,2025-08-05,2025-09-04
4774,1220,2025-09-17,2025-10-17
4775,1220,2025-11-06,2025-12-06
4776,1220,2025-12-27,2026-01-26
4777,1220,2026-02-06,2026-03-08
4778,1220,2026-03-20,2026-04-19
4779,1221,2025-10-27,2025-11-26
4780,1221,2025-12-17,2026-01-16
4781,1221,2026-01-22,2026-02-21
4782,1221,2026-03-09,2026-04-08
4783,1221,2026-04-30,2026-05-30
4784,1221,2026-06-14,2026-07-14
4785,1221,2026-07-27,2026-08-26
4786,1222,2026-04-23,2026-05-23
4787,1222,2026-06-02,2026-07-02
4788,1222,2026-07-22,2026-08-21
4789,1222,2026-08-23,2026-09-22
4790,1222,2026-09-23,2026-10-23
4791,1222,2026-10-30,2026-11-29
4792,1222,2026-12-17,2027-01-16
4793,1223,2025-08-15,2025-09-14
4794,1224,2025-12-07,2026-01-06
4795,1224,2026-01-13,2026-02-12
4796,1224,2026-02-21,2026-03-23
4797,1225,2025-11-23,2025-12-23
4798,1225,2026-01-10,2026-02-09
4799,1225,2026-02-22,2026-03-24
4800,1225,2026-04-09,2026-05-09
4801,1225,2026-05-14,2026-06-13
4802,1225,2026-06-19,2026-07-19
4803,1226,2025-07-09,2025-08-08
4804,1226,2025-08-27,2025-09-26
4805,1226,2025-09-27,2025-10-27
4806,1226,2025-11-06,2025-12-06
4807,1226,2025-12-22,2026-01-21
4808,1227,2025-05-20,2025-06-19
4809,1227,2025-06-28,2025-07-28
4810,1228,2025-12-29,2026-01-28
4811,1228,2026-01-31,2026-03-02
4812,1228,2026-03-14,2026-04-13
4813,1229,2026-03-22,2026-04-21
4814,1229,2026-05-10,2026-06-09
4815,1229,2026-06-16,2026-07-16
4816,1229,2026-07-21,2026-08-20
4817,1230,2025-11-05,2025-12-05
4818,1231,2025-06-08,2025-07-08
4819,1231,2025-07-23,2025-08-22
4820,1231,2025-09-08,2025-10-08
4821,1231,2025-10-25,2025-11-24
4822,1231,2025-12-09,2026-01-08
4823,1231,2026-01-27,2026-02-26
4824,1232,2025-06-26,2025-07-26
4825,1232,2025-07-31,2025-08-30
4826,1233,2026-04-17,2026-05-17
4827,1233,2026-06-05,2026-07-05
4828,1233,2026-07-16,2026-08-15
4829,1234,2025-12-04,2026-01-03
4830,1234,2026-01-19,2026-02-18
4831,1235,2026-05-14,2026-06-13
4832,1235,2026-06-17,2026-07-17
4833,1235,2026-08-03,2026-09-02
4834,1235,2026-09-09,2026-10-09
4835,1236,2025-06-07,2025-07-07
4836,1236,2025-07-19,2025-08-18
4837,1236,2025-09-04,2025-10-04
4838,1236,2025-10-06,2025-11-05
4839,1236,2025-11-07,2025-12-07
4840,1236,2025-12-11,2026-01-10
4841,1237,2025-12-15,2026-01-14
4842,1237,2026-01-17,2026-02-16
4843,1237,2026-02-26,2026-03-28
4844,1237,2026-04-04,2026-05-04
4845,1238,2025-08-31,2025-09-30
4846,1239,2025-06-06,2025-07-06
4847,1240,2025-05-31,2025-06-30
4848,1240,2025-07-18,2025-08-17
4849,1240,2025-08-31,2025-09-30
4850,1240,2025-10-06,2025-11-05
4851,1241,2025-09-02,2025-10-02
4852,1242,2025-07-02,2025-08-01
4853,1242,2025-08-04,2025-09-03
4854,1242,2025-09-21,2025-10-21
4855,1242,2025-11-05,2025-12-05
4856,1242,2025-12-09,2026-01-08
4857,1242,2026-01-10,2026-02-09
4858,1242,2026-03-01,2026-03-31
4859,1243,2025-06-21,2025-07-21
4860,1243,2025-08-01,2025-08-31
4861,1243,2025-09-14,2025-10-14
4862,1243,2025-10-24,2025-11-23
4863,1244,2026-02-27,2026-03-29
4864,1244,2026-03-31,2026-04-30
4865,1244,2026-05-14,2026-06-13
4866,1245,2025-09-17,2025-10-17
4867,1245,2025-10-22,2025-11-21
4868,1245,2025-12-05,2026-01-04
4869,1245,2026-01-23,2026-02-22
4870,1245,2026-03-16,2026-04-15
4871,1246,2026-02-27,2026-03-29
4872,1246,2026-04-10,2026-05-10
4873,1247,2026-04-22,2026-05-22
4874,1247,2026-05-23,2026-06-22
4875,1248,2025-11-21,2025-12-21
4876,1249,2025-09-18,2025-10-18
4877,1249,2025-10-24,2025-11-23
4878,1250,2025-12-14,2026-01-13
4879,1250,2026-02-03,2026-03-05
4880,1250,2026-03-16,2026-04-15
4881,1250,2026-04-16,2026-05-16
4882,1251,2025-12-04,2026-01-03
4883,1251,2026-01-09,2026-02-08
4884,1251,2026-02-18,2026-03-20
4885,1252,2026-01-24,2026-02-23
4886,1253,2025-06-06,2025-07-06
4887,1254,2025-09-03,2025-10-03
4888,1254,2025-10-07,2025-11-06
4889,1254,2025-11-17,2025-12-17
4890,1254,2025-12-20,2026-01-19
4891,1255,2026-03-07,2026-04-06
4892,1255,2026-04-25,2026-05-25
4893,1255,2026-05-30,2026-06-29
4894,1256,2025-05-25,2025-06-24
4895,1257,2025-06-26,2025-07-26
4896,1257,2025-08-12,2025-09-11
4897,1258,2025-11-02,2025-12-02
4898,1258,2025-12-07,2026-01-06
4899,1259,2025-07-25,2025-08-24
4900,1260,2025-10-21,2025-11-20
4901,1260,2025-11-25,2025-12-25
4902,1261,2026-03-28,2026-04-27
4903,1261,2026-04-29,2026-05-29
4904,1261,2026-06-10,2026-07-10
4905,1261,2026-07-23,2026-08-22
4906,1261,2026-08-27,2026-09-26
4907,1261,2026-10-17,2026-11-16
4908,1262,2025-07-12,2025-08-11
4909,1263,2026-05-01,2026-05-31
4910,1263,2026-06-04,2026-07-04
4911,1263,2026-07-11,2026-08-10
4912,1263,2026-08-19,2026-09-18
4913,1263,2026-10-06,2026-11-05
4914,1263,2026-11-15,2026-12-15
4915,1263,2026-12-22,2027-01-21
4916,1264,2026-04-18,2026-05-18
4917,1264,2026-05-25,2026-06-24
4918,1264,2026-07-02,2026-08-01
4919,1264,2026-08-22,2026-09-21
4920,1264,2026-09-27,2026-10-27
4921,1265,2026-03-14,2026-04-13
4922,1265,2026-04-26,2026-05-26
4923,1266,2026-03-06,2026-04-05
4924,1266,2026-04-11,2026-05-11
4925,1266,2026-05-19,2026-06-18
4926,1266,2026-07-08,2026-08-07
4927,1266,2026-08-16,2026-09-15
4928,1266,2026-09-26,2026-10-26
4929,1266,2026-11-09,2026-12-09
4930,1267,2025-06-10,2025-07-10
4931,1267,2025-07-15,2025-08-14
4932,1267,2025-08-21,2025-09-20
4933,1268,2025-11-24,2025-12-24
4934,1268,2026-01-06,2026-02-05
4935,1269,2025-08-23,2025-09-22
4936,1269,2025-10-12,2025-11-11
4937,1269,2025-11-26,2025-12-26
4938,1269,2026-01-09,2026-02-08
4939,1269,2026-02-09,2026-03-11
4940,1269,2026-03-17,2026-04-16
4941,1269,2026-04-25,2026-05-25
4942,1270,2026-02-06,2026-03-08
4943,1270,2026-03-22,2026-04-21
4944,1270,2026-04-28,2026-05-28
4945,1270,2026-06-06,2026-07-06
4946,1270,2026-07-12,2026-08-11
4947,1271,2025-06-09,2025-07-09
4948,1271,2025-07-21,2025-08-20
4949,1271,2025-08-28,2025-09-27
4950,1271,2025-10-11,2025-11-10
4951,1271,2025-11-25,2025-12-25
4952,1271,2026-01-15,2026-02-14
4953,1272,2026-04-02,2026-05-02
4954,1272,2026-05-11,2026-06-10
4955,1272,2026-07-02,2026-08-01
4956,1272,2026-08-20,2026-09-19
4957,1273,2026-02-26,2026-03-28
4958,1273,2026-04-03,2026-05-03
4959,1273,2026-05-23,2026-06-22
4960,1273,2026-07-08,2026-08-07
4961,1273,2026-08-15,2026-09-14
4962,1273,2026-09-26,2026-10-26
4963,1274,2026-02-27,2026-03-29
4964,1274,2026-04-09,2026-05-09
4965,1274,2026-05-15,2026-06-14
4966,1274,2026-06-27,2026-07-27
4967,1274,2026-08-09,2026-09-08
4968,1274,2026-09-20,2026-10-20
4969,1274,2026-10-31,2026-11-30
4970,1275,2025-11-19,2025-12-19
4971,1275,2025-12-28,2026-01-27
4972,1275,2026-02-12,2026-03-14
4973,1275,2026-03-27,2026-04-26
4974,1275,2026-05-02,2026-06-01
4975,1275,2026-06-13,2026-07-13
4976,1275,2026-07-21,2026-08-20
4977,1276,2025-07-18,2025-08-17
4978,1276,2025-09-06,2025-10-06
4979,1276,2025-10-20,2025-11-19
4980,1276,2025-12-03,2026-01-02
4981,1276,2026-01-12,2026-02-11
4982,1277,2025-08-30,2025-09-29
4983,1277,2025-10-11,2025-11-10
4984,1277,2025-11-18,2025-12-18
4985,1278,2025-08-05,2025-09-04
4986,1278,2025-09-16,2025-10-16
4987,1278,2025-10-22,2025-11-21
4988,1278,2025-12-01,2025-12-31
4989,1279,2025-08-09,2025-09-08
4990,1279,2025-09-21,2025-10-21
4991,1279,2025-11-04,2025-12-04
4992,1279,2025-12-15,2026-01-14
4993,1279,2026-02-05,2026-03-07
4994,1279,2026-03-15,2026-04-14
4995,1279,2026-04-25,2026-05-25
4996,1280,2026-02-16,2026-03-18
4997,1280,2026-04-01,2026-05-01
4998,1280,2026-05-06,2026-06-05
4999,1280,2026-06-26,2026-07-26
5000,1280,2026-08-14,2026-09-13
5001,1281,2026-02-17,2026-03-19
5002,1281,2026-03-24,2026-04-23
5003,1281,2026-05-03,2026-06-02
5004,1282,2025-11-08,2025-12-08
5005,1282,2025-12-24,2026-01-23
5006,1282,2026-02-11,2026-03-13
5007,1282,2026-03-18,2026-04-17
5008,1282,2026-04-27,2026-05-27
5009,1282,2026-05-31,2026-06-30
5010,1283,2025-07-15,2025-08-14
5011,1283,2025-08-20,2025-09-19
5012,1283,2025-10-10,2025-11-09
5013,1283,2025-11-24,2025-12-24
5014,1284,2025-08-05,2025-09-04
5015,1284,2025-09-11,2025-10-11
5016,1284,2025-11-01,2025-12-01
5017,1284,2025-12-19,2026-01-18
5018,1284,2026-01-26,2026-02-25
5019,1284,2026-03-08,2026-04-07
5020,1285,2026-04-12,2026-05-12
5021,1285,2026-05-26,2026-06-25
5022,1286,2025-05-29,2025-06-28
5023,1286,2025-07-12,2025-08-11
5024,1286,2025-08-19,2025-09-18
5025,1287,2026-01-04,2026-02-03
5026,1287,2026-02-17,2026-03-19
5027,1287,2026-03-23,2026-04-22
5028,1287,2026-05-05,2026-06-04
5029,1287,2026-06-22,2026-07-22
5030,1288,2025-07-29,2025-08-28
5031,1288,2025-09-13,2025-10-13
5032,1288,2025-11-01,2025-12-01
5033,1289,2025-08-18,2025-09-17
5034,1289,2025-10-07,2025-11-06
5035,1290,2026-03-22,2026-04-21
5036,1290,2026-05-05,2026-06-04
5037,1290,2026-06-08,2026-07-08
5038,1290,2026-07-20,2026-08-19
5039,1290,2026-08-27,2026-09-26
5040,1290,2026-10-18,2026-11-17
5041,1290,2026-12-04,2027-01-03
5042,1291,2025-10-01,2025-10-31
5043,1292,2025-11-11,2025-12-11
5044,1292,2025-12-26,2026-01-25
5045,1292,2026-01-28,2026-02-27
5046,1292,2026-02-28,2026-03-30
5047,1292,2026-04-07,2026-05-07
5048,1292,2026-05-08,2026-06-07
5049,1293,2026-03-09,2026-04-08
5050,1293,2026-04-24,2026-05-24
5051,1293,2026-05-29,2026-06-28
5052,1293,2026-07-11,2026-08-10
5053,1293,2026-08-12,2026-09-11
5054,1293,2026-09-27,2026-10-27
5055,1293,2026-11-02,2026-12-02
5056,1294,2026-04-18,2026-05-18
5057,1295,2026-04-04,2026-05-04
5058,1295,2026-05-20,2026-06-19
5059,1295,2026-07-07,2026-08-06
5060,1295,2026-08-07,2026-09-06
5061,1295,2026-09-24,2026-10-24
5062,1296,2026-04-14,2026-05-14
5063,1296,2026-06-02,2026-07-02
5064,1296,2026-07-09,2026-08-08
5065,1296,2026-08-12,2026-09-11
5066,1297,2025-11-04,2025-12-04
5067,1298,2026-01-04,2026-02-03
5068,1298,2026-02-22,2026-03-24
5069,1298,2026-04-03,2026-05-03
5070,1298,2026-05-18,2026-06-17
5071,1298,2026-06-30,2026-07-30
5072,1298,2026-08-05,2026-09-04
5073,1298,2026-09-15,2026-10-15
5074,1299,2025-11-14,2025-12-14
5075,1299,2026-01-02,2026-02-01
5076,1299,2026-02-22,2026-03-24
5077,1300,2025-09-07,2025-10-07
5078,1300,2025-10-19,2025-11-18
5079,1300,2025-12-01,2025-12-31
5080,1300,2026-01-07,2026-02-06
5081,1301,2025-10-14,2025-11-13
5082,1301,2025-11-28,2025-12-28
5083,1301,2026-01-02,2026-02-01
5084,1301,2026-02-20,2026-03-22
5085,1301,2026-04-10,2026-05-10
5086,1302,2025-07-27,2025-08-26
5087,1302,2025-09-02,2025-10-02
5088,1302,2025-10-15,2025-11-14
5089,1303,2025-09-12,2025-10-12
5090,1303,2025-11-03,2025-12-03
5091,1303,2025-12-06,2026-01-05
5092,1304,2025-10-23,2025-11-22
5093,1305,2026-04-06,2026-05-06
5094,1305,2026-05-16,2026-06-15
5095,1305,2026-07-04,2026-08-03
5096,1305,2026-08-18,2026-09-17
5097,1306,2026-03-11,2026-04-10
5098,1306,2026-04-25,2026-05-25
5099,1306,2026-06-16,2026-07-16
5100,1306,2026-07-17,2026-08-16
5101,1306,2026-08-30,2026-09-29
5102,1307,2026-04-06,2026-05-06
5103,1307,2026-05-13,2026-06-12
5104,1307,2026-06-23,2026-07-23
5105,1307,2026-07-31,2026-08-30
5106,1307,2026-09-19,2026-10-19
5107,1308,2026-04-16,2026-05-16
5108,1309,2025-06-12,2025-07-12
5109,1310,2025-10-20,2025-11-19
5110,1310,2025-11-20,2025-12-20
5111,1310,2025-12-24,2026-01-23
5112,1310,2026-02-05,2026-03-07
5113,1310,2026-03-15,2026-04-14
5114,1310,2026-05-03,2026-06-02
5115,1310,2026-06-22,2026-07-22
5116,1311,2026-04-02,2026-05-02
5117,1311,2026-05-04,2026-06-03
5118,1311,2026-06-06,2026-07-06
5119,1311,2026-07-13,2026-08-12
5120,1311,2026-08-20,2026-09-19
5121,1311,2026-09-27,2026-10-27
5122,1312,2025-05-21,2025-06-20
5123,1312,2025-07-06,2025-08-05
5124,1312,2025-08-27,2025-09-26
5125,1313,2025-11-21,2025-12-21
5126,1313,2026-01-12,2026-02-11
5127,1313,2026-02-18,2026-03-20
5128,1313,2026-04-11,2026-05-11
5129,1313,2026-05-20,2026-06-19
5130,1313,2026-07-07,2026-08-06
5131,1313,2026-08-10,2026-09-09
5132,1314,2025-05-26,2025-06-25
5133,1315,2026-02-02,2026-03-04
5134,1315,2026-03-07,2026-04-06
5135,1315,2026-04-08,2026-05-08
5136,1315,2026-05-11,2026-06-10
5137,1315,2026-06-24,2026-07-24
5138,1315,2026-08-09,2026-09-08
5139,1315,2026-09-28,2026-10-28
5140,1316,2025-08-21,2025-09-20
5141,1317,2026-05-08,2026-06-07
5142,1317,2026-06-11,2026-07-11
5143,1317,2026-07-24,2026-08-23
5144,1317,2026-08-24,2026-09-23
5145,1317,2026-10-03,2026-11-02
5146,1318,2026-03-16,2026-04-15
5147,1318,2026-05-07,2026-06-06
5148,1318,2026-06-28,2026-07-28
5149,1318,2026-07-31,2026-08-30
5150,1318,2026-08-31,2026-09-30
5151,1318,2026-10-02,2026-11-01
5152,1319,2026-02-03,2026-03-05
5153,1319,2026-03-07,2026-04-06
5154,1319,2026-04-11,2026-05-11
5155,1319,2026-05-28,2026-06-27
5156,1319,2026-07-15,2026-08-14
5157,1319,2026-08-28,2026-09-27
5158,1320,2026-01-04,2026-02-03
5159,1321,2026-03-12,2026-04-11
5160,1322,2025-06-19,2025-07-19
5161,1322,2025-07-27,2025-08-26
5162,1322,2025-09-05,2025-10-05
5163,1322,2025-10-10,2025-11-09
5164,1322,2025-11-13,2025-12-13
5165,1323,2025-11-08,2025-12-08
5166,1323,2025-12-19,2026-01-18
5167,1323,2026-01-28,2026-02-27
5168,1324,2026-01-20,2026-02-19
5169,1324,2026-02-21,2026-03-23
5170,1324,2026-03-30,2026-04-29
5171,1325,2025-06-15,2025-07-15
5172,1325,2025-07-29,2025-08-28
5173,1326,2026-04-09,2026-05-09
5174,1326,2026-05-28,2026-06-27
5175,1326,2026-07-19,2026-08-18
5176,1326,2026-08-22,2026-09-21
5177,1326,2026-10-07,2026-11-06
5178,1326,2026-11-25,2026-12-25
5179,1327,2025-12-07,2026-01-06
5180,1327,2026-01-19,2026-02-18
5181,1328,2026-05-15,2026-06-14
5182,1329,2026-05-03,2026-06-02
5183,1330,2025-08-16,2025-09-15
5184,1331,2025-06-30,2025-07-30
5185,1331,2025-08-18,2025-09-17
5186,1331,2025-10-09,2025-11-08
5187,1331,2025-11-18,2025-12-18
5188,1331,2025-12-19,2026-01-18
5189,1331,2026-01-23,2026-02-22
5190,1331,2026-03-04,2026-04-03
5191,1332,2026-04-29,2026-05-29
5192,1332,2026-06-04,2026-07-04
5193,1332,2026-07-21,2026-08-20
5194,1332,2026-09-07,2026-10-07
5195,1332,2026-10-28,2026-11-27
5196,1332,2026-11-30,2026-12-30
5197,1333,2025-10-20,2025-11-19
5198,1334,2026-04-19,2026-05-19
5199,1334,2026-06-03,2026-07-03
5200,1334,2026-07-24,2026-08-23
5201,1334,2026-09-02,2026-10-02
5202,1334,2026-10-13,2026-11-12
5203,1334,2026-11-17,2026-12-17
5204,1334,2027-01-02,2027-02-01
5205,1335,2026-04-21,2026-05-21
5206,1335,2026-05-28,2026-06-27
5207,1335,2026-07-11,2026-08-10
5208,1335,2026-08-26,2026-09-25
5209,1335,2026-10-12,2026-11-11
5210,1335,2026-11-23,2026-12-23
5211,1335,2027-01-08,2027-02-07
5212,1336,2025-09-09,2025-10-09
5213,1336,2025-10-16,2025-11-15
5214,1336,2025-12-05,2026-01-04
5215,1337,2025-08-06,2025-09-05
5216,1337,2025-09-08,2025-10-08
5217,1338,2026-05-05,2026-06-04
5218,1338,2026-06-14,2026-07-14
5219,1338,2026-08-03,2026-09-02
5220,1338,2026-09-06,2026-10-06
5221,1338,2026-10-28,2026-11-27
5222,1338,2026-12-10,2027-01-09
5223,1339,2026-05-06,2026-06-05
5224,1339,2026-06-15,2026-07-15
5225,1339,2026-07-21,2026-08-20
5226,1339,2026-08-28,2026-09-27
5227,1339,2026-10-18,2026-11-17
5228,1339,2026-11-22,2026-12-22
5229,1339,2026-12-26,2027-01-25
5230,1340,2025-10-16,2025-11-15
5231,1340,2025-11-18,2025-12-18
5232,1340,2025-12-26,2026-01-25
5233,1341,2025-06-11,2025-07-11
5234,1341,2025-07-22,2025-08-21
5235,1341,2025-08-23,2025-09-22
5236,1342,2025-06-19,2025-07-19
5237,1342,2025-08-10,2025-09-09
5238,1342,2025-09-15,2025-10-15
5239,1342,2025-10-28,2025-11-27
5240,1342,2025-11-30,2025-12-30
5241,1343,2026-02-23,2026-03-25
5242,1343,2026-04-06,2026-05-06
5243,1343,2026-05-17,2026-06-16
5244,1343,2026-06-22,2026-07-22
5245,1343,2026-08-02,2026-09-01
5246,1344,2025-06-12,2025-07-12
5247,1344,2025-07-22,2025-08-21
5248,1344,2025-08-24,2025-09-23
5249,1344,2025-09-24,2025-10-24
5250,1344,2025-10-29,2025-11-28
5251,1344,2025-12-19,2026-01-18
5252,1344,2026-01-30,2026-03-01
5253,1345,2025-08-24,2025-09-23
5254,1345,2025-10-08,2025-11-07
5255,1345,2025-11-26,2025-12-26
5256,1345,2026-01-13,2026-02-12
5257,1346,2025-10-19,2025-11-18
5258,1346,2025-11-27,2025-12-27
5259,1346,2026-01-13,2026-02-12
5260,1346,2026-03-01,2026-03-31
5261,1346,2026-04-12,2026-05-12
5262,1346,2026-05-26,2026-06-25
5263,1347,2025-06-29,2025-07-29
5264,1347,2025-08-15,2025-09-14
5265,1347,2025-10-03,2025-11-02
5266,1347,2025-11-22,2025-12-22
5267,1347,2025-12-30,2026-01-29
5268,1348,2026-05-06,2026-06-05
5269,1349,2026-02-08,2026-03-10
5270,1349,2026-03-24,2026-04-23
5271,1349,2026-05-08,2026-06-07
5272,1349,2026-06-19,2026-07-19
5273,1349,2026-08-10,2026-09-09
5274,1350,2026-05-03,2026-06-02
5275,1350,2026-06-14,2026-07-14
5276,1351,2026-04-14,2026-05-14
5277,1351,2026-05-20,2026-06-19
5278,1351,2026-07-04,2026-08-03
5279,1352,2025-07-23,2025-08-22
5280,1352,2025-09-06,2025-10-06
5281,1352,2025-10-11,2025-11-10
5282,1352,2025-11-23,2025-12-23
5283,1352,2026-01-05,2026-02-04
5284,1352,2026-02-09,2026-03-11
5285,1353,2025-10-05,2025-11-04
5286,1353,2025-11-16,2025-12-16
5287,1353,2025-12-17,2026-01-16
5288,1354,2025-12-20,2026-01-19
5289,1354,2026-02-04,2026-03-06
5290,1354,2026-03-07,2026-04-06
5291,1354,2026-04-28,2026-05-28
5292,1355,2025-09-08,2025-10-08
5293,1356,2026-03-30,2026-04-29
5294,1356,2026-05-07,2026-06-06
5295,1356,2026-06-07,2026-07-07
5296,1357,2026-03-25,2026-04-24
5297,1357,2026-04-30,2026-05-30
5298,1357,2026-06-08,2026-07-08
5299,1357,2026-07-10,2026-08-09
5300,1357,2026-08-26,2026-09-25
5301,1358,2025-12-21,2026-01-20
5302,1358,2026-01-21,2026-02-20
5303,1358,2026-02-21,2026-03-23
5304,1358,2026-04-13,2026-05-13
5305,1358,2026-05-27,2026-06-26
5306,1358,2026-07-10,2026-08-09
5307,1358,2026-08-27,2026-09-26
5308,1359,2025-06-01,2025-07-01
5309,1360,2025-08-03,2025-09-02
5310,1360,2025-09-20,2025-10-20
5311,1360,2025-10-25,2025-11-24
5312,1360,2025-11-25,2025-12-25
5313,1361,2025-08-12,2025-09-11
5314,1361,2025-09-18,2025-10-18
5315,1361,2025-11-04,2025-12-04
5316,1361,2025-12-08,2026-01-07
5317,1362,2025-07-02,2025-08-01
5318,1362,2025-08-06,2025-09-05
5319,1362,2025-09-13,2025-10-13
5320,1363,2025-10-24,2025-11-23
5321,1363,2025-11-29,2025-12-29
5322,1363,2026-01-04,2026-02-03
5323,1363,2026-02-21,2026-03-23
5324,1363,2026-03-28,2026-04-27
5325,1364,2025-08-29,2025-09-28
5326,1365,2026-04-10,2026-05-10
5327,1365,2026-05-15,2026-06-14
5328,1365,2026-07-01,2026-07-31
5329,1365,2026-08-07,2026-09-06
5330,1366,2026-02-10,2026-03-12
5331,1366,2026-04-01,2026-05-01
5332,1366,2026-05-11,2026-06-10
5333,1366,2026-06-12,2026-07-12
5334,1366,2026-07-13,2026-08-12
5335,1367,2025-09-27,2025-10-27
5336,1368,2025-09-20,2025-10-20
5337,1368,2025-11-09,2025-12-09
5338,1368,2025-12-13,2026-01-12
5339,1369,2026-01-20,2026-02-19
5340,1369,2026-02-23,2026-03-25
5341,1369,2026-04-02,2026-05-02
5342,1370,2025-08-01,2025-08-31
5343,1370,2025-09-11,2025-10-11
5344,1370,2025-10-18,2025-11-17
5345,1370,2025-11-28,2025-12-28
5346,1370,2026-01-12,2026-02-11
5347,1370,2026-02-16,2026-03-18
5348,1371,2025-09-21,2025-10-21
5349,1371,2025-11-09,2025-12-09
5350,1371,2025-12-14,2026-01-13
5351,1371,2026-01-14,2026-02-13
5352,1371,2026-02-27,2026-03-29
5353,1371,2026-04-08,2026-05-08
5354,1371,2026-05-12,2026-06-11
5355,1372,2025-11-06,2025-12-06
5356,1372,2025-12-22,2026-01-21
5357,1372,2026-02-08,2026-03-10
5358,1372,2026-03-12,2026-04-11
5359,1372,2026-05-01,2026-05-31
5360,1372,2026-06-15,2026-07-15
5361,1373,2025-05-31,2025-06-30
5362,1373,2025-07-05,2025-08-04
5363,1374,2026-01-29,2026-02-28
5364,1375,2025-07-25,2025-08-24
5365,1375,2025-09-13,2025-10-13
5366,1375,2025-10-23,2025-11-22
5367,1376,2026-02-10,2026-03-12
5368,1376,2026-03-15,2026-04-14
5369,1377,2026-04-14,2026-05-14
5370,1377,2026-05-31,2026-06-30
5371,1377,2026-07-04,2026-08-03
5372,1378,2026-02-18,2026-03-20
5373,1378,2026-04-05,2026-05-05
5374,1378,2026-05-23,2026-06-22
5375,1379,2025-07-10,2025-08-09
5376,1379,2025-08-19,2025-09-18
5377,1379,2025-10-09,2025-11-08
5378,1379,2025-11-13,2025-12-13
5379,1379,2025-12-31,2026-01-30
5380,1379,2026-02-01,2026-03-03
5381,1379,2026-03-09,2026-04-08
5382,1380,2026-05-07,2026-06-06
5383,1380,2026-06-28,2026-07-28
5384,1380,2026-08-15,2026-09-14
5385,1380,2026-10-04,2026-11-03
5386,1380,2026-11-11,2026-12-11
5387,1380,2026-12-12,2027-01-11
5388,1381,2025-12-25,2026-01-24
5389,1381,2026-02-09,2026-03-11
5390,1382,2025-05-12,2025-06-11
5391,1382,2025-07-03,2025-08-02
5392,1382,2025-08-10,2025-09-09
5393,1382,2025-09-24,2025-10-24
5394,1382,2025-11-11,2025-12-11
5395,1382,2025-12-30,2026-01-29
5396,1383,2025-10-22,2025-11-21
5397,1383,2025-11-25,2025-12-25
5398,1383,2026-01-02,2026-02-01
5399,1383,2026-02-23,2026-03-25
5400,1383,2026-04-14,2026-05-14
5401,1383,2026-05-29,2026-06-28
5402,1384,2025-11-15,2025-12-15
5403,1384,2026-01-04,2026-02-03
5404,1385,2025-08-23,2025-09-22
5405,1386,2025-10-28,2025-11-27
5406,1386,2025-12-09,2026-01-08
5407,1386,2026-01-24,2026-02-23
5408,1386,2026-03-07,2026-04-06
5409,1386,2026-04-25,2026-05-25
5410,1387,2025-11-26,2025-12-26
5411,1387,2026-01-13,2026-02-12
5412,1387,2026-02-21,2026-03-23
5413,1388,2026-03-06,2026-04-05
5414,1388,2026-04-19,2026-05-19
5415,1388,2026-06-08,2026-07-08
5416,1388,2026-07-22,2026-08-21
5417,1388,2026-09-09,2026-10-09
5418,1389,2025-12-05,2026-01-04
5419,1390,2026-04-28,2026-05-28
5420,1390,2026-06-17,2026-07-17
5421,1391,2025-09-16,2025-10-16
5422,1391,2025-10-29,2025-11-28
5423,1391,2025-12-01,2025-12-31
5424,1391,2026-01-02,2026-02-01
5425,1392,2026-01-08,2026-02-07
5426,1392,2026-02-22,2026-03-24
5427,1392,2026-04-01,2026-05-01
5428,1393,2026-02-09,2026-03-11
5429,1393,2026-03-23,2026-04-22
5430,1393,2026-05-07,2026-06-06
5431,1393,2026-06-08,2026-07-08
5432,1394,2025-10-26,2025-11-25
5433,1394,2025-11-30,2025-12-30
5434,1394,2026-01-14,2026-02-13
5435,1394,2026-02-27,2026-03-29
5436,1395,2025-11-15,2025-12-15
5437,1395,2026-01-06,2026-02-05
5438,1396,2025-11-09,2025-12-09
5439,1397,2026-04-15,2026-05-15
5440,1397,2026-05-20,2026-06-19
5441,1397,2026-07-01,2026-07-31
5442,1397,2026-08-08,2026-09-07
5443,1397,2026-09-28,2026-10-28
5444,1398,2025-12-31,2026-01-30
5445,1398,2026-02-06,2026-03-08
5446,1398,2026-03-24,2026-04-23
5447,1398,2026-05-06,2026-06-05
5448,1398,2026-06-25,2026-07-25
5449,1399,2025-12-22,2026-01-21
5450,1399,2026-02-03,2026-03-05
5451,1400,2025-05-21,2025-06-20
5452,1400,2025-07-05,2025-08-04
5453,1400,2025-08-20,2025-09-19
5454,1401,2026-05-06,2026-06-05
5455,1401,2026-06-23,2026-07-23
5456,1401,2026-08-02,2026-09-01
5457,1402,2025-11-06,2025-12-06
5458,1402,2025-12-11,2026-01-10
5459,1403,2026-02-15,2026-03-17
5460,1403,2026-03-27,2026-04-26
5461,1404,2026-03-04,2026-04-03
5462,1405,2025-12-04,2026-01-03
5463,1406,2026-04-07,2026-05-07
5464,1406,2026-05-18,2026-06-17
5465,1406,2026-06-28,2026-07-28
5466,1407,2025-08-15,2025-09-14
5467,1407,2025-10-04,2025-11-03
5468,1407,2025-11-07,2025-12-07
5469,1407,2025-12-18,2026-01-17
5470,1407,2026-02-04,2026-03-06
5471,1407,2026-03-17,2026-04-16
5472,1407,2026-04-27,2026-05-27
5473,1408,2025-11-03,2025-12-03
5474,1408,2025-12-04,2026-01-03
5475,1408,2026-01-16,2026-02-15
5476,1409,2026-01-30,2026-03-01
5477,1409,2026-03-20,2026-04-19
5478,1409,2026-05-02,2026-06-01
5479,1409,2026-06-02,2026-07-02
5480,1409,2026-07-08,2026-08-07
5481,1409,2026-08-16,2026-09-15
5482,1409,2026-09-21,2026-10-21
5483,1410,2025-07-17,2025-08-16
5484,1410,2025-08-24,2025-09-23
5485,1410,2025-09-30,2025-10-30
5486,1410,2025-11-07,2025-12-07
5487,1411,2026-03-24,2026-04-23
5488,1411,2026-05-04,2026-06-03
5489,1412,2025-11-02,2025-12-02
5490,1412,2025-12-14,2026-01-13
5491,1412,2026-01-19,2026-02-18
5492,1412,2026-02-26,2026-03-28
5493,1412,2026-03-31,2026-04-30
5494,1413,2026-02-16,2026-03-18
5495,1413,2026-03-23,2026-04-22
5496,1413,2026-05-09,2026-06-08
5497,1413,2026-06-21,2026-07-21
5498,1413,2026-07-29,2026-08-28
5499,1413,2026-08-30,2026-09-29
5500,1414,2026-04-09,2026-05-09
5501,1415,2025-11-02,2025-12-02
5502,1415,2025-12-08,2026-01-07
5503,1415,2026-01-27,2026-02-26
5504,1415,2026-03-18,2026-04-17
5505,1416,2025-06-10,2025-07-10
5506,1416,2025-07-14,2025-08-13
5507,1416,2025-08-29,2025-09-28
5508,1416,2025-10-08,2025-11-07
5509,1417,2026-01-14,2026-02-13
5510,1417,2026-02-18,2026-03-20
5511,1417,2026-03-21,2026-04-20
5512,1417,2026-04-30,2026-05-30
5513,1417,2026-06-02,2026-07-02
5514,1418,2026-03-30,2026-04-29
5515,1418,2026-05-05,2026-06-04
5516,1418,2026-06-08,2026-07-08
5517,1418,2026-07-20,2026-08-19
5518,1419,2026-01-23,2026-02-22
5519,1419,2026-02-28,2026-03-30
5520,1420,2026-03-18,2026-04-17
5521,1420,2026-04-24,2026-05-24
5522,1420,2026-06-09,2026-07-09
5523,1420,2026-07-10,2026-08-09
5524,1421,2025-10-06,2025-11-05
5525,1421,2025-11-17,2025-12-17
5526,1422,2026-03-27,2026-04-26
5527,1422,2026-05-04,2026-06-03
5528,1423,2026-02-14,2026-03-16
5529,1423,2026-03-18,2026-04-17
5530,1424,2025-10-31,2025-11-30
5531,1424,2025-12-01,2025-12-31
5532,1424,2026-01-06,2026-02-05
5533,1424,2026-02-10,2026-03-12
5534,1424,2026-03-14,2026-04-13
5535,1425,2025-09-13,2025-10-13
5536,1426,2025-05-24,2025-06-23
5537,1427,2025-05-24,2025-06-23
5538,1427,2025-06-30,2025-07-30
5539,1427,2025-08-11,2025-09-10
5540,1427,2025-09-30,2025-10-30
5541,1427,2025-11-07,2025-12-07
5542,1427,2025-12-23,2026-01-22
5543,1428,2025-06-30,2025-07-30
5544,1428,2025-08-19,2025-09-18
5545,1428,2025-09-20,2025-10-20
5546,1428,2025-10-21,2025-11-20
5547,1429,2026-04-06,2026-05-06
5548,1429,2026-05-12,2026-06-11
5549,1429,2026-06-30,2026-07-30
5550,1429,2026-08-20,2026-09-19
5551,1429,2026-09-30,2026-10-30
5552,1429,2026-11-13,2026-12-13
5553,1430,2025-07-13,2025-08-12
5554,1430,2025-08-18,2025-09-17
5555,1430,2025-09-28,2025-10-28
5556,1430,2025-11-10,2025-12-10
5557,1431,2026-03-21,2026-04-20
5558,1431,2026-04-23,2026-05-23
5559,1431,2026-06-09,2026-07-09
5560,1432,2025-12-19,2026-01-18
5561,1432,2026-01-28,2026-02-27
5562,1432,2026-02-28,2026-03-30
5563,1433,2026-03-12,2026-04-11
5564,1433,2026-04-16,2026-05-16
5565,1433,2026-05-24,2026-06-23
5566,1433,2026-06-24,2026-07-24
5567,1433,2026-08-03,2026-09-02
5568,1434,2026-02-09,2026-03-11
5569,1434,2026-03-16,2026-04-15
5570,1434,2026-04-23,2026-05-23
5571,1434,2026-05-26,2026-06-25
5572,1434,2026-07-08,2026-08-07
5573,1434,2026-08-28,2026-09-27
5574,1435,2026-03-04,2026-04-03
5575,1435,2026-04-21,2026-05-21
5576,1435,2026-05-24,2026-06-23
5577,1435,2026-07-03,2026-08-02
5578,1436,2025-09-17,2025-10-17
5579,1436,2025-11-01,2025-12-01
5580,1436,2025-12-11,2026-01-10
5581,1436,2026-01-18,2026-02-17
5582,1437,2026-01-15,2026-02-14
5583,1438,2025-11-25,2025-12-25
5584,1438,2026-01-01,2026-01-31
5585,1438,2026-02-22,2026-03-24
5586,1439,2026-02-20,2026-03-22
5587,1439,2026-03-25,2026-04-24
5588,1439,2026-05-16,2026-06-15
5589,1439,2026-06-30,2026-07-30
5590,1439,2026-08-15,2026-09-14
5591,1439,2026-09-28,2026-10-28
5592,1440,2026-04-09,2026-05-09
5593,1440,2026-05-20,2026-06-19
5594,1440,2026-06-21,2026-07-21
5595,1440,2026-08-02,2026-09-01
5596,1440,2026-09-07,2026-10-07
5597,1440,2026-10-29,2026-11-28
5598,1441,2026-01-31,2026-03-02
5599,1441,2026-03-05,2026-04-04
5600,1441,2026-04-09,2026-05-09
5601,1441,2026-05-10,2026-06-09
5602,1441,2026-06-28,2026-07-28
5603,1441,2026-08-03,2026-09-02
5604,1442,2025-05-28,2025-06-27
5605,1443,2025-08-24,2025-09-23
5606,1443,2025-10-07,2025-11-06
5607,1443,2025-11-28,2025-12-28
5608,1443,2025-12-31,2026-01-30
5609,1443,2026-02-19,2026-03-21
5610,1444,2025-06-09,2025-07-09
5611,1444,2025-07-17,2025-08-16
5612,1445,2026-01-21,2026-02-20
5613,1445,2026-03-05,2026-04-04
5614,1445,2026-04-20,2026-05-20
5615,1445,2026-06-10,2026-07-10
5616,1445,2026-07-28,2026-08-27
5617,1445,2026-09-18,2026-10-18
5618,1446,2025-07-03,2025-08-02
5619,1447,2026-04-08,2026-05-08
5620,1447,2026-05-29,2026-06-28
5621,1447,2026-07-12,2026-08-11
5622,1447,2026-08-18,2026-09-17
5623,1447,2026-09-28,2026-10-28
5624,1447,2026-11-05,2026-12-05
5625,1447,2026-12-10,2027-01-09
5626,1448,2026-05-12,2026-06-11
5627,1448,2026-06-15,2026-07-15
5628,1449,2025-07-12,2025-08-11
5629,1449,2025-08-16,2025-09-15
5630,1449,2025-09-18,2025-10-18
5631,1450,2026-05-10,2026-06-09
5632,1450,2026-06-19,2026-07-19
5633,1450,2026-08-09,2026-09-08
5634,1450,2026-09-25,2026-10-25
5635,1451,2026-05-06,2026-06-05
5636,1451,2026-06-21,2026-07-21
5637,1451,2026-07-24,2026-08-23
5638,1451,2026-08-26,2026-09-25
5639,1452,2026-02-24,2026-03-26
5640,1452,2026-04-15,2026-05-15
5641,1452,2026-05-25,2026-06-24
5642,1452,2026-07-01,2026-07-31
5643,1452,2026-08-01,2026-08-31
5644,1452,2026-09-02,2026-10-02
5645,1452,2026-10-03,2026-11-02
5646,1453,2026-01-05,2026-02-04
5647,1453,2026-02-12,2026-03-14
5648,1453,2026-04-02,2026-05-02
5649,1453,2026-05-20,2026-06-19
5650,1454,2026-04-08,2026-05-08
5651,1454,2026-05-16,2026-06-15
5652,1454,2026-06-18,2026-07-18
5653,1454,2026-07-25,2026-08-24
5654,1454,2026-08-29,2026-09-28
5655,1454,2026-10-07,2026-11-06
5656,1455,2025-09-11,2025-10-11
5657,1455,2025-11-02,2025-12-02
5658,1455,2025-12-23,2026-01-22
5659,1456,2025-10-22,2025-11-21
5660,1456,2025-12-04,2026-01-03
5661,1456,2026-01-23,2026-02-22
5662,1456,2026-03-01,2026-03-31
5663,1456,2026-04-05,2026-05-05
5664,1456,2026-05-21,2026-06-20
5665,1456,2026-07-08,2026-08-07
5666,1457,2025-08-15,2025-09-14
5667,1458,2025-09-06,2025-10-06
5668,1458,2025-10-28,2025-11-27
5669,1458,2025-12-13,2026-01-12
5670,1458,2026-01-26,2026-02-25
5671,1458,2026-03-08,2026-04-07
5672,1459,2026-03-14,2026-04-13
5673,1460,2025-05-24,2025-06-23
5674,1460,2025-06-25,2025-07-25
5675,1460,2025-07-29,2025-08-28
5676,1460,2025-09-01,2025-10-01
5677,1460,2025-10-10,2025-11-09
5678,1461,2026-05-07,2026-06-06
5679,1461,2026-06-19,2026-07-19
5680,1461,2026-07-31,2026-08-30
5681,1461,2026-09-05,2026-10-05
5682,1461,2026-10-19,2026-11-18
5683,1461,2026-12-01,2026-12-31
5684,1461,2027-01-10,2027-02-09
5685,1462,2025-08-12,2025-09-11
5686,1462,2025-09-19,2025-10-19
5687,1462,2025-10-31,2025-11-30
5688,1462,2025-12-03,2026-01-02
5689,1463,2025-12-30,2026-01-29
5690,1463,2026-02-07,2026-03-09
5691,1463,2026-03-20,2026-04-19
5692,1463,2026-05-01,2026-05-31
5693,1464,2025-12-19,2026-01-18
5694,1464,2026-02-03,2026-03-05
5695,1464,2026-03-17,2026-04-16
5696,1464,2026-05-08,2026-06-07
5697,1464,2026-06-20,2026-07-20
5698,1464,2026-07-31,2026-08-30
5699,1464,2026-09-12,2026-10-12
5700,1465,2025-11-08,2025-12-08
5701,1465,2025-12-17,2026-01-16
5702,1465,2026-02-02,2026-03-04
5703,1465,2026-03-19,2026-04-18
5704,1466,2025-06-11,2025-07-11
5705,1466,2025-07-25,2025-08-24
5706,1466,2025-08-30,2025-09-29
5707,1467,2026-03-27,2026-04-26
5708,1467,2026-05-06,2026-06-05
5709,1467,2026-06-17,2026-07-17
5710,1468,2025-09-11,2025-10-11
5711,1469,2026-03-23,2026-04-22
5712,1469,2026-05-03,2026-06-02
5713,1469,2026-06-03,2026-07-03
5714,1469,2026-07-17,2026-08-16
5715,1469,2026-09-04,2026-10-04
5716,1469,2026-10-09,2026-11-08
5717,1470,2026-01-19,2026-02-18
5718,1470,2026-03-03,2026-04-02
5719,1470,2026-04-20,2026-05-20
5720,1470,2026-05-31,2026-06-30
5721,1471,2025-06-18,2025-07-18
5722,1471,2025-08-01,2025-08-31
5723,1472,2026-01-07,2026-02-06
5724,1472,2026-02-20,2026-03-22
5725,1472,2026-04-07,2026-05-07
5726,1472,2026-05-13,2026-06-12
5727,1472,2026-07-02,2026-08-01
5728,1472,2026-08-09,2026-09-08
5729,1472,2026-09-19,2026-10-19
5730,1473,2025-05-20,2025-06-19
5731,1473,2025-07-08,2025-08-07
5732,1473,2025-08-14,2025-09-13
5733,1473,2025-09-22,2025-10-22
5734,1473,2025-11-13,2025-12-13
5735,1474,2025-05-13,2025-06-12
5736,1474,2025-06-15,2025-07-15
5737,1474,2025-07-20,2025-08-19
5738,1474,2025-09-07,2025-10-07
5739,1474,2025-10-11,2025-11-10
5740,1474,2025-11-20,2025-12-20
5741,1474,2026-01-03,2026-02-02
5742,1475,2025-05-11,2025-06-10
5743,1475,2025-06-16,2025-07-16
5744,1475,2025-07-21,2025-08-20
5745,1476,2025-10-11,2025-11-10
5746,1476,2025-11-25,2025-12-25
5747,1476,2026-01-12,2026-02-11
5748,1477,2025-09-20,2025-10-20
5749,1477,2025-10-30,2025-11-29
5750,1477,2025-12-11,2026-01-10
5751,1477,2026-01-26,2026-02-25
5752,1477,2026-03-16,2026-04-15
5753,1477,2026-04-30,2026-05-30
5754,1478,2025-07-11,2025-08-10
5755,1478,2025-08-27,2025-09-26
5756,1478,2025-10-06,2025-11-05
5757,1479,2026-02-07,2026-03-09
5758,1480,2026-04-07,2026-05-07
5759,1480,2026-05-28,2026-06-27
5760,1481,2025-10-29,2025-11-28
5761,1481,2025-12-01,2025-12-31
5762,1481,2026-01-10,2026-02-09
5763,1481,2026-02-24,2026-03-26
5764,1481,2026-04-13,2026-05-13
5765,1482,2025-12-20,2026-01-19
5766,1482,2026-01-27,2026-02-26
5767,1482,2026-03-05,2026-04-04
5768,1482,2026-04-19,2026-05-19
5769,1482,2026-06-09,2026-07-09
5770,1482,2026-07-14,2026-08-13
5771,1482,2026-08-15,2026-09-14
5772,1483,2026-04-18,2026-05-18
5773,1483,2026-05-29,2026-06-28
5774,1483,2026-07-01,2026-07-31
5775,1483,2026-08-13,2026-09-12
5776,1483,2026-09-28,2026-10-28
5777,1483,2026-11-10,2026-12-10
5778,1484,2025-12-08,2026-01-07
5779,1485,2025-07-03,2025-08-02
5780,1485,2025-08-24,2025-09-23
5781,1485,2025-09-28,2025-10-28
5782,1485,2025-11-14,2025-12-14
5783,1486,2026-01-04,2026-02-03
5784,1486,2026-02-07,2026-03-09
5785,1487,2025-12-12,2026-01-11
5786,1487,2026-01-12,2026-02-11
5787,1488,2025-07-10,2025-08-09
5788,1488,2025-08-19,2025-09-18
5789,1488,2025-10-05,2025-11-04
5790,1488,2025-11-13,2025-12-13
5791,1488,2025-12-18,2026-01-17
5792,1488,2026-01-30,2026-03-01
5793,1489,2025-10-19,2025-11-18
5794,1489,2025-11-25,2025-12-25
5795,1489,2026-01-01,2026-01-31
5796,1489,2026-02-07,2026-03-09
5797,1489,2026-03-23,2026-04-22
5798,1489,2026-05-07,2026-06-06
5799,1489,2026-06-28,2026-07-28
5800,1490,2025-10-08,2025-11-07
5801,1490,2025-11-24,2025-12-24
5802,1490,2025-12-30,2026-01-29
5803,1490,2026-02-16,2026-03-18
5804,1491,2025-10-13,2025-11-12
5805,1491,2025-12-03,2026-01-02
5806,1491,2026-01-05,2026-02-04
5807,1491,2026-02-11,2026-03-13
5808,1492,2026-01-12,2026-02-11
5809,1493,2025-08-07,2025-09-06
5810,1493,2025-09-26,2025-10-26
5811,1493,2025-11-05,2025-12-05
5812,1493,2025-12-19,2026-01-18
5813,1493,2026-02-07,2026-03-09
5814,1493,2026-03-14,2026-04-13
5815,1494,2025-09-25,2025-10-25
5816,1494,2025-11-08,2025-12-08
5817,1494,2025-12-17,2026-01-16
5818,1494,2026-02-04,2026-03-06
5819,1494,2026-03-08,2026-04-07
5820,1495,2025-05-30,2025-06-29
5821,1495,2025-07-04,2025-08-03
5822,1495,2025-08-12,2025-09-11
5823,1495,2025-10-01,2025-10-31
5824,1495,2025-11-12,2025-12-12
5825,1495,2025-12-15,2026-01-14
5826,1495,2026-02-02,2026-03-04
5827,1496,2026-04-21,2026-05-21
5828,1496,2026-06-11,2026-07-11
5829,1496,2026-07-12,2026-08-11
5830,1497,2025-10-27,2025-11-26
5831,1498,2025-12-06,2026-01-05
5832,1498,2026-01-21,2026-02-20
5833,1498,2026-03-04,2026-04-03
5834,1498,2026-04-20,2026-05-20
5835,1499,2026-01-28,2026-02-27
5836,1500,2026-05-14,2026-06-13
5837,1500,2026-06-30,2026-07-30
5838,1501,2025-12-27,2026-01-26
5839,1501,2026-02-05,2026-03-07
5840,1501,2026-03-16,2026-04-15
5841,1501,2026-05-06,2026-06-05
5842,1501,2026-06-08,2026-07-08
5843,1501,2026-07-10,2026-08-09
5844,1502,2026-03-28,2026-04-27
5845,1503,2025-07-09,2025-08-08
5846,1504,2025-09-10,2025-10-10
5847,1504,2025-10-21,2025-11-20
5848,1504,2025-11-23,2025-12-23
5849,1504,2026-01-14,2026-02-13
5850,1505,2025-10-31,2025-11-30
5851,1505,2025-12-07,2026-01-06
5852,1505,2026-01-23,2026-02-22
5853,1505,2026-03-15,2026-04-14
5854,1505,2026-05-05,2026-06-04
5855,1505,2026-06-08,2026-07-08
5856,1505,2026-07-17,2026-08-16
5857,1506,2026-02-15,2026-03-17
5858,1506,2026-04-02,2026-05-02
5859,1506,2026-05-12,2026-06-11
5860,1506,2026-06-26,2026-07-26
5861,1506,2026-08-06,2026-09-05
5862,1506,2026-09-17,2026-10-17
5863,1507,2025-08-16,2025-09-15
5864,1508,2026-02-24,2026-03-26
5865,1508,2026-03-30,2026-04-29
5866,1508,2026-05-12,2026-06-11
5867,1508,2026-06-28,2026-07-28
5868,1508,2026-08-08,2026-09-07
5869,1509,2026-01-05,2026-02-04
5870,1509,2026-02-08,2026-03-10
5871,1509,2026-03-26,2026-04-25
5872,1510,2025-12-22,2026-01-21
5873,1510,2026-01-23,2026-02-22
5874,1510,2026-02-25,2026-03-27
5875,1510,2026-04-16,2026-05-16
5876,1510,2026-05-18,2026-06-17
5877,1511,2025-07-07,2025-08-06
5878,1511,2025-08-19,2025-09-18
5879,1511,2025-10-08,2025-11-07
5880,1511,2025-11-24,2025-12-24
5881,1512,2026-01-26,2026-02-25
5882,1512,2026-03-13,2026-04-12
5883,1512,2026-04-16,2026-05-16
5884,1512,2026-05-30,2026-06-29
5885,1512,2026-07-02,2026-08-01
5886,1512,2026-08-05,2026-09-04
5887,1513,2025-09-18,2025-10-18
5888,1513,2025-11-01,2025-12-01
5889,1513,2025-12-18,2026-01-17
5890,1513,2026-01-31,2026-03-02
5891,1513,2026-03-06,2026-04-05
5892,1514,2025-12-08,2026-01-07
5893,1514,2026-01-23,2026-02-22
5894,1514,2026-03-07,2026-04-06
5895,1514,2026-04-21,2026-05-21
5896,1514,2026-06-02,2026-07-02
5897,1515,2025-06-07,2025-07-07
5898,1515,2025-07-14,2025-08-13
5899,1515,2025-09-04,2025-10-04
5900,1515,2025-10-11,2025-11-10
5901,1515,2025-11-16,2025-12-16
5902,1515,2025-12-30,2026-01-29
5903,1516,2025-09-23,2025-10-23
5904,1516,2025-11-03,2025-12-03
5905,1516,2025-12-04,2026-01-03
5906,1516,2026-01-14,2026-02-13
5907,1517,2026-04-15,2026-05-15
5908,1517,2026-05-22,2026-06-21
5909,1518,2025-10-24,2025-11-23
5910,1518,2025-11-26,2025-12-26
5911,1518,2026-01-14,2026-02-13
5912,1519,2026-05-10,2026-06-09
5913,1519,2026-06-24,2026-07-24
5914,1519,2026-07-29,2026-08-28
5915,1519,2026-09-15,2026-10-15
5916,1520,2025-12-01,2025-12-31
5917,1520,2026-01-08,2026-02-07
5918,1521,2025-09-10,2025-10-10
5919,1521,2025-10-27,2025-11-26
5920,1521,2025-12-02,2026-01-01
5921,1521,2026-01-11,2026-02-10
5922,1521,2026-02-16,2026-03-18
5923,1522,2025-09-05,2025-10-05
5924,1522,2025-10-09,2025-11-08
5925,1522,2025-11-23,2025-12-23
5926,1522,2026-01-08,2026-02-07
5927,1523,2025-12-19,2026-01-18
5928,1523,2026-01-21,2026-02-20
5929,1523,2026-03-14,2026-04-13
5930,1523,2026-04-24,2026-05-24
5931,1523,2026-06-11,2026-07-11
5932,1524,2026-03-13,2026-04-12
5933,1524,2026-04-30,2026-05-30
5934,1524,2026-06-15,2026-07-15
5935,1524,2026-08-04,2026-09-03
5936,1525,2025-05-20,2025-06-19
5937,1526,2025-07-20,2025-08-19
5938,1526,2025-08-30,2025-09-29
5939,1527,2026-01-25,2026-02-24
5940,1527,2026-03-02,2026-04-01
5941,1528,2026-02-04,2026-03-06
5942,1528,2026-03-20,2026-04-19
5943,1528,2026-05-08,2026-06-07
5944,1528,2026-06-25,2026-07-25
5945,1528,2026-08-15,2026-09-14
5946,1528,2026-09-22,2026-10-22
5947,1528,2026-10-31,2026-11-30
5948,1529,2026-04-29,2026-05-29
5949,1530,2026-04-04,2026-05-04
5950,1530,2026-05-09,2026-06-08
5951,1531,2026-03-11,2026-04-10
5952,1531,2026-04-24,2026-05-24
5953,1531,2026-05-28,2026-06-27
5954,1532,2026-02-22,2026-03-24
5955,1533,2025-11-03,2025-12-03
5956,1533,2025-12-04,2026-01-03
5957,1533,2026-01-21,2026-02-20
5958,1533,2026-03-11,2026-04-10
5959,1533,2026-04-26,2026-05-26
5960,1533,2026-05-31,2026-06-30
5961,1533,2026-07-01,2026-07-31
5962,1534,2026-01-31,2026-03-02
5963,1534,2026-03-20,2026-04-19
5964,1534,2026-04-25,2026-05-25
5965,1534,2026-06-10,2026-07-10
5966,1535,2026-03-05,2026-04-04
5967,1535,2026-04-08,2026-05-08
5968,1535,2026-05-12,2026-06-11
5969,1535,2026-06-28,2026-07-28
5970,1536,2025-12-16,2026-01-15
5971,1536,2026-01-20,2026-02-19
5972,1537,2026-01-19,2026-02-18
5973,1537,2026-03-03,2026-04-02
5974,1537,2026-04-09,2026-05-09
5975,1537,2026-05-10,2026-06-09
5976,1537,2026-06-29,2026-07-29
5977,1537,2026-07-31,2026-08-30
5978,1538,2025-07-03,2025-08-02
5979,1538,2025-08-07,2025-09-06
5980,1538,2025-09-09,2025-10-09
5981,1538,2025-10-11,2025-11-10
5982,1539,2025-08-22,2025-09-21
5983,1539,2025-09-26,2025-10-26
5984,1539,2025-11-02,2025-12-02
5985,1539,2025-12-12,2026-01-11
5986,1539,2026-02-02,2026-03-04
5987,1539,2026-03-14,2026-04-13
5988,1540,2025-06-12,2025-07-12
5989,1540,2025-07-24,2025-08-23
5990,1541,2025-07-12,2025-08-11
5991,1541,2025-08-27,2025-09-26
5992,1541,2025-09-30,2025-10-30
5993,1541,2025-11-19,2025-12-19
5994,1542,2026-01-30,2026-03-01
5995,1543,2025-10-05,2025-11-04
5996,1543,2025-11-08,2025-12-08
5997,1543,2025-12-21,2026-01-20
5998,1543,2026-02-01,2026-03-03
5999,1543,2026-03-23,2026-04-22
6000,1543,2026-05-06,2026-06-05
6001,1544,2026-01-23,2026-02-22
6002,1544,2026-03-07,2026-04-06
6003,1544,2026-04-21,2026-05-21
6004,1544,2026-06-04,2026-07-04
6005,1544,2026-07-14,2026-08-13
6006,1544,2026-08-15,2026-09-14
6007,1544,2026-10-04,2026-11-03
6008,1545,2025-06-30,2025-07-30
6009,1545,2025-08-16,2025-09-15
6010,1545,2025-09-23,2025-10-23
6011,1545,2025-10-30,2025-11-29
6012,1545,2025-12-09,2026-01-08
6013,1545,2026-01-17,2026-02-16
6014,1546,2026-02-27,2026-03-29
6015,1547,2026-03-09,2026-04-08
6016,1547,2026-04-18,2026-05-18
6017,1548,2025-06-05,2025-07-05
6018,1548,2025-07-27,2025-08-26
6019,1548,2025-09-07,2025-10-07
6020,1548,2025-10-14,2025-11-13
6021,1548,2025-11-28,2025-12-28
6022,1548,2026-01-17,2026-02-16
6023,1549,2025-12-29,2026-01-28
6024,1549,2026-02-02,2026-03-04
6025,1549,2026-03-07,2026-04-06
6026,1549,2026-04-25,2026-05-25
6027,1549,2026-05-28,2026-06-27
6028,1549,2026-07-06,2026-08-05
6029,1550,2025-12-05,2026-01-04
6030,1550,2026-01-19,2026-02-18
6031,1550,2026-02-19,2026-03-21
6032,1550,2026-04-02,2026-05-02
6033,1550,2026-05-12,2026-06-11
6034,1551,2025-08-16,2025-09-15
6035,1551,2025-09-29,2025-10-29
6036,1551,2025-10-31,2025-11-30
6037,1551,2025-12-04,2026-01-03
6038,1551,2026-01-14,2026-02-13
6039,1551,2026-03-01,2026-03-31
6040,1552,2026-04-19,2026-05-19
6041,1552,2026-05-22,2026-06-21
6042,1552,2026-07-02,2026-08-01
6043,1552,2026-08-03,2026-09-02
6044,1552,2026-09-06,2026-10-06
6045,1553,2026-01-02,2026-02-01
6046,1554,2025-10-26,2025-11-25
6047,1554,2025-11-26,2025-12-26
6048,1554,2026-01-12,2026-02-11
6049,1554,2026-02-13,2026-03-15
6050,1555,2025-08-26,2025-09-25
6051,1555,2025-10-13,2025-11-12
6052,1555,2025-12-01,2025-12-31
6053,1555,2026-01-07,2026-02-06
6054,1556,2025-06-17,2025-07-17
6055,1556,2025-07-28,2025-08-27
6056,1556,2025-09-16,2025-10-16
6057,1557,2025-08-11,2025-09-10
6058,1557,2025-09-17,2025-10-17
6059,1557,2025-10-25,2025-11-24
6060,1557,2025-12-05,2026-01-04
6061,1557,2026-01-14,2026-02-13
6062,1557,2026-03-02,2026-04-01
6063,1557,2026-04-18,2026-05-18
6064,1558,2025-09-12,2025-10-12
6065,1558,2025-10-15,2025-11-14
6066,1558,2025-12-04,2026-01-03
6067,1559,2025-10-07,2025-11-06
6068,1560,2025-10-15,2025-11-14
6069,1560,2025-12-03,2026-01-02
6070,1560,2026-01-05,2026-02-04
6071,1560,2026-02-13,2026-03-15
6072,1561,2026-02-11,2026-03-13
6073,1561,2026-03-27,2026-04-26
6074,1562,2025-05-31,2025-06-30
6075,1562,2025-07-22,2025-08-21
6076,1562,2025-08-29,2025-09-28
6077,1562,2025-10-03,2025-11-02
6078,1563,2025-05-19,2025-06-18
6079,1563,2025-07-04,2025-08-03
6080,1564,2026-01-14,2026-02-13
6081,1564,2026-02-27,2026-03-29
6082,1564,2026-04-10,2026-05-10
6083,1564,2026-05-15,2026-06-14
6084,1564,2026-07-01,2026-07-31
6085,1564,2026-08-05,2026-09-04
6086,1564,2026-09-14,2026-10-14
6087,1565,2026-01-28,2026-02-27
6088,1565,2026-03-08,2026-04-07
6089,1565,2026-04-26,2026-05-26
6090,1565,2026-06-01,2026-07-01
6091,1565,2026-07-17,2026-08-16
6092,1566,2026-04-03,2026-05-03
6093,1566,2026-05-04,2026-06-03
6094,1567,2026-01-17,2026-02-16
6095,1567,2026-03-10,2026-04-09
6096,1567,2026-05-01,2026-05-31
6097,1567,2026-06-05,2026-07-05
6098,1567,2026-07-06,2026-08-05
6099,1567,2026-08-23,2026-09-22
6100,1567,2026-10-05,2026-11-04
6101,1568,2025-10-10,2025-11-09
6102,1569,2025-08-19,2025-09-18
6103,1569,2025-09-19,2025-10-19
6104,1569,2025-10-30,2025-11-29
6105,1569,2025-12-02,2026-01-01
6106,1569,2026-01-20,2026-02-19
6107,1569,2026-02-20,2026-03-22
6108,1570,2026-02-24,2026-03-26
6109,1570,2026-04-04,2026-05-04
6110,1570,2026-05-11,2026-06-10
6111,1570,2026-06-15,2026-07-15
6112,1570,2026-07-31,2026-08-30
6113,1570,2026-09-03,2026-10-03
6114,1570,2026-10-16,2026-11-15
6115,1571,2026-04-27,2026-05-27
6116,1571,2026-06-17,2026-07-17
6117,1572,2025-08-14,2025-09-13
6118,1572,2025-09-27,2025-10-27
6119,1573,2025-12-12,2026-01-11
6120,1573,2026-01-31,2026-03-02
6121,1574,2025-11-09,2025-12-09
6122,1574,2025-12-12,2026-01-11
6123,1574,2026-01-13,2026-02-12
6124,1574,2026-02-14,2026-03-16
6125,1574,2026-03-18,2026-04-17
6126,1574,2026-05-06,2026-06-05
6127,1574,2026-06-07,2026-07-07
6128,1575,2026-02-11,2026-03-13
6129,1575,2026-04-01,2026-05-01
6130,1575,2026-05-09,2026-06-08
6131,1575,2026-06-11,2026-07-11
6132,1575,2026-07-29,2026-08-28
6133,1575,2026-09-12,2026-10-12
6134,1575,2026-10-29,2026-11-28
6135,1576,2025-07-15,2025-08-14
6136,1576,2025-08-24,2025-09-23
6137,1576,2025-10-11,2025-11-10
6138,1576,2025-11-12,2025-12-12
6139,1576,2025-12-18,2026-01-17
6140,1576,2026-02-03,2026-03-05
6141,1577,2026-01-26,2026-02-25
6142,1577,2026-03-06,2026-04-05
6143,1578,2025-06-03,2025-07-03
6144,1578,2025-07-23,2025-08-22
6145,1578,2025-08-28,2025-09-27
6146,1579,2025-07-20,2025-08-19
6147,1579,2025-09-08,2025-10-08
6148,1579,2025-10-16,2025-11-15
6149,1579,2025-11-17,2025-12-17
6150,1579,2025-12-26,2026-01-25
6151,1579,2026-02-02,2026-03-04
6152,1580,2025-12-11,2026-01-10
6153,1580,2026-01-24,2026-02-23
6154,1580,2026-02-26,2026-03-28
6155,1580,2026-04-05,2026-05-05
6156,1581,2025-10-24,2025-11-23
6157,1581,2025-12-11,2026-01-10
6158,1581,2026-01-31,2026-03-02
6159,1581,2026-03-03,2026-04-02
6160,1582,2025-10-07,2025-11-06
6161,1582,2025-11-11,2025-12-11
6162,1582,2025-12-16,2026-01-15
6163,1582,2026-02-06,2026-03-08
6164,1582,2026-03-29,2026-04-28
6165,1582,2026-05-12,2026-06-11
6166,1582,2026-06-28,2026-07-28
6167,1583,2025-09-30,2025-10-30
6168,1583,2025-11-09,2025-12-09
6169,1583,2025-12-24,2026-01-23
6170,1584,2026-03-27,2026-04-26
6171,1584,2026-04-27,2026-05-27
6172,1584,2026-06-08,2026-07-08
6173,1584,2026-07-16,2026-08-15
6174,1584,2026-08-18,2026-09-17
6175,1584,2026-09-20,2026-10-20
6176,1584,2026-10-22,2026-11-21
6177,1585,2025-06-02,2025-07-02
6178,1585,2025-07-09,2025-08-08
6179,1585,2025-08-30,2025-09-29
6180,1585,2025-10-07,2025-11-06
6181,1585,2025-11-07,2025-12-07
6182,1585,2025-12-27,2026-01-26
6183,1586,2025-12-09,2026-01-08
6184,1586,2026-01-28,2026-02-27
6185,1586,2026-03-14,2026-04-13
6186,1586,2026-05-03,2026-06-02
6187,1587,2026-03-03,2026-04-02
6188,1587,2026-04-06,2026-05-06
6189,1587,2026-05-24,2026-06-23
6190,1588,2026-02-05,2026-03-07
6191,1589,2026-01-22,2026-02-21
6192,1589,2026-03-13,2026-04-12
6193,1589,2026-04-20,2026-05-20
6194,1589,2026-06-05,2026-07-05
6195,1589,2026-07-19,2026-08-18
6196,1589,2026-08-30,2026-09-29
6197,1590,2026-04-26,2026-05-26
6198,1591,2026-01-17,2026-02-16
6199,1591,2026-03-02,2026-04-01
6200,1591,2026-04-17,2026-05-17
6201,1591,2026-05-21,2026-06-20
6202,1591,2026-07-07,2026-08-06
6203,1591,2026-08-22,2026-09-21
6204,1591,2026-10-07,2026-11-06
6205,1592,2026-04-08,2026-05-08
6206,1592,2026-05-30,2026-06-29
6207,1592,2026-07-16,2026-08-15
6208,1592,2026-09-02,2026-10-02
6209,1592,2026-10-09,2026-11-08
6210,1592,2026-11-22,2026-12-22
6211,1592,2026-12-30,2027-01-29
6212,1593,2025-10-12,2025-11-11
6213,1593,2025-12-03,2026-01-02
6214,1593,2026-01-24,2026-02-23
6215,1593,2026-03-07,2026-04-06
6216,1593,2026-04-07,2026-05-07
6217,1594,2025-10-10,2025-11-09
6218,1594,2025-11-30,2025-12-30
6219,1594,2026-01-05,2026-02-04
6220,1594,2026-02-19,2026-03-21
6221,1594,2026-04-03,2026-05-03
6222,1594,2026-05-09,2026-06-08
6223,1595,2026-04-22,2026-05-22
6224,1595,2026-06-05,2026-07-05
6225,1596,2026-05-03,2026-06-02
6226,1596,2026-06-19,2026-07-19
6227,1596,2026-08-05,2026-09-04
6228,1596,2026-09-05,2026-10-05
6229,1597,2026-04-08,2026-05-08
6230,1597,2026-05-23,2026-06-22
6231,1597,2026-07-13,2026-08-12
6232,1597,2026-08-25,2026-09-24
6233,1597,2026-09-27,2026-10-27
6234,1597,2026-11-09,2026-12-09
6235,1598,2025-10-23,2025-11-22
6236,1598,2025-12-10,2026-01-09
6237,1599,2026-01-23,2026-02-22
6238,1599,2026-03-14,2026-04-13
6239,1599,2026-04-14,2026-05-14
6240,1599,2026-05-29,2026-06-28
6241,1599,2026-07-08,2026-08-07
6242,1600,2025-08-17,2025-09-16
6243,1600,2025-09-27,2025-10-27
6244,1600,2025-11-15,2025-12-15
6245,1600,2026-01-02,2026-02-01
6246,1600,2026-02-05,2026-03-07
6247,1601,2025-12-29,2026-01-28
6248,1601,2026-02-17,2026-03-19
6249,1601,2026-04-04,2026-05-04
6250,1602,2026-02-27,2026-03-29
6251,1602,2026-04-12,2026-05-12
6252,1602,2026-05-23,2026-06-22
6253,1602,2026-07-12,2026-08-11
6254,1603,2025-10-21,2025-11-20
6255,1603,2025-11-21,2025-12-21
6256,1603,2026-01-08,2026-02-07
6257,1603,2026-02-14,2026-03-16
6258,1604,2025-09-03,2025-10-03
6259,1604,2025-10-04,2025-11-03
6260,1604,2025-11-14,2025-12-14
6261,1605,2025-10-26,2025-11-25
6262,1606,2025-12-18,2026-01-17
6263,1606,2026-01-21,2026-02-20
6264,1606,2026-03-05,2026-04-04
6265,1606,2026-04-15,2026-05-15
6266,1606,2026-05-31,2026-06-30
6267,1606,2026-07-18,2026-08-17
6268,1606,2026-09-05,2026-10-05
6269,1607,2025-05-18,2025-06-17
6270,1607,2025-06-22,2025-07-22
6271,1607,2025-08-10,2025-09-09
6272,1607,2025-09-21,2025-10-21
6273,1607,2025-11-03,2025-12-03
6274,1608,2025-06-16,2025-07-16
6275,1608,2025-08-03,2025-09-02
6276,1608,2025-09-20,2025-10-20
6277,1608,2025-11-04,2025-12-04
6278,1608,2025-12-07,2026-01-06
6279,1608,2026-01-27,2026-02-26
6280,1608,2026-03-02,2026-04-01
6281,1609,2026-05-15,2026-06-14
6282,1609,2026-06-16,2026-07-16
6283,1609,2026-07-18,2026-08-17
6284,1609,2026-09-07,2026-10-07
6285,1609,2026-10-19,2026-11-18
6286,1610,2025-10-12,2025-11-11
6287,1611,2025-12-13,2026-01-12
6288,1611,2026-02-01,2026-03-03
6289,1611,2026-03-24,2026-04-23
6290,1612,2025-12-27,2026-01-26
6291,1612,2026-02-13,2026-03-15
6292,1612,2026-03-31,2026-04-30
6293,1612,2026-05-12,2026-06-11
6294,1612,2026-07-02,2026-08-01
6295,1613,2025-08-18,2025-09-17
6296,1614,2025-06-16,2025-07-16
6297,1615,2026-03-11,2026-04-10
6298,1615,2026-04-14,2026-05-14
6299,1616,2025-10-22,2025-11-21
6300,1616,2025-12-02,2026-01-01
6301,1616,2026-01-22,2026-02-21
6302,1616,2026-02-22,2026-03-24
6303,1616,2026-03-27,2026-04-26
6304,1616,2026-05-17,2026-06-16
6305,1617,2026-05-05,2026-06-04
6306,1617,2026-06-20,2026-07-20
6307,1617,2026-07-29,2026-08-28
6308,1617,2026-09-03,2026-10-03
6309,1618,2026-03-17,2026-04-16
6310,1618,2026-04-29,2026-05-29
6311,1618,2026-06-20,2026-07-20
6312,1618,2026-08-10,2026-09-09
6313,1618,2026-09-29,2026-10-29
6314,1618,2026-11-10,2026-12-10
6315,1618,2026-12-15,2027-01-14
6316,1619,2025-06-01,2025-07-01
6317,1619,2025-07-08,2025-08-07
6318,1620,2026-04-28,2026-05-28
6319,1620,2026-06-01,2026-07-01
6320,1620,2026-07-22,2026-08-21
6321,1620,2026-09-08,2026-10-08
6322,1620,2026-10-09,2026-11-08
6323,1621,2025-05-15,2025-06-14
6324,1621,2025-06-15,2025-07-15
6325,1622,2025-10-30,2025-11-29
6326,1622,2025-11-30,2025-12-30
6327,1622,2026-01-04,2026-02-03
6328,1622,2026-02-12,2026-03-14
6329,1622,2026-03-20,2026-04-19
6330,1622,2026-05-02,2026-06-01
6331,1623,2026-02-23,2026-03-25
6332,1623,2026-03-30,2026-04-29
6333,1623,2026-05-08,2026-06-07
6334,1623,2026-06-26,2026-07-26
6335,1623,2026-08-10,2026-09-09
6336,1623,2026-09-21,2026-10-21
6337,1624,2025-05-18,2025-06-17
6338,1624,2025-06-18,2025-07-18
6339,1624,2025-07-29,2025-08-28
6340,1624,2025-09-13,2025-10-13
6341,1625,2026-03-20,2026-04-19
6342,1625,2026-04-29,2026-05-29
6343,1625,2026-06-11,2026-07-11
6344,1625,2026-08-02,2026-09-01
6345,1625,2026-09-21,2026-10-21
6346,1625,2026-11-02,2026-12-02
6347,1625,2026-12-16,2027-01-15
6348,1626,2025-07-06,2025-08-05
6349,1626,2025-08-14,2025-09-13
6350,1626,2025-09-15,2025-10-15
6351,1626,2025-10-28,2025-11-27
6352,1626,2025-12-15,2026-01-14
6353,1626,2026-01-30,2026-03-01
6354,1626,2026-03-08,2026-04-07
6355,1627,2026-03-05,2026-04-04
6356,1627,2026-04-13,2026-05-13
6357,1627,2026-05-25,2026-06-24
6358,1627,2026-07-02,2026-08-01
6359,1627,2026-08-10,2026-09-09
6360,1627,2026-09-20,2026-10-20
6361,1628,2025-07-15,2025-08-14
6362,1628,2025-09-04,2025-10-04
6363,1628,2025-10-18,2025-11-17
6364,1629,2025-09-19,2025-10-19
6365,1629,2025-10-31,2025-11-30
6366,1629,2025-12-17,2026-01-16
6367,1629,2026-01-23,2026-02-22
6368,1629,2026-03-16,2026-04-15
6369,1630,2026-04-27,2026-05-27
6370,1630,2026-06-06,2026-07-06
6371,1630,2026-07-24,2026-08-23
6372,1630,2026-08-31,2026-09-30
6373,1630,2026-10-22,2026-11-21
6374,1631,2025-11-07,2025-12-07
6375,1631,2025-12-21,2026-01-20
6376,1631,2026-02-10,2026-03-12
6377,1631,2026-03-18,2026-04-17
6378,1631,2026-05-01,2026-05-31
6379,1631,2026-06-16,2026-07-16
6380,1632,2026-01-09,2026-02-08
6381,1632,2026-02-18,2026-03-20
6382,1632,2026-04-06,2026-05-06
6383,1632,2026-05-17,2026-06-16
6384,1633,2025-12-20,2026-01-19
6385,1633,2026-02-10,2026-03-12
6386,1634,2026-01-15,2026-02-14
6387,1634,2026-03-03,2026-04-02
6388,1634,2026-04-18,2026-05-18
6389,1634,2026-05-19,2026-06-18
6390,1635,2026-03-01,2026-03-31
6391,1635,2026-04-08,2026-05-08
6392,1635,2026-05-14,2026-06-13
6393,1635,2026-07-04,2026-08-03
6394,1635,2026-08-17,2026-09-16
6395,1636,2025-05-29,2025-06-28
6396,1636,2025-07-20,2025-08-19
6397,1636,2025-09-09,2025-10-09
6398,1636,2025-10-18,2025-11-17
6399,1636,2025-11-27,2025-12-27
6400,1637,2026-01-04,2026-02-03
6401,1637,2026-02-23,2026-03-25
6402,1637,2026-04-05,2026-05-05
6403,1637,2026-05-23,2026-06-22
6404,1637,2026-06-24,2026-07-24
6405,1637,2026-08-05,2026-09-04
6406,1637,2026-09-05,2026-10-05
6407,1638,2026-04-10,2026-05-10
6408,1638,2026-05-22,2026-06-21
6409,1638,2026-06-23,2026-07-23
6410,1639,2025-09-08,2025-10-08
6411,1639,2025-10-17,2025-11-16
6412,1640,2025-06-08,2025-07-08
6413,1640,2025-07-09,2025-08-08
6414,1640,2025-08-10,2025-09-09
6415,1640,2025-09-24,2025-10-24
6416,1641,2025-11-29,2025-12-29
6417,1641,2026-01-18,2026-02-17
6418,1641,2026-02-24,2026-03-26
6419,1642,2026-01-24,2026-02-23
6420,1643,2026-04-16,2026-05-16
6421,1643,2026-05-21,2026-06-20
6422,1644,2025-09-21,2025-10-21
6423,1644,2025-11-11,2025-12-11
6424,1644,2025-12-23,2026-01-22
6425,1645,2025-10-13,2025-11-12
6426,1645,2025-11-20,2025-12-20
6427,1645,2026-01-07,2026-02-06
6428,1645,2026-02-07,2026-03-09
6429,1645,2026-03-12,2026-04-11
6430,1645,2026-04-25,2026-05-25
6431,1646,2025-10-08,2025-11-07
6432,1646,2025-11-19,2025-12-19
6433,1646,2025-12-23,2026-01-22
6434,1647,2025-10-19,2025-11-18
6435,1648,2025-09-04,2025-10-04
6436,1649,2025-05-20,2025-06-19
6437,1650,2025-07-23,2025-08-22
6438,1651,2026-03-17,2026-04-16
6439,1651,2026-04-19,2026-05-19
6440,1651,2026-05-24,2026-06-23
6441,1652,2025-08-05,2025-09-04
6442,1652,2025-09-26,2025-10-26
6443,1652,2025-11-17,2025-12-17
6444,1652,2026-01-08,2026-02-07
6445,1652,2026-03-01,2026-03-31
6446,1653,2026-04-09,2026-05-09
6447,1653,2026-05-25,2026-06-24
6448,1653,2026-07-14,2026-08-13
6449,1653,2026-08-24,2026-09-23
6450,1653,2026-09-30,2026-10-30
6451,1653,2026-11-02,2026-12-02
6452,1653,2026-12-06,2027-01-05
6453,1654,2025-12-17,2026-01-16
6454,1654,2026-02-07,2026-03-09
6455,1655,2026-05-10,2026-06-09
6456,1655,2026-06-18,2026-07-18
6457,1655,2026-07-24,2026-08-23
6458,1655,2026-09-05,2026-10-05
6459,1655,2026-10-17,2026-11-16
6460,1656,2026-04-07,2026-05-07
6461,1656,2026-05-12,2026-06-11
6462,1656,2026-06-29,2026-07-29
6463,1656,2026-08-12,2026-09-11
6464,1657,2026-03-18,2026-04-17
6465,1657,2026-05-09,2026-06-08
6466,1657,2026-06-20,2026-07-20
6467,1657,2026-07-24,2026-08-23
6468,1658,2025-08-08,2025-09-07
6469,1658,2025-09-23,2025-10-23
6470,1658,2025-10-31,2025-11-30
6471,1658,2025-12-17,2026-01-16
6472,1658,2026-01-23,2026-02-22
6473,1659,2025-08-18,2025-09-17
6474,1659,2025-09-29,2025-10-29
6475,1659,2025-11-08,2025-12-08
6476,1659,2025-12-19,2026-01-18
6477,1659,2026-01-21,2026-02-20
6478,1659,2026-03-01,2026-03-31
6479,1660,2025-06-03,2025-07-03
6480,1660,2025-07-05,2025-08-04
6481,1660,2025-08-24,2025-09-23
6482,1660,2025-10-14,2025-11-13
6483,1660,2025-11-16,2025-12-16
6484,1660,2026-01-04,2026-02-03
6485,1660,2026-02-11,2026-03-13
6486,1661,2025-07-23,2025-08-22
6487,1662,2025-10-12,2025-11-11
6488,1662,2025-11-23,2025-12-23
6489,1662,2026-01-04,2026-02-03
6490,1662,2026-02-14,2026-03-16
6491,1662,2026-04-07,2026-05-07
6492,1662,2026-05-15,2026-06-14
6493,1663,2026-03-16,2026-04-15
6494,1663,2026-04-29,2026-05-29
6495,1663,2026-06-03,2026-07-03
6496,1663,2026-07-19,2026-08-18
6497,1663,2026-08-24,2026-09-23
6498,1663,2026-10-11,2026-11-10
6499,1664,2025-12-20,2026-01-19
6500,1664,2026-01-26,2026-02-25
6501,1664,2026-03-05,2026-04-04
6502,1664,2026-04-19,2026-05-19
6503,1665,2026-02-18,2026-03-20
6504,1665,2026-03-25,2026-04-24
6505,1665,2026-04-27,2026-05-27
6506,1665,2026-06-18,2026-07-18
6507,1666,2025-05-22,2025-06-21
6508,1666,2025-07-03,2025-08-02
6509,1666,2025-08-16,2025-09-15
6510,1666,2025-09-21,2025-10-21
6511,1666,2025-11-04,2025-12-04
6512,1666,2025-12-13,2026-01-12
6513,1666,2026-01-16,2026-02-15
6514,1667,2026-04-12,2026-05-12
6515,1667,2026-05-13,2026-06-12
6516,1667,2026-06-29,2026-07-29
6517,1667,2026-08-07,2026-09-06
6518,1667,2026-09-23,2026-10-23
6519,1667,2026-10-27,2026-11-26
6520,1667,2026-12-13,2027-01-12
6521,1668,2025-07-29,2025-08-28
6522,1668,2025-09-03,2025-10-03
6523,1668,2025-10-04,2025-11-03
6524,1668,2025-11-22,2025-12-22
6525,1669,2025-05-29,2025-06-28
6526,1670,2026-03-03,2026-04-02
6527,1670,2026-04-22,2026-05-22
6528,1671,2025-10-08,2025-11-07
6529,1671,2025-11-15,2025-12-15
6530,1672,2026-03-02,2026-04-01
6531,1672,2026-04-04,2026-05-04
6532,1672,2026-05-18,2026-06-17
6533,1672,2026-07-03,2026-08-02
6534,1672,2026-08-04,2026-09-03
6535,1673,2025-12-07,2026-01-06
6536,1673,2026-01-17,2026-02-16
6537,1673,2026-03-08,2026-04-07
6538,1674,2025-06-01,2025-07-01
6539,1674,2025-07-06,2025-08-05
6540,1674,2025-08-27,2025-09-26
6541,1674,2025-10-10,2025-11-09
6542,1674,2025-11-24,2025-12-24
6543,1675,2026-02-01,2026-03-03
6544,1675,2026-03-09,2026-04-08
6545,1675,2026-04-15,2026-05-15
6546,1675,2026-05-24,2026-06-23
6547,1675,2026-07-01,2026-07-31
6548,1675,2026-08-17,2026-09-16
6549,1676,2026-02-16,2026-03-18
6550,1676,2026-03-28,2026-04-27
6551,1676,2026-05-14,2026-06-13
6552,1676,2026-06-25,2026-07-25
6553,1676,2026-07-28,2026-08-27
6554,1677,2025-11-10,2025-12-10
6555,1677,2025-12-12,2026-01-11
6556,1677,2026-01-16,2026-02-15
6557,1678,2025-07-03,2025-08-02
6558,1678,2025-08-15,2025-09-14
6559,1678,2025-09-24,2025-10-24
6560,1678,2025-11-05,2025-12-05
6561,1678,2025-12-07,2026-01-06
6562,1679,2026-01-02,2026-02-01
6563,1679,2026-02-07,2026-03-09
6564,1680,2025-09-23,2025-10-23
6565,1681,2026-04-27,2026-05-27
6566,1681,2026-06-08,2026-07-08
6567,1682,2025-12-08,2026-01-07
6568,1682,2026-01-22,2026-02-21
6569,1682,2026-02-27,2026-03-29
6570,1682,2026-04-18,2026-05-18
6571,1683,2025-10-13,2025-11-12
6572,1684,2026-03-17,2026-04-16
6573,1684,2026-04-17,2026-05-17
6574,1684,2026-05-27,2026-06-26
6575,1685,2025-12-23,2026-01-22
6576,1685,2026-01-25,2026-02-24
6577,1685,2026-03-13,2026-04-12
6578,1686,2025-06-14,2025-07-14
6579,1686,2025-07-22,2025-08-21
6580,1686,2025-09-04,2025-10-04
6581,1686,2025-10-24,2025-11-23
6582,1686,2025-12-05,2026-01-04
6583,1686,2026-01-12,2026-02-11
6584,1687,2025-08-27,2025-09-26
6585,1688,2025-08-24,2025-09-23
6586,1688,2025-10-09,2025-11-08
6587,1688,2025-11-12,2025-12-12
6588,1688,2026-01-03,2026-02-02
6589,1688,2026-02-23,2026-03-25
6590,1689,2026-04-26,2026-05-26
6591,1689,2026-06-09,2026-07-09
6592,1689,2026-07-14,2026-08-13
6593,1690,2025-11-16,2025-12-16
6594,1690,2026-01-07,2026-02-06
6595,1690,2026-02-21,2026-03-23
6596,1690,2026-04-12,2026-05-12
6597,1690,2026-05-17,2026-06-16
6598,1691,2026-01-30,2026-03-01
6599,1691,2026-03-04,2026-04-03
6600,1691,2026-04-18,2026-05-18
6601,1691,2026-05-25,2026-06-24
6602,1691,2026-06-30,2026-07-30
6603,1691,2026-08-16,2026-09-15
6604,1691,2026-09-19,2026-10-19
6605,1692,2026-04-11,2026-05-11
6606,1692,2026-05-14,2026-06-13
6607,1693,2026-03-26,2026-04-25
6608,1693,2026-05-11,2026-06-10
6609,1693,2026-06-18,2026-07-18
6610,1693,2026-08-07,2026-09-06
6611,1693,2026-09-11,2026-10-11
6612,1693,2026-10-17,2026-11-16
6613,1694,2025-10-26,2025-11-25
6614,1694,2025-12-03,2026-01-02
6615,1694,2026-01-15,2026-02-14
6616,1694,2026-03-05,2026-04-04
6617,1694,2026-04-07,2026-05-07
6618,1695,2026-04-21,2026-05-21
6619,1695,2026-06-12,2026-07-12
6620,1695,2026-07-27,2026-08-26
6621,1695,2026-09-09,2026-10-09
6622,1696,2026-02-27,2026-03-29
6623,1697,2026-04-20,2026-05-20
6624,1697,2026-06-06,2026-07-06
6625,1698,2025-10-22,2025-11-21
6626,1698,2025-11-22,2025-12-22
6627,1698,2026-01-06,2026-02-05
6628,1698,2026-02-26,2026-03-28
6629,1699,2025-11-17,2025-12-17
6630,1699,2026-01-06,2026-02-05
6631,1699,2026-02-08,2026-03-10
6632,1700,2025-07-01,2025-07-31
6633,1700,2025-08-02,2025-09-01
6634,1700,2025-09-10,2025-10-10
6635,1700,2025-10-19,2025-11-18
6636,1700,2025-11-29,2025-12-29
6637,1700,2025-12-31,2026-01-30
6638,1700,2026-01-31,2026-03-02
6639,1701,2026-03-14,2026-04-13
6640,1702,2026-01-09,2026-02-08
6641,1702,2026-02-16,2026-03-18
6642,1702,2026-04-05,2026-05-05
6643,1702,2026-05-21,2026-06-20
6644,1703,2026-01-21,2026-02-20
6645,1703,2026-02-27,2026-03-29
6646,1703,2026-04-08,2026-05-08
6647,1703,2026-05-29,2026-06-28
6648,1703,2026-07-10,2026-08-09
6649,1704,2025-08-04,2025-09-03
6650,1704,2025-09-14,2025-10-14
6651,1705,2025-08-22,2025-09-21
6652,1705,2025-10-04,2025-11-03
6653,1705,2025-11-05,2025-12-05
6654,1705,2025-12-13,2026-01-12
6655,1706,2026-04-04,2026-05-04
6656,1706,2026-05-13,2026-06-12
6657,1706,2026-06-13,2026-07-13
6658,1706,2026-08-02,2026-09-01
6659,1706,2026-09-08,2026-10-08
6660,1706,2026-10-17,2026-11-16
6661,1706,2026-11-30,2026-12-30
6662,1707,2025-10-20,2025-11-19
6663,1707,2025-12-11,2026-01-10
6664,1707,2026-01-22,2026-02-21
6665,1707,2026-03-03,2026-04-02
6666,1707,2026-04-23,2026-05-23
6667,1707,2026-05-26,2026-06-25
6668,1708,2025-07-10,2025-08-09
6669,1708,2025-08-17,2025-09-16
6670,1708,2025-09-30,2025-10-30
6671,1708,2025-11-17,2025-12-17
6672,1708,2026-01-03,2026-02-02
6673,1708,2026-02-06,2026-03-08
6674,1709,2025-11-18,2025-12-18
6675,1710,2026-04-11,2026-05-11
6676,1710,2026-05-26,2026-06-25
6677,1710,2026-07-01,2026-07-31
6678,1710,2026-08-03,2026-09-02
6679,1710,2026-09-04,2026-10-04
6680,1710,2026-10-15,2026-11-14
6681,1711,2025-07-05,2025-08-04
6682,1711,2025-08-13,2025-09-12
6683,1712,2025-09-11,2025-10-11
6684,1713,2025-06-24,2025-07-24
6685,1713,2025-07-29,2025-08-28
6686,1713,2025-08-29,2025-09-28
6687,1714,2025-08-07,2025-09-06
6688,1714,2025-09-28,2025-10-28
6689,1715,2026-05-12,2026-06-11
6690,1715,2026-06-19,2026-07-19
6691,1716,2025-07-18,2025-08-17
6692,1717,2025-05-31,2025-06-30
6693,1717,2025-07-22,2025-08-21
6694,1717,2025-09-03,2025-10-03
6695,1717,2025-10-20,2025-11-19
6696,1717,2025-11-23,2025-12-23
6697,1717,2026-01-13,2026-02-12
6698,1718,2026-04-28,2026-05-28
6699,1718,2026-05-29,2026-06-28
6700,1719,2025-11-01,2025-12-01
6701,1719,2025-12-23,2026-01-22
6702,1719,2026-02-13,2026-03-15
6703,1719,2026-04-06,2026-05-06
6704,1719,2026-05-09,2026-06-08
6705,1720,2025-12-09,2026-01-08
6706,1720,2026-01-16,2026-02-15
6707,1720,2026-02-28,2026-03-30
6708,1720,2026-04-19,2026-05-19
6709,1720,2026-05-20,2026-06-19
6710,1720,2026-07-04,2026-08-03
6711,1721,2025-12-30,2026-01-29
6712,1721,2026-02-19,2026-03-21
6713,1721,2026-04-06,2026-05-06
6714,1721,2026-05-20,2026-06-19
6715,1721,2026-07-05,2026-08-04
6716,1722,2025-09-20,2025-10-20
6717,1723,2025-09-10,2025-10-10
6718,1723,2025-10-13,2025-11-12
6719,1723,2025-11-21,2025-12-21
6720,1724,2025-09-07,2025-10-07
6721,1724,2025-10-23,2025-11-22
6722,1724,2025-11-23,2025-12-23
6723,1724,2026-01-07,2026-02-06
6724,1724,2026-02-10,2026-03-12
6725,1724,2026-03-26,2026-04-25
6726,1724,2026-05-03,2026-06-02
6727,1725,2025-06-23,2025-07-23
6728,1725,2025-07-24,2025-08-23
6729,1725,2025-09-13,2025-10-13
6730,1725,2025-11-04,2025-12-04
6731,1725,2025-12-22,2026-01-21
6732,1726,2025-05-27,2025-06-26
6733,1726,2025-07-02,2025-08-01
6734,1726,2025-08-08,2025-09-07
6735,1727,2025-06-14,2025-07-14
6736,1728,2025-12-14,2026-01-13
6737,1729,2025-07-08,2025-08-07
6738,1729,2025-08-27,2025-09-26
6739,1729,2025-10-05,2025-11-04
6740,1729,2025-11-25,2025-12-25
6741,1729,2026-01-04,2026-02-03
6742,1729,2026-02-15,2026-03-17
6743,1729,2026-03-26,2026-04-25
6744,1730,2025-10-14,2025-11-13
6745,1730,2025-11-29,2025-12-29
6746,1730,2026-01-03,2026-02-02
6747,1730,2026-02-22,2026-03-24
6748,1731,2026-04-04,2026-05-04
6749,1731,2026-05-17,2026-06-16
6750,1731,2026-06-20,2026-07-20
6751,1732,2025-08-11,2025-09-10
6752,1732,2025-09-24,2025-10-24
6753,1733,2026-04-18,2026-05-18
6754,1734,2025-12-02,2026-01-01
6755,1734,2026-01-23,2026-02-22
6756,1734,2026-03-11,2026-04-10
6757,1734,2026-04-27,2026-05-27
6758,1735,2025-05-23,2025-06-22
6759,1735,2025-07-06,2025-08-05
6760,1735,2025-08-13,2025-09-12
6761,1735,2025-10-01,2025-10-31
6762,1735,2025-11-12,2025-12-12
6763,1735,2025-12-25,2026-01-24
6764,1735,2026-01-28,2026-02-27
6765,1736,2025-06-20,2025-07-20
6766,1736,2025-08-02,2025-09-01
6767,1736,2025-09-16,2025-10-16
6768,1736,2025-11-03,2025-12-03
6769,1736,2025-12-11,2026-01-10
6770,1736,2026-01-11,2026-02-10
6771,1737,2026-05-12,2026-06-11
6772,1737,2026-06-18,2026-07-18
6773,1737,2026-08-02,2026-09-01
6774,1738,2025-10-16,2025-11-15
6775,1738,2025-12-02,2026-01-01
6776,1739,2025-12-01,2025-12-31
6777,1739,2026-01-02,2026-02-01
6778,1739,2026-02-07,2026-03-09
6779,1739,2026-03-14,2026-04-13
6780,1739,2026-04-20,2026-05-20
6781,1739,2026-06-11,2026-07-11
6782,1740,2025-07-30,2025-08-29
6783,1740,2025-09-20,2025-10-20
6784,1740,2025-11-02,2025-12-02
6785,1740,2025-12-05,2026-01-04
6786,1740,2026-01-14,2026-02-13
6787,1740,2026-02-23,2026-03-25
6788,1741,2025-09-01,2025-10-01
6789,1741,2025-10-17,2025-11-16
6790,1741,2025-11-30,2025-12-30
6791,1741,2026-01-06,2026-02-05
6792,1742,2025-06-26,2025-07-26
6793,1743,2026-02-14,2026-03-16
6794,1744,2026-03-27,2026-04-26
6795,1744,2026-05-18,2026-06-17
6796,1744,2026-06-27,2026-07-27
6797,1744,2026-08-02,2026-09-01
6798,1745,2026-03-15,2026-04-14
6799,1745,2026-04-26,2026-05-26
6800,1745,2026-06-01,2026-07-01
6801,1745,2026-07-11,2026-08-10
6802,1745,2026-08-27,2026-09-26
6803,1745,2026-10-04,2026-11-03
6804,1746,2026-04-24,2026-05-24
6805,1746,2026-06-11,2026-07-11
6806,1746,2026-07-25,2026-08-24
6807,1746,2026-08-31,2026-09-30
6808,1746,2026-10-14,2026-11-13
6809,1747,2025-10-31,2025-11-30
6810,1747,2025-12-09,2026-01-08
6811,1747,2026-01-21,2026-02-20
6812,1747,2026-03-03,2026-04-02
6813,1748,2025-09-22,2025-10-22
6814,1748,2025-11-04,2025-12-04
6815,1748,2025-12-23,2026-01-22
6816,1748,2026-02-08,2026-03-10
6817,1748,2026-03-26,2026-04-25
6818,1749,2025-06-13,2025-07-13
6819,1749,2025-07-31,2025-08-30
6820,1750,2026-01-27,2026-02-26
6821,1750,2026-02-27,2026-03-29
6822,1750,2026-03-30,2026-04-29
6823,1750,2026-05-08,2026-06-07
6824,1750,2026-06-25,2026-07-25
6825,1750,2026-08-02,2026-09-01
6826,1750,2026-09-17,2026-10-17
6827,1751,2026-01-12,2026-02-11
6828,1751,2026-02-24,2026-03-26
6829,1751,2026-04-03,2026-05-03
6830,1751,2026-05-06,2026-06-05
6831,1751,2026-06-17,2026-07-17
6832,1752,2026-03-28,2026-04-27
6833,1752,2026-05-17,2026-06-16
6834,1753,2025-12-28,2026-01-27
6835,1753,2026-02-12,2026-03-14
6836,1753,2026-03-16,2026-04-15
6837,1753,2026-04-28,2026-05-28
6838,1753,2026-06-08,2026-07-08
6839,1753,2026-07-28,2026-08-27
6840,1754,2026-04-30,2026-05-30
6841,1754,2026-06-01,2026-07-01
6842,1754,2026-07-10,2026-08-09
6843,1755,2025-09-07,2025-10-07
6844,1755,2025-10-26,2025-11-25
6845,1755,2025-11-29,2025-12-29
6846,1755,2026-01-01,2026-01-31
6847,1756,2025-05-22,2025-06-21
6848,1756,2025-06-26,2025-07-26
6849,1756,2025-08-12,2025-09-11
6850,1756,2025-09-17,2025-10-17
6851,1757,2025-06-19,2025-07-19
6852,1757,2025-08-05,2025-09-04
6853,1757,2025-09-11,2025-10-11
6854,1757,2025-10-12,2025-11-11
6855,1758,2025-06-09,2025-07-09
6856,1758,2025-07-24,2025-08-23
6857,1758,2025-09-11,2025-10-11
6858,1758,2025-10-24,2025-11-23
6859,1758,2025-12-14,2026-01-13
6860,1759,2026-03-10,2026-04-09
6861,1759,2026-04-20,2026-05-20
6862,1759,2026-06-11,2026-07-11
6863,1759,2026-07-26,2026-08-25
6864,1759,2026-09-11,2026-10-11
6865,1759,2026-10-31,2026-11-30
6866,1759,2026-12-17,2027-01-16
6867,1760,2025-10-04,2025-11-03
6868,1760,2025-11-19,2025-12-19
6869,1760,2025-12-29,2026-01-28
6870,1761,2025-05-30,2025-06-29
6871,1761,2025-07-19,2025-08-18
6872,1761,2025-09-07,2025-10-07
6873,1761,2025-10-09,2025-11-08
6874,1761,2025-11-19,2025-12-19
6875,1762,2025-06-14,2025-07-14
6876,1762,2025-07-18,2025-08-17
6877,1762,2025-09-02,2025-10-02
6878,1762,2025-10-06,2025-11-05
6879,1762,2025-11-09,2025-12-09
6880,1762,2025-12-18,2026-01-17
6881,1762,2026-02-04,2026-03-06
6882,1763,2025-09-07,2025-10-07
6883,1763,2025-10-21,2025-11-20
6884,1763,2025-12-02,2026-01-01
6885,1763,2026-01-18,2026-02-17
6886,1763,2026-02-21,2026-03-23
6887,1763,2026-04-10,2026-05-10
6888,1763,2026-05-30,2026-06-29
6889,1764,2025-09-17,2025-10-17
6890,1764,2025-10-18,2025-11-17
6891,1764,2025-12-01,2025-12-31
6892,1764,2026-01-03,2026-02-02
6893,1764,2026-02-18,2026-03-20
6894,1764,2026-03-27,2026-04-26
6895,1765,2025-08-05,2025-09-04
6896,1765,2025-09-18,2025-10-18
6897,1765,2025-10-26,2025-11-25
6898,1765,2025-11-29,2025-12-29
6899,1765,2026-01-12,2026-02-11
6900,1765,2026-02-18,2026-03-20
6901,1765,2026-03-24,2026-04-23
6902,1766,2025-12-27,2026-01-26
6903,1766,2026-02-07,2026-03-09
6904,1766,2026-03-21,2026-04-20
6905,1766,2026-05-05,2026-06-04
6906,1766,2026-06-10,2026-07-10
6907,1767,2025-05-20,2025-06-19
6908,1768,2026-03-22,2026-04-21
6909,1768,2026-05-05,2026-06-04
6910,1768,2026-06-11,2026-07-11
6911,1769,2025-07-04,2025-08-03
6912,1769,2025-08-06,2025-09-05
6913,1769,2025-09-08,2025-10-08
6914,1769,2025-10-27,2025-11-26
6915,1769,2025-12-03,2026-01-02
6916,1770,2025-07-10,2025-08-09
6917,1770,2025-08-30,2025-09-29
6918,1770,2025-10-18,2025-11-17
6919,1770,2025-12-06,2026-01-05
6920,1770,2026-01-07,2026-02-06
6921,1770,2026-02-19,2026-03-21
6922,1770,2026-04-07,2026-05-07
6923,1771,2026-02-24,2026-03-26
6924,1771,2026-03-30,2026-04-29
6925,1771,2026-05-06,2026-06-05
6926,1771,2026-06-26,2026-07-26
6927,1771,2026-07-27,2026-08-26
6928,1771,2026-09-11,2026-10-11
6929,1772,2025-12-18,2026-01-17
6930,1772,2026-01-29,2026-02-28
6931,1772,2026-03-07,2026-04-06
6932,1772,2026-04-28,2026-05-28
6933,1773,2025-07-01,2025-07-31
6934,1774,2025-11-02,2025-12-02
6935,1774,2025-12-16,2026-01-15
6936,1774,2026-01-19,2026-02-18
6937,1774,2026-02-26,2026-03-28
6938,1774,2026-03-31,2026-04-30
6939,1774,2026-05-16,2026-06-15
6940,1774,2026-07-05,2026-08-04
6941,1775,2025-06-18,2025-07-18
6942,1775,2025-08-06,2025-09-05
6943,1775,2025-09-07,2025-10-07
6944,1776,2025-06-12,2025-07-12
6945,1776,2025-07-14,2025-08-13
6946,1776,2025-08-21,2025-09-20
6947,1777,2025-10-11,2025-11-10
6948,1777,2025-11-30,2025-12-30
6949,1777,2026-01-11,2026-02-10
6950,1777,2026-02-20,2026-03-22
6951,1777,2026-04-03,2026-05-03
6952,1777,2026-05-20,2026-06-19
6953,1778,2026-01-31,2026-03-02
6954,1778,2026-03-13,2026-04-12
6955,1778,2026-04-26,2026-05-26
6956,1778,2026-06-03,2026-07-03
6957,1778,2026-07-25,2026-08-24
6958,1779,2025-05-22,2025-06-21
6959,1779,2025-06-25,2025-07-25
6960,1779,2025-07-30,2025-08-29
6961,1779,2025-09-14,2025-10-14
6962,1779,2025-10-23,2025-11-22
6963,1780,2025-12-24,2026-01-23
6964,1780,2026-01-28,2026-02-27
6965,1780,2026-03-10,2026-04-09
6966,1780,2026-04-20,2026-05-20
6967,1780,2026-05-24,2026-06-23
6968,1781,2025-09-24,2025-10-24
6969,1781,2025-10-27,2025-11-26
6970,1781,2025-12-16,2026-01-15
6971,1781,2026-01-21,2026-02-20
6972,1781,2026-03-03,2026-04-02
6973,1781,2026-04-20,2026-05-20
6974,1781,2026-05-23,2026-06-22
6975,1782,2026-03-04,2026-04-03
6976,1782,2026-04-19,2026-05-19
6977,1782,2026-06-02,2026-07-02
6978,1782,2026-07-08,2026-08-07
6979,1782,2026-08-11,2026-09-10
6980,1782,2026-09-16,2026-10-16
6981,1783,2025-10-29,2025-11-28
6982,1783,2025-12-02,2026-01-01
6983,1783,2026-01-19,2026-02-18
6984,1783,2026-03-03,2026-04-02
6985,1784,2025-07-16,2025-08-15
6986,1784,2025-08-24,2025-09-23
6987,1784,2025-10-05,2025-11-04
6988,1784,2025-11-13,2025-12-13
6989,1784,2025-12-17,2026-01-16
6990,1785,2026-03-12,2026-04-11
6991,1785,2026-04-20,2026-05-20
6992,1785,2026-05-31,2026-06-30
6993,1785,2026-07-08,2026-08-07
6994,1785,2026-08-11,2026-09-10
6995,1785,2026-09-21,2026-10-21
6996,1786,2025-07-04,2025-08-03
6997,1786,2025-08-23,2025-09-22
6998,1787,2026-05-07,2026-06-06
6999,1788,2025-06-29,2025-07-29
7000,1788,2025-08-20,2025-09-19
7001,1788,2025-09-30,2025-10-30
7002,1788,2025-11-19,2025-12-19
7003,1789,2026-01-27,2026-02-26
7004,1789,2026-03-12,2026-04-11
7005,1789,2026-05-03,2026-06-02
7006,1789,2026-06-12,2026-07-12
7007,1789,2026-07-24,2026-08-23
7008,1789,2026-09-11,2026-10-11
7009,1790,2025-06-01,2025-07-01
7010,1790,2025-07-22,2025-08-21
7011,1790,2025-08-30,2025-09-29
7012,1790,2025-10-01,2025-10-31
7013,1791,2026-02-24,2026-03-26
7014,1791,2026-04-15,2026-05-15
7015,1791,2026-05-21,2026-06-20
7016,1791,2026-06-24,2026-07-24
7017,1791,2026-08-08,2026-09-07
7018,1791,2026-09-23,2026-10-23
7019,1792,2025-06-07,2025-07-07
7020,1792,2025-07-18,2025-08-17
7021,1792,2025-09-07,2025-10-07
7022,1792,2025-10-10,2025-11-09
7023,1792,2025-11-23,2025-12-23
7024,1792,2026-01-05,2026-02-04
7025,1792,2026-02-21,2026-03-23
7026,1793,2025-12-26,2026-01-25
7027,1794,2026-02-27,2026-03-29
7028,1794,2026-04-05,2026-05-05
7029,1794,2026-05-19,2026-06-18
7030,1794,2026-07-03,2026-08-02
7031,1794,2026-08-03,2026-09-02
7032,1795,2026-05-05,2026-06-04
7033,1795,2026-06-08,2026-07-08
7034,1795,2026-07-24,2026-08-23
7035,1795,2026-09-14,2026-10-14
7036,1795,2026-10-22,2026-11-21
7037,1795,2026-12-01,2026-12-31
7038,1796,2025-11-19,2025-12-19
7039,1796,2025-12-29,2026-01-28
7040,1796,2026-02-02,2026-03-04
7041,1796,2026-03-25,2026-04-24
7042,1796,2026-04-30,2026-05-30
7043,1796,2026-06-20,2026-07-20
7044,1797,2026-04-30,2026-05-30
7045,1797,2026-06-03,2026-07-03
7046,1797,2026-07-23,2026-08-22
7047,1797,2026-09-08,2026-10-08
7048,1797,2026-10-16,2026-11-15
7049,1797,2026-11-17,2026-12-17
7050,1798,2026-02-07,2026-03-09
7051,1798,2026-03-15,2026-04-14
7052,1798,2026-04-22,2026-05-22
7053,1798,2026-06-05,2026-07-05
7054,1798,2026-07-16,2026-08-15
7055,1798,2026-08-25,2026-09-24
7056,1799,2025-09-01,2025-10-01
7057,1800,2025-06-07,2025-07-07
7058,1800,2025-07-17,2025-08-16
7059,1800,2025-08-25,2025-09-24
7060,1800,2025-09-30,2025-10-30
7061,1800,2025-11-09,2025-12-09
7062,1800,2025-12-27,2026-01-26
7063,1801,2026-01-16,2026-02-15
7064,1801,2026-02-21,2026-03-23
7065,1802,2026-01-17,2026-02-16
7066,1802,2026-02-17,2026-03-19
7067,1803,2026-01-07,2026-02-06
7068,1803,2026-02-20,2026-03-22
7069,1803,2026-04-03,2026-05-03
7070,1804,2025-11-21,2025-12-21
7071,1805,2025-06-13,2025-07-13
7072,1805,2025-07-24,2025-08-23
7073,1805,2025-09-06,2025-10-06
7074,1805,2025-10-15,2025-11-14
7075,1805,2025-11-15,2025-12-15
7076,1805,2026-01-04,2026-02-03
7077,1806,2025-05-30,2025-06-29
7078,1806,2025-07-09,2025-08-08
7079,1806,2025-08-24,2025-09-23
7080,1807,2025-11-19,2025-12-19
7081,1807,2026-01-06,2026-02-05
7082,1808,2025-06-02,2025-07-02
7083,1808,2025-07-09,2025-08-08
7084,1808,2025-08-23,2025-09-22
7085,1808,2025-09-24,2025-10-24
7086,1808,2025-11-04,2025-12-04
7087,1808,2025-12-14,2026-01-13
7088,1809,2026-02-26,2026-03-28
7089,1809,2026-04-08,2026-05-08
7090,1810,2026-03-26,2026-04-25
7091,1810,2026-04-27,2026-05-27
7092,1810,2026-06-13,2026-07-13
7093,1810,2026-07-19,2026-08-18
7094,1810,2026-08-31,2026-09-30
7095,1810,2026-10-03,2026-11-02
7096,1811,2026-02-21,2026-03-23
7097,1811,2026-03-24,2026-04-23
7098,1811,2026-05-14,2026-06-13
7099,1811,2026-06-20,2026-07-20
7100,1811,2026-07-31,2026-08-30
7101,1811,2026-09-12,2026-10-12
7102,1811,2026-10-23,2026-11-22
7103,1812,2026-02-23,2026-03-25
7104,1812,2026-04-13,2026-05-13
7105,1812,2026-06-01,2026-07-01
7106,1813,2026-03-26,2026-04-25
7107,1814,2025-09-28,2025-10-28
7108,1814,2025-11-10,2025-12-10
7109,1814,2025-12-24,2026-01-23
7110,1814,2026-02-11,2026-03-13
7111,1815,2025-11-18,2025-12-18
7112,1815,2025-12-24,2026-01-23
7113,1815,2026-01-29,2026-02-28
7114,1815,2026-03-19,2026-04-18
7115,1816,2026-02-02,2026-03-04
7116,1816,2026-03-22,2026-04-21
7117,1817,2026-04-20,2026-05-20
7118,1818,2025-08-20,2025-09-19
7119,1819,2026-02-14,2026-03-16
7120,1819,2026-03-23,2026-04-22
7121,1819,2026-05-12,2026-06-11
7122,1819,2026-07-03,2026-08-02
7123,1819,2026-08-03,2026-09-02
7124,1819,2026-09-22,2026-10-22
7125,1819,2026-10-30,2026-11-29
7126,1820,2025-06-30,2025-07-30
7127,1820,2025-08-20,2025-09-19
7128,1821,2026-04-14,2026-05-14
7129,1821,2026-05-24,2026-06-23
7130,1821,2026-06-24,2026-07-24
7131,1821,2026-08-06,2026-09-05
7132,1821,2026-09-19,2026-10-19
7133,1821,2026-11-10,2026-12-10
7134,1821,2026-12-16,2027-01-15
7135,1822,2026-01-15,2026-02-14
7136,1822,2026-02-23,2026-03-25
7137,1822,2026-04-08,2026-05-08
7138,1822,2026-05-15,2026-06-14
7139,1822,2026-06-21,2026-07-21
7140,1822,2026-07-31,2026-08-30
7141,1823,2026-03-09,2026-04-08
7142,1823,2026-04-28,2026-05-28
7143,1823,2026-06-05,2026-07-05
7144,1823,2026-07-13,2026-08-12
7145,1823,2026-08-21,2026-09-20
7146,1824,2025-12-05,2026-01-04
7147,1824,2026-01-08,2026-02-07
7148,1824,2026-02-24,2026-03-26
7149,1824,2026-04-08,2026-05-08
7150,1825,2025-10-13,2025-11-12
7151,1825,2025-11-14,2025-12-14
7152,1825,2025-12-31,2026-01-30
7153,1825,2026-02-13,2026-03-15
7154,1825,2026-03-27,2026-04-26
7155,1826,2026-03-27,2026-04-26
7156,1826,2026-05-04,2026-06-03
7157,1827,2025-10-15,2025-11-14
7158,1827,2025-12-04,2026-01-03
7159,1828,2026-04-03,2026-05-03
7160,1828,2026-05-14,2026-06-13
7161,1828,2026-06-14,2026-07-14
7162,1828,2026-07-29,2026-08-28
7163,1828,2026-09-06,2026-10-06
7164,1829,2025-11-21,2025-12-21
7165,1829,2026-01-09,2026-02-08
7166,1829,2026-02-20,2026-03-22
7167,1830,2025-09-29,2025-10-29
7168,1830,2025-11-19,2025-12-19
7169,1830,2026-01-05,2026-02-04
7170,1830,2026-02-24,2026-03-26
7171,1830,2026-04-07,2026-05-07
7172,1830,2026-05-27,2026-06-26
7173,1830,2026-07-05,2026-08-04
7174,1831,2026-04-22,2026-05-22
7175,1831,2026-05-30,2026-06-29
7176,1831,2026-07-18,2026-08-17
7177,1831,2026-08-31,2026-09-30
7178,1831,2026-10-20,2026-11-19
7179,1831,2026-12-03,2027-01-02
7180,1831,2027-01-12,2027-02-11
7181,1832,2025-10-14,2025-11-13
7182,1832,2025-12-03,2026-01-02
7183,1833,2025-12-15,2026-01-14
7184,1833,2026-01-27,2026-02-26
7185,1833,2026-03-09,2026-04-08
7186,1833,2026-04-10,2026-05-10
7187,1833,2026-05-19,2026-06-18
7188,1833,2026-07-03,2026-08-02
7189,1833,2026-08-06,2026-09-05
7190,1834,2025-08-28,2025-09-27
7191,1834,2025-09-28,2025-10-28
7192,1834,2025-10-30,2025-11-29
7193,1834,2025-12-18,2026-01-17
7194,1834,2026-02-05,2026-03-07
7195,1835,2026-04-14,2026-05-14
7196,1835,2026-06-01,2026-07-01
7197,1835,2026-07-18,2026-08-17
7198,1836,2025-08-03,2025-09-02
7199,1836,2025-09-12,2025-10-12
7200,1837,2026-01-28,2026-02-27
7201,1837,2026-03-21,2026-04-20
7202,1837,2026-05-03,2026-06-02
7203,1837,2026-06-19,2026-07-19
7204,1837,2026-08-02,2026-09-01
7205,1837,2026-09-15,2026-10-15
7206,1838,2026-02-18,2026-03-20
7207,1838,2026-04-09,2026-05-09
7208,1838,2026-05-28,2026-06-27
7209,1838,2026-07-06,2026-08-05
7210,1838,2026-08-20,2026-09-19
7211,1839,2026-04-24,2026-05-24
7212,1839,2026-06-08,2026-07-08
7213,1839,2026-07-29,2026-08-28
7214,1839,2026-08-29,2026-09-28
7215,1840,2025-06-03,2025-07-03
7216,1840,2025-07-06,2025-08-05
7217,1840,2025-08-14,2025-09-13
7218,1840,2025-10-03,2025-11-02
7219,1840,2025-11-17,2025-12-17
7220,1841,2025-07-16,2025-08-15
7221,1842,2025-10-06,2025-11-05
7222,1842,2025-11-14,2025-12-14
7223,1842,2025-12-29,2026-01-28
7224,1842,2026-02-01,2026-03-03
7225,1842,2026-03-14,2026-04-13
7226,1842,2026-04-26,2026-05-26
7227,1842,2026-06-11,2026-07-11
7228,1843,2025-09-20,2025-10-20
7229,1843,2025-10-31,2025-11-30
7230,1843,2025-12-01,2025-12-31
7231,1843,2026-01-21,2026-02-20
7232,1844,2025-11-02,2025-12-02
7233,1845,2026-04-18,2026-05-18
7234,1845,2026-06-09,2026-07-09
7235,1845,2026-07-13,2026-08-12
7236,1845,2026-08-25,2026-09-24
7237,1846,2026-01-20,2026-02-19
7238,1846,2026-02-28,2026-03-30
7239,1846,2026-04-18,2026-05-18
7240,1846,2026-06-09,2026-07-09
7241,1846,2026-07-15,2026-08-14
7242,1846,2026-08-21,2026-09-20
7243,1847,2026-01-29,2026-02-28
7244,1847,2026-03-12,2026-04-11
7245,1847,2026-05-01,2026-05-31
7246,1847,2026-06-21,2026-07-21
7247,1847,2026-08-04,2026-09-03
7248,1847,2026-09-22,2026-10-22
7249,1848,2026-04-26,2026-05-26
7250,1848,2026-06-04,2026-07-04
7251,1848,2026-07-15,2026-08-14
7252,1849,2025-10-29,2025-11-28
7253,1849,2025-12-12,2026-01-11
7254,1849,2026-01-25,2026-02-24
7255,1849,2026-03-15,2026-04-14
7256,1849,2026-04-22,2026-05-22
7257,1849,2026-06-07,2026-07-07
7258,1850,2026-03-27,2026-04-26
7259,1850,2026-05-01,2026-05-31
7260,1850,2026-06-09,2026-07-09
7261,1851,2025-10-13,2025-11-12
7262,1851,2025-11-26,2025-12-26
7263,1851,2025-12-29,2026-01-28
7264,1851,2026-02-13,2026-03-15
7265,1851,2026-04-02,2026-05-02
7266,1851,2026-05-21,2026-06-20
7267,1851,2026-06-26,2026-07-26
7268,1852,2026-04-17,2026-05-17
7269,1852,2026-05-21,2026-06-20
7270,1852,2026-06-30,2026-07-30
7271,1852,2026-08-01,2026-08-31
7272,1852,2026-09-05,2026-10-05
7273,1852,2026-10-16,2026-11-15
7274,1852,2026-11-17,2026-12-17
7275,1853,2025-10-24,2025-11-23
7276,1853,2025-12-11,2026-01-10
7277,1853,2026-01-21,2026-02-20
7278,1853,2026-03-08,2026-04-07
7279,1853,2026-04-21,2026-05-21
7280,1853,2026-05-27,2026-06-26
7281,1853,2026-07-09,2026-08-08
7282,1854,2025-08-14,2025-09-13
7283,1854,2025-10-04,2025-11-03
7284,1854,2025-11-17,2025-12-17
7285,1854,2025-12-25,2026-01-24
7286,1854,2026-02-10,2026-03-12
7287,1855,2026-01-15,2026-02-14
7288,1855,2026-02-22,2026-03-24
7289,1855,2026-04-07,2026-05-07
7290,1856,2025-10-11,2025-11-10
7291,1856,2025-12-02,2026-01-01
7292,1856,2026-01-14,2026-02-13
7293,1856,2026-02-20,2026-03-22
7294,1856,2026-04-02,2026-05-02
7295,1856,2026-05-19,2026-06-18
7296,1856,2026-06-30,2026-07-30
7297,1857,2025-11-28,2025-12-28
7298,1858,2025-11-14,2025-12-14
7299,1858,2025-12-19,2026-01-18
7300,1858,2026-02-02,2026-03-04
7301,1858,2026-03-22,2026-04-21
7302,1858,2026-05-10,2026-06-09
7303,1858,2026-06-22,2026-07-22
7304,1858,2026-08-11,2026-09-10
7305,1859,2026-02-20,2026-03-22
7306,1860,2025-10-13,2025-11-12
7307,1860,2025-11-22,2025-12-22
7308,1861,2025-06-19,2025-07-19
7309,1861,2025-07-24,2025-08-23
7310,1861,2025-09-08,2025-10-08
7311,1861,2025-10-23,2025-11-22
7312,1861,2025-12-04,2026-01-03
7313,1862,2025-10-25,2025-11-24
7314,1862,2025-11-26,2025-12-26
7315,1862,2026-01-02,2026-02-01
7316,1862,2026-02-14,2026-03-16
7317,1863,2025-12-06,2026-01-05
7318,1863,2026-01-07,2026-02-06
7319,1863,2026-02-13,2026-03-15
7320,1863,2026-03-29,2026-04-28
7321,1864,2025-06-11,2025-07-11
7322,1864,2025-08-02,2025-09-01
7323,1864,2025-09-11,2025-10-11
7324,1865,2026-05-15,2026-06-14
7325,1865,2026-06-23,2026-07-23
7326,1865,2026-08-05,2026-09-04
7327,1865,2026-09-21,2026-10-21
7328,1865,2026-11-10,2026-12-10
7329,1865,2026-12-23,2027-01-22
7330,1866,2026-02-24,2026-03-26
7331,1866,2026-04-13,2026-05-13
7332,1867,2025-11-08,2025-12-08
7333,1867,2025-12-15,2026-01-14
7334,1867,2026-01-22,2026-02-21
7335,1867,2026-03-05,2026-04-04
7336,1867,2026-04-19,2026-05-19
7337,1867,2026-06-10,2026-07-10
7338,1868,2026-02-21,2026-03-23
7339,1869,2026-04-11,2026-05-11
7340,1869,2026-05-15,2026-06-14
7341,1869,2026-06-29,2026-07-29
7342,1869,2026-08-08,2026-09-07
7343,1870,2026-02-16,2026-03-18
7344,1870,2026-04-02,2026-05-02
7345,1870,2026-05-17,2026-06-16
7346,1870,2026-06-30,2026-07-30
7347,1870,2026-08-05,2026-09-04
7348,1870,2026-09-26,2026-10-26
7349,1870,2026-11-09,2026-12-09
7350,1871,2025-12-01,2025-12-31
7351,1871,2026-01-13,2026-02-12
7352,1871,2026-02-27,2026-03-29
7353,1871,2026-04-16,2026-05-16
7354,1872,2025-09-04,2025-10-04
7355,1872,2025-10-21,2025-11-20
7356,1872,2025-12-10,2026-01-09
7357,1872,2026-01-27,2026-02-26
7358,1872,2026-03-18,2026-04-17
7359,1872,2026-05-03,2026-06-02
7360,1873,2026-02-26,2026-03-28
7361,1873,2026-04-09,2026-05-09
7362,1873,2026-05-29,2026-06-28
7363,1874,2026-01-15,2026-02-14
7364,1874,2026-03-07,2026-04-06
7365,1874,2026-04-14,2026-05-14
7366,1874,2026-05-24,2026-06-23
7367,1874,2026-07-10,2026-08-09
7368,1874,2026-08-20,2026-09-19
7369,1875,2025-10-21,2025-11-20
7370,1875,2025-11-27,2025-12-27
7371,1875,2026-01-11,2026-02-10
7372,1875,2026-02-25,2026-03-27
7373,1875,2026-04-05,2026-05-05
7374,1876,2025-07-04,2025-08-03
7375,1876,2025-08-19,2025-09-18
7376,1876,2025-10-01,2025-10-31
7377,1876,2025-11-15,2025-12-15
7378,1876,2025-12-29,2026-01-28
7379,1876,2026-02-15,2026-03-17
7380,1876,2026-04-02,2026-05-02
7381,1877,2026-05-06,2026-06-05
7382,1878,2026-02-22,2026-03-24
7383,1879,2025-10-16,2025-11-15
7384,1879,2025-11-18,2025-12-18
7385,1879,2025-12-28,2026-01-27
7386,1879,2026-02-16,2026-03-18
7387,1880,2025-09-20,2025-10-20
7388,1880,2025-10-30,2025-11-29
7389,1880,2025-12-02,2026-01-01
7390,1881,2025-08-12,2025-09-11
7391,1881,2025-09-18,2025-10-18
7392,1881,2025-11-08,2025-12-08
7393,1882,2025-10-09,2025-11-08
7394,1883,2025-11-18,2025-12-18
7395,1884,2026-02-26,2026-03-28
7396,1884,2026-04-16,2026-05-16
7397,1884,2026-05-25,2026-06-24
7398,1884,2026-06-26,2026-07-26
7399,1884,2026-08-09,2026-09-08
7400,1884,2026-09-20,2026-10-20
7401,1885,2025-05-23,2025-06-22
7402,1885,2025-06-27,2025-07-27
7403,1885,2025-08-04,2025-09-03
7404,1886,2026-04-25,2026-05-25
7405,1886,2026-06-05,2026-07-05
7406,1886,2026-07-13,2026-08-12
7407,1886,2026-08-29,2026-09-28
7408,1886,2026-10-09,2026-11-08
7409,1886,2026-11-29,2026-12-29
7410,1887,2025-09-07,2025-10-07
7411,1887,2025-10-15,2025-11-14
7412,1887,2025-11-25,2025-12-25
7413,1887,2025-12-31,2026-01-30
7414,1888,2026-01-12,2026-02-11
7415,1888,2026-02-25,2026-03-27
7416,1888,2026-04-10,2026-05-10
7417,1888,2026-05-12,2026-06-11
7418,1888,2026-07-02,2026-08-01
7419,1888,2026-08-23,2026-09-22
7420,1888,2026-10-14,2026-11-13
7421,1889,2026-01-04,2026-02-03
7422,1889,2026-02-12,2026-03-14
7423,1889,2026-03-29,2026-04-28
7424,1889,2026-04-29,2026-05-29
7425,1889,2026-06-17,2026-07-17
7426,1889,2026-07-20,2026-08-19
7427,1889,2026-08-22,2026-09-21
7428,1890,2026-03-19,2026-04-18
7429,1890,2026-04-28,2026-05-28
7430,1890,2026-06-16,2026-07-16
7431,1890,2026-08-07,2026-09-06
7432,1890,2026-09-18,2026-10-18
7433,1890,2026-11-01,2026-12-01
7434,1891,2026-04-23,2026-05-23
7435,1892,2025-07-24,2025-08-23
7436,1892,2025-09-11,2025-10-11
7437,1892,2025-10-24,2025-11-23
7438,1892,2025-12-04,2026-01-03
7439,1892,2026-01-06,2026-02-05
7440,1893,2025-07-29,2025-08-28
7441,1893,2025-09-19,2025-10-19
7442,1893,2025-10-30,2025-11-29
7443,1893,2025-12-16,2026-01-15
7444,1893,2026-01-22,2026-02-21
7445,1894,2026-02-25,2026-03-27
7446,1894,2026-04-09,2026-05-09
7447,1894,2026-05-23,2026-06-22
7448,1894,2026-06-25,2026-07-25
7449,1894,2026-08-04,2026-09-03
7450,1894,2026-09-13,2026-10-13
7451,1894,2026-10-29,2026-11-28
7452,1895,2026-05-03,2026-06-02
7453,1895,2026-06-19,2026-07-19
7454,1895,2026-08-09,2026-09-08
7455,1895,2026-09-29,2026-10-29
7456,1896,2026-02-21,2026-03-23
7457,1896,2026-04-14,2026-05-14
7458,1896,2026-05-15,2026-06-14
7459,1896,2026-06-23,2026-07-23
7460,1896,2026-08-07,2026-09-06
7461,1897,2025-11-21,2025-12-21
7462,1897,2026-01-12,2026-02-11
7463,1897,2026-03-04,2026-04-03
7464,1897,2026-04-16,2026-05-16
7465,1898,2025-11-05,2025-12-05
7466,1898,2025-12-06,2026-01-05
7467,1899,2025-10-29,2025-11-28
7468,1899,2025-12-10,2026-01-09
7469,1899,2026-01-22,2026-02-21
7470,1899,2026-03-04,2026-04-03
7471,1899,2026-04-23,2026-05-23
7472,1899,2026-06-11,2026-07-11
7473,1900,2025-10-03,2025-11-02
7474,1901,2025-08-28,2025-09-27
7475,1901,2025-10-06,2025-11-05
7476,1901,2025-11-11,2025-12-11
7477,1901,2025-12-19,2026-01-18
7478,1901,2026-01-26,2026-02-25
7479,1902,2025-10-11,2025-11-10
7480,1902,2025-11-29,2025-12-29
7481,1902,2026-01-04,2026-02-03
7482,1902,2026-02-19,2026-03-21
7483,1902,2026-04-04,2026-05-04
7484,1902,2026-05-14,2026-06-13
7485,1903,2025-12-29,2026-01-28
7486,1903,2026-02-13,2026-03-15
7487,1903,2026-04-06,2026-05-06
7488,1904,2026-02-25,2026-03-27
7489,1904,2026-04-10,2026-05-10
7490,1904,2026-05-16,2026-06-15
7491,1904,2026-06-20,2026-07-20
7492,1904,2026-07-23,2026-08-22
7493,1905,2025-08-08,2025-09-07
7494,1906,2025-05-16,2025-06-15
7495,1906,2025-07-03,2025-08-02
7496,1907,2026-01-01,2026-01-31
7497,1907,2026-02-10,2026-03-12
7498,1907,2026-03-28,2026-04-27
7499,1907,2026-05-07,2026-06-06
7500,1908,2025-12-06,2026-01-05
7501,1908,2026-01-12,2026-02-11
7502,1908,2026-03-01,2026-03-31
7503,1908,2026-04-19,2026-05-19
7504,1908,2026-05-22,2026-06-21
7505,1908,2026-06-30,2026-07-30
7506,1908,2026-08-14,2026-09-13
7507,1909,2025-11-19,2025-12-19
7508,1909,2025-12-28,2026-01-27
7509,1909,2026-02-11,2026-03-13
7510,1910,2026-04-18,2026-05-18
7511,1910,2026-05-23,2026-06-22
7512,1910,2026-06-23,2026-07-23
7513,1910,2026-07-30,2026-08-29
7514,1910,2026-09-09,2026-10-09
7515,1910,2026-10-29,2026-11-28
7516,1910,2026-12-07,2027-01-06
7517,1911,2025-12-07,2026-01-06
7518,1912,2026-01-30,2026-03-01
7519,1912,2026-03-18,2026-04-17
7520,1913,2025-09-29,2025-10-29
7521,1913,2025-11-10,2025-12-10
7522,1913,2025-12-13,2026-01-12
7523,1913,2026-01-30,2026-03-01
7524,1913,2026-03-23,2026-04-22
7525,1913,2026-05-06,2026-06-05
7526,1914,2026-04-25,2026-05-25
7527,1914,2026-06-10,2026-07-10
7528,1914,2026-07-20,2026-08-19
7529,1915,2025-05-14,2025-06-13
7530,1915,2025-06-20,2025-07-20
7531,1916,2026-04-10,2026-05-10
7532,1917,2025-10-12,2025-11-11
7533,1917,2025-11-16,2025-12-16
7534,1918,2025-09-05,2025-10-05
7535,1918,2025-10-12,2025-11-11
7536,1918,2025-11-20,2025-12-20
7537,1918,2026-01-03,2026-02-02
7538,1918,2026-02-13,2026-03-15
7539,1919,2025-06-18,2025-07-18
7540,1919,2025-07-30,2025-08-29
7541,1919,2025-09-05,2025-10-05
7542,1919,2025-10-25,2025-11-24
7543,1919,2025-12-11,2026-01-10
7544,1919,2026-01-28,2026-02-27
7545,1919,2026-03-11,2026-04-10
7546,1920,2026-03-21,2026-04-20
7547,1920,2026-05-06,2026-06-05
7548,1921,2026-04-21,2026-05-21
7549,1921,2026-06-01,2026-07-01
7550,1921,2026-07-21,2026-08-20
7551,1921,2026-09-09,2026-10-09
7552,1921,2026-10-11,2026-11-10
7553,1922,2025-08-03,2025-09-02
7554,1922,2025-09-24,2025-10-24
7555,1922,2025-10-27,2025-11-26
7556,1922,2025-12-02,2026-01-01
7557,1922,2026-01-19,2026-02-18
7558,1923,2026-01-04,2026-02-03
7559,1923,2026-02-20,2026-03-22
7560,1923,2026-03-26,2026-04-25
7561,1924,2025-10-07,2025-11-06
7562,1924,2025-11-26,2025-12-26
7563,1924,2026-01-01,2026-01-31
7564,1924,2026-02-07,2026-03-09
7565,1925,2026-04-22,2026-05-22
7566,1925,2026-06-10,2026-07-10
7567,1926,2025-06-05,2025-07-05
7568,1926,2025-07-24,2025-08-23
7569,1926,2025-08-26,2025-09-25
7570,1927,2025-10-06,2025-11-05
7571,1927,2025-11-07,2025-12-07
7572,1927,2025-12-14,2026-01-13
7573,1927,2026-01-31,2026-03-02
7574,1927,2026-03-05,2026-04-04
7575,1927,2026-04-13,2026-05-13
7576,1928,2026-03-08,2026-04-07
7577,1928,2026-04-12,2026-05-12
7578,1929,2026-04-27,2026-05-27
7579,1929,2026-06-06,2026-07-06
7580,1929,2026-07-12,2026-08-11
7581,1929,2026-08-15,2026-09-14
7582,1929,2026-10-04,2026-11-03
7583,1929,2026-11-15,2026-12-15
7584,1929,2027-01-03,2027-02-02
7585,1930,2025-08-23,2025-09-22
7586,1930,2025-09-24,2025-10-24
7587,1930,2025-11-12,2025-12-12
7588,1930,2025-12-16,2026-01-15
7589,1930,2026-01-21,2026-02-20
7590,1930,2026-02-23,2026-03-25
7591,1931,2026-01-11,2026-02-10
7592,1931,2026-02-26,2026-03-28
7593,1931,2026-04-04,2026-05-04
7594,1932,2026-02-12,2026-03-14
7595,1933,2026-02-15,2026-03-17
7596,1933,2026-03-20,2026-04-19
7597,1933,2026-04-26,2026-05-26
7598,1933,2026-06-03,2026-07-03
7599,1933,2026-07-06,2026-08-05
7600,1933,2026-08-16,2026-09-15
7601,1934,2025-10-30,2025-11-29
7602,1934,2025-12-06,2026-01-05
7603,1934,2026-01-07,2026-02-06
7604,1935,2026-03-26,2026-04-25
7605,1935,2026-04-27,2026-05-27
7606,1935,2026-06-03,2026-07-03
7607,1936,2025-08-22,2025-09-21
7608,1936,2025-10-01,2025-10-31
7609,1936,2025-11-01,2025-12-01
7610,1936,2025-12-16,2026-01-15
7611,1936,2026-01-30,2026-03-01
7612,1936,2026-03-19,2026-04-18
7613,1936,2026-04-21,2026-05-21
7614,1937,2025-08-22,2025-09-21
7615,1937,2025-09-23,2025-10-23
7616,1937,2025-11-12,2025-12-12
7617,1937,2025-12-26,2026-01-25
7618,1937,2026-02-06,2026-03-08
7619,1937,2026-03-28,2026-04-27
7620,1938,2025-11-10,2025-12-10
7621,1938,2025-12-21,2026-01-20
7622,1938,2026-02-04,2026-03-06
7623,1939,2025-12-28,2026-01-27
7624,1939,2026-02-04,2026-03-06
7625,1939,2026-03-16,2026-04-15
7626,1939,2026-04-26,2026-05-26
7627,1939,2026-06-05,2026-07-05
7628,1939,2026-07-09,2026-08-08
7629,1940,2026-02-17,2026-03-19
7630,1940,2026-04-08,2026-05-08
7631,1940,2026-05-27,2026-06-26
7632,1940,2026-06-30,2026-07-30
7633,1940,2026-08-04,2026-09-03
7634,1940,2026-09-17,2026-10-17
7635,1941,2026-01-28,2026-02-27
7636,1941,2026-03-08,2026-04-07
7637,1941,2026-04-18,2026-05-18
7638,1941,2026-05-23,2026-06-22
7639,1941,2026-06-24,2026-07-24
7640,1941,2026-08-07,2026-09-06
7641,1941,2026-09-16,2026-10-16
7642,1942,2026-03-07,2026-04-06
7643,1943,2026-02-27,2026-03-29
7644,1944,2025-07-24,2025-08-23
7645,1944,2025-09-13,2025-10-13
7646,1944,2025-10-26,2025-11-25
7647,1944,2025-12-15,2026-01-14
7648,1944,2026-01-17,2026-02-16
7649,1944,2026-02-17,2026-03-19
7650,1945,2026-01-05,2026-02-04
7651,1945,2026-02-25,2026-03-27
7652,1945,2026-04-01,2026-05-01
7653,1945,2026-05-07,2026-06-06
7654,1945,2026-06-28,2026-07-28
7655,1945,2026-08-06,2026-09-05
7656,1945,2026-09-10,2026-10-10
7657,1946,2025-07-02,2025-08-01
7658,1946,2025-08-06,2025-09-05
7659,1946,2025-09-19,2025-10-19
7660,1946,2025-11-05,2025-12-05
7661,1947,2025-11-21,2025-12-21
7662,1947,2026-01-11,2026-02-10
7663,1948,2025-06-20,2025-07-20
7664,1948,2025-07-26,2025-08-25
7665,1948,2025-09-15,2025-10-15
7666,1949,2025-06-06,2025-07-06
7667,1949,2025-07-25,2025-08-24
7668,1949,2025-09-06,2025-10-06
7669,1949,2025-10-11,2025-11-10
7670,1949,2025-11-11,2025-12-11
7671,1949,2025-12-28,2026-01-27
7672,1949,2026-02-03,2026-03-05
7673,1950,2026-01-13,2026-02-12
7674,1950,2026-03-03,2026-04-02
7675,1950,2026-04-05,2026-05-05
7676,1951,2025-08-03,2025-09-02
7677,1952,2025-07-29,2025-08-28
7678,1952,2025-09-19,2025-10-19
7679,1953,2025-10-16,2025-11-15
7680,1953,2025-12-01,2025-12-31
7681,1953,2026-01-05,2026-02-04
7682,1953,2026-02-09,2026-03-11
7683,1953,2026-03-29,2026-04-28
7684,1953,2026-05-19,2026-06-18
7685,1954,2025-09-26,2025-10-26
7686,1955,2025-12-14,2026-01-13
7687,1955,2026-01-15,2026-02-14
7688,1956,2025-12-07,2026-01-06
7689,1956,2026-01-15,2026-02-14
7690,1956,2026-03-04,2026-04-03
7691,1956,2026-04-14,2026-05-14
7692,1956,2026-06-03,2026-07-03
7693,1956,2026-07-19,2026-08-18
7694,1957,2025-05-30,2025-06-29
7695,1957,2025-07-17,2025-08-16
7696,1957,2025-08-31,2025-09-30
7697,1958,2025-06-06,2025-07-06
7698,1958,2025-07-18,2025-08-17
7699,1959,2026-04-16,2026-05-16
7700,1959,2026-05-22,2026-06-21
7701,1959,2026-06-23,2026-07-23
7702,1960,2025-06-08,2025-07-08
7703,1960,2025-07-29,2025-08-28
7704,1960,2025-08-29,2025-09-28
7705,1960,2025-10-03,2025-11-02
7706,1960,2025-11-23,2025-12-23
7707,1960,2026-01-09,2026-02-08
7708,1961,2025-11-17,2025-12-17
7709,1962,2026-01-03,2026-02-02
7710,1962,2026-02-03,2026-03-05
7711,1962,2026-03-11,2026-04-10
7712,1963,2026-01-13,2026-02-12
7713,1963,2026-02-26,2026-03-28
7714,1963,2026-04-09,2026-05-09
7715,1964,2026-01-02,2026-02-01
7716,1964,2026-02-16,2026-03-18
7717,1964,2026-03-31,2026-04-30
7718,1964,2026-05-20,2026-06-19
7719,1965,2026-04-13,2026-05-13
7720,1966,2025-08-18,2025-09-17
7721,1966,2025-10-08,2025-11-07
7722,1966,2025-11-24,2025-12-24
7723,1967,2025-05-19,2025-06-18
7724,1967,2025-07-02,2025-08-01
7725,1967,2025-08-14,2025-09-13
7726,1967,2025-09-22,2025-10-22
7727,1967,2025-10-29,2025-11-28
7728,1968,2026-04-27,2026-05-27
7729,1969,2025-07-03,2025-08-02
7730,1969,2025-08-16,2025-09-15
7731,1969,2025-09-20,2025-10-20
7732,1969,2025-10-28,2025-11-27
7733,1969,2025-12-14,2026-01-13
7734,1969,2026-01-31,2026-03-02
7735,1970,2025-10-02,2025-11-01
7736,1970,2025-11-18,2025-12-18
7737,1970,2026-01-02,2026-02-01
7738,1970,2026-02-14,2026-03-16
7739,1970,2026-03-28,2026-04-27
7740,1971,2026-04-21,2026-05-21
7741,1971,2026-06-10,2026-07-10
7742,1971,2026-07-18,2026-08-17
7743,1971,2026-08-20,2026-09-19
7744,1971,2026-09-26,2026-10-26
7745,1971,2026-11-08,2026-12-08
7746,1972,2026-03-26,2026-04-25
7747,1973,2026-03-02,2026-04-01
7748,1973,2026-04-20,2026-05-20
7749,1974,2025-11-16,2025-12-16
7750,1975,2026-03-13,2026-04-12
7751,1975,2026-04-13,2026-05-13
7752,1975,2026-05-22,2026-06-21
7753,1975,2026-07-07,2026-08-06
7754,1975,2026-08-25,2026-09-24
7755,1976,2025-06-27,2025-07-27
7756,1976,2025-07-30,2025-08-29
7757,1976,2025-09-17,2025-10-17
7758,1976,2025-11-06,2025-12-06
7759,1976,2025-12-07,2026-01-06
7760,1976,2026-01-13,2026-02-12
7761,1977,2025-08-14,2025-09-13
7762,1978,2026-01-27,2026-02-26
7763,1979,2025-12-01,2025-12-31
7764,1979,2026-01-08,2026-02-07
7765,1979,2026-02-25,2026-03-27
7766,1979,2026-04-02,2026-05-02
7767,1979,2026-05-21,2026-06-20
7768,1980,2025-11-07,2025-12-07
7769,1980,2025-12-26,2026-01-25
7770,1980,2026-01-29,2026-02-28
7771,1981,2026-05-16,2026-06-15
7772,1981,2026-06-17,2026-07-17
7773,1981,2026-07-29,2026-08-28
7774,1981,2026-09-05,2026-10-05
7775,1982,2026-03-26,2026-04-25
7776,1982,2026-05-13,2026-06-12
7777,1982,2026-06-20,2026-07-20
7778,1982,2026-08-08,2026-09-07
7779,1983,2026-04-26,2026-05-26
7780,1984,2026-03-01,2026-03-31
7781,1984,2026-04-19,2026-05-19
7782,1985,2026-03-07,2026-04-06
7783,1985,2026-04-11,2026-05-11
7784,1985,2026-06-02,2026-07-02
7785,1985,2026-07-15,2026-08-14
7786,1985,2026-08-30,2026-09-29
7787,1985,2026-09-30,2026-10-30
7788,1986,2025-12-17,2026-01-16
7789,1986,2026-02-02,2026-03-04
7790,1986,2026-03-17,2026-04-16
7791,1987,2025-05-29,2025-06-28
7792,1987,2025-07-09,2025-08-08
7793,1987,2025-08-21,2025-09-20
7794,1987,2025-10-12,2025-11-11
7795,1987,2025-11-16,2025-12-16
7796,1988,2025-12-08,2026-01-07
7797,1988,2026-01-29,2026-02-28
7798,1989,2026-02-08,2026-03-10
7799,1989,2026-03-16,2026-04-15
7800,1989,2026-05-02,2026-06-01
7801,1989,2026-06-07,2026-07-07
7802,1989,2026-07-25,2026-08-24
7803,1990,2025-12-30,2026-01-29
7804,1990,2026-02-15,2026-03-17
7805,1990,2026-03-24,2026-04-23
7806,1990,2026-04-28,2026-05-28
7807,1990,2026-06-05,2026-07-05
7808,1990,2026-07-17,2026-08-16
7809,1990,2026-08-23,2026-09-22
7810,1991,2025-09-14,2025-10-14
7811,1991,2025-10-31,2025-11-30
7812,1991,2025-12-11,2026-01-10
7813,1991,2026-01-24,2026-02-23
7814,1992,2025-08-31,2025-09-30
7815,1992,2025-10-22,2025-11-21
7816,1992,2025-12-05,2026-01-04
7817,1992,2026-01-20,2026-02-19
7818,1992,2026-03-05,2026-04-04
7819,1992,2026-04-25,2026-05-25
7820,1993,2026-04-02,2026-05-02
7821,1993,2026-05-22,2026-06-21
7822,1993,2026-07-04,2026-08-03
7823,1993,2026-08-12,2026-09-11
7824,1993,2026-09-22,2026-10-22
7825,1994,2025-06-07,2025-07-07
7826,1994,2025-07-16,2025-08-15
7827,1995,2026-02-06,2026-03-08
7828,1995,2026-03-27,2026-04-26
7829,1995,2026-05-12,2026-06-11
7830,1995,2026-06-22,2026-07-22
7831,1995,2026-07-27,2026-08-26
7832,1996,2026-01-18,2026-02-17
7833,1996,2026-03-10,2026-04-09
7834,1997,2026-04-25,2026-05-25
7835,1998,2025-06-17,2025-07-17
7836,1998,2025-08-06,2025-09-05
7837,1998,2025-09-26,2025-10-26
7838,1999,2025-07-31,2025-08-30
7839,1999,2025-09-15,2025-10-15
7840,1999,2025-10-24,2025-11-23
7841,1999,2025-12-11,2026-01-10
7842,1999,2026-01-25,2026-02-24
7843,2000,2025-05-12,2025-06-11
7844,2001,2025-10-06,2025-11-05
7845,2001,2025-11-18,2025-12-18
7846,2001,2026-01-09,2026-02-08
7847,2002,2025-06-04,2025-07-04
7848,2002,2025-07-15,2025-08-14
7849,2002,2025-08-18,2025-09-17
7850,2002,2025-10-08,2025-11-07
7851,2003,2025-09-28,2025-10-28
7852,2003,2025-11-17,2025-12-17
7853,2003,2026-01-02,2026-02-01
7854,2003,2026-02-15,2026-03-17
7855,2003,2026-03-26,2026-04-25
7856,2003,2026-05-06,2026-06-05
7857,2003,2026-06-13,2026-07-13
7858,2004,2025-10-29,2025-11-28
7859,2004,2025-12-10,2026-01-09
7860,2004,2026-01-20,2026-02-19
7861,2004,2026-02-22,2026-03-24
7862,2004,2026-04-05,2026-05-05
7863,2005,2025-09-23,2025-10-23
7864,2005,2025-10-27,2025-11-26
7865,2005,2025-12-16,2026-01-15
7866,2005,2026-01-28,2026-02-27
7867,2006,2025-06-05,2025-07-05
7868,2006,2025-07-19,2025-08-18
7869,2006,2025-08-26,2025-09-25
7870,2006,2025-09-26,2025-10-26
7871,2006,2025-10-28,2025-11-27
7872,2007,2025-12-25,2026-01-24
7873,2007,2026-02-10,2026-03-12
7874,2008,2025-07-07,2025-08-06
7875,2009,2025-06-09,2025-07-09
7876,2009,2025-07-11,2025-08-10
7877,2009,2025-08-13,2025-09-12
7878,2009,2025-09-23,2025-10-23
7879,2009,2025-11-11,2025-12-11
7880,2009,2025-12-27,2026-01-26
7881,2009,2026-02-16,2026-03-18
7882,2010,2025-07-30,2025-08-29
7883,2010,2025-09-07,2025-10-07
7884,2011,2025-05-31,2025-06-30
7885,2011,2025-07-09,2025-08-08
7886,2012,2025-06-18,2025-07-18
7887,2012,2025-07-28,2025-08-27
7888,2012,2025-09-18,2025-10-18
7889,2012,2025-11-07,2025-12-07
7890,2012,2025-12-13,2026-01-12
7891,2012,2026-01-28,2026-02-27
7892,2012,2026-03-12,2026-04-11
7893,2013,2025-05-22,2025-06-21
7894,2013,2025-07-10,2025-08-09
7895,2013,2025-08-30,2025-09-29
7896,2013,2025-10-16,2025-11-15
7897,2013,2025-11-24,2025-12-24
7898,2014,2026-01-15,2026-02-14
7899,2014,2026-02-17,2026-03-19
7900,2014,2026-04-09,2026-05-09
7901,2014,2026-05-26,2026-06-25
7902,2014,2026-06-27,2026-07-27
7903,2014,2026-08-05,2026-09-04
7904,2015,2026-04-14,2026-05-14
7905,2015,2026-05-21,2026-06-20
7906,2015,2026-06-30,2026-07-30
7907,2015,2026-08-17,2026-09-16
7908,2015,2026-09-17,2026-10-17
7909,2015,2026-10-20,2026-11-19
7910,2015,2026-11-30,2026-12-30
7911,2016,2026-05-11,2026-06-10
7912,2016,2026-06-22,2026-07-22
7913,2016,2026-08-08,2026-09-07
7914,2016,2026-09-20,2026-10-20
7915,2017,2025-05-19,2025-06-18
7916,2017,2025-06-22,2025-07-22
7917,2017,2025-08-03,2025-09-02
7918,2017,2025-09-13,2025-10-13
7919,2017,2025-10-22,2025-11-21
7920,2017,2025-11-30,2025-12-30
7921,2018,2026-03-16,2026-04-15
7922,2019,2025-11-03,2025-12-03
7923,2019,2025-12-16,2026-01-15
7924,2019,2026-01-17,2026-02-16
7925,2019,2026-03-08,2026-04-07
7926,2019,2026-04-21,2026-05-21
7927,2020,2026-04-12,2026-05-12
7928,2020,2026-05-25,2026-06-24
7929,2020,2026-07-15,2026-08-14
7930,2020,2026-08-19,2026-09-18
7931,2020,2026-10-04,2026-11-03
7932,2020,2026-11-08,2026-12-08
7933,2020,2026-12-10,2027-01-09
7934,2021,2026-01-17,2026-02-16
7935,2021,2026-03-01,2026-03-31
7936,2021,2026-04-10,2026-05-10
7937,2022,2026-05-07,2026-06-06
7938,2022,2026-06-10,2026-07-10
7939,2022,2026-07-30,2026-08-29
7940,2022,2026-09-03,2026-10-03
7941,2022,2026-10-20,2026-11-19
7942,2023,2026-01-10,2026-02-09
7943,2023,2026-03-02,2026-04-01
7944,2023,2026-04-23,2026-05-23
7945,2023,2026-05-28,2026-06-27
7946,2024,2025-07-31,2025-08-30
7947,2024,2025-09-05,2025-10-05
7948,2024,2025-10-08,2025-11-07
7949,2025,2025-08-13,2025-09-12
7950,2025,2025-09-30,2025-10-30
7951,2025,2025-11-07,2025-12-07
7952,2026,2025-10-21,2025-11-20
7953,2026,2025-12-05,2026-01-04
7954,2026,2026-01-15,2026-02-14
7955,2026,2026-02-25,2026-03-27
7956,2026,2026-04-14,2026-05-14
7957,2026,2026-05-19,2026-06-18
7958,2027,2025-10-31,2025-11-30
7959,2027,2025-12-06,2026-01-05
7960,2028,2025-06-11,2025-07-11
7961,2028,2025-07-31,2025-08-30
7962,2028,2025-09-11,2025-10-11
7963,2029,2026-01-14,2026-02-13
7964,2029,2026-02-22,2026-03-24
7965,2029,2026-04-03,2026-05-03
7966,2029,2026-05-16,2026-06-15
7967,2030,2026-03-28,2026-04-27
7968,2030,2026-05-17,2026-06-16
7969,2030,2026-06-17,2026-07-17
7970,2030,2026-08-02,2026-09-01
7971,2031,2026-03-18,2026-04-17
7972,2032,2026-05-02,2026-06-01
7973,2033,2025-06-01,2025-07-01
7974,2034,2025-05-17,2025-06-16
7975,2034,2025-06-19,2025-07-19
7976,2034,2025-07-24,2025-08-23
7977,2035,2025-10-11,2025-11-10
7978,2035,2025-11-20,2025-12-20
7979,2035,2025-12-24,2026-01-23
7980,2035,2026-02-02,2026-03-04
7981,2035,2026-03-24,2026-04-23
7982,2035,2026-04-29,2026-05-29
7983,2036,2025-07-24,2025-08-23
7984,2036,2025-09-06,2025-10-06
7985,2037,2026-05-05,2026-06-04
7986,2037,2026-06-10,2026-07-10
7987,2037,2026-07-27,2026-08-26
7988,2037,2026-09-17,2026-10-17
7989,2037,2026-10-25,2026-11-24
7990,2038,2026-01-02,2026-02-01
7991,2038,2026-02-23,2026-03-25
7992,2038,2026-04-13,2026-05-13
7993,2038,2026-05-29,2026-06-28
7994,2038,2026-07-07,2026-08-06
7995,2038,2026-08-21,2026-09-20
7996,2038,2026-10-05,2026-11-04
7997,2039,2026-02-14,2026-03-16
7998,2039,2026-03-27,2026-04-26
7999,2039,2026-05-15,2026-06-14
8000,2040,2025-08-29,2025-09-28
8001,2040,2025-10-10,2025-11-09
8002,2040,2025-11-20,2025-12-20
8003,2040,2025-12-30,2026-01-29
8004,2041,2026-03-28,2026-04-27
8005,2041,2026-05-18,2026-06-17
8006,2041,2026-06-27,2026-07-27
8007,2042,2026-01-14,2026-02-13
8008,2042,2026-03-03,2026-04-02
8009,2042,2026-04-18,2026-05-18
8010,2042,2026-06-09,2026-07-09
8011,2042,2026-07-25,2026-08-24
8012,2042,2026-08-28,2026-09-27
8013,2042,2026-10-08,2026-11-07
8014,2043,2025-08-02,2025-09-01
8015,2043,2025-09-07,2025-10-07
8016,2043,2025-10-12,2025-11-11
8017,2043,2025-11-12,2025-12-12
8018,2043,2025-12-31,2026-01-30
8019,2043,2026-02-08,2026-03-10
8020,2043,2026-03-30,2026-04-29
8021,2044,2026-04-26,2026-05-26
8022,2044,2026-06-03,2026-07-03
8023,2044,2026-07-13,2026-08-12
8024,2044,2026-08-16,2026-09-15
8025,2045,2025-08-19,2025-09-18
8026,2045,2025-10-07,2025-11-06
8027,2046,2026-01-15,2026-02-14
8028,2046,2026-02-16,2026-03-18
8029,2046,2026-04-09,2026-05-09
8030,2046,2026-05-11,2026-06-10
8031,2047,2025-08-17,2025-09-16
8032,2048,2026-04-26,2026-05-26
8033,2048,2026-06-10,2026-07-10
8034,2048,2026-07-18,2026-08-17
8035,2049,2025-12-24,2026-01-23
8036,2049,2026-01-31,2026-03-02
8037,2049,2026-03-24,2026-04-23
8038,2049,2026-04-26,2026-05-26
8039,2049,2026-06-17,2026-07-17
8040,2050,2025-12-07,2026-01-06
8041,2050,2026-01-22,2026-02-21
8042,2050,2026-02-26,2026-03-28
8043,2050,2026-04-03,2026-05-03
8044,2050,2026-05-15,2026-06-14
8045,2050,2026-06-26,2026-07-26
8046,2051,2025-09-27,2025-10-27
8047,2051,2025-11-09,2025-12-09
8048,2051,2025-12-18,2026-01-17
8049,2051,2026-01-21,2026-02-20
8050,2051,2026-02-28,2026-03-30
8051,2052,2025-11-11,2025-12-11
8052,2052,2025-12-21,2026-01-20
8053,2052,2026-01-24,2026-02-23
8054,2053,2025-07-18,2025-08-17
8055,2053,2025-09-07,2025-10-07
8056,2053,2025-10-19,2025-11-18
8057,2053,2025-12-03,2026-01-02
8058,2053,2026-01-09,2026-02-08
8059,2054,2025-06-27,2025-07-27
8060,2054,2025-08-01,2025-08-31
8061,2054,2025-09-08,2025-10-08
8062,2054,2025-10-13,2025-11-12
8063,2054,2025-11-30,2025-12-30
8064,2054,2026-01-11,2026-02-10
8065,2055,2025-06-13,2025-07-13
8066,2055,2025-07-14,2025-08-13
8067,2055,2025-09-04,2025-10-04
8068,2056,2025-06-16,2025-07-16
8069,2056,2025-08-01,2025-08-31
8070,2056,2025-09-20,2025-10-20
8071,2056,2025-10-30,2025-11-29
8072,2056,2025-12-15,2026-01-14
8073,2056,2026-01-26,2026-02-25
8074,2056,2026-03-14,2026-04-13
8075,2057,2025-06-20,2025-07-20
8076,2057,2025-08-02,2025-09-01
8077,2057,2025-09-03,2025-10-03
8078,2057,2025-10-08,2025-11-07
8079,2057,2025-11-24,2025-12-24
8080,2057,2026-01-02,2026-02-01
8081,2058,2025-06-18,2025-07-18
8082,2058,2025-07-25,2025-08-24
8083,2058,2025-09-07,2025-10-07
8084,2058,2025-10-13,2025-11-12
8085,2058,2025-11-20,2025-12-20
8086,2058,2025-12-27,2026-01-26
8087,2059,2025-06-17,2025-07-17
8088,2059,2025-08-01,2025-08-31
8089,2059,2025-09-01,2025-10-01
8090,2059,2025-10-11,2025-11-10
8091,2059,2025-11-11,2025-12-11
8092,2059,2025-12-26,2026-01-25
8093,2059,2026-01-29,2026-02-28
8094,2060,2025-11-21,2025-12-21
8095,2060,2026-01-05,2026-02-04
8096,2060,2026-02-25,2026-03-27
8097,2060,2026-03-31,2026-04-30
8098,2061,2025-10-05,2025-11-04
8099,2061,2025-11-26,2025-12-26
8100,2061,2026-01-14,2026-02-13
8101,2061,2026-03-01,2026-03-31
8102,2061,2026-04-08,2026-05-08
8103,2061,2026-05-18,2026-06-17
8104,2062,2025-07-06,2025-08-05
8105,2062,2025-08-16,2025-09-15
8106,2062,2025-10-04,2025-11-03
8107,2062,2025-11-14,2025-12-14
8108,2062,2025-12-16,2026-01-15
8109,2063,2025-12-15,2026-01-14
8110,2063,2026-01-30,2026-03-01
8111,2063,2026-03-11,2026-04-10
8112,2063,2026-04-22,2026-05-22
8113,2063,2026-06-04,2026-07-04
8114,2063,2026-07-06,2026-08-05
8115,2064,2025-08-05,2025-09-04
8116,2064,2025-09-11,2025-10-11
8117,2064,2025-10-31,2025-11-30
8118,2064,2025-12-13,2026-01-12
8119,2065,2026-01-17,2026-02-16
8120,2066,2025-12-04,2026-01-03
8121,2066,2026-01-25,2026-02-24
8122,2066,2026-02-25,2026-03-27
8123,2067,2025-11-01,2025-12-01
8124,2067,2025-12-05,2026-01-04
8125,2067,2026-01-19,2026-02-18
8126,2067,2026-02-20,2026-03-22
8127,2067,2026-04-04,2026-05-04
8128,2067,2026-05-19,2026-06-18
8129,2067,2026-07-07,2026-08-06
8130,2068,2025-11-14,2025-12-14
8131,2068,2025-12-16,2026-01-15
8132,2068,2026-01-31,2026-03-02
8133,2069,2026-04-24,2026-05-24
8134,2069,2026-05-30,2026-06-29
8135,2069,2026-07-16,2026-08-15
8136,2069,2026-08-26,2026-09-25
8137,2070,2026-03-11,2026-04-10
8138,2070,2026-04-23,2026-05-23
8139,2070,2026-05-28,2026-06-27
8140,2070,2026-07-01,2026-07-31
8141,2070,2026-08-12,2026-09-11
8142,2070,2026-09-30,2026-10-30
8143,2071,2025-10-28,2025-11-27
8144,2071,2025-12-16,2026-01-15
8145,2071,2026-01-29,2026-02-28
8146,2071,2026-03-15,2026-04-14
8147,2071,2026-04-27,2026-05-27
8148,2071,2026-06-18,2026-07-18
8149,2072,2025-06-28,2025-07-28
8150,2072,2025-08-11,2025-09-10
8151,2072,2025-09-26,2025-10-26
8152,2073,2026-03-12,2026-04-11
8153,2073,2026-04-28,2026-05-28
8154,2073,2026-06-17,2026-07-17
8155,2074,2025-12-26,2026-01-25
8156,2075,2025-06-14,2025-07-14
8157,2075,2025-07-19,2025-08-18
8158,2075,2025-09-05,2025-10-05
8159,2075,2025-10-23,2025-11-22
8160,2076,2025-08-25,2025-09-24
8161,2076,2025-10-01,2025-10-31
8162,2076,2025-11-08,2025-12-08
8163,2077,2025-06-09,2025-07-09
8164,2077,2025-07-16,2025-08-15
8165,2077,2025-09-04,2025-10-04
8166,2077,2025-10-05,2025-11-04
8167,2077,2025-11-07,2025-12-07
8168,2077,2025-12-16,2026-01-15
8169,2077,2026-01-22,2026-02-21
8170,2078,2026-03-18,2026-04-17
8171,2078,2026-04-27,2026-05-27
8172,2078,2026-06-02,2026-07-02
8173,2078,2026-07-18,2026-08-17
8174,2078,2026-09-07,2026-10-07
8175,2079,2025-06-29,2025-07-29
8176,2079,2025-08-12,2025-09-11
8177,2079,2025-09-24,2025-10-24
8178,2079,2025-11-15,2025-12-15
8179,2079,2025-12-23,2026-01-22
8180,2080,2025-12-11,2026-01-10
8181,2080,2026-01-24,2026-02-23
8182,2080,2026-03-10,2026-04-09
8183,2080,2026-04-12,2026-05-12
8184,2081,2025-12-27,2026-01-26
8185,2081,2026-02-02,2026-03-04
8186,2081,2026-03-26,2026-04-25
8187,2081,2026-04-26,2026-05-26
8188,2081,2026-06-17,2026-07-17
8189,2082,2025-06-17,2025-07-17
8190,2082,2025-07-29,2025-08-28
8191,2082,2025-09-18,2025-10-18
8192,2082,2025-11-01,2025-12-01
8193,2083,2025-08-23,2025-09-22
8194,2083,2025-10-05,2025-11-04
8195,2083,2025-11-05,2025-12-05
8196,2083,2025-12-22,2026-01-21
8197,2083,2026-01-27,2026-02-26
8198,2084,2025-11-01,2025-12-01
8199,2084,2025-12-09,2026-01-08
8200,2085,2026-04-29,2026-05-29
8201,2085,2026-06-07,2026-07-07
8202,2085,2026-07-10,2026-08-09
8203,2085,2026-08-14,2026-09-13
8204,2085,2026-09-30,2026-10-30
8205,2085,2026-11-16,2026-12-16
8206,2085,2026-12-29,2027-01-28
8207,2086,2025-05-24,2025-06-23
8208,2086,2025-06-26,2025-07-26
8209,2086,2025-07-31,2025-08-30
8210,2086,2025-09-21,2025-10-21
8211,2086,2025-10-26,2025-11-25
8212,2087,2026-02-28,2026-03-30
8213,2087,2026-04-02,2026-05-02
8214,2087,2026-05-11,2026-06-10
8215,2087,2026-07-01,2026-07-31
8216,2087,2026-08-22,2026-09-21
8217,2087,2026-09-27,2026-10-27
8218,2087,2026-11-07,2026-12-07
8219,2088,2026-03-18,2026-04-17
8220,2088,2026-04-20,2026-05-20
8221,2088,2026-05-24,2026-06-23
8222,2088,2026-07-12,2026-08-11
8223,2088,2026-08-27,2026-09-26
8224,2088,2026-10-17,2026-11-16
8225,2088,2026-12-04,2027-01-03
8226,2089,2026-02-18,2026-03-20
8227,2089,2026-03-31,2026-04-30
8228,2089,2026-05-20,2026-06-19
8229,2089,2026-06-29,2026-07-29
8230,2089,2026-08-11,2026-09-10
8231,2089,2026-09-21,2026-10-21
8232,2089,2026-11-05,2026-12-05
8233,2090,2025-11-15,2025-12-15
8234,2090,2025-12-28,2026-01-27
8235,2090,2026-02-08,2026-03-10
8236,2090,2026-03-17,2026-04-16
8237,2090,2026-04-22,2026-05-22
8238,2090,2026-06-03,2026-07-03
8239,2091,2025-06-15,2025-07-15
8240,2091,2025-07-24,2025-08-23
8241,2091,2025-09-02,2025-10-02
8242,2091,2025-10-05,2025-11-04
8243,2091,2025-11-08,2025-12-08
8244,2091,2025-12-25,2026-01-24
8245,2091,2026-01-28,2026-02-27
8246,2092,2025-11-03,2025-12-03
8247,2092,2025-12-06,2026-01-05
8248,2092,2026-01-12,2026-02-11
8249,2092,2026-02-24,2026-03-26
8250,2092,2026-04-10,2026-05-10
8251,2092,2026-05-17,2026-06-16
8252,2093,2025-10-25,2025-11-24
8253,2094,2026-04-19,2026-05-19
8254,2095,2025-08-02,2025-09-01
8255,2095,2025-09-05,2025-10-05
8256,2095,2025-10-24,2025-11-23
8257,2095,2025-11-30,2025-12-30
8258,2095,2026-01-14,2026-02-13
8259,2095,2026-02-27,2026-03-29
8260,2095,2026-04-15,2026-05-15
8261,2096,2026-02-24,2026-03-26
8262,2096,2026-04-13,2026-05-13
8263,2096,2026-05-22,2026-06-21
8264,2096,2026-07-07,2026-08-06
8265,2096,2026-08-09,2026-09-08
8266,2096,2026-09-17,2026-10-17
8267,2096,2026-10-30,2026-11-29
8268,2097,2025-07-10,2025-08-09
8269,2097,2025-08-10,2025-09-09
8270,2098,2025-08-08,2025-09-07
8271,2098,2025-09-15,2025-10-15
8272,2098,2025-10-22,2025-11-21
8273,2099,2025-06-06,2025-07-06
8274,2099,2025-07-08,2025-08-07
8275,2099,2025-08-11,2025-09-10
8276,2100,2026-01-25,2026-02-24
8277,2100,2026-03-02,2026-04-01
8278,2101,2025-10-15,2025-11-14
8279,2101,2025-11-15,2025-12-15
8280,2102,2026-03-12,2026-04-11
8281,2103,2025-11-07,2025-12-07
8282,2103,2025-12-17,2026-01-16
8283,2103,2026-01-31,2026-03-02
8284,2103,2026-03-18,2026-04-17
8285,2103,2026-04-19,2026-05-19
8286,2103,2026-06-07,2026-07-07
8287,2103,2026-07-08,2026-08-07
8288,2104,2025-10-18,2025-11-17
8289,2104,2025-12-01,2025-12-31
8290,2104,2026-01-04,2026-02-03
8291,2104,2026-02-21,2026-03-23
8292,2104,2026-03-31,2026-04-30
8293,2104,2026-05-15,2026-06-14
8294,2105,2025-11-19,2025-12-19
8295,2105,2025-12-31,2026-01-30
8296,2106,2025-11-04,2025-12-04
8297,2106,2025-12-25,2026-01-24
8298,2106,2026-02-09,2026-03-11
8299,2106,2026-03-14,2026-04-13
8300,2107,2025-11-11,2025-12-11
8301,2107,2025-12-15,2026-01-14
8302,2107,2026-01-30,2026-03-01
8303,2107,2026-03-06,2026-04-05
8304,2108,2025-10-01,2025-10-31
8305,2108,2025-11-17,2025-12-17
8306,2108,2026-01-03,2026-02-02
8307,2109,2025-10-16,2025-11-15
8308,2109,2025-12-07,2026-01-06
8309,2109,2026-01-16,2026-02-15
8310,2109,2026-02-19,2026-03-21
8311,2109,2026-04-07,2026-05-07
8312,2110,2026-04-30,2026-05-30
8313,2110,2026-06-07,2026-07-07
8314,2110,2026-07-09,2026-08-08
8315,2110,2026-08-16,2026-09-15
8316,2110,2026-10-07,2026-11-06
8317,2110,2026-11-12,2026-12-12
8318,2110,2026-12-25,2027-01-24
8319,2111,2025-05-28,2025-06-27
8320,2111,2025-07-10,2025-08-09
8321,2111,2025-08-18,2025-09-17
8322,2111,2025-10-07,2025-11-06
8323,2111,2025-11-20,2025-12-20
8324,2111,2026-01-04,2026-02-03
8325,2112,2026-05-07,2026-06-06
8326,2113,2025-08-31,2025-09-30
8327,2114,2026-01-14,2026-02-13
8328,2114,2026-03-05,2026-04-04
8329,2114,2026-04-26,2026-05-26
8330,2115,2025-10-25,2025-11-24
8331,2115,2025-12-13,2026-01-12
8332,2115,2026-01-14,2026-02-13
8333,2115,2026-03-04,2026-04-03
8334,2116,2026-02-01,2026-03-03
8335,2116,2026-03-11,2026-04-10
8336,2116,2026-04-20,2026-05-20
8337,2116,2026-05-25,2026-06-24
8338,2116,2026-07-05,2026-08-04
8339,2116,2026-08-26,2026-09-25
8340,2117,2025-12-24,2026-01-23
8341,2117,2026-02-07,2026-03-09
8342,2117,2026-03-31,2026-04-30
8343,2117,2026-05-02,2026-06-01
8344,2117,2026-06-05,2026-07-05
8345,2117,2026-07-23,2026-08-22
8346,2118,2025-12-10,2026-01-09
8347,2118,2026-01-27,2026-02-26
8348,2118,2026-03-17,2026-04-16
8349,2118,2026-04-20,2026-05-20
8350,2118,2026-05-27,2026-06-26
8351,2118,2026-07-09,2026-08-08
8352,2119,2026-02-12,2026-03-14
8353,2119,2026-03-27,2026-04-26
8354,2120,2026-04-17,2026-05-17
8355,2121,2026-04-25,2026-05-25
8356,2121,2026-06-05,2026-07-05
8357,2122,2025-10-05,2025-11-04
8358,2123,2026-04-23,2026-05-23
8359,2123,2026-05-28,2026-06-27
8360,2123,2026-07-08,2026-08-07
8361,2123,2026-08-13,2026-09-12
8362,2123,2026-09-25,2026-10-25
8363,2123,2026-10-26,2026-11-25
8364,2124,2025-10-28,2025-11-27
8365,2124,2025-12-11,2026-01-10
8366,2125,2026-05-08,2026-06-07
8367,2125,2026-06-25,2026-07-25
8368,2125,2026-08-11,2026-09-10
8369,2125,2026-09-25,2026-10-25
8370,2125,2026-11-06,2026-12-06
8371,2125,2026-12-15,2027-01-14
8372,2126,2025-10-28,2025-11-27
8373,2127,2026-05-04,2026-06-03
8374,2127,2026-06-15,2026-07-15
8375,2128,2025-10-31,2025-11-30
8376,2128,2025-12-10,2026-01-09
8377,2129,2025-06-09,2025-07-09
8378,2129,2025-07-30,2025-08-29
8379,2129,2025-09-01,2025-10-01
8380,2129,2025-10-02,2025-11-01
8381,2129,2025-11-15,2025-12-15
8382,2129,2025-12-27,2026-01-26
8383,2130,2025-09-01,2025-10-01
8384,2130,2025-10-04,2025-11-03
8385,2131,2025-06-18,2025-07-18
8386,2131,2025-07-27,2025-08-26
8387,2131,2025-09-08,2025-10-08
8388,2132,2025-09-26,2025-10-26
8389,2132,2025-10-30,2025-11-29
8390,2133,2025-10-16,2025-11-15
8391,2133,2025-11-25,2025-12-25
8392,2134,2026-04-20,2026-05-20
8393,2134,2026-05-25,2026-06-24
8394,2134,2026-07-12,2026-08-11
8395,2134,2026-08-19,2026-09-18
8396,2134,2026-09-25,2026-10-25
8397,2134,2026-10-28,2026-11-27
8398,2134,2026-12-16,2027-01-15
8399,2135,2026-02-16,2026-03-18
8400,2135,2026-04-08,2026-05-08
8401,2135,2026-05-27,2026-06-26
8402,2136,2025-12-26,2026-01-25
8403,2136,2026-01-26,2026-02-25
8404,2136,2026-03-05,2026-04-04
8405,2136,2026-04-15,2026-05-15
8406,2136,2026-06-04,2026-07-04
8407,2137,2025-05-19,2025-06-18
8408,2138,2025-07-17,2025-08-16
8409,2139,2026-05-03,2026-06-02
8410,2139,2026-06-14,2026-07-14
8411,2140,2026-01-19,2026-02-18
8412,2140,2026-02-20,2026-03-22
8413,2140,2026-04-10,2026-05-10
8414,2140,2026-05-20,2026-06-19
8415,2140,2026-06-22,2026-07-22
8416,2141,2025-11-12,2025-12-12
8417,2141,2025-12-13,2026-01-12
8418,2141,2026-01-23,2026-02-22
8419,2142,2026-02-24,2026-03-26
8420,2142,2026-04-13,2026-05-13
8421,2142,2026-05-21,2026-06-20
8422,2142,2026-07-11,2026-08-10
8423,2143,2025-10-25,2025-11-24
8424,2143,2025-12-05,2026-01-04
8425,2143,2026-01-11,2026-02-10
8426,2143,2026-02-18,2026-03-20
8427,2143,2026-04-04,2026-05-04
8428,2144,2025-12-20,2026-01-19
8429,2144,2026-01-23,2026-02-22
8430,2144,2026-03-12,2026-04-11
8431,2144,2026-04-26,2026-05-26
8432,2144,2026-06-08,2026-07-08
8433,2145,2025-06-03,2025-07-03
8434,2145,2025-07-05,2025-08-04
8435,2145,2025-08-05,2025-09-04
8436,2145,2025-09-17,2025-10-17
8437,2146,2025-12-18,2026-01-17
8438,2146,2026-01-28,2026-02-27
8439,2147,2026-05-03,2026-06-02
8440,2147,2026-06-17,2026-07-17
8441,2147,2026-08-08,2026-09-07
8442,2147,2026-09-28,2026-10-28
8443,2147,2026-11-19,2026-12-19
8444,2147,2026-12-27,2027-01-26
8445,2147,2027-01-29,2027-02-28
8446,2148,2025-10-21,2025-11-20
8447,2148,2025-11-28,2025-12-28
8448,2148,2025-12-30,2026-01-29
8449,2148,2026-02-06,2026-03-08
8450,2148,2026-03-16,2026-04-15
8451,2148,2026-04-21,2026-05-21
8452,2148,2026-05-30,2026-06-29
8453,2149,2026-02-05,2026-03-07
8454,2149,2026-03-22,2026-04-21
8455,2149,2026-05-02,2026-06-01
8456,2149,2026-06-17,2026-07-17
8457,2149,2026-07-26,2026-08-25
8458,2149,2026-09-05,2026-10-05
8459,2149,2026-10-09,2026-11-08
8460,2150,2025-11-20,2025-12-20
8461,2150,2025-12-29,2026-01-28
8462,2150,2026-02-15,2026-03-17
8463,2151,2025-06-05,2025-07-05
8464,2151,2025-07-20,2025-08-19
8465,2151,2025-08-26,2025-09-25
8466,2151,2025-09-29,2025-10-29
8467,2151,2025-11-16,2025-12-16
8468,2152,2025-06-19,2025-07-19
8469,2152,2025-07-20,2025-08-19
8470,2152,2025-08-30,2025-09-29
8471,2153,2026-03-06,2026-04-05
8472,2153,2026-04-07,2026-05-07
8473,2154,2026-04-22,2026-05-22
8474,2154,2026-06-03,2026-07-03
8475,2154,2026-07-22,2026-08-21
8476,2154,2026-08-31,2026-09-30
8477,2154,2026-10-16,2026-11-15
8478,2155,2026-03-12,2026-04-11
8479,2155,2026-04-15,2026-05-15
8480,2155,2026-05-19,2026-06-18
8481,2155,2026-06-20,2026-07-20
8482,2155,2026-08-05,2026-09-04
8483,2155,2026-09-23,2026-10-23
8484,2155,2026-11-08,2026-12-08
8485,2156,2025-12-29,2026-01-28
8486,2156,2026-02-09,2026-03-11
8487,2156,2026-03-21,2026-04-20
8488,2157,2025-07-26,2025-08-25
8489,2157,2025-09-08,2025-10-08
8490,2157,2025-10-19,2025-11-18
8491,2157,2025-12-03,2026-01-02
8492,2157,2026-01-07,2026-02-06
8493,2157,2026-02-23,2026-03-25
8494,2158,2026-05-04,2026-06-03
8495,2158,2026-06-08,2026-07-08
8496,2158,2026-07-14,2026-08-13
8497,2158,2026-08-26,2026-09-25
8498,2158,2026-10-17,2026-11-16
8499,2158,2026-12-05,2027-01-04
8500,2158,2027-01-11,2027-02-10
8501,2159,2025-08-23,2025-09-22
8502,2159,2025-10-01,2025-10-31
8503,2159,2025-11-22,2025-12-22
8504,2159,2025-12-23,2026-01-22
8505,2159,2026-01-29,2026-02-28
8506,2160,2025-12-13,2026-01-12
8507,2161,2025-10-11,2025-11-10
8508,2161,2025-11-27,2025-12-27
8509,2161,2026-01-08,2026-02-07
8510,2162,2026-01-26,2026-02-25
8511,2163,2026-03-06,2026-04-05
8512,2163,2026-04-25,2026-05-25
8513,2163,2026-05-31,2026-06-30
8514,2163,2026-07-21,2026-08-20
8515,2163,2026-09-03,2026-10-03
8516,2163,2026-10-06,2026-11-05
8517,2164,2025-10-14,2025-11-13
8518,2164,2025-11-27,2025-12-27
8519,2164,2026-01-14,2026-02-13
8520,2164,2026-03-01,2026-03-31
8521,2164,2026-04-02,2026-05-02
8522,2165,2025-10-05,2025-11-04
8523,2165,2025-11-19,2025-12-19
8524,2165,2026-01-03,2026-02-02
8525,2165,2026-02-17,2026-03-19
8526,2165,2026-04-08,2026-05-08
8527,2165,2026-05-20,2026-06-19
8528,2165,2026-07-04,2026-08-03
8529,2166,2025-12-12,2026-01-11
8530,2166,2026-01-30,2026-03-01
8531,2166,2026-03-20,2026-04-19
8532,2166,2026-05-03,2026-06-02
8533,2166,2026-06-07,2026-07-07
8534,2166,2026-07-20,2026-08-19
8535,2166,2026-08-27,2026-09-26
8536,2167,2025-09-02,2025-10-02
8537,2167,2025-10-08,2025-11-07
8538,2167,2025-11-22,2025-12-22
8539,2167,2025-12-25,2026-01-24
8540,2168,2025-12-11,2026-01-10
8541,2168,2026-01-12,2026-02-11
8542,2168,2026-02-26,2026-03-28
8543,2168,2026-04-05,2026-05-05
8544,2168,2026-05-17,2026-06-16
8545,2168,2026-06-20,2026-07-20
8546,2168,2026-07-25,2026-08-24
8547,2169,2025-06-14,2025-07-14
8548,2169,2025-07-20,2025-08-19
8549,2169,2025-08-25,2025-09-24
8550,2169,2025-10-16,2025-11-15
8551,2169,2025-11-17,2025-12-17
8552,2170,2026-01-27,2026-02-26
8553,2170,2026-03-08,2026-04-07
8554,2170,2026-04-14,2026-05-14
8555,2170,2026-05-20,2026-06-19
8556,2170,2026-06-27,2026-07-27
8557,2171,2026-01-15,2026-02-14
8558,2171,2026-02-16,2026-03-18
8559,2171,2026-03-23,2026-04-22
8560,2171,2026-04-29,2026-05-29
8561,2171,2026-06-18,2026-07-18
8562,2171,2026-08-06,2026-09-05
8563,2172,2025-12-27,2026-01-26
8564,2172,2026-02-08,2026-03-10
8565,2172,2026-03-11,2026-04-10
8566,2173,2026-04-13,2026-05-13
8567,2173,2026-05-26,2026-06-25
8568,2173,2026-07-14,2026-08-13
8569,2173,2026-08-22,2026-09-21
8570,2173,2026-09-29,2026-10-29
8571,2173,2026-11-20,2026-12-20
8572,2173,2026-12-21,2027-01-20
8573,2174,2026-04-15,2026-05-15
8574,2174,2026-06-05,2026-07-05
8575,2174,2026-07-10,2026-08-09
8576,2174,2026-08-16,2026-09-15
8577,2174,2026-09-26,2026-10-26
8578,2175,2026-01-08,2026-02-07
8579,2175,2026-02-18,2026-03-20
8580,2175,2026-03-25,2026-04-24
8581,2175,2026-05-14,2026-06-13
8582,2175,2026-06-23,2026-07-23
8583,2176,2025-09-15,2025-10-15
8584,2176,2025-10-26,2025-11-25
8585,2177,2025-10-19,2025-11-18
8586,2177,2025-11-20,2025-12-20
8587,2177,2026-01-02,2026-02-01
8588,2177,2026-02-10,2026-03-12
8589,2178,2025-08-31,2025-09-30
8590,2178,2025-10-11,2025-11-10
8591,2178,2025-11-20,2025-12-20
8592,2178,2026-01-07,2026-02-06
8593,2178,2026-02-22,2026-03-24
8594,2179,2025-07-21,2025-08-20
8595,2179,2025-08-24,2025-09-23
8596,2180,2025-11-16,2025-12-16
8597,2180,2025-12-17,2026-01-16
8598,2180,2026-01-25,2026-02-24
8599,2180,2026-03-02,2026-04-01
8600,2180,2026-04-13,2026-05-13
8601,2180,2026-05-25,2026-06-24
8602,2181,2025-07-20,2025-08-19
8603,2181,2025-08-20,2025-09-19
8604,2182,2026-02-24,2026-03-26
8605,2182,2026-04-09,2026-05-09
8606,2183,2026-04-13,2026-05-13
8607,2183,2026-05-24,2026-06-23
8608,2184,2025-10-23,2025-11-22
8609,2184,2025-12-06,2026-01-05
8610,2184,2026-01-23,2026-02-22
8611,2184,2026-03-11,2026-04-10
8612,2185,2026-02-24,2026-03-26
8613,2185,2026-04-08,2026-05-08
8614,2185,2026-05-09,2026-06-08
8615,2185,2026-06-30,2026-07-30
8616,2186,2025-10-25,2025-11-24
8617,2187,2026-05-01,2026-05-31
8618,2187,2026-06-04,2026-07-04
8619,2188,2025-08-28,2025-09-27
8620,2189,2026-01-26,2026-02-25
8621,2190,2025-07-21,2025-08-20
8622,2190,2025-09-03,2025-10-03
8623,2190,2025-10-10,2025-11-09
8624,2190,2025-11-28,2025-12-28
8625,2190,2026-01-16,2026-02-15
8626,2191,2025-11-28,2025-12-28
8627,2191,2026-01-13,2026-02-12
8628,2192,2025-05-19,2025-06-18
8629,2192,2025-06-24,2025-07-24
8630,2192,2025-08-10,2025-09-09
8631,2192,2025-09-25,2025-10-25
8632,2192,2025-11-01,2025-12-01
8633,2193,2025-10-22,2025-11-21
8634,2193,2025-12-01,2025-12-31
8635,2193,2026-01-19,2026-02-18
8636,2194,2025-10-11,2025-11-10
8637,2194,2025-11-16,2025-12-16
8638,2194,2026-01-04,2026-02-03
8639,2194,2026-02-07,2026-03-09
8640,2194,2026-03-25,2026-04-24
8641,2194,2026-05-16,2026-06-15
8642,2194,2026-07-04,2026-08-03
8643,2195,2025-08-16,2025-09-15
8644,2195,2025-09-19,2025-10-19
8645,2195,2025-11-02,2025-12-02
8646,2196,2026-03-25,2026-04-24
8647,2196,2026-04-30,2026-05-30
8648,2197,2026-04-14,2026-05-14
8649,2197,2026-05-15,2026-06-14
8650,2197,2026-06-30,2026-07-30
8651,2197,2026-07-31,2026-08-30
8652,2197,2026-08-31,2026-09-30
8653,2198,2026-01-24,2026-02-23
8654,2199,2026-04-28,2026-05-28
8655,2199,2026-06-07,2026-07-07
8656,2199,2026-07-18,2026-08-17
8657,2199,2026-09-08,2026-10-08
8658,2199,2026-10-11,2026-11-10
8659,2200,2026-02-27,2026-03-29
8660,2201,2025-11-01,2025-12-01
8661,2201,2025-12-04,2026-01-03
8662,2202,2026-04-01,2026-05-01
8663,2202,2026-05-13,2026-06-12
8664,2202,2026-06-21,2026-07-21
8665,2203,2025-06-17,2025-07-17
8666,2203,2025-08-03,2025-09-02
8667,2203,2025-09-18,2025-10-18
8668,2203,2025-11-07,2025-12-07
8669,2204,2026-03-05,2026-04-04
8670,2204,2026-04-06,2026-05-06
8671,2204,2026-05-15,2026-06-14
8672,2204,2026-06-27,2026-07-27
8673,2204,2026-08-10,2026-09-09
8674,2204,2026-09-14,2026-10-14
8675,2205,2026-04-26,2026-05-26
8676,2205,2026-05-30,2026-06-29
8677,2205,2026-07-11,2026-08-10
8678,2206,2026-01-29,2026-02-28
8679,2206,2026-03-15,2026-04-14
8680,2206,2026-04-23,2026-05-23
8681,2206,2026-06-01,2026-07-01
8682,2207,2026-02-24,2026-03-26
8683,2207,2026-04-03,2026-05-03
8684,2207,2026-05-16,2026-06-15
8685,2207,2026-06-17,2026-07-17
8686,2207,2026-08-02,2026-09-01
8687,2207,2026-09-19,2026-10-19
8688,2207,2026-10-30,2026-11-29
8689,2208,2025-12-31,2026-01-30
8690,2208,2026-02-06,2026-03-08
8691,2208,2026-03-15,2026-04-14
8692,2208,2026-04-15,2026-05-15
8693,2208,2026-06-03,2026-07-03
8694,2208,2026-07-15,2026-08-14
8695,2209,2025-10-05,2025-11-04
8696,2209,2025-11-12,2025-12-12
8697,2209,2025-12-30,2026-01-29
8698,2209,2026-02-05,2026-03-07
8699,2210,2025-08-26,2025-09-25
8700,2210,2025-10-09,2025-11-08
8701,2210,2025-11-10,2025-12-10
8702,2210,2025-12-13,2026-01-12
8703,2210,2026-01-21,2026-02-20
8704,2211,2026-04-25,2026-05-25
8705,2211,2026-05-30,2026-06-29
8706,2211,2026-07-07,2026-08-06
8707,2211,2026-08-11,2026-09-10
8708,2212,2026-04-23,2026-05-23
8709,2212,2026-06-01,2026-07-01
8710,2212,2026-07-23,2026-08-22
8711,2212,2026-09-09,2026-10-09
8712,2213,2026-03-29,2026-04-28
8713,2213,2026-05-18,2026-06-17
8714,2213,2026-07-08,2026-08-07
8715,2213,2026-08-22,2026-09-21
8716,2213,2026-09-22,2026-10-22
8717,2214,2026-04-19,2026-05-19
8718,2214,2026-05-23,2026-06-22
8719,2214,2026-07-11,2026-08-10
8720,2215,2026-02-08,2026-03-10
8721,2215,2026-03-26,2026-04-25
8722,2215,2026-05-17,2026-06-16
8723,2215,2026-06-21,2026-07-21
8724,2216,2026-04-24,2026-05-24
8725,2216,2026-06-05,2026-07-05
8726,2216,2026-07-08,2026-08-07
8727,2216,2026-08-26,2026-09-25
8728,2216,2026-09-30,2026-10-30
8729,2217,2026-01-01,2026-01-31
8730,2218,2025-11-07,2025-12-07
8731,2218,2025-12-12,2026-01-11
8732,2218,2026-01-19,2026-02-18
8733,2218,2026-02-26,2026-03-28
8734,2218,2026-04-02,2026-05-02
8735,2219,2026-05-07,2026-06-06
8736,2219,2026-06-15,2026-07-15
8737,2219,2026-08-03,2026-09-02
8738,2219,2026-09-23,2026-10-23
8739,2220,2025-07-03,2025-08-02
8740,2220,2025-08-21,2025-09-20
8741,2220,2025-10-01,2025-10-31
8742,2220,2025-11-17,2025-12-17
8743,2220,2025-12-23,2026-01-22
8744,2220,2026-02-10,2026-03-12
8745,2220,2026-03-16,2026-04-15
8746,2221,2026-01-30,2026-03-01
8747,2221,2026-03-12,2026-04-11
8748,2221,2026-04-15,2026-05-15
8749,2221,2026-05-18,2026-06-17
8750,2221,2026-07-01,2026-07-31
8751,2222,2026-01-15,2026-02-14
8752,2222,2026-03-07,2026-04-06
8753,2222,2026-04-21,2026-05-21
8754,2222,2026-05-24,2026-06-23
8755,2222,2026-07-03,2026-08-02
8756,2222,2026-08-22,2026-09-21
8757,2222,2026-09-27,2026-10-27
8758,2223,2026-02-17,2026-03-19
8759,2223,2026-03-30,2026-04-29
8760,2223,2026-05-14,2026-06-13
8761,2223,2026-06-23,2026-07-23
8762,2223,2026-07-27,2026-08-26
8763,2223,2026-09-05,2026-10-05
8764,2223,2026-10-11,2026-11-10
8765,2224,2025-09-22,2025-10-22
8766,2224,2025-10-30,2025-11-29
8767,2224,2025-12-18,2026-01-17
8768,2224,2026-01-31,2026-03-02
8769,2224,2026-03-08,2026-04-07
8770,2225,2026-01-18,2026-02-17
8771,2225,2026-03-09,2026-04-08
8772,2226,2025-09-04,2025-10-04
8773,2226,2025-10-12,2025-11-11
8774,2226,2025-11-14,2025-12-14
8775,2226,2025-12-20,2026-01-19
8776,2226,2026-01-29,2026-02-28
8777,2227,2026-01-29,2026-02-28
8778,2227,2026-03-15,2026-04-14
8779,2227,2026-04-22,2026-05-22
8780,2227,2026-06-12,2026-07-12
8781,2227,2026-07-26,2026-08-25
8782,2228,2025-11-23,2025-12-23
8783,2228,2026-01-01,2026-01-31
8784,2228,2026-02-10,2026-03-12
8785,2228,2026-03-19,2026-04-18
8786,2229,2025-11-26,2025-12-26
8787,2229,2026-01-16,2026-02-15
8788,2229,2026-02-26,2026-03-28
8789,2230,2025-10-23,2025-11-22
8790,2230,2025-12-09,2026-01-08
8791,2230,2026-01-24,2026-02-23
8792,2230,2026-03-01,2026-03-31
8793,2230,2026-04-20,2026-05-20
8794,2231,2026-04-15,2026-05-15
8795,2231,2026-05-19,2026-06-18
8796,2231,2026-06-29,2026-07-29
8797,2232,2026-02-13,2026-03-15
8798,2232,2026-03-23,2026-04-22
8799,2232,2026-05-09,2026-06-08
8800,2232,2026-06-30,2026-07-30
8801,2232,2026-08-20,2026-09-19
8802,2232,2026-09-21,2026-10-21
8803,2232,2026-10-27,2026-11-26
8804,2233,2026-03-09,2026-04-08
8805,2233,2026-04-16,2026-05-16
8806,2233,2026-05-25,2026-06-24
8807,2233,2026-07-12,2026-08-11
8808,2233,2026-09-01,2026-10-01
8809,2234,2026-01-29,2026-02-28
8810,2234,2026-03-05,2026-04-04
8811,2234,2026-04-14,2026-05-14
8812,2234,2026-05-30,2026-06-29
8813,2234,2026-07-18,2026-08-17
8814,2234,2026-08-31,2026-09-30
8815,2235,2025-05-17,2025-06-16
8816,2235,2025-06-18,2025-07-18
8817,2235,2025-08-06,2025-09-05
8818,2235,2025-09-15,2025-10-15
8819,2235,2025-10-16,2025-11-15
8820,2235,2025-12-05,2026-01-04
8821,2236,2026-03-24,2026-04-23
8822,2236,2026-05-09,2026-06-08
8823,2236,2026-06-16,2026-07-16
8824,2236,2026-08-01,2026-08-31
8825,2237,2026-02-27,2026-03-29
8826,2237,2026-04-04,2026-05-04
8827,2238,2025-06-18,2025-07-18
8828,2238,2025-07-23,2025-08-22
8829,2238,2025-09-03,2025-10-03
8830,2238,2025-10-12,2025-11-11
8831,2239,2026-03-09,2026-04-08
8832,2239,2026-04-16,2026-05-16
8833,2240,2025-08-28,2025-09-27
8834,2240,2025-10-05,2025-11-04
8835,2240,2025-11-06,2025-12-06
8836,2240,2025-12-26,2026-01-25
8837,2240,2026-01-28,2026-02-27
8838,2240,2026-03-08,2026-04-07
8839,2240,2026-04-28,2026-05-28
8840,2241,2025-12-08,2026-01-07
8841,2242,2025-06-23,2025-07-23
8842,2242,2025-07-27,2025-08-26
8843,2242,2025-08-30,2025-09-29
8844,2242,2025-10-14,2025-11-13
8845,2243,2026-01-09,2026-02-08
8846,2243,2026-02-21,2026-03-23
8847,2243,2026-04-02,2026-05-02
8848,2243,2026-05-05,2026-06-04
8849,2243,2026-06-13,2026-07-13
8850,2243,2026-07-29,2026-08-28
8851,2243,2026-09-08,2026-10-08
8852,2244,2026-05-10,2026-06-09
8853,2244,2026-06-10,2026-07-10
8854,2244,2026-07-31,2026-08-30
8855,2244,2026-09-02,2026-10-02
8856,2244,2026-10-19,2026-11-18
8857,2245,2025-12-04,2026-01-03
8858,2245,2026-01-11,2026-02-10
8859,2246,2025-06-20,2025-07-20
8860,2246,2025-08-06,2025-09-05
8861,2246,2025-09-14,2025-10-14
8862,2247,2026-02-12,2026-03-14
8863,2247,2026-03-20,2026-04-19
8864,2247,2026-04-25,2026-05-25
8865,2247,2026-06-13,2026-07-13
8866,2247,2026-07-31,2026-08-30
8867,2247,2026-09-20,2026-10-20
8868,2247,2026-10-28,2026-11-27
8869,2248,2026-03-04,2026-04-03
8870,2248,2026-04-23,2026-05-23
8871,2248,2026-06-06,2026-07-06
8872,2248,2026-07-28,2026-08-27
8873,2248,2026-09-10,2026-10-10
8874,2248,2026-10-26,2026-11-25
8875,2248,2026-12-11,2027-01-10
8876,2249,2025-09-16,2025-10-16
8877,2249,2025-11-05,2025-12-05
8878,2249,2025-12-06,2026-01-05
8879,2250,2025-11-05,2025-12-05
8880,2250,2025-12-11,2026-01-10
8881,2251,2026-02-23,2026-03-25
8882,2251,2026-04-07,2026-05-07
8883,2251,2026-05-18,2026-06-17
8884,2251,2026-06-18,2026-07-18
8885,2252,2025-07-31,2025-08-30
8886,2252,2025-09-04,2025-10-04
8887,2252,2025-10-24,2025-11-23
8888,2252,2025-12-12,2026-01-11
8889,2252,2026-01-12,2026-02-11
8890,2252,2026-03-02,2026-04-01
8891,2253,2025-07-28,2025-08-27
8892,2253,2025-09-10,2025-10-10
8893,2253,2025-10-20,2025-11-19
8894,2253,2025-12-04,2026-01-03
8895,2253,2026-01-17,2026-02-16
8896,2253,2026-02-19,2026-03-21
8897,2254,2026-04-11,2026-05-11
8898,2254,2026-05-16,2026-06-15
8899,2254,2026-06-30,2026-07-30
8900,2255,2026-02-15,2026-03-17
8901,2255,2026-03-28,2026-04-27
8902,2255,2026-05-08,2026-06-07
8903,2255,2026-06-16,2026-07-16
8904,2256,2026-03-05,2026-04-04
8905,2257,2026-04-15,2026-05-15
8906,2257,2026-05-19,2026-06-18
8907,2257,2026-07-01,2026-07-31
8908,2257,2026-08-20,2026-09-19
8909,2257,2026-10-05,2026-11-04
8910,2257,2026-11-24,2026-12-24
8911,2258,2025-09-11,2025-10-11
8912,2258,2025-10-25,2025-11-24
8913,2258,2025-12-09,2026-01-08
8914,2258,2026-01-20,2026-02-19
8915,2258,2026-02-28,2026-03-30
8916,2258,2026-04-18,2026-05-18
8917,2259,2025-09-17,2025-10-17
8918,2259,2025-10-27,2025-11-26
8919,2259,2025-12-04,2026-01-03
8920,2259,2026-01-25,2026-02-24
8921,2259,2026-03-15,2026-04-14
8922,2260,2026-03-09,2026-04-08
8923,2260,2026-04-17,2026-05-17
8924,2260,2026-05-28,2026-06-27
8925,2260,2026-07-04,2026-08-03
8926,2260,2026-08-25,2026-09-24
8927,2261,2025-07-19,2025-08-18
8928,2261,2025-08-30,2025-09-29
8929,2261,2025-10-05,2025-11-04
8930,2261,2025-11-21,2025-12-21
8931,2261,2026-01-06,2026-02-05
8932,2261,2026-02-23,2026-03-25
8933,2261,2026-04-02,2026-05-02
8934,2262,2025-05-20,2025-06-19
8935,2262,2025-06-27,2025-07-27
8936,2262,2025-08-13,2025-09-12
8937,2262,2025-09-16,2025-10-16
8938,2263,2026-03-27,2026-04-26
8939,2263,2026-05-12,2026-06-11
8940,2264,2026-03-10,2026-04-09
8941,2264,2026-04-17,2026-05-17
8942,2264,2026-06-07,2026-07-07
8943,2265,2025-06-09,2025-07-09
8944,2265,2025-07-15,2025-08-14
8945,2266,2026-01-17,2026-02-16
8946,2266,2026-02-20,2026-03-22
8947,2266,2026-03-28,2026-04-27
8948,2266,2026-05-02,2026-06-01
8949,2267,2025-12-15,2026-01-14
8950,2267,2026-01-23,2026-02-22
8951,2267,2026-02-23,2026-03-25
8952,2267,2026-04-15,2026-05-15
8953,2267,2026-06-03,2026-07-03
8954,2267,2026-07-21,2026-08-20
8955,2267,2026-09-01,2026-10-01
8956,2268,2026-04-11,2026-05-11
8957,2268,2026-05-17,2026-06-16
8958,2268,2026-06-18,2026-07-18
8959,2268,2026-07-26,2026-08-25
8960,2268,2026-09-02,2026-10-02
8961,2268,2026-10-14,2026-11-13
8962,2269,2026-04-03,2026-05-03
8963,2269,2026-05-16,2026-06-15
8964,2269,2026-06-17,2026-07-17
8965,2270,2025-07-18,2025-08-17
8966,2270,2025-08-28,2025-09-27
8967,2271,2025-07-03,2025-08-02
8968,2271,2025-08-18,2025-09-17
8969,2271,2025-09-20,2025-10-20
8970,2271,2025-11-01,2025-12-01
8971,2271,2025-12-13,2026-01-12
8972,2271,2026-01-23,2026-02-22
8973,2271,2026-03-12,2026-04-11
8974,2272,2026-03-07,2026-04-06
8975,2273,2025-08-08,2025-09-07
8976,2273,2025-09-16,2025-10-16
8977,2273,2025-10-21,2025-11-20
8978,2273,2025-11-25,2025-12-25
8979,2273,2026-01-15,2026-02-14
8980,2273,2026-03-08,2026-04-07
8981,2274,2025-05-23,2025-06-22
8982,2274,2025-07-05,2025-08-04
8983,2274,2025-08-14,2025-09-13
8984,2275,2026-04-17,2026-05-17
8985,2276,2025-11-14,2025-12-14
8986,2276,2025-12-26,2026-01-25
8987,2277,2025-10-16,2025-11-15
8988,2277,2025-11-23,2025-12-23
8989,2278,2025-08-21,2025-09-20
8990,2278,2025-10-06,2025-11-05
8991,2278,2025-11-22,2025-12-22
8992,2278,2025-12-25,2026-01-24
8993,2278,2026-02-12,2026-03-14
8994,2278,2026-03-17,2026-04-16
8995,2278,2026-04-24,2026-05-24
8996,2279,2025-09-11,2025-10-11
8997,2280,2026-05-13,2026-06-12
8998,2280,2026-07-02,2026-08-01
8999,2280,2026-08-10,2026-09-09
9000,2280,2026-09-12,2026-10-12
9001,2280,2026-11-01,2026-12-01
9002,2280,2026-12-17,2027-01-16
9003,2281,2025-10-14,2025-11-13
9004,2281,2025-11-24,2025-12-24
9005,2281,2026-01-05,2026-02-04
9006,2282,2025-12-05,2026-01-04
9007,2283,2026-02-20,2026-03-22
9008,2283,2026-03-28,2026-04-27
9009,2283,2026-05-14,2026-06-13
9010,2283,2026-07-04,2026-08-03
9011,2283,2026-08-24,2026-09-23
9012,2283,2026-09-28,2026-10-28
9013,2283,2026-11-06,2026-12-06
9014,2284,2025-11-13,2025-12-13
9015,2284,2025-12-27,2026-01-26
9016,2285,2025-12-04,2026-01-03
9017,2285,2026-01-08,2026-02-07
9018,2285,2026-02-10,2026-03-12
9019,2285,2026-04-03,2026-05-03
9020,2285,2026-05-25,2026-06-24
9021,2285,2026-07-12,2026-08-11
9022,2286,2026-01-29,2026-02-28
9023,2286,2026-03-08,2026-04-07
9024,2286,2026-04-18,2026-05-18
9025,2287,2026-04-09,2026-05-09
9026,2288,2026-03-02,2026-04-01
9027,2288,2026-04-12,2026-05-12
9028,2288,2026-05-14,2026-06-13
9029,2288,2026-06-23,2026-07-23
9030,2289,2026-04-21,2026-05-21
9031,2290,2026-03-04,2026-04-03
9032,2290,2026-04-20,2026-05-20
9033,2290,2026-06-01,2026-07-01
9034,2290,2026-07-23,2026-08-22
9035,2290,2026-09-12,2026-10-12
9036,2291,2025-06-06,2025-07-06
9037,2291,2025-07-21,2025-08-20
9038,2291,2025-08-23,2025-09-22
9039,2291,2025-10-02,2025-11-01
9040,2291,2025-11-08,2025-12-08
9041,2292,2025-08-25,2025-09-24
9042,2292,2025-09-25,2025-10-25
9043,2293,2026-02-02,2026-03-04
9044,2294,2026-03-05,2026-04-04
9045,2295,2025-11-13,2025-12-13
9046,2295,2025-12-17,2026-01-16
9047,2295,2026-01-18,2026-02-17
9048,2296,2025-07-13,2025-08-12
9049,2296,2025-08-28,2025-09-27
9050,2296,2025-10-14,2025-11-13
9051,2296,2025-11-30,2025-12-30
9052,2296,2026-01-16,2026-02-15
9053,2297,2025-09-17,2025-10-17
9054,2298,2026-03-20,2026-04-19
9055,2298,2026-04-28,2026-05-28
9056,2299,2025-08-19,2025-09-18
9057,2299,2025-10-01,2025-10-31
9058,2299,2025-11-08,2025-12-08
9059,2299,2025-12-26,2026-01-25
9060,2299,2026-02-11,2026-03-13
9061,2299,2026-03-17,2026-04-16
9062,2300,2026-02-27,2026-03-29
9063,2300,2026-04-16,2026-05-16
9064,2300,2026-05-28,2026-06-27
9065,2300,2026-06-30,2026-07-30
9066,2300,2026-08-16,2026-09-15
9067,2301,2026-04-27,2026-05-27
9068,2301,2026-06-16,2026-07-16
9069,2301,2026-07-18,2026-08-17
9070,2302,2025-10-16,2025-11-15
9071,2302,2025-12-07,2026-01-06
9072,2302,2026-01-25,2026-02-24
9073,2302,2026-03-09,2026-04-08
9074,2302,2026-04-19,2026-05-19
9075,2302,2026-06-01,2026-07-01
9076,2303,2025-11-20,2025-12-20
9077,2303,2026-01-02,2026-02-01
9078,2303,2026-02-17,2026-03-19
9079,2303,2026-03-25,2026-04-24
9080,2303,2026-05-11,2026-06-10
9081,2304,2026-04-22,2026-05-22
9082,2305,2025-11-18,2025-12-18
9083,2305,2025-12-24,2026-01-23
9084,2305,2026-01-24,2026-02-23
9085,2305,2026-03-16,2026-04-15
9086,2305,2026-05-03,2026-06-02
9087,2305,2026-06-06,2026-07-06
9088,2306,2026-02-06,2026-03-08
9089,2306,2026-03-23,2026-04-22
9090,2306,2026-04-27,2026-05-27
9091,2306,2026-06-17,2026-07-17
9092,2306,2026-07-24,2026-08-23
9093,2306,2026-09-07,2026-10-07
9094,2307,2026-05-02,2026-06-01
9095,2307,2026-06-11,2026-07-11
9096,2307,2026-07-12,2026-08-11
9097,2308,2025-05-30,2025-06-29
9098,2308,2025-06-30,2025-07-30
9099,2308,2025-08-17,2025-09-16
9100,2308,2025-09-24,2025-10-24
9101,2308,2025-10-26,2025-11-25
9102,2309,2026-04-13,2026-05-13
9103,2309,2026-05-30,2026-06-29
9104,2309,2026-07-19,2026-08-18
9105,2309,2026-09-06,2026-10-06
9106,2309,2026-10-27,2026-11-26
9107,2310,2026-02-05,2026-03-07
9108,2310,2026-03-28,2026-04-27
9109,2310,2026-05-06,2026-06-05
9110,2311,2026-02-16,2026-03-18
9111,2311,2026-04-05,2026-05-05
9112,2311,2026-05-12,2026-06-11
9113,2312,2026-04-12,2026-05-12
9114,2312,2026-05-21,2026-06-20
9115,2312,2026-07-03,2026-08-02
9116,2312,2026-08-18,2026-09-17
9117,2313,2025-05-11,2025-06-10
9118,2313,2025-06-24,2025-07-24
9119,2313,2025-08-06,2025-09-05
9120,2313,2025-09-22,2025-10-22
9121,2313,2025-11-08,2025-12-08
9122,2314,2026-01-13,2026-02-12
9123,2314,2026-02-15,2026-03-17
9124,2314,2026-04-04,2026-05-04
9125,2314,2026-05-15,2026-06-14
9126,2315,2025-07-24,2025-08-23
9127,2316,2025-10-04,2025-11-03
9128,2316,2025-11-17,2025-12-17
9129,2316,2025-12-19,2026-01-18
9130,2317,2025-09-02,2025-10-02
9131,2317,2025-10-14,2025-11-13
9132,2317,2025-11-26,2025-12-26
9133,2317,2026-01-02,2026-02-01
9134,2317,2026-02-11,2026-03-13
9135,2317,2026-03-21,2026-04-20
9136,2318,2025-10-05,2025-11-04
9137,2318,2025-11-25,2025-12-25
9138,2318,2026-01-15,2026-02-14
9139,2318,2026-03-01,2026-03-31
9140,2318,2026-04-07,2026-05-07
9141,2319,2025-08-08,2025-09-07
9142,2319,2025-09-09,2025-10-09
9143,2320,2025-07-08,2025-08-07
9144,2320,2025-08-19,2025-09-18
9145,2320,2025-10-02,2025-11-01
9146,2321,2025-06-11,2025-07-11
9147,2321,2025-07-19,2025-08-18
9148,2321,2025-09-03,2025-10-03
9149,2321,2025-10-19,2025-11-18
9150,2321,2025-12-04,2026-01-03
9151,2321,2026-01-11,2026-02-10
9152,2321,2026-02-11,2026-03-13
9153,2322,2026-02-27,2026-03-29
9154,2322,2026-04-11,2026-05-11
9155,2323,2025-11-08,2025-12-08
9156,2323,2025-12-24,2026-01-23
9157,2323,2026-01-27,2026-02-26
9158,2323,2026-03-17,2026-04-16
9159,2323,2026-04-22,2026-05-22
9160,2323,2026-06-05,2026-07-05
9161,2324,2025-07-03,2025-08-02
9162,2324,2025-08-20,2025-09-19
9163,2324,2025-10-05,2025-11-04
9164,2325,2025-06-18,2025-07-18
9165,2325,2025-07-22,2025-08-21
9166,2326,2025-07-18,2025-08-17
9167,2326,2025-08-22,2025-09-21
9168,2326,2025-10-03,2025-11-02
9169,2327,2025-07-23,2025-08-22
9170,2327,2025-08-23,2025-09-22
9171,2327,2025-10-14,2025-11-13
9172,2328,2026-03-06,2026-04-05
9173,2328,2026-04-24,2026-05-24
9174,2328,2026-05-26,2026-06-25
9175,2329,2026-02-25,2026-03-27
9176,2329,2026-04-18,2026-05-18
9177,2329,2026-06-06,2026-07-06
9178,2329,2026-07-25,2026-08-24
9179,2329,2026-09-11,2026-10-11
9180,2329,2026-10-18,2026-11-17
9181,2330,2025-10-12,2025-11-11
9182,2330,2025-11-24,2025-12-24
9183,2330,2026-01-14,2026-02-13
9184,2330,2026-02-28,2026-03-30
9185,2330,2026-04-07,2026-05-07
9186,2330,2026-05-24,2026-06-23
9187,2330,2026-07-10,2026-08-09
9188,2331,2025-06-21,2025-07-21
9189,2331,2025-08-03,2025-09-02
9190,2332,2026-03-07,2026-04-06
9191,2332,2026-04-07,2026-05-07
9192,2332,2026-05-14,2026-06-13
9193,2332,2026-06-23,2026-07-23
9194,2333,2026-01-24,2026-02-23
9195,2333,2026-03-17,2026-04-16
9196,2333,2026-04-18,2026-05-18
9197,2333,2026-05-19,2026-06-18
9198,2333,2026-06-19,2026-07-19
9199,2334,2025-11-11,2025-12-11
9200,2335,2026-04-28,2026-05-28
9201,2335,2026-06-17,2026-07-17
9202,2335,2026-07-27,2026-08-26
9203,2336,2026-04-30,2026-05-30
9204,2336,2026-06-15,2026-07-15
9205,2337,2025-07-15,2025-08-14
9206,2338,2026-05-13,2026-06-12
9207,2338,2026-06-23,2026-07-23
9208,2338,2026-08-01,2026-08-31
9209,2338,2026-09-14,2026-10-14
9210,2338,2026-10-27,2026-11-26
9211,2339,2025-07-27,2025-08-26
9212,2339,2025-09-11,2025-10-11
9213,2339,2025-10-18,2025-11-17
9214,2339,2025-11-29,2025-12-29
9215,2339,2026-01-02,2026-02-01
9216,2340,2025-06-27,2025-07-27
9217,2340,2025-08-02,2025-09-01
9218,2340,2025-09-06,2025-10-06
9219,2340,2025-10-17,2025-11-16
9220,2340,2025-11-21,2025-12-21
9221,2341,2026-04-26,2026-05-26
9222,2341,2026-06-16,2026-07-16
9223,2341,2026-07-29,2026-08-28
9224,2341,2026-08-30,2026-09-29
9225,2341,2026-09-30,2026-10-30
9226,2341,2026-11-05,2026-12-05
9227,2341,2026-12-10,2027-01-09
9228,2342,2026-04-16,2026-05-16
9229,2343,2026-02-25,2026-03-27
9230,2343,2026-04-08,2026-05-08
9231,2343,2026-05-21,2026-06-20
9232,2344,2026-03-05,2026-04-04
9233,2344,2026-04-10,2026-05-10
9234,2344,2026-05-22,2026-06-21
9235,2344,2026-06-24,2026-07-24
9236,2345,2025-12-27,2026-01-26
9237,2345,2026-02-14,2026-03-16
9238,2345,2026-03-18,2026-04-17
9239,2346,2025-06-14,2025-07-14
9240,2347,2025-09-21,2025-10-21
9241,2347,2025-10-22,2025-11-21
9242,2348,2025-12-07,2026-01-06
9243,2349,2025-11-03,2025-12-03
9244,2349,2025-12-21,2026-01-20
9245,2349,2026-01-24,2026-02-23
9246,2349,2026-03-01,2026-03-31
9247,2350,2026-03-27,2026-04-26
9248,2350,2026-05-12,2026-06-11
9249,2350,2026-06-28,2026-07-28
9250,2350,2026-08-15,2026-09-14
9251,2350,2026-09-24,2026-10-24
9252,2351,2025-08-26,2025-09-25
9253,2351,2025-09-27,2025-10-27
9254,2351,2025-11-15,2025-12-15
9255,2351,2026-01-02,2026-02-01
9256,2352,2026-03-27,2026-04-26
9257,2352,2026-05-10,2026-06-09
9258,2352,2026-06-12,2026-07-12
9259,2352,2026-07-23,2026-08-22
9260,2352,2026-08-27,2026-09-26
9261,2352,2026-10-12,2026-11-11
9262,2352,2026-11-24,2026-12-24
9263,2353,2025-07-28,2025-08-27
9264,2353,2025-09-06,2025-10-06
9265,2353,2025-10-16,2025-11-15
9266,2354,2026-02-26,2026-03-28
9267,2354,2026-04-02,2026-05-02
9268,2355,2026-03-02,2026-04-01
9269,2355,2026-04-19,2026-05-19
9270,2355,2026-05-24,2026-06-23
9271,2355,2026-07-02,2026-08-01
9272,2355,2026-08-19,2026-09-18
9273,2355,2026-10-06,2026-11-05
9274,2355,2026-11-18,2026-12-18
9275,2356,2025-12-01,2025-12-31
9276,2356,2026-01-08,2026-02-07
9277,2356,2026-02-22,2026-03-24
9278,2356,2026-04-01,2026-05-01
9279,2356,2026-05-16,2026-06-15
9280,2356,2026-06-18,2026-07-18
9281,2357,2025-08-13,2025-09-12
9282,2357,2025-09-20,2025-10-20
9283,2357,2025-10-23,2025-11-22
9284,2358,2025-11-03,2025-12-03
9285,2358,2025-12-08,2026-01-07
9286,2358,2026-01-20,2026-02-19
9287,2358,2026-03-13,2026-04-12
9288,2358,2026-04-25,2026-05-25
9289,2359,2025-05-27,2025-06-26
9290,2359,2025-07-05,2025-08-04
9291,2359,2025-08-08,2025-09-07
9292,2359,2025-09-27,2025-10-27
9293,2359,2025-11-04,2025-12-04
9294,2360,2025-06-12,2025-07-12
9295,2360,2025-07-13,2025-08-12
9296,2360,2025-08-25,2025-09-24
9297,2360,2025-09-27,2025-10-27
9298,2360,2025-10-28,2025-11-27
9299,2361,2026-04-17,2026-05-17
9300,2361,2026-06-03,2026-07-03
9301,2361,2026-07-22,2026-08-21
9302,2361,2026-08-25,2026-09-24
9303,2362,2025-12-10,2026-01-09
9304,2362,2026-01-29,2026-02-28
9305,2362,2026-03-05,2026-04-04
9306,2362,2026-04-15,2026-05-15
9307,2362,2026-05-28,2026-06-27
9308,2362,2026-07-19,2026-08-18
9309,2362,2026-09-09,2026-10-09
9310,2363,2026-01-19,2026-02-18
9311,2363,2026-03-06,2026-04-05
9312,2364,2026-01-31,2026-03-02
9313,2364,2026-03-24,2026-04-23
9314,2364,2026-04-30,2026-05-30
9315,2364,2026-06-09,2026-07-09
9316,2364,2026-07-12,2026-08-11
9317,2365,2025-11-05,2025-12-05
9318,2365,2025-12-08,2026-01-07
9319,2366,2025-12-26,2026-01-25
9320,2367,2026-03-05,2026-04-04
9321,2367,2026-04-08,2026-05-08
9322,2367,2026-05-26,2026-06-25
9323,2367,2026-07-16,2026-08-15
9324,2367,2026-08-19,2026-09-18
9325,2368,2025-06-16,2025-07-16
9326,2369,2025-11-17,2025-12-17
9327,2369,2025-12-23,2026-01-22
9328,2369,2026-02-02,2026-03-04
9329,2369,2026-03-25,2026-04-24
9330,2369,2026-04-28,2026-05-28
9331,2369,2026-06-12,2026-07-12
9332,2370,2025-08-12,2025-09-11
9333,2370,2025-09-21,2025-10-21
9334,2370,2025-10-31,2025-11-30
9335,2370,2025-12-15,2026-01-14
9336,2370,2026-01-16,2026-02-15
9337,2370,2026-03-04,2026-04-03
9338,2371,2025-10-22,2025-11-21
9339,2371,2025-12-10,2026-01-09
9340,2371,2026-01-18,2026-02-17
9341,2371,2026-02-19,2026-03-21
9342,2372,2026-03-22,2026-04-21
9343,2372,2026-05-01,2026-05-31
9344,2372,2026-06-22,2026-07-22
9345,2372,2026-08-08,2026-09-07
9346,2373,2026-03-22,2026-04-21
9347,2373,2026-04-24,2026-05-24
9348,2373,2026-05-25,2026-06-24
9349,2373,2026-07-01,2026-07-31
9350,2373,2026-08-04,2026-09-03
9351,2374,2025-10-06,2025-11-05
9352,2374,2025-11-18,2025-12-18
9353,2374,2025-12-27,2026-01-26
9354,2374,2026-02-06,2026-03-08
9355,2374,2026-03-24,2026-04-23
9356,2374,2026-04-28,2026-05-28
9357,2374,2026-06-02,2026-07-02
9358,2375,2026-01-24,2026-02-23
9359,2375,2026-03-15,2026-04-14
9360,2375,2026-04-23,2026-05-23
9361,2376,2026-04-19,2026-05-19
9362,2376,2026-05-20,2026-06-19
9363,2376,2026-06-27,2026-07-27
9364,2376,2026-08-03,2026-09-02
9365,2377,2025-08-07,2025-09-06
9366,2377,2025-09-26,2025-10-26
9367,2377,2025-11-16,2025-12-16
9368,2378,2025-08-28,2025-09-27
9369,2378,2025-10-12,2025-11-11
9370,2378,2025-11-12,2025-12-12
9371,2378,2026-01-01,2026-01-31
9372,2378,2026-02-08,2026-03-10
9373,2379,2025-11-20,2025-12-20
9374,2379,2025-12-28,2026-01-27
9375,2379,2026-02-09,2026-03-11
9376,2379,2026-03-31,2026-04-30
9377,2379,2026-05-10,2026-06-09
9378,2380,2025-11-27,2025-12-27
9379,2380,2026-01-06,2026-02-05
9380,2381,2025-06-07,2025-07-07
9381,2382,2025-12-29,2026-01-28
9382,2382,2026-02-11,2026-03-13
9383,2383,2026-04-29,2026-05-29
9384,2383,2026-06-01,2026-07-01
9385,2383,2026-07-22,2026-08-21
9386,2384,2026-04-10,2026-05-10
9387,2385,2026-04-03,2026-05-03
9388,2385,2026-05-06,2026-06-05
9389,2385,2026-06-27,2026-07-27
9390,2385,2026-07-29,2026-08-28
9391,2386,2026-02-28,2026-03-30
9392,2387,2025-09-29,2025-10-29
9393,2387,2025-11-08,2025-12-08
9394,2387,2025-12-22,2026-01-21
9395,2387,2026-01-25,2026-02-24
9396,2388,2026-04-06,2026-05-06
9397,2388,2026-05-19,2026-06-18
9398,2388,2026-06-20,2026-07-20
9399,2389,2026-05-04,2026-06-03
9400,2389,2026-06-05,2026-07-05
9401,2389,2026-07-14,2026-08-13
9402,2390,2025-07-16,2025-08-15
9403,2390,2025-08-28,2025-09-27
9404,2390,2025-10-12,2025-11-11
9405,2391,2026-04-17,2026-05-17
9406,2391,2026-05-30,2026-06-29
9407,2391,2026-07-20,2026-08-19
9408,2392,2025-08-05,2025-09-04
9409,2392,2025-09-23,2025-10-23
9410,2392,2025-11-01,2025-12-01
9411,2392,2025-12-18,2026-01-17
9412,2392,2026-01-26,2026-02-25
9413,2393,2025-07-31,2025-08-30
9414,2394,2026-01-23,2026-02-22
9415,2394,2026-03-07,2026-04-06
9416,2394,2026-04-10,2026-05-10
9417,2394,2026-05-11,2026-06-10
9418,2394,2026-06-12,2026-07-12
9419,2394,2026-07-27,2026-08-26
9420,2395,2025-11-22,2025-12-22
9421,2396,2026-04-13,2026-05-13
9422,2396,2026-06-03,2026-07-03
9423,2396,2026-07-19,2026-08-18
9424,2396,2026-08-29,2026-09-28
9425,2397,2025-10-26,2025-11-25
9426,2397,2025-12-02,2026-01-01
9427,2397,2026-01-08,2026-02-07
9428,2398,2025-10-27,2025-11-26
9429,2398,2025-11-30,2025-12-30
9430,2398,2026-01-03,2026-02-02
9431,2398,2026-02-05,2026-03-07
9432,2399,2026-01-12,2026-02-11
9433,2400,2025-08-31,2025-09-30
9434,2400,2025-10-02,2025-11-01
9435,2400,2025-11-10,2025-12-10
9436,2400,2025-12-30,2026-01-29
9437,2400,2026-01-30,2026-03-01
9438,2400,2026-03-07,2026-04-06
9439,2400,2026-04-09,2026-05-09
9440,2401,2025-05-25,2025-06-24
9441,2401,2025-06-27,2025-07-27
9442,2401,2025-08-08,2025-09-07
9443,2402,2026-04-12,2026-05-12
9444,2402,2026-05-26,2026-06-25
9445,2402,2026-07-10,2026-08-09
9446,2402,2026-08-18,2026-09-17
9447,2402,2026-09-25,2026-10-25
9448,2402,2026-11-02,2026-12-02
9449,2402,2026-12-10,2027-01-09
9450,2403,2026-03-14,2026-04-13
9451,2403,2026-04-23,2026-05-23
9452,2403,2026-06-14,2026-07-14
9453,2403,2026-08-02,2026-09-01
9454,2403,2026-09-15,2026-10-15
9455,2403,2026-10-26,2026-11-25
9456,2404,2025-08-26,2025-09-25
9457,2404,2025-10-14,2025-11-13
9458,2405,2025-08-27,2025-09-26
9459,2405,2025-10-03,2025-11-02
9460,2405,2025-11-10,2025-12-10
9461,2405,2025-12-22,2026-01-21
9462,2406,2025-06-16,2025-07-16
9463,2407,2025-06-21,2025-07-21
9464,2407,2025-08-09,2025-09-08
9465,2407,2025-09-14,2025-10-14
9466,2407,2025-10-27,2025-11-26
9467,2407,2025-12-17,2026-01-16
9468,2408,2025-07-03,2025-08-02
9469,2408,2025-08-15,2025-09-14
9470,2408,2025-09-18,2025-10-18
9471,2409,2026-01-06,2026-02-05
9472,2409,2026-02-13,2026-03-15
9473,2409,2026-03-19,2026-04-18
9474,2409,2026-05-03,2026-06-02
9475,2410,2026-03-20,2026-04-19
9476,2410,2026-05-03,2026-06-02
9477,2410,2026-06-07,2026-07-07
9478,2410,2026-07-16,2026-08-15
9479,2410,2026-09-01,2026-10-01
9480,2411,2025-07-10,2025-08-09
9481,2411,2025-08-16,2025-09-15
9482,2411,2025-10-03,2025-11-02
9483,2411,2025-11-14,2025-12-14
9484,2411,2025-12-31,2026-01-30
9485,2411,2026-02-12,2026-03-14
9486,2412,2025-10-31,2025-11-30
9487,2412,2025-12-20,2026-01-19
9488,2412,2026-01-24,2026-02-23
9489,2412,2026-03-11,2026-04-10
9490,2412,2026-05-02,2026-06-01
9491,2412,2026-06-14,2026-07-14
9492,2413,2025-10-11,2025-11-10
9493,2413,2025-11-19,2025-12-19
9494,2413,2025-12-22,2026-01-21
9495,2413,2026-01-29,2026-02-28
9496,2414,2025-06-08,2025-07-08
9497,2414,2025-07-12,2025-08-11
9498,2414,2025-08-27,2025-09-26
9499,2414,2025-10-16,2025-11-15
9500,2414,2025-11-28,2025-12-28
9501,2415,2025-12-25,2026-01-24
9502,2416,2025-11-11,2025-12-11
9503,2416,2025-12-29,2026-01-28
9504,2416,2026-02-18,2026-03-20
9505,2417,2025-11-12,2025-12-12
9506,2417,2025-12-23,2026-01-22
9507,2417,2026-02-06,2026-03-08
9508,2417,2026-03-28,2026-04-27
9509,2418,2025-06-28,2025-07-28
9510,2419,2025-07-11,2025-08-10
9511,2419,2025-08-11,2025-09-10
9512,2420,2025-07-16,2025-08-15
9513,2420,2025-09-02,2025-10-02
9514,2420,2025-10-22,2025-11-21
9515,2420,2025-11-28,2025-12-28
9516,2420,2026-01-09,2026-02-08
9517,2420,2026-02-17,2026-03-19
9518,2421,2025-10-31,2025-11-30
9519,2421,2025-12-07,2026-01-06
9520,2421,2026-01-25,2026-02-24
9521,2422,2026-01-23,2026-02-22
9522,2422,2026-03-09,2026-04-08
9523,2422,2026-04-09,2026-05-09
9524,2422,2026-05-13,2026-06-12
9525,2422,2026-06-22,2026-07-22
9526,2422,2026-08-13,2026-09-12
9527,2423,2025-08-17,2025-09-16
9528,2423,2025-09-28,2025-10-28
9529,2423,2025-11-13,2025-12-13
9530,2423,2025-12-14,2026-01-13
9531,2423,2026-01-21,2026-02-20
9532,2423,2026-03-12,2026-04-11
9533,2424,2026-03-18,2026-04-17
9534,2424,2026-05-03,2026-06-02
9535,2424,2026-06-06,2026-07-06
9536,2425,2025-10-03,2025-11-02
9537,2425,2025-11-21,2025-12-21
9538,2425,2025-12-26,2026-01-25
9539,2425,2026-02-06,2026-03-08
9540,2426,2025-06-08,2025-07-08
9541,2426,2025-07-29,2025-08-28
9542,2427,2025-12-03,2026-01-02
9543,2427,2026-01-22,2026-02-21
9544,2427,2026-02-27,2026-03-29
9545,2428,2025-06-11,2025-07-11
9546,2429,2025-07-24,2025-08-23
9547,2429,2025-08-27,2025-09-26
9548,2429,2025-10-18,2025-11-17
9549,2429,2025-11-19,2025-12-19
9550,2429,2025-12-22,2026-01-21
9551,2429,2026-02-01,2026-03-03
9552,2430,2025-08-23,2025-09-22
9553,2431,2025-07-11,2025-08-10
9554,2431,2025-08-25,2025-09-24
9555,2431,2025-10-01,2025-10-31
9556,2431,2025-11-18,2025-12-18
9557,2431,2025-12-27,2026-01-26
9558,2431,2026-02-04,2026-03-06
9559,2431,2026-03-26,2026-04-25
9560,2432,2025-08-01,2025-08-31
9561,2432,2025-09-05,2025-10-05
9562,2432,2025-10-08,2025-11-07
9563,2432,2025-11-15,2025-12-15
9564,2432,2025-12-16,2026-01-15
9565,2433,2026-01-30,2026-03-01
9566,2433,2026-03-18,2026-04-17
9567,2433,2026-04-22,2026-05-22
9568,2433,2026-06-12,2026-07-12
9569,2433,2026-07-19,2026-08-18
9570,2433,2026-09-04,2026-10-04
9571,2434,2026-04-05,2026-05-05
9572,2434,2026-05-24,2026-06-23
9573,2434,2026-07-13,2026-08-12
9574,2434,2026-08-14,2026-09-13
9575,2434,2026-10-05,2026-11-04
9576,2434,2026-11-26,2026-12-26
9577,2435,2025-06-09,2025-07-09
9578,2435,2025-07-25,2025-08-24
9579,2435,2025-08-29,2025-09-28
9580,2435,2025-10-05,2025-11-04
9581,2435,2025-11-26,2025-12-26
9582,2435,2026-01-02,2026-02-01
9583,2435,2026-02-04,2026-03-06
9584,2436,2025-06-27,2025-07-27
9585,2436,2025-08-13,2025-09-12
9586,2436,2025-09-16,2025-10-16
9587,2437,2026-05-12,2026-06-11
9588,2437,2026-07-02,2026-08-01
9589,2437,2026-08-09,2026-09-08
9590,2437,2026-09-29,2026-10-29
9591,2437,2026-11-12,2026-12-12
9592,2437,2026-12-24,2027-01-23
9593,2438,2026-03-20,2026-04-19
9594,2438,2026-04-22,2026-05-22
9595,2438,2026-06-11,2026-07-11
9596,2438,2026-07-16,2026-08-15
9597,2438,2026-08-20,2026-09-19
9598,2438,2026-09-22,2026-10-22
9599,2439,2026-01-20,2026-02-19
9600,2439,2026-02-24,2026-03-26
9601,2439,2026-03-27,2026-04-26
9602,2439,2026-05-10,2026-06-09
9603,2439,2026-06-16,2026-07-16
9604,2440,2026-03-26,2026-04-25
9605,2440,2026-05-05,2026-06-04
9606,2440,2026-06-08,2026-07-08
9607,2440,2026-07-24,2026-08-23
9608,2440,2026-09-05,2026-10-05
9609,2441,2025-09-15,2025-10-15
9610,2441,2025-10-16,2025-11-15
9611,2441,2025-11-20,2025-12-20
9612,2441,2025-12-27,2026-01-26
9613,2441,2026-02-09,2026-03-11
9614,2441,2026-03-20,2026-04-19
9615,2442,2026-02-20,2026-03-22
9616,2442,2026-04-11,2026-05-11
9617,2442,2026-05-19,2026-06-18
9618,2442,2026-07-02,2026-08-01
9619,2442,2026-08-18,2026-09-17
9620,2442,2026-09-24,2026-10-24
9621,2443,2025-06-18,2025-07-18
9622,2443,2025-08-06,2025-09-05
9623,2443,2025-09-08,2025-10-08
9624,2443,2025-10-22,2025-11-21
9625,2443,2025-12-06,2026-01-05
9626,2443,2026-01-19,2026-02-18
9627,2444,2025-07-08,2025-08-07
9628,2445,2026-04-09,2026-05-09
9629,2445,2026-05-31,2026-06-30
9630,2446,2026-03-31,2026-04-30
9631,2446,2026-05-08,2026-06-07
9632,2446,2026-06-29,2026-07-29
9633,2446,2026-08-04,2026-09-03
9634,2446,2026-09-14,2026-10-14
9635,2446,2026-10-19,2026-11-18
9636,2447,2026-03-01,2026-03-31
9637,2447,2026-04-15,2026-05-15
9638,2448,2026-03-18,2026-04-17
9639,2448,2026-05-07,2026-06-06
9640,2449,2026-01-19,2026-02-18
9641,2449,2026-02-27,2026-03-29
9642,2449,2026-04-18,2026-05-18
9643,2449,2026-06-07,2026-07-07
9644,2450,2025-08-19,2025-09-18
9645,2450,2025-09-24,2025-10-24
9646,2450,2025-11-04,2025-12-04
9647,2451,2026-01-06,2026-02-05
9648,2451,2026-02-14,2026-03-16
9649,2451,2026-03-25,2026-04-24
9650,2451,2026-05-04,2026-06-03
9651,2451,2026-06-25,2026-07-25
9652,2452,2025-06-26,2025-07-26
9653,2452,2025-08-16,2025-09-15
9654,2452,2025-09-29,2025-10-29
9655,2453,2025-11-05,2025-12-05
9656,2453,2025-12-09,2026-01-08
9657,2453,2026-01-12,2026-02-11
9658,2453,2026-02-14,2026-03-16
9659,2454,2025-12-26,2026-01-25
9660,2454,2026-02-02,2026-03-04
9661,2454,2026-03-06,2026-04-05
9662,2454,2026-04-19,2026-05-19
9663,2454,2026-05-28,2026-06-27
9664,2454,2026-06-28,2026-07-28
9665,2454,2026-08-17,2026-09-16
9666,2455,2026-05-01,2026-05-31
9667,2456,2025-11-11,2025-12-11
9668,2456,2025-12-14,2026-01-13
9669,2456,2026-01-24,2026-02-23
9670,2456,2026-03-06,2026-04-05
9671,2457,2025-07-10,2025-08-09
9672,2457,2025-08-30,2025-09-29
9673,2457,2025-10-12,2025-11-11
9674,2457,2025-11-17,2025-12-17
9675,2457,2026-01-02,2026-02-01
9676,2458,2025-12-12,2026-01-11
9677,2458,2026-01-13,2026-02-12
9678,2458,2026-02-18,2026-03-20
9679,2458,2026-04-01,2026-05-01
9680,2459,2025-10-27,2025-11-26
9681,2460,2025-11-05,2025-12-05
9682,2460,2025-12-18,2026-01-17
9683,2460,2026-01-25,2026-02-24
9684,2460,2026-03-11,2026-04-10
9685,2460,2026-04-16,2026-05-16
9686,2460,2026-05-20,2026-06-19
9687,2461,2025-06-04,2025-07-04
9688,2461,2025-07-17,2025-08-16
9689,2462,2025-10-03,2025-11-02
9690,2462,2025-11-09,2025-12-09
9691,2463,2026-05-02,2026-06-01
9692,2463,2026-06-04,2026-07-04
9693,2463,2026-07-22,2026-08-21
9694,2463,2026-08-22,2026-09-21
9695,2463,2026-09-27,2026-10-27
9696,2464,2025-08-07,2025-09-06
9697,2464,2025-09-28,2025-10-28
9698,2464,2025-11-17,2025-12-17
9699,2465,2025-08-31,2025-09-30
9700,2465,2025-10-15,2025-11-14
9701,2465,2025-11-22,2025-12-22
9702,2465,2026-01-06,2026-02-05
9703,2465,2026-02-24,2026-03-26
9704,2466,2026-01-20,2026-02-19
9705,2466,2026-03-07,2026-04-06
9706,2466,2026-04-25,2026-05-25
9707,2466,2026-06-05,2026-07-05
9708,2466,2026-07-17,2026-08-16
9709,2467,2025-08-29,2025-09-28
9710,2467,2025-10-07,2025-11-06
9711,2467,2025-11-21,2025-12-21
9712,2467,2025-12-30,2026-01-29
9713,2467,2026-02-20,2026-03-22
9714,2468,2025-06-19,2025-07-19
9715,2469,2025-08-05,2025-09-04
9716,2469,2025-09-17,2025-10-17
9717,2469,2025-11-01,2025-12-01
9718,2469,2025-12-02,2026-01-01
9719,2469,2026-01-08,2026-02-07
9720,2469,2026-02-24,2026-03-26
9721,2470,2025-05-17,2025-06-16
9722,2470,2025-06-29,2025-07-29
9723,2471,2026-01-04,2026-02-03
9724,2471,2026-02-07,2026-03-09
9725,2471,2026-03-13,2026-04-12
9726,2471,2026-04-18,2026-05-18
9727,2472,2026-01-20,2026-02-19
9728,2472,2026-02-25,2026-03-27
9729,2472,2026-04-03,2026-05-03
9730,2472,2026-05-10,2026-06-09
9731,2472,2026-06-10,2026-07-10
9732,2473,2025-08-12,2025-09-11
9733,2473,2025-09-23,2025-10-23
9734,2473,2025-11-05,2025-12-05
9735,2473,2025-12-13,2026-01-12
9736,2473,2026-01-14,2026-02-13
9737,2474,2025-09-28,2025-10-28
9738,2474,2025-11-16,2025-12-16
9739,2474,2025-12-22,2026-01-21
9740,2474,2026-02-11,2026-03-13
9741,2474,2026-03-22,2026-04-21
9742,2474,2026-05-12,2026-06-11
9743,2475,2026-02-22,2026-03-24
9744,2475,2026-04-08,2026-05-08
9745,2476,2025-08-20,2025-09-19
9746,2476,2025-09-23,2025-10-23
9747,2476,2025-10-25,2025-11-24
9748,2476,2025-12-10,2026-01-09
9749,2476,2026-01-31,2026-03-02
9750,2476,2026-03-19,2026-04-18
9751,2476,2026-05-05,2026-06-04
9752,2477,2025-11-17,2025-12-17
9753,2478,2026-03-15,2026-04-14
9754,2478,2026-04-28,2026-05-28
9755,2478,2026-06-09,2026-07-09
9756,2478,2026-07-19,2026-08-18
9757,2479,2025-10-03,2025-11-02
9758,2479,2025-11-08,2025-12-08
9759,2479,2025-12-09,2026-01-08
9760,2480,2026-01-23,2026-02-22
9761,2480,2026-02-25,2026-03-27
9762,2481,2025-08-10,2025-09-09
9763,2481,2025-09-27,2025-10-27
9764,2481,2025-11-06,2025-12-06
9765,2481,2025-12-11,2026-01-10
9766,2482,2025-10-23,2025-11-22
9767,2482,2025-12-14,2026-01-13
9768,2482,2026-01-16,2026-02-15
9769,2482,2026-03-01,2026-03-31
9770,2483,2025-06-14,2025-07-14
9771,2483,2025-07-30,2025-08-29
9772,2483,2025-09-18,2025-10-18
9773,2483,2025-11-01,2025-12-01
9774,2483,2025-12-08,2026-01-07
9775,2483,2026-01-28,2026-02-27
9776,2484,2025-12-31,2026-01-30
9777,2484,2026-02-05,2026-03-07
9778,2484,2026-03-27,2026-04-26
9779,2485,2025-07-24,2025-08-23
9780,2485,2025-08-26,2025-09-25
9781,2485,2025-10-17,2025-11-16
9782,2486,2025-12-20,2026-01-19
9783,2487,2026-03-01,2026-03-31
9784,2488,2026-02-10,2026-03-12
9785,2488,2026-03-30,2026-04-29
9786,2488,2026-05-08,2026-06-07
9787,2488,2026-06-12,2026-07-12
9788,2488,2026-07-17,2026-08-16
9789,2489,2025-08-20,2025-09-19
9790,2489,2025-09-21,2025-10-21
9791,2490,2025-08-10,2025-09-09
9792,2490,2025-09-10,2025-10-10
9793,2491,2025-05-27,2025-06-26
9794,2491,2025-07-04,2025-08-03
9795,2492,2025-10-02,2025-11-01
9796,2493,2025-09-07,2025-10-07
9797,2493,2025-10-08,2025-11-07
9798,2493,2025-11-14,2025-12-14
9799,2493,2026-01-05,2026-02-04
9800,2493,2026-02-13,2026-03-15
9801,2494,2025-10-26,2025-11-25
9802,2494,2025-12-02,2026-01-01
9803,2495,2025-12-29,2026-01-28
9804,2495,2026-02-16,2026-03-18
9805,2495,2026-03-22,2026-04-21
9806,2496,2025-07-16,2025-08-15
9807,2496,2025-08-20,2025-09-19
9808,2496,2025-10-07,2025-11-06
9809,2496,2025-11-07,2025-12-07
9810,2496,2025-12-27,2026-01-26
9811,2496,2026-01-30,2026-03-01
9812,2496,2026-03-15,2026-04-14
9813,2497,2025-06-22,2025-07-22
9814,2497,2025-08-05,2025-09-04
9815,2498,2026-03-16,2026-04-15
9816,2498,2026-05-03,2026-06-02
9817,2498,2026-06-18,2026-07-18
9818,2498,2026-08-09,2026-09-08
9819,2498,2026-09-18,2026-10-18
9820,2499,2025-08-26,2025-09-25
9821,2499,2025-09-26,2025-10-26
9822,2500,2025-09-05,2025-10-05
9823,2500,2025-10-14,2025-11-13
9824,2500,2025-11-16,2025-12-16
9825,2501,2025-10-08,2025-11-07
9826,2501,2025-11-21,2025-12-21
9827,2501,2026-01-03,2026-02-02
9828,2501,2026-02-11,2026-03-13
9829,2502,2026-01-20,2026-02-19
9830,2502,2026-02-20,2026-03-22
9831,2502,2026-04-13,2026-05-13
9832,2502,2026-05-31,2026-06-30
9833,2503,2025-09-09,2025-10-09
9834,2503,2025-10-27,2025-11-26
9835,2503,2025-11-27,2025-12-27
9836,2504,2025-07-14,2025-08-13
9837,2504,2025-08-29,2025-09-28
9838,2504,2025-10-12,2025-11-11
9839,2505,2025-06-24,2025-07-24
9840,2505,2025-08-07,2025-09-06
9841,2506,2025-06-29,2025-07-29
9842,2506,2025-08-17,2025-09-16
9843,2506,2025-09-21,2025-10-21
9844,2506,2025-10-31,2025-11-30
9845,2506,2025-12-04,2026-01-03
9846,2507,2026-02-06,2026-03-08
9847,2507,2026-03-19,2026-04-18
9848,2507,2026-04-19,2026-05-19
9849,2508,2025-06-05,2025-07-05
9850,2508,2025-07-25,2025-08-24
9851,2508,2025-09-12,2025-10-12
9852,2508,2025-10-26,2025-11-25
9853,2508,2025-11-29,2025-12-29
9854,2509,2025-12-09,2026-01-08
9855,2510,2026-03-19,2026-04-18
9856,2510,2026-04-30,2026-05-30
9857,2510,2026-06-05,2026-07-05
9858,2510,2026-07-13,2026-08-12
9859,2510,2026-08-18,2026-09-17
9860,2510,2026-09-22,2026-10-22
9861,2511,2025-11-20,2025-12-20
9862,2511,2025-12-22,2026-01-21
9863,2511,2026-02-01,2026-03-03
9864,2511,2026-03-20,2026-04-19
9865,2511,2026-05-07,2026-06-06
9866,2511,2026-06-13,2026-07-13
9867,2511,2026-07-28,2026-08-27
9868,2512,2025-05-16,2025-06-15
9869,2512,2025-06-23,2025-07-23
9870,2512,2025-08-04,2025-09-03
9871,2512,2025-09-12,2025-10-12
9872,2513,2025-05-30,2025-06-29
9873,2513,2025-07-15,2025-08-14
9874,2513,2025-08-27,2025-09-26
9875,2513,2025-10-02,2025-11-01
9876,2513,2025-11-12,2025-12-12
9877,2513,2026-01-03,2026-02-02
9878,2514,2025-07-30,2025-08-29
9879,2514,2025-08-31,2025-09-30
9880,2514,2025-10-04,2025-11-03
9881,2514,2025-11-06,2025-12-06
9882,2514,2025-12-10,2026-01-09
9883,2515,2025-06-01,2025-07-01
9884,2515,2025-07-12,2025-08-11
9885,2515,2025-08-22,2025-09-21
9886,2515,2025-10-08,2025-11-07
9887,2515,2025-11-29,2025-12-29
9888,2515,2026-01-12,2026-02-11
9889,2515,2026-02-17,2026-03-19
9890,2516,2026-01-26,2026-02-25
9891,2516,2026-03-15,2026-04-14
9892,2516,2026-05-02,2026-06-01
9893,2516,2026-06-07,2026-07-07
9894,2517,2025-07-19,2025-08-18
9895,2518,2025-11-02,2025-12-02
9896,2518,2025-12-20,2026-01-19
9897,2518,2026-02-07,2026-03-09
9898,2518,2026-03-10,2026-04-09
9899,2519,2026-03-29,2026-04-28
9900,2520,2026-02-10,2026-03-12
9901,2520,2026-03-29,2026-04-28
9902,2520,2026-04-29,2026-05-29
9903,2520,2026-06-17,2026-07-17
9904,2520,2026-08-02,2026-09-01
9905,2520,2026-09-05,2026-10-05
9906,2520,2026-10-23,2026-11-22
9907,2521,2025-07-21,2025-08-20
9908,2522,2025-08-19,2025-09-18
9909,2522,2025-09-26,2025-10-26
9910,2523,2026-04-05,2026-05-05
9911,2523,2026-05-15,2026-06-14
9912,2523,2026-07-06,2026-08-05
9913,2523,2026-08-17,2026-09-16
9914,2523,2026-10-06,2026-11-05
9915,2523,2026-11-11,2026-12-11
9916,2524,2025-12-04,2026-01-03
9917,2524,2026-01-22,2026-02-21
9918,2524,2026-03-07,2026-04-06
9919,2525,2026-01-30,2026-03-01
9920,2525,2026-03-17,2026-04-16
9921,2525,2026-05-06,2026-06-05
9922,2526,2025-12-20,2026-01-19
9923,2526,2026-01-23,2026-02-22
9924,2526,2026-03-16,2026-04-15
9925,2526,2026-04-22,2026-05-22
9926,2526,2026-06-06,2026-07-06
9927,2526,2026-07-25,2026-08-24
9928,2526,2026-09-11,2026-10-11
9929,2527,2026-02-17,2026-03-19
9930,2528,2025-10-28,2025-11-27
9931,2528,2025-12-02,2026-01-01
9932,2528,2026-01-16,2026-02-15
9933,2528,2026-02-24,2026-03-26
9934,2529,2025-07-28,2025-08-27
9935,2529,2025-08-30,2025-09-29
9936,2529,2025-10-12,2025-11-11
9937,2529,2025-11-12,2025-12-12
9938,2529,2025-12-30,2026-01-29
9939,2529,2026-02-17,2026-03-19
9940,2529,2026-03-31,2026-04-30
9941,2530,2026-01-20,2026-02-19
9942,2530,2026-02-21,2026-03-23
9943,2530,2026-03-27,2026-04-26
9944,2530,2026-05-08,2026-06-07
9945,2530,2026-06-29,2026-07-29
9946,2531,2025-09-09,2025-10-09
9947,2531,2025-10-16,2025-11-15
9948,2532,2025-12-26,2026-01-25
9949,2532,2026-02-14,2026-03-16
9950,2532,2026-03-29,2026-04-28
9951,2532,2026-04-30,2026-05-30
9952,2533,2026-02-01,2026-03-03
9953,2533,2026-03-12,2026-04-11
9954,2533,2026-04-26,2026-05-26
9955,2533,2026-06-09,2026-07-09
9956,2533,2026-07-31,2026-08-30
9957,2534,2025-10-29,2025-11-28
9958,2534,2025-12-19,2026-01-18
9959,2535,2025-10-26,2025-11-25
9960,2535,2025-12-15,2026-01-14
9961,2535,2026-01-22,2026-02-21
9962,2535,2026-02-22,2026-03-24
9963,2535,2026-04-15,2026-05-15
9964,2536,2026-02-22,2026-03-24
9965,2536,2026-03-28,2026-04-27
9966,2536,2026-05-01,2026-05-31
9967,2537,2025-11-13,2025-12-13
9968,2537,2026-01-02,2026-02-01
9969,2537,2026-02-22,2026-03-24
9970,2537,2026-04-09,2026-05-09
9971,2537,2026-05-28,2026-06-27
9972,2537,2026-07-17,2026-08-16
9973,2538,2025-07-01,2025-07-31
9974,2538,2025-08-21,2025-09-20
9975,2538,2025-10-01,2025-10-31
9976,2538,2025-11-13,2025-12-13
9977,2539,2025-12-31,2026-01-30
9978,2539,2026-02-06,2026-03-08
9979,2539,2026-03-25,2026-04-24
9980,2539,2026-05-16,2026-06-15
9981,2539,2026-07-01,2026-07-31
9982,2539,2026-08-18,2026-09-17
9983,2539,2026-10-04,2026-11-03
9984,2540,2025-10-24,2025-11-23
9985,2540,2025-12-10,2026-01-09
9986,2540,2026-01-21,2026-02-20
9987,2541,2025-10-07,2025-11-06
9988,2541,2025-11-23,2025-12-23
9989,2541,2026-01-05,2026-02-04
9990,2541,2026-02-21,2026-03-23
9991,2541,2026-04-13,2026-05-13
9992,2542,2026-03-10,2026-04-09
9993,2542,2026-04-17,2026-05-17
9994,2542,2026-06-05,2026-07-05
9995,2542,2026-07-20,2026-08-19
9996,2542,2026-09-01,2026-10-01
9997,2543,2026-02-12,2026-03-14
9998,2544,2026-03-05,2026-04-04
9999,2544,2026-04-20,2026-05-20
10000,2544,2026-05-28,2026-06-27
10001,2544,2026-07-13,2026-08-12
10002,2544,2026-08-31,2026-09-30
10003,2544,2026-10-10,2026-11-09
10004,2545,2025-11-08,2025-12-08
10005,2545,2025-12-29,2026-01-28
10006,2545,2026-02-07,2026-03-09
10007,2545,2026-03-18,2026-04-17
10008,2545,2026-04-28,2026-05-28
10009,2546,2026-03-18,2026-04-17
10010,2546,2026-04-27,2026-05-27
10011,2546,2026-06-05,2026-07-05
10012,2546,2026-07-09,2026-08-08
10013,2546,2026-08-10,2026-09-09
10014,2546,2026-09-24,2026-10-24
10015,2547,2026-03-23,2026-04-22
10016,2547,2026-05-06,2026-06-05
10017,2547,2026-06-10,2026-07-10
10018,2547,2026-07-23,2026-08-22
10019,2547,2026-09-12,2026-10-12
10020,2548,2025-05-20,2025-06-19
10021,2548,2025-06-29,2025-07-29
10022,2548,2025-08-13,2025-09-12
10023,2549,2025-06-08,2025-07-08
10024,2549,2025-07-21,2025-08-20
10025,2549,2025-08-21,2025-09-20
10026,2549,2025-09-29,2025-10-29
10027,2549,2025-11-06,2025-12-06
10028,2550,2025-10-06,2025-11-05
10029,2550,2025-11-12,2025-12-12
10030,2550,2026-01-01,2026-01-31
10031,2550,2026-02-17,2026-03-19
10032,2550,2026-03-30,2026-04-29
10033,2551,2025-10-03,2025-11-02
10034,2551,2025-11-04,2025-12-04
10035,2551,2025-12-19,2026-01-18
10036,2551,2026-02-07,2026-03-09
10037,2551,2026-03-28,2026-04-27
10038,2551,2026-05-11,2026-06-10
10039,2552,2025-07-21,2025-08-20
10040,2552,2025-09-04,2025-10-04
10041,2552,2025-10-21,2025-11-20
10042,2552,2025-11-28,2025-12-28
10043,2552,2026-01-19,2026-02-18
10044,2553,2025-07-19,2025-08-18
10045,2553,2025-09-09,2025-10-09
10046,2553,2025-10-27,2025-11-26
10047,2554,2026-03-28,2026-04-27
10048,2554,2026-05-14,2026-06-13
10049,2554,2026-06-23,2026-07-23
10050,2554,2026-07-30,2026-08-29
10051,2555,2025-10-31,2025-11-30
10052,2555,2025-12-16,2026-01-15
10053,2555,2026-01-22,2026-02-21
10054,2555,2026-02-23,2026-03-25
10055,2555,2026-04-09,2026-05-09
10056,2555,2026-05-30,2026-06-29
10057,2556,2026-05-17,2026-06-16
10058,2557,2026-03-21,2026-04-20
10059,2557,2026-05-12,2026-06-11
10060,2557,2026-07-02,2026-08-01
10061,2557,2026-08-08,2026-09-07
10062,2558,2025-09-20,2025-10-20
10063,2558,2025-11-10,2025-12-10
10064,2558,2025-12-31,2026-01-30
10065,2558,2026-01-31,2026-03-02
10066,2558,2026-03-18,2026-04-17
10067,2558,2026-05-04,2026-06-03
10068,2559,2025-05-18,2025-06-17
10069,2559,2025-07-06,2025-08-05
10070,2560,2026-04-02,2026-05-02
10071,2560,2026-05-09,2026-06-08
10072,2561,2025-06-08,2025-07-08
10073,2561,2025-07-09,2025-08-08
10074,2561,2025-08-16,2025-09-15
10075,2562,2025-12-29,2026-01-28
10076,2562,2026-02-16,2026-03-18
10077,2562,2026-04-07,2026-05-07
10078,2562,2026-05-18,2026-06-17
10079,2563,2026-02-01,2026-03-03
10080,2563,2026-03-25,2026-04-24
10081,2563,2026-04-26,2026-05-26
10082,2563,2026-06-01,2026-07-01
10083,2563,2026-07-09,2026-08-08
10084,2564,2026-04-07,2026-05-07
10085,2564,2026-05-29,2026-06-28
10086,2564,2026-07-11,2026-08-10
10087,2564,2026-08-21,2026-09-20
10088,2564,2026-09-27,2026-10-27
10089,2564,2026-11-02,2026-12-02
10090,2564,2026-12-17,2027-01-16
10091,2565,2026-05-15,2026-06-14
10092,2565,2026-06-18,2026-07-18
10093,2565,2026-07-28,2026-08-27
10094,2566,2026-02-19,2026-03-21
10095,2566,2026-03-30,2026-04-29
10096,2566,2026-05-19,2026-06-18
10097,2566,2026-06-20,2026-07-20
10098,2567,2026-01-17,2026-02-16
10099,2567,2026-02-24,2026-03-26
10100,2568,2025-06-20,2025-07-20
10101,2568,2025-07-23,2025-08-22
10102,2568,2025-09-01,2025-10-01
10103,2568,2025-10-15,2025-11-14
10104,2569,2026-02-19,2026-03-21
10105,2569,2026-04-09,2026-05-09
10106,2569,2026-05-17,2026-06-16
10107,2570,2026-01-12,2026-02-11
10108,2570,2026-02-23,2026-03-25
10109,2570,2026-04-09,2026-05-09
10110,2571,2026-04-24,2026-05-24
10111,2571,2026-05-26,2026-06-25
10112,2572,2026-03-01,2026-03-31
10113,2573,2025-07-29,2025-08-28
10114,2574,2026-01-20,2026-02-19
10115,2574,2026-03-03,2026-04-02
10116,2574,2026-04-21,2026-05-21
10117,2575,2026-05-15,2026-06-14
10118,2575,2026-06-27,2026-07-27
10119,2575,2026-07-31,2026-08-30
10120,2575,2026-09-05,2026-10-05
10121,2575,2026-10-09,2026-11-08
10122,2575,2026-11-26,2026-12-26
10123,2575,2027-01-14,2027-02-13
10124,2576,2026-01-30,2026-03-01
10125,2576,2026-03-04,2026-04-03
10126,2576,2026-04-24,2026-05-24
10127,2576,2026-05-29,2026-06-28
10128,2576,2026-07-14,2026-08-13
10129,2576,2026-09-04,2026-10-04
10130,2577,2026-01-05,2026-02-04
10131,2577,2026-02-15,2026-03-17
10132,2577,2026-03-18,2026-04-17
10133,2577,2026-05-02,2026-06-01
10134,2577,2026-06-14,2026-07-14
10135,2577,2026-07-18,2026-08-17
10136,2577,2026-08-22,2026-09-21
10137,2578,2025-11-21,2025-12-21
10138,2578,2026-01-08,2026-02-07
10139,2578,2026-02-28,2026-03-30
10140,2578,2026-04-07,2026-05-07
10141,2578,2026-05-28,2026-06-27
10142,2578,2026-07-18,2026-08-17
10143,2578,2026-08-18,2026-09-17
10144,2579,2025-10-31,2025-11-30
10145,2579,2025-12-10,2026-01-09
10146,2579,2026-01-23,2026-02-22
10147,2579,2026-03-12,2026-04-11
10148,2580,2025-05-27,2025-06-26
10149,2580,2025-07-05,2025-08-04
10150,2581,2026-04-18,2026-05-18
10151,2581,2026-05-29,2026-06-28
10152,2581,2026-07-17,2026-08-16
10153,2582,2026-04-07,2026-05-07
10154,2583,2025-08-06,2025-09-05
10155,2583,2025-09-19,2025-10-19
10156,2584,2026-01-27,2026-02-26
10157,2584,2026-03-14,2026-04-13
10158,2584,2026-05-01,2026-05-31
10159,2584,2026-06-20,2026-07-20
10160,2585,2025-07-12,2025-08-11
10161,2585,2025-08-19,2025-09-18
10162,2585,2025-10-09,2025-11-08
10163,2586,2025-12-20,2026-01-19
10164,2586,2026-01-26,2026-02-25
10165,2586,2026-03-16,2026-04-15
10166,2586,2026-05-05,2026-06-04
10167,2587,2026-02-20,2026-03-22
10168,2587,2026-03-24,2026-04-23
10169,2587,2026-04-24,2026-05-24
10170,2588,2025-10-24,2025-11-23
10171,2588,2025-12-06,2026-01-05
10172,2589,2025-09-13,2025-10-13
10173,2589,2025-10-27,2025-11-26
10174,2589,2025-12-15,2026-01-14
10175,2589,2026-01-15,2026-02-14
10176,2590,2026-05-02,2026-06-01
10177,2590,2026-06-06,2026-07-06
10178,2590,2026-07-08,2026-08-07
10179,2590,2026-08-26,2026-09-25
10180,2590,2026-10-10,2026-11-09
10181,2590,2026-11-21,2026-12-21
10182,2591,2025-07-17,2025-08-16
10183,2591,2025-08-29,2025-09-28
10184,2591,2025-10-02,2025-11-01
10185,2591,2025-11-16,2025-12-16
10186,2591,2026-01-05,2026-02-04
10187,2591,2026-02-06,2026-03-08
10188,2592,2026-03-13,2026-04-12
10189,2592,2026-04-13,2026-05-13
10190,2592,2026-05-16,2026-06-15
10191,2592,2026-06-26,2026-07-26
10192,2592,2026-08-17,2026-09-16
10193,2592,2026-09-20,2026-10-20
10194,2593,2025-11-06,2025-12-06
10195,2594,2025-06-11,2025-07-11
10196,2594,2025-07-20,2025-08-19
10197,2594,2025-08-29,2025-09-28
10198,2594,2025-10-18,2025-11-17
10199,2594,2025-11-19,2025-12-19
10200,2595,2026-01-12,2026-02-11
10201,2595,2026-02-27,2026-03-29
10202,2595,2026-04-04,2026-05-04
10203,2595,2026-05-08,2026-06-07
10204,2596,2025-12-21,2026-01-20
10205,2596,2026-02-07,2026-03-09
10206,2597,2025-08-05,2025-09-04
10207,2597,2025-09-26,2025-10-26
10208,2598,2026-04-13,2026-05-13
10209,2598,2026-06-02,2026-07-02
10210,2598,2026-07-08,2026-08-07
10211,2598,2026-08-26,2026-09-25
10212,2598,2026-10-08,2026-11-07
10213,2599,2025-08-09,2025-09-08
10214,2599,2025-09-12,2025-10-12
10215,2599,2025-10-13,2025-11-12
10216,2599,2025-11-23,2025-12-23
10217,2599,2025-12-31,2026-01-30
10218,2600,2025-11-16,2025-12-16
10219,2600,2025-12-22,2026-01-21
10220,2600,2026-01-27,2026-02-26
10221,2600,2026-03-12,2026-04-11
10222,2601,2025-11-12,2025-12-12
10223,2601,2025-12-30,2026-01-29
10224,2601,2026-02-03,2026-03-05
10225,2601,2026-03-10,2026-04-09
10226,2601,2026-04-26,2026-05-26
10227,2601,2026-06-03,2026-07-03
10228,2601,2026-07-24,2026-08-23
10229,2602,2025-08-08,2025-09-07
10230,2602,2025-09-13,2025-10-13
10231,2602,2025-10-28,2025-11-27
10232,2602,2025-11-29,2025-12-29
10233,2603,2025-11-03,2025-12-03
10234,2603,2025-12-21,2026-01-20
10235,2603,2026-01-31,2026-03-02
10236,2604,2025-06-25,2025-07-25
10237,2604,2025-08-12,2025-09-11
10238,2604,2025-09-26,2025-10-26
10239,2604,2025-11-01,2025-12-01
10240,2604,2025-12-19,2026-01-18
10241,2604,2026-01-23,2026-02-22
10242,2605,2026-04-06,2026-05-06
10243,2605,2026-05-11,2026-06-10
10244,2605,2026-06-16,2026-07-16
10245,2605,2026-08-07,2026-09-06
10246,2606,2026-01-17,2026-02-16
10247,2606,2026-02-19,2026-03-21
10248,2606,2026-03-27,2026-04-26
10249,2606,2026-05-10,2026-06-09
10250,2606,2026-06-28,2026-07-28
10251,2606,2026-08-15,2026-09-14
10252,2606,2026-09-16,2026-10-16
10253,2607,2025-11-21,2025-12-21
10254,2607,2026-01-04,2026-02-03
10255,2607,2026-02-15,2026-03-17
10256,2608,2025-08-08,2025-09-07
10257,2608,2025-09-12,2025-10-12
10258,2608,2025-10-21,2025-11-20
10259,2608,2025-12-06,2026-01-05
10260,2608,2026-01-19,2026-02-18
10261,2609,2026-05-08,2026-06-07
10262,2609,2026-06-21,2026-07-21
10263,2609,2026-07-22,2026-08-21
10264,2609,2026-09-11,2026-10-11
10265,2609,2026-10-25,2026-11-24
10266,2609,2026-12-03,2027-01-02
10267,2609,2027-01-17,2027-02-16
10268,2610,2026-01-20,2026-02-19
10269,2610,2026-03-02,2026-04-01
10270,2610,2026-04-07,2026-05-07
10271,2610,2026-05-19,2026-06-18
10272,2610,2026-07-03,2026-08-02
10273,2610,2026-08-09,2026-09-08
10274,2611,2025-10-05,2025-11-04
10275,2611,2025-11-13,2025-12-13
10276,2611,2025-12-29,2026-01-28
10277,2611,2026-02-13,2026-03-15
10278,2611,2026-04-02,2026-05-02
10279,2612,2025-10-01,2025-10-31
10280,2612,2025-11-15,2025-12-15
10281,2612,2025-12-16,2026-01-15
10282,2613,2025-08-07,2025-09-06
10283,2613,2025-09-17,2025-10-17
10284,2613,2025-11-02,2025-12-02
10285,2614,2026-02-14,2026-03-16
10286,2614,2026-03-30,2026-04-29
10287,2614,2026-05-02,2026-06-01
10288,2614,2026-06-06,2026-07-06
10289,2615,2026-03-23,2026-04-22
10290,2615,2026-05-12,2026-06-11
10291,2615,2026-06-26,2026-07-26
10292,2615,2026-07-31,2026-08-30
10293,2615,2026-09-17,2026-10-17
10294,2616,2026-03-09,2026-04-08
10295,2616,2026-04-25,2026-05-25
10296,2617,2026-04-19,2026-05-19
10297,2617,2026-05-24,2026-06-23
10298,2617,2026-07-10,2026-08-09
10299,2617,2026-08-14,2026-09-13
10300,2617,2026-09-26,2026-10-26
10301,2617,2026-11-17,2026-12-17
10302,2617,2026-12-20,2027-01-19
10303,2618,2025-08-13,2025-09-12
10304,2618,2025-09-21,2025-10-21
10305,2618,2025-10-25,2025-11-24
10306,2618,2025-12-09,2026-01-08
10307,2618,2026-01-09,2026-02-08
10308,2618,2026-02-09,2026-03-11
10309,2618,2026-03-22,2026-04-21
10310,2619,2026-04-11,2026-05-11
10311,2619,2026-05-14,2026-06-13
10312,2619,2026-07-04,2026-08-03
10313,2619,2026-08-20,2026-09-19
10314,2619,2026-10-03,2026-11-02
10315,2619,2026-11-04,2026-12-04
10316,2619,2026-12-15,2027-01-14
10317,2620,2025-08-05,2025-09-04
10318,2620,2025-09-22,2025-10-22
10319,2620,2025-11-08,2025-12-08
10320,2620,2025-12-09,2026-01-08
10321,2620,2026-01-15,2026-02-14
10322,2620,2026-02-17,2026-03-19
10323,2621,2025-08-12,2025-09-11
10324,2621,2025-09-21,2025-10-21
10325,2621,2025-11-06,2025-12-06
10326,2621,2025-12-25,2026-01-24
10327,2622,2026-02-02,2026-03-04
10328,2622,2026-03-09,2026-04-08
10329,2622,2026-04-23,2026-05-23
10330,2622,2026-06-11,2026-07-11
10331,2622,2026-07-28,2026-08-27
10332,2622,2026-09-03,2026-10-03
10333,2623,2025-12-27,2026-01-26
10334,2623,2026-01-31,2026-03-02
10335,2624,2025-12-06,2026-01-05
10336,2624,2026-01-13,2026-02-12
10337,2624,2026-02-24,2026-03-26
10338,2624,2026-04-17,2026-05-17
10339,2624,2026-06-08,2026-07-08
10340,2624,2026-07-17,2026-08-16
10341,2625,2025-11-05,2025-12-05
10342,2625,2025-12-06,2026-01-05
10343,2625,2026-01-08,2026-02-07
10344,2625,2026-02-26,2026-03-28
10345,2625,2026-04-17,2026-05-17
10346,2625,2026-05-20,2026-06-19
10347,2625,2026-07-09,2026-08-08
10348,2626,2025-12-08,2026-01-07
10349,2626,2026-01-25,2026-02-24
10350,2626,2026-02-25,2026-03-27
10351,2626,2026-04-13,2026-05-13
10352,2626,2026-05-28,2026-06-27
10353,2626,2026-06-28,2026-07-28
10354,2627,2025-09-03,2025-10-03
10355,2627,2025-10-20,2025-11-19
10356,2627,2025-12-11,2026-01-10
10357,2627,2026-01-23,2026-02-22
10358,2628,2025-08-30,2025-09-29
10359,2628,2025-10-11,2025-11-10
10360,2628,2025-11-16,2025-12-16
10361,2628,2025-12-18,2026-01-17
10362,2628,2026-02-02,2026-03-04
10363,2628,2026-03-19,2026-04-18
10364,2628,2026-05-09,2026-06-08
10365,2629,2025-12-16,2026-01-15
10366,2629,2026-01-31,2026-03-02
10367,2629,2026-03-12,2026-04-11
10368,2629,2026-04-13,2026-05-13
10369,2629,2026-05-23,2026-06-22
10370,2629,2026-06-30,2026-07-30
10371,2630,2026-03-20,2026-04-19
10372,2630,2026-05-08,2026-06-07
10373,2630,2026-06-19,2026-07-19
10374,2630,2026-08-03,2026-09-02
10375,2631,2026-04-23,2026-05-23
10376,2631,2026-05-28,2026-06-27
10377,2631,2026-07-18,2026-08-17
10378,2631,2026-08-27,2026-09-26
10379,2632,2025-12-04,2026-01-03
10380,2633,2025-07-11,2025-08-10
10381,2634,2025-11-22,2025-12-22
10382,2634,2025-12-23,2026-01-22
10383,2634,2026-01-24,2026-02-23
10384,2634,2026-03-17,2026-04-16
10385,2634,2026-05-02,2026-06-01
10386,2634,2026-06-03,2026-07-03
10387,2634,2026-07-07,2026-08-06
10388,2635,2026-01-21,2026-02-20
10389,2635,2026-02-21,2026-03-23
10390,2635,2026-03-29,2026-04-28
10391,2635,2026-04-29,2026-05-29
10392,2635,2026-06-10,2026-07-10
10393,2636,2025-10-23,2025-11-22
10394,2636,2025-12-14,2026-01-13
10395,2637,2025-06-01,2025-07-01
10396,2637,2025-07-07,2025-08-06
10397,2637,2025-08-28,2025-09-27
10398,2637,2025-10-18,2025-11-17
10399,2637,2025-11-25,2025-12-25
10400,2638,2025-09-09,2025-10-09
10401,2638,2025-10-11,2025-11-10
10402,2638,2025-11-13,2025-12-13
10403,2638,2025-12-14,2026-01-13
10404,2638,2026-02-04,2026-03-06
10405,2639,2026-01-10,2026-02-09
10406,2639,2026-02-21,2026-03-23
10407,2639,2026-04-12,2026-05-12
10408,2639,2026-06-01,2026-07-01
10409,2639,2026-07-17,2026-08-16
10410,2640,2026-01-23,2026-02-22
10411,2640,2026-03-16,2026-04-15
10412,2640,2026-05-06,2026-06-05
10413,2640,2026-06-27,2026-07-27
10414,2640,2026-08-07,2026-09-06
10415,2640,2026-09-27,2026-10-27
10416,2641,2026-02-21,2026-03-23
10417,2641,2026-04-06,2026-05-06
10418,2641,2026-05-17,2026-06-16
10419,2641,2026-07-06,2026-08-05
10420,2641,2026-08-20,2026-09-19
10421,2641,2026-09-29,2026-10-29
10422,2641,2026-11-07,2026-12-07
10423,2642,2026-04-22,2026-05-22
10424,2642,2026-06-04,2026-07-04
10425,2642,2026-07-26,2026-08-25
10426,2643,2026-03-22,2026-04-21
10427,2643,2026-04-30,2026-05-30
10428,2643,2026-06-21,2026-07-21
10429,2643,2026-08-11,2026-09-10
10430,2643,2026-09-16,2026-10-16
10431,2643,2026-10-18,2026-11-17
10432,2644,2026-03-31,2026-04-30
10433,2645,2025-12-05,2026-01-04
10434,2646,2026-02-01,2026-03-03
10435,2646,2026-03-05,2026-04-04
10436,2646,2026-04-26,2026-05-26
10437,2646,2026-06-07,2026-07-07
10438,2647,2025-06-10,2025-07-10
10439,2647,2025-07-25,2025-08-24
10440,2648,2026-05-09,2026-06-08
10441,2648,2026-06-23,2026-07-23
10442,2648,2026-08-06,2026-09-05
10443,2648,2026-09-18,2026-10-18
10444,2648,2026-11-06,2026-12-06
10445,2648,2026-12-28,2027-01-27
10446,2648,2027-02-16,2027-03-18
10447,2649,2025-11-14,2025-12-14
10448,2649,2025-12-18,2026-01-17
10449,2649,2026-02-08,2026-03-10
10450,2649,2026-03-23,2026-04-22
10451,2650,2025-08-31,2025-09-30
10452,2650,2025-10-11,2025-11-10
10453,2650,2025-11-21,2025-12-21
10454,2650,2026-01-06,2026-02-05
10455,2650,2026-02-08,2026-03-10
10456,2650,2026-03-25,2026-04-24
10457,2650,2026-05-04,2026-06-03
10458,2651,2025-11-26,2025-12-26
10459,2651,2026-01-07,2026-02-06
10460,2651,2026-02-23,2026-03-25
10461,2651,2026-04-04,2026-05-04
10462,2651,2026-05-24,2026-06-23
10463,2651,2026-07-06,2026-08-05
10464,2652,2026-03-19,2026-04-18
10465,2652,2026-04-27,2026-05-27
10466,2652,2026-06-05,2026-07-05
10467,2652,2026-07-24,2026-08-23
10468,2652,2026-09-12,2026-10-12
10469,2653,2026-03-14,2026-04-13
10470,2653,2026-04-20,2026-05-20
10471,2653,2026-05-31,2026-06-30
10472,2653,2026-07-17,2026-08-16
10473,2653,2026-08-29,2026-09-28
10474,2654,2025-06-02,2025-07-02
10475,2654,2025-07-24,2025-08-23
10476,2654,2025-09-04,2025-10-04
10477,2655,2025-10-09,2025-11-08
10478,2655,2025-11-19,2025-12-19
10479,2655,2025-12-20,2026-01-19
10480,2656,2026-01-01,2026-01-31
10481,2656,2026-02-18,2026-03-20
10482,2656,2026-04-03,2026-05-03
10483,2656,2026-05-10,2026-06-09
10484,2656,2026-06-15,2026-07-15
10485,2657,2025-10-17,2025-11-16
10486,2657,2025-11-27,2025-12-27
10487,2657,2026-01-01,2026-01-31
10488,2658,2025-12-07,2026-01-06
10489,2658,2026-01-10,2026-02-09
10490,2658,2026-02-13,2026-03-15
10491,2658,2026-03-19,2026-04-18
10492,2658,2026-04-21,2026-05-21
10493,2658,2026-05-23,2026-06-22
10494,2659,2025-07-23,2025-08-22
10495,2659,2025-09-09,2025-10-09
10496,2659,2025-10-18,2025-11-17
10497,2660,2025-09-01,2025-10-01
10498,2660,2025-10-18,2025-11-17
10499,2660,2025-12-07,2026-01-06
10500,2660,2026-01-24,2026-02-23
10501,2660,2026-03-17,2026-04-16
10502,2660,2026-04-27,2026-05-27
10503,2661,2025-12-02,2026-01-01
10504,2661,2026-01-04,2026-02-03
10505,2662,2025-08-11,2025-09-10
10506,2662,2025-09-24,2025-10-24
10507,2662,2025-10-28,2025-11-27
10508,2663,2025-10-18,2025-11-17
10509,2663,2025-11-19,2025-12-19
10510,2663,2026-01-10,2026-02-09
10511,2663,2026-02-24,2026-03-26
10512,2663,2026-04-02,2026-05-02
10513,2663,2026-05-23,2026-06-22
10514,2664,2025-09-13,2025-10-13
10515,2664,2025-10-14,2025-11-13
10516,2664,2025-11-15,2025-12-15
10517,2664,2025-12-20,2026-01-19
10518,2664,2026-01-24,2026-02-23
10519,2664,2026-03-17,2026-04-16
10520,2665,2025-08-25,2025-09-24
10521,2665,2025-10-06,2025-11-05
10522,2665,2025-11-25,2025-12-25
10523,2666,2026-04-26,2026-05-26
10524,2666,2026-05-27,2026-06-26
10525,2666,2026-07-07,2026-08-06
10526,2666,2026-08-17,2026-09-16
10527,2666,2026-09-26,2026-10-26
10528,2666,2026-11-13,2026-12-13
10529,2667,2025-12-09,2026-01-08
10530,2667,2026-01-25,2026-02-24
10531,2667,2026-03-12,2026-04-11
10532,2667,2026-04-29,2026-05-29
10533,2667,2026-06-02,2026-07-02
10534,2667,2026-07-22,2026-08-21
10535,2667,2026-08-26,2026-09-25
10536,2668,2025-11-30,2025-12-30
10537,2668,2026-01-15,2026-02-14
10538,2668,2026-03-08,2026-04-07
10539,2668,2026-04-16,2026-05-16
10540,2668,2026-06-05,2026-07-05
10541,2668,2026-07-23,2026-08-22
10542,2668,2026-08-31,2026-09-30
10543,2669,2025-09-14,2025-10-14
10544,2669,2025-10-15,2025-11-14
10545,2669,2025-11-24,2025-12-24
10546,2670,2025-08-05,2025-09-04
10547,2670,2025-09-19,2025-10-19
10548,2670,2025-10-23,2025-11-22
10549,2670,2025-12-08,2026-01-07
10550,2670,2026-01-25,2026-02-24
10551,2671,2026-03-31,2026-04-30
10552,2671,2026-05-06,2026-06-05
10553,2671,2026-06-08,2026-07-08
10554,2671,2026-07-17,2026-08-16
10555,2671,2026-08-30,2026-09-29
10556,2671,2026-10-02,2026-11-01
10557,2672,2026-05-01,2026-05-31
10558,2672,2026-06-11,2026-07-11
10559,2673,2025-09-02,2025-10-02
10560,2674,2025-06-02,2025-07-02
10561,2674,2025-07-22,2025-08-21
10562,2674,2025-08-27,2025-09-26
10563,2674,2025-10-10,2025-11-09
10564,2674,2025-11-24,2025-12-24
10565,2674,2026-01-07,2026-02-06
10566,2674,2026-02-26,2026-03-28
10567,2675,2025-07-19,2025-08-18
10568,2675,2025-09-02,2025-10-02
10569,2675,2025-10-21,2025-11-20
10570,2675,2025-12-08,2026-01-07
10571,2675,2026-01-24,2026-02-23
10572,2676,2025-12-28,2026-01-27
10573,2676,2026-02-06,2026-03-08
10574,2676,2026-03-17,2026-04-16
10575,2676,2026-04-27,2026-05-27
10576,2677,2026-03-03,2026-04-02
10577,2677,2026-04-12,2026-05-12
10578,2677,2026-05-15,2026-06-14
10579,2678,2026-03-16,2026-04-15
10580,2678,2026-04-19,2026-05-19
10581,2678,2026-06-08,2026-07-08
10582,2679,2025-10-04,2025-11-03
10583,2679,2025-11-10,2025-12-10
10584,2679,2025-12-24,2026-01-23
10585,2679,2026-01-24,2026-02-23
10586,2679,2026-03-06,2026-04-05
10587,2679,2026-04-25,2026-05-25
10588,2680,2026-02-06,2026-03-08
10589,2680,2026-03-19,2026-04-18
10590,2681,2026-02-07,2026-03-09
10591,2682,2026-01-30,2026-03-01
10592,2682,2026-03-09,2026-04-08
10593,2682,2026-04-25,2026-05-25
10594,2683,2025-11-20,2025-12-20
10595,2684,2025-07-24,2025-08-23
10596,2684,2025-09-09,2025-10-09
10597,2684,2025-10-19,2025-11-18
10598,2684,2025-11-28,2025-12-28
10599,2684,2026-01-13,2026-02-12
10600,2684,2026-03-04,2026-04-03
10601,2684,2026-04-11,2026-05-11
10602,2685,2025-11-19,2025-12-19
10603,2685,2026-01-02,2026-02-01
10604,2685,2026-02-05,2026-03-07
10605,2685,2026-03-10,2026-04-09
10606,2685,2026-04-21,2026-05-21
10607,2685,2026-06-04,2026-07-04
10608,2686,2025-06-17,2025-07-17
10609,2686,2025-07-22,2025-08-21
10610,2686,2025-08-26,2025-09-25
10611,2686,2025-10-03,2025-11-02
10612,2686,2025-11-04,2025-12-04
10613,2686,2025-12-19,2026-01-18
10614,2686,2026-01-19,2026-02-18
10615,2687,2025-10-09,2025-11-08
10616,2687,2025-11-28,2025-12-28
10617,2687,2026-01-06,2026-02-05
10618,2687,2026-02-22,2026-03-24
10619,2688,2026-03-19,2026-04-18
10620,2688,2026-04-26,2026-05-26
10621,2688,2026-05-30,2026-06-29
10622,2688,2026-07-12,2026-08-11
10623,2688,2026-08-13,2026-09-12
10624,2688,2026-09-17,2026-10-17
10625,2688,2026-10-22,2026-11-21
10626,2689,2025-11-09,2025-12-09
10627,2689,2025-12-17,2026-01-16
10628,2689,2026-01-24,2026-02-23
10629,2689,2026-02-25,2026-03-27
10630,2689,2026-04-03,2026-05-03
10631,2689,2026-05-18,2026-06-17
10632,2690,2025-12-13,2026-01-12
10633,2690,2026-01-15,2026-02-14
10634,2691,2026-03-04,2026-04-03
10635,2691,2026-04-13,2026-05-13
10636,2691,2026-05-23,2026-06-22
10637,2691,2026-07-07,2026-08-06
10638,2692,2025-08-24,2025-09-23
10639,2692,2025-09-26,2025-10-26
10640,2692,2025-10-30,2025-11-29
10641,2692,2025-12-04,2026-01-03
10642,2693,2025-07-31,2025-08-30
10643,2694,2025-11-23,2025-12-23
10644,2694,2026-01-08,2026-02-07
10645,2694,2026-02-25,2026-03-27
10646,2694,2026-04-02,2026-05-02
10647,2694,2026-05-20,2026-06-19
10648,2694,2026-07-05,2026-08-04
10649,2695,2026-03-06,2026-04-05
10650,2695,2026-04-18,2026-05-18
10651,2695,2026-06-01,2026-07-01
10652,2695,2026-07-04,2026-08-03
10653,2695,2026-08-14,2026-09-13
10654,2695,2026-09-23,2026-10-23
10655,2695,2026-11-04,2026-12-04
10656,2696,2025-05-19,2025-06-18
10657,2696,2025-06-29,2025-07-29
10658,2696,2025-08-15,2025-09-14
10659,2696,2025-09-27,2025-10-27
10660,2696,2025-11-09,2025-12-09
10661,2696,2025-12-17,2026-01-16
10662,2696,2026-01-28,2026-02-27
10663,2697,2025-05-19,2025-06-18
10664,2697,2025-06-21,2025-07-21
10665,2697,2025-08-07,2025-09-06
10666,2698,2025-12-18,2026-01-17
10667,2698,2026-02-08,2026-03-10
10668,2699,2025-06-19,2025-07-19
10669,2699,2025-07-24,2025-08-23
10670,2700,2026-01-15,2026-02-14
10671,2700,2026-03-04,2026-04-03
10672,2701,2026-02-10,2026-03-12
10673,2701,2026-03-14,2026-04-13
10674,2701,2026-04-24,2026-05-24
10675,2701,2026-06-13,2026-07-13
10676,2702,2025-10-21,2025-11-20
10677,2702,2025-12-10,2026-01-09
10678,2702,2026-01-26,2026-02-25
10679,2702,2026-03-07,2026-04-06
10680,2703,2025-12-09,2026-01-08
10681,2703,2026-01-14,2026-02-13
10682,2703,2026-03-03,2026-04-02
10683,2703,2026-04-12,2026-05-12
10684,2703,2026-05-27,2026-06-26
10685,2704,2026-03-19,2026-04-18
10686,2704,2026-04-20,2026-05-20
10687,2704,2026-05-28,2026-06-27
10688,2705,2025-11-17,2025-12-17
10689,2705,2026-01-08,2026-02-07
10690,2705,2026-02-13,2026-03-15
10691,2705,2026-04-04,2026-05-04
10692,2705,2026-05-22,2026-06-21
10693,2705,2026-07-09,2026-08-08
10694,2706,2025-11-14,2025-12-14
10695,2707,2025-10-31,2025-11-30
10696,2707,2025-12-01,2025-12-31
10697,2707,2026-01-07,2026-02-06
10698,2707,2026-02-20,2026-03-22
10699,2707,2026-04-04,2026-05-04
10700,2707,2026-05-21,2026-06-20
10701,2708,2025-07-21,2025-08-20
10702,2708,2025-09-04,2025-10-04
10703,2708,2025-10-20,2025-11-19
10704,2709,2026-03-21,2026-04-20
10705,2709,2026-05-04,2026-06-03
10706,2709,2026-06-21,2026-07-21
10707,2709,2026-08-12,2026-09-11
10708,2710,2025-07-26,2025-08-25
10709,2710,2025-08-30,2025-09-29
10710,2711,2025-10-14,2025-11-13
10711,2711,2025-11-14,2025-12-14
10712,2711,2025-12-22,2026-01-21
10713,2711,2026-01-26,2026-02-25
10714,2712,2026-01-27,2026-02-26
10715,2712,2026-03-13,2026-04-12
10716,2712,2026-04-30,2026-05-30
10717,2712,2026-06-07,2026-07-07
10718,2712,2026-07-16,2026-08-15
10719,2713,2025-11-11,2025-12-11
10720,2714,2025-12-26,2026-01-25
10721,2714,2026-02-02,2026-03-04
10722,2715,2026-01-10,2026-02-09
10723,2715,2026-03-02,2026-04-01
10724,2715,2026-04-13,2026-05-13
10725,2716,2025-05-21,2025-06-20
10726,2716,2025-07-04,2025-08-03
10727,2717,2026-03-07,2026-04-06
10728,2717,2026-04-21,2026-05-21
10729,2718,2025-05-14,2025-06-13
10730,2718,2025-06-15,2025-07-15
10731,2718,2025-07-24,2025-08-23
10732,2718,2025-09-03,2025-10-03
10733,2718,2025-10-10,2025-11-09
10734,2718,2025-11-20,2025-12-20
10735,2719,2025-10-02,2025-11-01
10736,2719,2025-11-17,2025-12-17
10737,2719,2025-12-24,2026-01-23
10738,2720,2025-09-23,2025-10-23
10739,2720,2025-10-31,2025-11-30
10740,2721,2025-07-06,2025-08-05
10741,2721,2025-08-11,2025-09-10
10742,2721,2025-09-28,2025-10-28
10743,2721,2025-11-09,2025-12-09
10744,2721,2025-12-24,2026-01-23
10745,2721,2026-01-24,2026-02-23
10746,2722,2026-01-25,2026-02-24
10747,2722,2026-03-05,2026-04-04
10748,2722,2026-04-06,2026-05-06
10749,2722,2026-05-11,2026-06-10
10750,2722,2026-06-21,2026-07-21
10751,2722,2026-08-01,2026-08-31
10752,2723,2025-10-30,2025-11-29
10753,2723,2025-12-16,2026-01-15
10754,2723,2026-02-04,2026-03-06
10755,2724,2025-07-05,2025-08-04
10756,2724,2025-08-19,2025-09-18
10757,2725,2026-04-29,2026-05-29
10758,2725,2026-06-08,2026-07-08
10759,2725,2026-07-12,2026-08-11
10760,2725,2026-08-15,2026-09-14
10761,2725,2026-09-28,2026-10-28
10762,2725,2026-11-13,2026-12-13
10763,2726,2025-08-30,2025-09-29
10764,2726,2025-10-11,2025-11-10
10765,2726,2025-11-29,2025-12-29
10766,2726,2026-01-12,2026-02-11
10767,2726,2026-03-04,2026-04-03
10768,2727,2025-06-27,2025-07-27
10769,2727,2025-08-04,2025-09-03
10770,2727,2025-09-20,2025-10-20
10771,2727,2025-11-02,2025-12-02
10772,2728,2025-12-28,2026-01-27
10773,2728,2026-01-28,2026-02-27
10774,2728,2026-03-09,2026-04-08
10775,2728,2026-04-17,2026-05-17
10776,2729,2025-10-12,2025-11-11
10777,2729,2025-12-03,2026-01-02
10778,2729,2026-01-16,2026-02-15
10779,2729,2026-03-03,2026-04-02
10780,2729,2026-04-10,2026-05-10
10781,2729,2026-05-17,2026-06-16
10782,2730,2025-11-25,2025-12-25
10783,2730,2026-01-14,2026-02-13
10784,2730,2026-02-16,2026-03-18
10785,2730,2026-03-24,2026-04-23
10786,2730,2026-05-03,2026-06-02
10787,2730,2026-06-20,2026-07-20
10788,2731,2026-04-10,2026-05-10
10789,2731,2026-05-28,2026-06-27
10790,2731,2026-07-12,2026-08-11
10791,2732,2025-11-12,2025-12-12
10792,2733,2025-08-17,2025-09-16
10793,2733,2025-09-22,2025-10-22
10794,2733,2025-10-30,2025-11-29
10795,2733,2025-12-21,2026-01-20
10796,2733,2026-02-09,2026-03-11
10797,2733,2026-03-20,2026-04-19
10798,2733,2026-04-30,2026-05-30
10799,2734,2026-02-02,2026-03-04
10800,2734,2026-03-26,2026-04-25
10801,2734,2026-05-04,2026-06-03
10802,2734,2026-06-09,2026-07-09
10803,2734,2026-07-23,2026-08-22
10804,2734,2026-08-31,2026-09-30
10805,2734,2026-10-02,2026-11-01
10806,2735,2026-01-20,2026-02-19
10807,2735,2026-03-12,2026-04-11
10808,2735,2026-04-29,2026-05-29
10809,2735,2026-06-18,2026-07-18
10810,2736,2025-06-11,2025-07-11
10811,2736,2025-07-14,2025-08-13
10812,2737,2025-12-31,2026-01-30
10813,2737,2026-02-07,2026-03-09
10814,2737,2026-03-17,2026-04-16
10815,2737,2026-05-05,2026-06-04
10816,2737,2026-06-21,2026-07-21
10817,2737,2026-07-22,2026-08-21
10818,2738,2026-02-20,2026-03-22
10819,2738,2026-04-07,2026-05-07
10820,2739,2026-01-18,2026-02-17
10821,2739,2026-02-22,2026-03-24
10822,2739,2026-04-11,2026-05-11
10823,2739,2026-05-19,2026-06-18
10824,2739,2026-06-26,2026-07-26
10825,2739,2026-08-07,2026-09-06
10826,2739,2026-09-20,2026-10-20
10827,2740,2026-04-28,2026-05-28
10828,2740,2026-06-08,2026-07-08
10829,2740,2026-07-26,2026-08-25
10830,2740,2026-08-28,2026-09-27
10831,2740,2026-09-29,2026-10-29
10832,2741,2025-05-24,2025-06-23
10833,2741,2025-06-27,2025-07-27
10834,2741,2025-08-08,2025-09-07
10835,2741,2025-09-14,2025-10-14
10836,2741,2025-10-21,2025-11-20
10837,2741,2025-12-05,2026-01-04
10838,2742,2025-07-21,2025-08-20
10839,2742,2025-08-31,2025-09-30
10840,2742,2025-10-13,2025-11-12
10841,2742,2025-11-27,2025-12-27
10842,2742,2025-12-28,2026-01-27
10843,2742,2026-02-01,2026-03-03
10844,2742,2026-03-24,2026-04-23
10845,2743,2026-01-04,2026-02-03
10846,2743,2026-02-09,2026-03-11
10847,2743,2026-03-28,2026-04-27
10848,2743,2026-05-12,2026-06-11
10849,2744,2025-05-18,2025-06-17
10850,2744,2025-06-29,2025-07-29
10851,2744,2025-08-18,2025-09-17
10852,2745,2026-01-22,2026-02-21
10853,2745,2026-03-05,2026-04-04
10854,2745,2026-04-19,2026-05-19
10855,2745,2026-06-07,2026-07-07
10856,2745,2026-07-29,2026-08-28
10857,2745,2026-09-07,2026-10-07
10858,2746,2026-01-30,2026-03-01
10859,2746,2026-03-20,2026-04-19
10860,2746,2026-04-30,2026-05-30
10861,2746,2026-06-19,2026-07-19
10862,2747,2025-05-29,2025-06-28
10863,2747,2025-06-29,2025-07-29
10864,2747,2025-08-09,2025-09-08
10865,2748,2026-04-07,2026-05-07
10866,2748,2026-05-28,2026-06-27
10867,2748,2026-07-10,2026-08-09
10868,2748,2026-08-14,2026-09-13
10869,2748,2026-10-02,2026-11-01
10870,2748,2026-11-22,2026-12-22
10871,2749,2025-12-27,2026-01-26
10872,2749,2026-02-05,2026-03-07
10873,2749,2026-03-24,2026-04-23
10874,2749,2026-05-05,2026-06-04
10875,2750,2026-04-04,2026-05-04
10876,2751,2025-06-24,2025-07-24
10877,2751,2025-07-30,2025-08-29
10878,2751,2025-09-09,2025-10-09
10879,2751,2025-10-14,2025-11-13
10880,2751,2025-12-05,2026-01-04
10881,2752,2026-04-12,2026-05-12
10882,2752,2026-05-27,2026-06-26
10883,2753,2026-04-15,2026-05-15
10884,2753,2026-06-05,2026-07-05
10885,2753,2026-07-22,2026-08-21
10886,2753,2026-08-27,2026-09-26
10887,2753,2026-09-29,2026-10-29
10888,2753,2026-11-11,2026-12-11
10889,2753,2027-01-01,2027-01-31
10890,2754,2026-03-24,2026-04-23
10891,2755,2025-08-14,2025-09-13
10892,2755,2025-09-16,2025-10-16
10893,2755,2025-10-26,2025-11-25
10894,2755,2025-12-07,2026-01-06
10895,2755,2026-01-22,2026-02-21
10896,2755,2026-03-03,2026-04-02
10897,2756,2026-01-16,2026-02-15
10898,2756,2026-02-17,2026-03-19
10899,2756,2026-03-26,2026-04-25
10900,2757,2025-10-18,2025-11-17
10901,2757,2025-12-03,2026-01-02
10902,2757,2026-01-23,2026-02-22
10903,2757,2026-03-07,2026-04-06
10904,2757,2026-04-26,2026-05-26
10905,2757,2026-06-04,2026-07-04
10906,2757,2026-07-19,2026-08-18
10907,2758,2025-05-19,2025-06-18
10908,2759,2025-11-21,2025-12-21
10909,2759,2025-12-23,2026-01-22
10910,2760,2025-07-15,2025-08-14
10911,2760,2025-09-05,2025-10-05
10912,2760,2025-10-13,2025-11-12
10913,2760,2025-11-18,2025-12-18
10914,2760,2025-12-21,2026-01-20
10915,2760,2026-01-26,2026-02-25
10916,2760,2026-03-07,2026-04-06
10917,2761,2026-01-01,2026-01-31
10918,2762,2025-11-04,2025-12-04
10919,2762,2025-12-12,2026-01-11
10920,2763,2025-12-11,2026-01-10
10921,2763,2026-01-29,2026-02-28
10922,2763,2026-03-09,2026-04-08
10923,2763,2026-04-11,2026-05-11
10924,2763,2026-05-17,2026-06-16
10925,2763,2026-06-19,2026-07-19
10926,2764,2025-09-25,2025-10-25
10927,2765,2026-04-20,2026-05-20
10928,2765,2026-06-05,2026-07-05
10929,2766,2026-01-26,2026-02-25
10930,2766,2026-03-16,2026-04-15
10931,2766,2026-04-17,2026-05-17
10932,2767,2026-04-29,2026-05-29
10933,2767,2026-06-18,2026-07-18
10934,2767,2026-07-27,2026-08-26
10935,2768,2026-02-24,2026-03-26
10936,2768,2026-03-31,2026-04-30
10937,2769,2025-07-10,2025-08-09
10938,2769,2025-08-10,2025-09-09
10939,2769,2025-09-12,2025-10-12
10940,2770,2025-08-16,2025-09-15
10941,2770,2025-09-19,2025-10-19
10942,2770,2025-10-26,2025-11-25
10943,2770,2025-12-05,2026-01-04
10944,2770,2026-01-12,2026-02-11
10945,2771,2025-06-11,2025-07-11
10946,2771,2025-07-23,2025-08-22
10947,2771,2025-09-07,2025-10-07
10948,2771,2025-10-10,2025-11-09
10949,2771,2025-11-16,2025-12-16
10950,2771,2025-12-23,2026-01-22
10951,2771,2026-02-11,2026-03-13
10952,2772,2025-07-08,2025-08-07
10953,2772,2025-08-13,2025-09-12
10954,2772,2025-09-27,2025-10-27
10955,2772,2025-11-10,2025-12-10
10956,2772,2025-12-28,2026-01-27
10957,2773,2025-12-25,2026-01-24
10958,2774,2025-06-05,2025-07-05
10959,2774,2025-07-10,2025-08-09
10960,2775,2025-11-27,2025-12-27
10961,2775,2026-01-01,2026-01-31
10962,2775,2026-02-01,2026-03-03
10963,2775,2026-03-09,2026-04-08
10964,2775,2026-04-28,2026-05-28
10965,2775,2026-05-31,2026-06-30
10966,2775,2026-07-07,2026-08-06
10967,2776,2025-10-17,2025-11-16
10968,2777,2025-06-14,2025-07-14
10969,2778,2026-01-15,2026-02-14
10970,2778,2026-03-04,2026-04-03
10971,2778,2026-04-05,2026-05-05
10972,2778,2026-05-11,2026-06-10
10973,2778,2026-06-30,2026-07-30
10974,2778,2026-08-16,2026-09-15
10975,2778,2026-10-05,2026-11-04
10976,2779,2026-02-27,2026-03-29
10977,2779,2026-04-19,2026-05-19
10978,2779,2026-06-05,2026-07-05
10979,2779,2026-07-08,2026-08-07
10980,2779,2026-08-26,2026-09-25
10981,2780,2025-10-22,2025-11-21
10982,2780,2025-12-01,2025-12-31
10983,2780,2026-01-12,2026-02-11
10984,2780,2026-02-17,2026-03-19
10985,2780,2026-03-26,2026-04-25
10986,2780,2026-04-29,2026-05-29
10987,2781,2026-03-23,2026-04-22
10988,2782,2026-04-02,2026-05-02
10989,2783,2026-03-07,2026-04-06
10990,2784,2025-06-11,2025-07-11
10991,2784,2025-07-29,2025-08-28
10992,2784,2025-09-04,2025-10-04
10993,2785,2025-07-22,2025-08-21
10994,2785,2025-08-29,2025-09-28
10995,2785,2025-10-12,2025-11-11
10996,2785,2025-12-02,2026-01-01
10997,2786,2025-06-02,2025-07-02
10998,2786,2025-07-12,2025-08-11
10999,2786,2025-08-14,2025-09-13
11000,2786,2025-09-29,2025-10-29
11001,2787,2026-04-27,2026-05-27
11002,2788,2026-03-15,2026-04-14
11003,2788,2026-05-04,2026-06-03
11004,2788,2026-06-07,2026-07-07
11005,2788,2026-07-24,2026-08-23
11006,2788,2026-09-08,2026-10-08
11007,2789,2026-02-08,2026-03-10
11008,2790,2025-06-01,2025-07-01
11009,2791,2025-05-18,2025-06-17
11010,2791,2025-06-18,2025-07-18
11011,2791,2025-07-26,2025-08-25
11012,2791,2025-09-03,2025-10-03
11013,2791,2025-10-12,2025-11-11
11014,2791,2025-11-30,2025-12-30
11015,2791,2026-01-11,2026-02-10
11016,2792,2026-04-03,2026-05-03
11017,2793,2025-12-31,2026-01-30
11018,2793,2026-02-15,2026-03-17
11019,2793,2026-03-30,2026-04-29
11020,2794,2025-08-04,2025-09-03
11021,2795,2025-08-17,2025-09-16
11022,2795,2025-09-28,2025-10-28
11023,2795,2025-11-18,2025-12-18
11024,2796,2026-03-23,2026-04-22
11025,2796,2026-04-25,2026-05-25
11026,2797,2026-02-16,2026-03-18
11027,2797,2026-03-22,2026-04-21
11028,2797,2026-05-04,2026-06-03
11029,2797,2026-06-04,2026-07-04
11030,2797,2026-07-11,2026-08-10
11031,2797,2026-09-01,2026-10-01
11032,2797,2026-10-17,2026-11-16
11033,2798,2025-12-01,2025-12-31
11034,2798,2026-01-03,2026-02-02
11035,2798,2026-02-23,2026-03-25
11036,2798,2026-04-16,2026-05-16
11037,2798,2026-05-18,2026-06-17
11038,2799,2026-04-13,2026-05-13
11039,2799,2026-05-14,2026-06-13
11040,2799,2026-06-20,2026-07-20
11041,2799,2026-08-08,2026-09-07
11042,2799,2026-09-27,2026-10-27
11043,2799,2026-11-09,2026-12-09
11044,2799,2026-12-16,2027-01-15
11045,2800,2025-08-24,2025-09-23
11046,2800,2025-10-08,2025-11-07
11047,2800,2025-11-08,2025-12-08
11048,2800,2025-12-09,2026-01-08
11049,2801,2025-11-07,2025-12-07
11050,2801,2025-12-16,2026-01-15
11051,2801,2026-01-28,2026-02-27
11052,2801,2026-03-19,2026-04-18
11053,2801,2026-05-01,2026-05-31
11054,2802,2026-04-13,2026-05-13
11055,2802,2026-05-21,2026-06-20
11056,2802,2026-06-25,2026-07-25
11057,2802,2026-08-02,2026-09-01
11058,2802,2026-09-08,2026-10-08
11059,2802,2026-10-23,2026-11-22
11060,2803,2026-04-29,2026-05-29
11061,2804,2025-08-21,2025-09-20
11062,2804,2025-10-07,2025-11-06
11063,2804,2025-11-07,2025-12-07
11064,2804,2025-12-08,2026-01-07
11065,2804,2026-01-26,2026-02-25
11066,2804,2026-03-13,2026-04-12
11067,2805,2026-02-28,2026-03-30
11068,2805,2026-04-17,2026-05-17
11069,2805,2026-05-31,2026-06-30
11070,2806,2025-11-15,2025-12-15
11071,2806,2025-12-22,2026-01-21
11072,2807,2026-05-07,2026-06-06
11073,2807,2026-06-19,2026-07-19
11074,2808,2025-09-13,2025-10-13
11075,2808,2025-10-23,2025-11-22
11076,2808,2025-12-02,2026-01-01
11077,2808,2026-01-19,2026-02-18
11078,2808,2026-03-07,2026-04-06
11079,2809,2025-11-09,2025-12-09
11080,2809,2025-12-30,2026-01-29
11081,2810,2025-08-30,2025-09-29
11082,2810,2025-10-10,2025-11-09
11083,2811,2026-01-19,2026-02-18
11084,2811,2026-03-09,2026-04-08
11085,2811,2026-04-24,2026-05-24
11086,2811,2026-05-30,2026-06-29
11087,2811,2026-07-04,2026-08-03
11088,2811,2026-08-20,2026-09-19
11089,2812,2025-06-13,2025-07-13
11090,2812,2025-08-04,2025-09-03
11091,2812,2025-09-15,2025-10-15
11092,2812,2025-11-02,2025-12-02
11093,2812,2025-12-13,2026-01-12
11094,2813,2025-12-04,2026-01-03
11095,2813,2026-01-07,2026-02-06
11096,2813,2026-02-13,2026-03-15
11097,2814,2025-08-25,2025-09-24
11098,2814,2025-10-13,2025-11-12
11099,2814,2025-11-26,2025-12-26
11100,2814,2025-12-27,2026-01-26
11101,2814,2026-02-02,2026-03-04
11102,2814,2026-03-14,2026-04-13
11103,2814,2026-04-30,2026-05-30
11104,2815,2025-10-04,2025-11-03
11105,2815,2025-11-17,2025-12-17
11106,2815,2026-01-02,2026-02-01
11107,2815,2026-02-19,2026-03-21
11108,2815,2026-04-08,2026-05-08
11109,2815,2026-05-15,2026-06-14
11110,2815,2026-07-02,2026-08-01
11111,2816,2026-01-27,2026-02-26
11112,2816,2026-03-17,2026-04-16
11113,2817,2026-01-24,2026-02-23
11114,2817,2026-03-03,2026-04-02
11115,2818,2026-04-12,2026-05-12
11116,2819,2025-08-26,2025-09-25
11117,2819,2025-10-09,2025-11-08
11118,2819,2025-11-17,2025-12-17
11119,2819,2026-01-01,2026-01-31
11120,2819,2026-02-12,2026-03-14
11121,2819,2026-03-31,2026-04-30
11122,2820,2025-12-12,2026-01-11
11123,2820,2026-01-20,2026-02-19
11124,2820,2026-03-08,2026-04-07
11125,2820,2026-04-21,2026-05-21
11126,2821,2025-06-17,2025-07-17
11127,2821,2025-07-21,2025-08-20
11128,2821,2025-09-02,2025-10-02
11129,2821,2025-10-10,2025-11-09
11130,2821,2025-11-25,2025-12-25
11131,2821,2025-12-28,2026-01-27
11132,2822,2025-05-24,2025-06-23
11133,2823,2026-04-24,2026-05-24
11134,2824,2025-06-21,2025-07-21
11135,2824,2025-08-09,2025-09-08
11136,2824,2025-09-23,2025-10-23
11137,2825,2025-11-22,2025-12-22
11138,2825,2025-12-26,2026-01-25
11139,2825,2026-02-03,2026-03-05
11140,2825,2026-03-17,2026-04-16
11141,2826,2025-11-28,2025-12-28
11142,2826,2026-01-14,2026-02-13
11143,2826,2026-02-17,2026-03-19
11144,2827,2026-01-29,2026-02-28
11145,2827,2026-03-09,2026-04-08
11146,2827,2026-04-11,2026-05-11
11147,2827,2026-05-23,2026-06-22
11148,2827,2026-07-07,2026-08-06
11149,2827,2026-08-12,2026-09-11
11150,2828,2026-04-12,2026-05-12
11151,2829,2026-01-31,2026-03-02
11152,2829,2026-03-05,2026-04-04
11153,2829,2026-04-07,2026-05-07
11154,2829,2026-05-21,2026-06-20
11155,2829,2026-07-08,2026-08-07
11156,2829,2026-08-20,2026-09-19
11157,2830,2025-06-10,2025-07-10
11158,2831,2026-02-17,2026-03-19
11159,2832,2026-04-13,2026-05-13
11160,2833,2026-04-27,2026-05-27
11161,2833,2026-06-09,2026-07-09
11162,2833,2026-07-10,2026-08-09
11163,2833,2026-08-20,2026-09-19
11164,2833,2026-09-30,2026-10-30
11165,2834,2026-03-04,2026-04-03
11166,2834,2026-04-16,2026-05-16
11167,2834,2026-05-28,2026-06-27
11168,2834,2026-07-06,2026-08-05
11169,2834,2026-08-11,2026-09-10
11170,2834,2026-09-23,2026-10-23
11171,2835,2025-05-31,2025-06-30
11172,2835,2025-07-17,2025-08-16
11173,2836,2025-08-23,2025-09-22
11174,2836,2025-10-08,2025-11-07
11175,2836,2025-11-22,2025-12-22
11176,2836,2025-12-25,2026-01-24
11177,2836,2026-02-02,2026-03-04
11178,2836,2026-03-05,2026-04-04
11179,2836,2026-04-11,2026-05-11
11180,2837,2026-01-03,2026-02-02
11181,2837,2026-02-23,2026-03-25
11182,2837,2026-04-16,2026-05-16
11183,2837,2026-05-27,2026-06-26
11184,2837,2026-07-05,2026-08-04
11185,2837,2026-08-15,2026-09-14
11186,2837,2026-10-03,2026-11-02
11187,2838,2025-05-27,2025-06-26
11188,2838,2025-07-10,2025-08-09
11189,2838,2025-08-10,2025-09-09
11190,2838,2025-09-10,2025-10-10
11191,2838,2025-10-18,2025-11-17
11192,2838,2025-11-18,2025-12-18
11193,2839,2026-01-20,2026-02-19
11194,2840,2025-08-06,2025-09-05
11195,2840,2025-09-10,2025-10-10
11196,2840,2025-10-26,2025-11-25
11197,2840,2025-11-30,2025-12-30
11198,2840,2026-01-07,2026-02-06
11199,2840,2026-02-23,2026-03-25
11200,2841,2025-12-20,2026-01-19
11201,2841,2026-02-04,2026-03-06
11202,2841,2026-03-15,2026-04-14
11203,2841,2026-05-06,2026-06-05
11204,2841,2026-06-10,2026-07-10
11205,2841,2026-07-14,2026-08-13
11206,2841,2026-09-03,2026-10-03
11207,2842,2025-10-04,2025-11-03
11208,2842,2025-11-16,2025-12-16
11209,2842,2026-01-02,2026-02-01
11210,2842,2026-02-09,2026-03-11
11211,2842,2026-03-29,2026-04-28
11212,2842,2026-05-10,2026-06-09
11213,2843,2026-04-30,2026-05-30
11214,2843,2026-06-18,2026-07-18
11215,2843,2026-07-29,2026-08-28
11216,2843,2026-09-19,2026-10-19
11217,2843,2026-11-09,2026-12-09
11218,2843,2026-12-24,2027-01-23
11219,2843,2027-01-24,2027-02-23
11220,2844,2026-04-01,2026-05-01
11221,2844,2026-05-02,2026-06-01
11222,2845,2025-10-18,2025-11-17
11223,2845,2025-12-01,2025-12-31
11224,2845,2026-01-22,2026-02-21
11225,2845,2026-03-05,2026-04-04
11226,2845,2026-04-06,2026-05-06
11227,2846,2025-05-17,2025-06-16
11228,2847,2026-05-09,2026-06-08
11229,2847,2026-06-09,2026-07-09
11230,2847,2026-07-17,2026-08-16
11231,2847,2026-08-25,2026-09-24
11232,2848,2026-01-27,2026-02-26
11233,2848,2026-03-16,2026-04-15
11234,2848,2026-04-24,2026-05-24
11235,2848,2026-05-31,2026-06-30
11236,2848,2026-07-16,2026-08-15
11237,2848,2026-08-30,2026-09-29
11238,2849,2025-06-28,2025-07-28
11239,2850,2026-02-19,2026-03-21
11240,2850,2026-04-09,2026-05-09
11241,2850,2026-05-20,2026-06-19
11242,2850,2026-07-11,2026-08-10
11243,2850,2026-08-29,2026-09-28
11244,2850,2026-10-09,2026-11-08
11245,2850,2026-11-12,2026-12-12
11246,2851,2026-01-20,2026-02-19
11247,2851,2026-03-11,2026-04-10
11248,2851,2026-04-22,2026-05-22
11249,2851,2026-05-31,2026-06-30
11250,2851,2026-07-10,2026-08-09
11251,2851,2026-08-29,2026-09-28
11252,2851,2026-10-11,2026-11-10
11253,2852,2026-03-23,2026-04-22
11254,2852,2026-05-02,2026-06-01
11255,2852,2026-06-06,2026-07-06
11256,2852,2026-07-09,2026-08-08
11257,2852,2026-08-24,2026-09-23
11258,2853,2025-11-02,2025-12-02
11259,2853,2025-12-07,2026-01-06
11260,2853,2026-01-22,2026-02-21
11261,2853,2026-03-04,2026-04-03
11262,2853,2026-04-09,2026-05-09
11263,2853,2026-05-26,2026-06-25
11264,2853,2026-06-26,2026-07-26
11265,2854,2026-05-07,2026-06-06
11266,2855,2025-10-29,2025-11-28
11267,2855,2025-12-05,2026-01-04
11268,2855,2026-01-13,2026-02-12
11269,2855,2026-02-22,2026-03-24
11270,2855,2026-04-08,2026-05-08
11271,2855,2026-05-27,2026-06-26
11272,2856,2026-01-27,2026-02-26
11273,2856,2026-03-09,2026-04-08
11274,2856,2026-04-27,2026-05-27
11275,2856,2026-06-02,2026-07-02
11276,2856,2026-07-10,2026-08-09
11277,2856,2026-08-20,2026-09-19
11278,2856,2026-10-11,2026-11-10
11279,2857,2025-06-27,2025-07-27
11280,2857,2025-08-03,2025-09-02
11281,2857,2025-09-20,2025-10-20
11282,2857,2025-10-28,2025-11-27
11283,2857,2025-12-03,2026-01-02
11284,2857,2026-01-16,2026-02-15
11285,2857,2026-02-24,2026-03-26
11286,2858,2025-10-29,2025-11-28
11287,2858,2025-12-01,2025-12-31
11288,2858,2026-01-22,2026-02-21
11289,2858,2026-03-15,2026-04-14
11290,2858,2026-04-16,2026-05-16
11291,2859,2025-06-07,2025-07-07
11292,2860,2025-10-01,2025-10-31
11293,2860,2025-11-04,2025-12-04
11294,2860,2025-12-09,2026-01-08
11295,2860,2026-01-30,2026-03-01
11296,2861,2026-05-04,2026-06-03
11297,2861,2026-06-18,2026-07-18
11298,2861,2026-07-31,2026-08-30
11299,2862,2026-02-19,2026-03-21
11300,2862,2026-03-23,2026-04-22
11301,2862,2026-05-01,2026-05-31
11302,2862,2026-06-19,2026-07-19
11303,2862,2026-07-29,2026-08-28
11304,2862,2026-09-15,2026-10-15
11305,2863,2026-05-03,2026-06-02
11306,2864,2025-08-15,2025-09-14
11307,2864,2025-09-25,2025-10-25
11308,2864,2025-11-06,2025-12-06
11309,2864,2025-12-11,2026-01-10
11310,2864,2026-01-28,2026-02-27
11311,2864,2026-03-06,2026-04-05
11312,2865,2026-03-23,2026-04-22
11313,2865,2026-04-28,2026-05-28
11314,2866,2026-04-28,2026-05-28
11315,2866,2026-06-09,2026-07-09
11316,2866,2026-07-22,2026-08-21
11317,2866,2026-09-12,2026-10-12
11318,2866,2026-10-28,2026-11-27
11319,2867,2026-03-28,2026-04-27
11320,2867,2026-05-19,2026-06-18
11321,2867,2026-06-25,2026-07-25
11322,2867,2026-07-27,2026-08-26
11323,2867,2026-08-31,2026-09-30
11324,2868,2026-02-19,2026-03-21
11325,2868,2026-03-30,2026-04-29
11326,2868,2026-05-20,2026-06-19
11327,2869,2026-04-05,2026-05-05
11328,2869,2026-05-09,2026-06-08
11329,2869,2026-06-11,2026-07-11
11330,2869,2026-07-22,2026-08-21
11331,2869,2026-09-07,2026-10-07
11332,2869,2026-10-25,2026-11-24
11333,2870,2025-12-31,2026-01-30
11334,2870,2026-02-16,2026-03-18
11335,2870,2026-04-02,2026-05-02
11336,2870,2026-05-04,2026-06-03
11337,2870,2026-06-25,2026-07-25
11338,2870,2026-08-11,2026-09-10
11339,2871,2025-07-09,2025-08-08
11340,2871,2025-08-09,2025-09-08
11341,2871,2025-09-24,2025-10-24
11342,2872,2026-04-07,2026-05-07
11343,2873,2026-03-11,2026-04-10
11344,2874,2025-11-30,2025-12-30
11345,2874,2026-01-08,2026-02-07
11346,2874,2026-02-20,2026-03-22
11347,2874,2026-04-12,2026-05-12
11348,2875,2026-03-22,2026-04-21
11349,2876,2025-12-22,2026-01-21
11350,2876,2026-02-09,2026-03-11
11351,2877,2025-07-09,2025-08-08
11352,2877,2025-08-14,2025-09-13
11353,2877,2025-09-23,2025-10-23
11354,2878,2025-11-02,2025-12-02
11355,2878,2025-12-20,2026-01-19
11356,2879,2025-07-19,2025-08-18
11357,2879,2025-08-24,2025-09-23
11358,2879,2025-10-01,2025-10-31
11359,2879,2025-11-16,2025-12-16
11360,2879,2026-01-07,2026-02-06
11361,2879,2026-02-22,2026-03-24
11362,2879,2026-04-03,2026-05-03
11363,2880,2026-02-01,2026-03-03
11364,2880,2026-03-18,2026-04-17
11365,2880,2026-04-18,2026-05-18
11366,2880,2026-05-20,2026-06-19
11367,2880,2026-07-05,2026-08-04
11368,2880,2026-08-22,2026-09-21
11369,2881,2025-08-07,2025-09-06
11370,2882,2025-10-15,2025-11-14
11371,2882,2025-11-25,2025-12-25
11372,2883,2025-12-19,2026-01-18
11373,2883,2026-02-08,2026-03-10
11374,2884,2026-01-23,2026-02-22
11375,2884,2026-03-12,2026-04-11
11376,2884,2026-04-17,2026-05-17
11377,2884,2026-05-23,2026-06-22
11378,2884,2026-07-05,2026-08-04
11379,2884,2026-08-20,2026-09-19
11380,2884,2026-10-08,2026-11-07
11381,2885,2025-08-07,2025-09-06
11382,2886,2026-01-02,2026-02-01
11383,2886,2026-02-15,2026-03-17
11384,2886,2026-03-18,2026-04-17
11385,2886,2026-04-22,2026-05-22
11386,2886,2026-06-09,2026-07-09
11387,2886,2026-07-23,2026-08-22
11388,2887,2025-09-26,2025-10-26
11389,2887,2025-11-13,2025-12-13
11390,2887,2025-12-20,2026-01-19
11391,2887,2026-02-07,2026-03-09
11392,2887,2026-03-30,2026-04-29
11393,2887,2026-05-11,2026-06-10
11394,2888,2025-11-05,2025-12-05
11395,2889,2025-11-29,2025-12-29
11396,2889,2026-01-03,2026-02-02
11397,2889,2026-02-06,2026-03-08
11398,2889,2026-03-09,2026-04-08
11399,2890,2025-12-06,2026-01-05
11400,2890,2026-01-06,2026-02-05
11401,2891,2026-01-05,2026-02-04
11402,2891,2026-02-19,2026-03-21
11403,2891,2026-03-23,2026-04-22
11404,2891,2026-04-30,2026-05-30
11405,2891,2026-06-15,2026-07-15
11406,2891,2026-08-01,2026-08-31
11407,2891,2026-09-02,2026-10-02
11408,2892,2025-09-08,2025-10-08
11409,2892,2025-10-22,2025-11-21
11410,2892,2025-12-05,2026-01-04
11411,2892,2026-01-23,2026-02-22
11412,2892,2026-03-02,2026-04-01
11413,2892,2026-04-07,2026-05-07
11414,2893,2026-02-22,2026-03-24
11415,2893,2026-04-12,2026-05-12
11416,2893,2026-05-29,2026-06-28
11417,2893,2026-07-06,2026-08-05
11418,2894,2026-01-07,2026-02-06
11419,2894,2026-02-26,2026-03-28
11420,2894,2026-04-02,2026-05-02
11421,2894,2026-05-24,2026-06-23
11422,2894,2026-07-07,2026-08-06
11423,2895,2026-02-19,2026-03-21
11424,2895,2026-04-08,2026-05-08
11425,2895,2026-05-23,2026-06-22
11426,2895,2026-07-06,2026-08-05
11427,2895,2026-08-27,2026-09-26
11428,2895,2026-10-02,2026-11-01
11429,2896,2025-06-24,2025-07-24
11430,2896,2025-07-26,2025-08-25
11431,2896,2025-09-10,2025-10-10
11432,2896,2025-10-20,2025-11-19
11433,2897,2026-03-27,2026-04-26
11434,2897,2026-05-07,2026-06-06
11435,2897,2026-06-19,2026-07-19
11436,2897,2026-07-30,2026-08-29
11437,2897,2026-09-13,2026-10-13
11438,2897,2026-10-18,2026-11-17
11439,2897,2026-12-01,2026-12-31
11440,2898,2026-04-02,2026-05-02
11441,2898,2026-05-24,2026-06-23
11442,2898,2026-07-02,2026-08-01
11443,2898,2026-08-04,2026-09-03
11444,2899,2025-12-07,2026-01-06
11445,2899,2026-01-23,2026-02-22
11446,2899,2026-02-26,2026-03-28
11447,2899,2026-04-12,2026-05-12
11448,2899,2026-05-31,2026-06-30
11449,2900,2026-05-17,2026-06-16
11450,2900,2026-07-05,2026-08-04
11451,2900,2026-08-16,2026-09-15
11452,2900,2026-09-16,2026-10-16
11453,2901,2026-04-09,2026-05-09
11454,2901,2026-05-20,2026-06-19
11455,2902,2026-02-12,2026-03-14
11456,2902,2026-03-16,2026-04-15
11457,2902,2026-04-21,2026-05-21
11458,2902,2026-06-04,2026-07-04
11459,2902,2026-07-10,2026-08-09
11460,2902,2026-08-22,2026-09-21
11461,2902,2026-10-11,2026-11-10
11462,2903,2025-08-21,2025-09-20
11463,2904,2025-06-25,2025-07-25
11464,2904,2025-08-16,2025-09-15
11465,2904,2025-09-24,2025-10-24
11466,2904,2025-11-05,2025-12-05
11467,2904,2025-12-11,2026-01-10
11468,2904,2026-01-22,2026-02-21
11469,2904,2026-03-08,2026-04-07
11470,2905,2026-05-07,2026-06-06
11471,2905,2026-06-26,2026-07-26
11472,2906,2025-07-08,2025-08-07
11473,2906,2025-08-09,2025-09-08
11474,2906,2025-09-21,2025-10-21
11475,2906,2025-10-29,2025-11-28
11476,2907,2026-02-02,2026-03-04
11477,2908,2025-09-21,2025-10-21
11478,2908,2025-11-11,2025-12-11
11479,2908,2025-12-16,2026-01-15
11480,2909,2025-08-12,2025-09-11
11481,2909,2025-09-27,2025-10-27
11482,2909,2025-11-08,2025-12-08
11483,2909,2025-12-12,2026-01-11
11484,2910,2025-06-29,2025-07-29
11485,2910,2025-08-05,2025-09-04
11486,2910,2025-09-20,2025-10-20
11487,2911,2025-07-24,2025-08-23
11488,2911,2025-08-24,2025-09-23
11489,2911,2025-09-25,2025-10-25
11490,2911,2025-11-06,2025-12-06
11491,2911,2025-12-13,2026-01-12
11492,2912,2026-01-19,2026-02-18
11493,2912,2026-03-10,2026-04-09
11494,2912,2026-04-16,2026-05-16
11495,2912,2026-05-23,2026-06-22
11496,2912,2026-06-27,2026-07-27
11497,2912,2026-08-12,2026-09-11
11498,2913,2025-07-01,2025-07-31
11499,2913,2025-08-09,2025-09-08
11500,2914,2025-08-03,2025-09-02
11501,2914,2025-09-14,2025-10-14
11502,2915,2025-08-10,2025-09-09
11503,2915,2025-09-17,2025-10-17
11504,2916,2025-07-10,2025-08-09
11505,2916,2025-08-25,2025-09-24
11506,2917,2026-04-12,2026-05-12
11507,2917,2026-05-23,2026-06-22
11508,2918,2025-10-19,2025-11-18
11509,2918,2025-11-20,2025-12-20
11510,2919,2026-02-11,2026-03-13
11511,2919,2026-03-29,2026-04-28
11512,2919,2026-04-30,2026-05-30
11513,2919,2026-05-31,2026-06-30
11514,2919,2026-07-18,2026-08-17
11515,2919,2026-09-05,2026-10-05
11516,2919,2026-10-15,2026-11-14
11517,2920,2025-05-22,2025-06-21
11518,2920,2025-06-30,2025-07-30
11519,2920,2025-08-01,2025-08-31
11520,2920,2025-09-07,2025-10-07
11521,2920,2025-10-22,2025-11-21
11522,2920,2025-11-22,2025-12-22
11523,2921,2025-12-21,2026-01-20
11524,2921,2026-01-28,2026-02-27
11525,2922,2025-09-29,2025-10-29
11526,2922,2025-11-19,2025-12-19
11527,2922,2026-01-09,2026-02-08
11528,2922,2026-02-26,2026-03-28
11529,2922,2026-04-14,2026-05-14
11530,2922,2026-05-21,2026-06-20
11531,2923,2025-05-17,2025-06-16
11532,2923,2025-06-29,2025-07-29
11533,2923,2025-08-19,2025-09-18
11534,2924,2025-08-17,2025-09-16
11535,2924,2025-10-07,2025-11-06
11536,2925,2026-03-26,2026-04-25
11537,2925,2026-05-04,2026-06-03
11538,2925,2026-06-18,2026-07-18
11539,2925,2026-07-26,2026-08-25
11540,2925,2026-09-09,2026-10-09
11541,2926,2025-08-07,2025-09-06
11542,2926,2025-09-27,2025-10-27
11543,2926,2025-11-17,2025-12-17
11544,2926,2025-12-29,2026-01-28
11545,2926,2026-02-19,2026-03-21
11546,2927,2026-02-20,2026-03-22
11547,2928,2025-12-08,2026-01-07
11548,2928,2026-01-25,2026-02-24
11549,2928,2026-02-25,2026-03-27
11550,2928,2026-04-17,2026-05-17
11551,2928,2026-06-07,2026-07-07
11552,2929,2026-03-21,2026-04-20
11553,2929,2026-05-02,2026-06-01
11554,2929,2026-06-11,2026-07-11
11555,2930,2025-08-17,2025-09-16
11556,2930,2025-09-20,2025-10-20
11557,2930,2025-11-01,2025-12-01
11558,2930,2025-12-17,2026-01-16
11559,2930,2026-02-07,2026-03-09
11560,2930,2026-03-27,2026-04-26
11561,2931,2025-09-21,2025-10-21
11562,2931,2025-11-12,2025-12-12
11563,2931,2025-12-18,2026-01-17
11564,2931,2026-01-31,2026-03-02
11565,2932,2025-05-25,2025-06-24
11566,2933,2025-12-01,2025-12-31
11567,2933,2026-01-21,2026-02-20
11568,2933,2026-03-07,2026-04-06
11569,2933,2026-04-13,2026-05-13
11570,2933,2026-06-03,2026-07-03
11571,2933,2026-07-23,2026-08-22
11572,2934,2026-04-13,2026-05-13
11573,2934,2026-05-25,2026-06-24
11574,2934,2026-07-14,2026-08-13
11575,2934,2026-08-20,2026-09-19
11576,2934,2026-09-28,2026-10-28
11577,2935,2026-01-12,2026-02-11
11578,2935,2026-02-18,2026-03-20
11579,2935,2026-04-10,2026-05-10
11580,2935,2026-05-29,2026-06-28
11581,2935,2026-06-30,2026-07-30
11582,2936,2026-03-09,2026-04-08
11583,2936,2026-04-28,2026-05-28
11584,2936,2026-06-17,2026-07-17
11585,2936,2026-08-01,2026-08-31
11586,2936,2026-09-22,2026-10-22
11587,2937,2025-10-26,2025-11-25
11588,2937,2025-12-17,2026-01-16
11589,2937,2026-01-23,2026-02-22
11590,2937,2026-02-25,2026-03-27
11591,2937,2026-04-08,2026-05-08
11592,2938,2026-04-29,2026-05-29
11593,2938,2026-06-02,2026-07-02
11594,2939,2025-07-16,2025-08-15
11595,2939,2025-09-03,2025-10-03
11596,2939,2025-10-25,2025-11-24
11597,2939,2025-12-08,2026-01-07
11598,2939,2026-01-19,2026-02-18
11599,2940,2026-04-29,2026-05-29
11600,2940,2026-06-20,2026-07-20
11601,2940,2026-08-11,2026-09-10
11602,2940,2026-09-11,2026-10-11
11603,2940,2026-10-16,2026-11-15
11604,2940,2026-11-26,2026-12-26
11605,2940,2026-12-27,2027-01-26
11606,2941,2025-11-21,2025-12-21
11607,2941,2026-01-11,2026-02-10
11608,2941,2026-02-27,2026-03-29
11609,2941,2026-04-11,2026-05-11
11610,2942,2026-01-15,2026-02-14
11611,2942,2026-02-27,2026-03-29
11612,2942,2026-04-19,2026-05-19
11613,2942,2026-06-03,2026-07-03
11614,2942,2026-07-11,2026-08-10
11615,2942,2026-08-20,2026-09-19
11616,2943,2025-06-05,2025-07-05
11617,2943,2025-07-08,2025-08-07
11618,2943,2025-08-17,2025-09-16
11619,2943,2025-10-05,2025-11-04
11620,2944,2025-05-19,2025-06-18
11621,2944,2025-07-02,2025-08-01
11622,2944,2025-08-09,2025-09-08
11623,2944,2025-09-13,2025-10-13
11624,2944,2025-10-31,2025-11-30
11625,2944,2025-12-19,2026-01-18
11626,2945,2026-05-03,2026-06-02
11627,2945,2026-06-05,2026-07-05
11628,2945,2026-07-06,2026-08-05
11629,2945,2026-08-13,2026-09-12
11630,2945,2026-09-29,2026-10-29
11631,2945,2026-11-09,2026-12-09
11632,2946,2025-08-14,2025-09-13
11633,2946,2025-09-29,2025-10-29
11634,2946,2025-11-11,2025-12-11
11635,2947,2026-05-05,2026-06-04
11636,2947,2026-06-15,2026-07-15
11637,2948,2026-03-05,2026-04-04
11638,2948,2026-04-12,2026-05-12
11639,2948,2026-06-03,2026-07-03
11640,2948,2026-07-18,2026-08-17
11641,2948,2026-08-27,2026-09-26
11642,2949,2025-09-03,2025-10-03
11643,2949,2025-10-11,2025-11-10
11644,2949,2025-11-30,2025-12-30
11645,2949,2026-01-19,2026-02-18
11646,2949,2026-02-27,2026-03-29
11647,2950,2026-05-08,2026-06-07
11648,2950,2026-06-17,2026-07-17
11649,2950,2026-07-18,2026-08-17
11650,2951,2025-09-02,2025-10-02
11651,2951,2025-10-14,2025-11-13
11652,2951,2025-11-24,2025-12-24
11653,2951,2026-01-03,2026-02-02
11654,2951,2026-02-16,2026-03-18
11655,2952,2025-10-06,2025-11-05
11656,2952,2025-11-12,2025-12-12
11657,2952,2025-12-15,2026-01-14
11658,2952,2026-01-30,2026-03-01
11659,2953,2026-03-31,2026-04-30
11660,2953,2026-05-07,2026-06-06
11661,2953,2026-06-08,2026-07-08
11662,2953,2026-07-10,2026-08-09
11663,2953,2026-08-14,2026-09-13
11664,2954,2026-04-06,2026-05-06
11665,2955,2026-02-17,2026-03-19
11666,2955,2026-04-10,2026-05-10
11667,2956,2026-04-20,2026-05-20
11668,2956,2026-06-01,2026-07-01
11669,2957,2025-12-21,2026-01-20
11670,2957,2026-01-27,2026-02-26
11671,2957,2026-03-04,2026-04-03
11672,2957,2026-04-09,2026-05-09
11673,2957,2026-05-16,2026-06-15
11674,2957,2026-06-25,2026-07-25
11675,2958,2026-01-14,2026-02-13
11676,2958,2026-03-04,2026-04-03
11677,2958,2026-04-10,2026-05-10
11678,2958,2026-05-30,2026-06-29
11679,2959,2025-07-30,2025-08-29
11680,2959,2025-08-30,2025-09-29
11681,2959,2025-10-03,2025-11-02
11682,2959,2025-11-21,2025-12-21
11683,2960,2025-06-27,2025-07-27
11684,2961,2025-09-02,2025-10-02
11685,2961,2025-10-19,2025-11-18
11686,2961,2025-12-02,2026-01-01
11687,2962,2026-02-21,2026-03-23
11688,2962,2026-04-07,2026-05-07
11689,2962,2026-05-14,2026-06-13
11690,2962,2026-06-18,2026-07-18
11691,2962,2026-08-01,2026-08-31
11692,2962,2026-09-10,2026-10-10
11693,2963,2026-01-16,2026-02-15
11694,2963,2026-03-05,2026-04-04
11695,2963,2026-04-23,2026-05-23
11696,2963,2026-06-13,2026-07-13
11697,2963,2026-07-20,2026-08-19
11698,2963,2026-09-10,2026-10-10
11699,2963,2026-10-26,2026-11-25
11700,2964,2025-07-22,2025-08-21
11701,2964,2025-09-02,2025-10-02
11702,2964,2025-10-23,2025-11-22
11703,2965,2026-01-18,2026-02-17
11704,2966,2026-05-07,2026-06-06
11705,2966,2026-06-26,2026-07-26
11706,2966,2026-08-17,2026-09-16
11707,2966,2026-09-17,2026-10-17
11708,2966,2026-11-06,2026-12-06
11709,2966,2026-12-13,2027-01-12
11710,2966,2027-01-28,2027-02-27
11711,2967,2025-11-04,2025-12-04
11712,2967,2025-12-26,2026-01-25
11713,2967,2026-02-16,2026-03-18
11714,2967,2026-03-30,2026-04-29
11715,2968,2025-06-07,2025-07-07
11716,2968,2025-07-08,2025-08-07
11717,2968,2025-08-17,2025-09-16
11718,2968,2025-09-28,2025-10-28
11719,2968,2025-11-13,2025-12-13
11720,2969,2025-08-15,2025-09-14
11721,2969,2025-09-28,2025-10-28
11722,2969,2025-11-11,2025-12-11
11723,2969,2025-12-30,2026-01-29
11724,2969,2026-02-08,2026-03-10
11725,2969,2026-03-19,2026-04-18
11726,2970,2025-08-05,2025-09-04
11727,2970,2025-09-12,2025-10-12
11728,2970,2025-10-30,2025-11-29
11729,2970,2025-12-14,2026-01-13
11730,2970,2026-01-31,2026-03-02
11731,2970,2026-03-04,2026-04-03
11732,2970,2026-04-14,2026-05-14
11733,2971,2025-09-03,2025-10-03
11734,2971,2025-10-04,2025-11-03
11735,2971,2025-11-25,2025-12-25
11736,2971,2026-01-05,2026-02-04
11737,2971,2026-02-17,2026-03-19
11738,2972,2026-01-29,2026-02-28
11739,2972,2026-03-18,2026-04-17
11740,2972,2026-04-24,2026-05-24
11741,2973,2025-09-24,2025-10-24
11742,2973,2025-11-08,2025-12-08
11743,2973,2025-12-23,2026-01-22
11744,2973,2026-01-25,2026-02-24
11745,2973,2026-03-15,2026-04-14
11746,2974,2025-09-30,2025-10-30
11747,2974,2025-11-16,2025-12-16
11748,2974,2025-12-24,2026-01-23
11749,2974,2026-02-07,2026-03-09
11750,2974,2026-03-18,2026-04-17
11751,2974,2026-04-25,2026-05-25
11752,2974,2026-06-03,2026-07-03
11753,2975,2026-03-18,2026-04-17
11754,2976,2025-11-04,2025-12-04
11755,2976,2025-12-24,2026-01-23
11756,2976,2026-01-30,2026-03-01
11757,2976,2026-03-18,2026-04-17
11758,2976,2026-04-19,2026-05-19
11759,2977,2025-08-10,2025-09-09
11760,2977,2025-09-11,2025-10-11
11761,2978,2026-04-23,2026-05-23
11762,2978,2026-06-09,2026-07-09
11763,2979,2025-11-18,2025-12-18
11764,2979,2026-01-09,2026-02-08
11765,2979,2026-02-21,2026-03-23
11766,2979,2026-04-01,2026-05-01
11767,2979,2026-05-14,2026-06-13
11768,2979,2026-07-03,2026-08-02
11769,2980,2025-11-22,2025-12-22
11770,2980,2025-12-30,2026-01-29
11771,2981,2025-06-05,2025-07-05
11772,2981,2025-07-17,2025-08-16
11773,2981,2025-08-25,2025-09-24
11774,2981,2025-10-11,2025-11-10
11775,2981,2025-11-23,2025-12-23
11776,2981,2026-01-12,2026-02-11
11777,2981,2026-02-22,2026-03-24
11778,2982,2025-11-12,2025-12-12
11779,2983,2026-05-10,2026-06-09
11780,2983,2026-06-22,2026-07-22
11781,2983,2026-07-24,2026-08-23
11782,2983,2026-08-31,2026-09-30
11783,2983,2026-10-17,2026-11-16
11784,2983,2026-12-01,2026-12-31
11785,2984,2026-03-08,2026-04-07
11786,2985,2025-07-15,2025-08-14
11787,2986,2025-08-10,2025-09-09
11788,2986,2025-09-23,2025-10-23
11789,2986,2025-11-12,2025-12-12
11790,2986,2025-12-22,2026-01-21
11791,2986,2026-02-03,2026-03-05
11792,2986,2026-03-19,2026-04-18
11793,2986,2026-04-19,2026-05-19
11794,2987,2025-09-06,2025-10-06
11795,2987,2025-10-13,2025-11-12
11796,2987,2025-11-28,2025-12-28
11797,2987,2026-01-10,2026-02-09
11798,2987,2026-02-18,2026-03-20
11799,2988,2025-11-08,2025-12-08
11800,2988,2025-12-22,2026-01-21
11801,2988,2026-02-09,2026-03-11
11802,2989,2025-05-30,2025-06-29
11803,2989,2025-07-13,2025-08-12
11804,2989,2025-08-15,2025-09-14
11805,2989,2025-09-20,2025-10-20
11806,2989,2025-10-26,2025-11-25
11807,2989,2025-11-29,2025-12-29
11808,2990,2026-01-06,2026-02-05
11809,2991,2026-01-18,2026-02-17
11810,2991,2026-02-28,2026-03-30
11811,2991,2026-04-11,2026-05-11
11812,2991,2026-05-29,2026-06-28
11813,2991,2026-07-12,2026-08-11
11814,2991,2026-08-28,2026-09-27
11815,2991,2026-09-30,2026-10-30
11816,2992,2025-10-14,2025-11-13
11817,2992,2025-11-15,2025-12-15
11818,2992,2025-12-25,2026-01-24
11819,2992,2026-01-28,2026-02-27
11820,2992,2026-03-10,2026-04-09
11821,2993,2025-12-11,2026-01-10
11822,2993,2026-01-17,2026-02-16
11823,2993,2026-02-23,2026-03-25
11824,2993,2026-04-06,2026-05-06
11825,2993,2026-05-11,2026-06-10
11826,2994,2025-09-24,2025-10-24
11827,2994,2025-10-25,2025-11-24
11828,2994,2025-11-28,2025-12-28
11829,2994,2026-01-05,2026-02-04
11830,2995,2025-06-06,2025-07-06
11831,2995,2025-07-07,2025-08-06
11832,2995,2025-08-07,2025-09-06
11833,2996,2026-04-03,2026-05-03
11834,2996,2026-05-19,2026-06-18
11835,2996,2026-06-25,2026-07-25
11836,2996,2026-08-11,2026-09-10
11837,2996,2026-09-11,2026-10-11
11838,2997,2025-06-08,2025-07-08
11839,2998,2025-12-15,2026-01-14
11840,2998,2026-01-26,2026-02-25
11841,2998,2026-03-12,2026-04-11
11842,2998,2026-04-15,2026-05-15
11843,2998,2026-06-02,2026-07-02
11844,2998,2026-07-05,2026-08-04
11845,2998,2026-08-16,2026-09-15
11846,2999,2025-05-23,2025-06-22
11847,3000,2025-05-15,2025-06-14
11848,3000,2025-07-04,2025-08-03
11849,3000,2025-08-13,2025-09-12
11850,3000,2025-10-02,2025-11-01
11851,3000,2025-11-20,2025-12-20
11852,3000,2026-01-08,2026-02-07
11853,3000,2026-02-11,2026-03-13
11854,3001,2025-12-19,2026-01-18
11855,3001,2026-01-20,2026-02-19
11856,3001,2026-03-03,2026-04-02
11857,3001,2026-04-13,2026-05-13
11858,3002,2026-05-02,2026-06-01
11859,3002,2026-06-23,2026-07-23
11860,3002,2026-08-11,2026-09-10
11861,3002,2026-09-18,2026-10-18
11862,3002,2026-11-06,2026-12-06
11863,3003,2025-10-05,2025-11-04
11864,3003,2025-11-07,2025-12-07
11865,3003,2025-12-24,2026-01-23
11866,3003,2026-02-06,2026-03-08
11867,3003,2026-03-30,2026-04-29
11868,3004,2025-10-16,2025-11-15
11869,3005,2026-04-17,2026-05-17
11870,3005,2026-06-07,2026-07-07
11871,3005,2026-07-17,2026-08-16
11872,3005,2026-09-05,2026-10-05
11873,3005,2026-10-10,2026-11-09
11874,3006,2025-07-12,2025-08-11
11875,3006,2025-08-17,2025-09-16
11876,3006,2025-10-04,2025-11-03
11877,3006,2025-11-15,2025-12-15
11878,3006,2025-12-16,2026-01-15
11879,3006,2026-01-31,2026-03-02
11880,3006,2026-03-06,2026-04-05
11881,3007,2025-11-29,2025-12-29
11882,3007,2026-01-03,2026-02-02
11883,3007,2026-02-21,2026-03-23
11884,3007,2026-03-31,2026-04-30
11885,3008,2025-10-22,2025-11-21
11886,3008,2025-11-24,2025-12-24
11887,3008,2025-12-31,2026-01-30
11888,3008,2026-02-08,2026-03-10
11889,3008,2026-03-29,2026-04-28
11890,3008,2026-05-10,2026-06-09
11891,3008,2026-06-15,2026-07-15
11892,3009,2025-09-12,2025-10-12
11893,3010,2025-08-17,2025-09-16
11894,3011,2025-11-22,2025-12-22
11895,3011,2026-01-07,2026-02-06
11896,3011,2026-02-22,2026-03-24
11897,3011,2026-04-05,2026-05-05
11898,3012,2025-10-02,2025-11-01
11899,3012,2025-11-14,2025-12-14
11900,3012,2025-12-19,2026-01-18
11901,3012,2026-02-02,2026-03-04
11902,3012,2026-03-13,2026-04-12
11903,3013,2026-01-04,2026-02-03
11904,3014,2026-01-15,2026-02-14
11905,3015,2025-06-08,2025-07-08
11906,3015,2025-07-10,2025-08-09
11907,3015,2025-08-30,2025-09-29
11908,3015,2025-10-07,2025-11-06
11909,3016,2026-04-26,2026-05-26
11910,3016,2026-06-07,2026-07-07
11911,3016,2026-07-10,2026-08-09
11912,3016,2026-08-23,2026-09-22
11913,3017,2025-05-17,2025-06-16
11914,3017,2025-06-22,2025-07-22
11915,3017,2025-07-26,2025-08-25
11916,3017,2025-08-29,2025-09-28
11917,3018,2025-07-17,2025-08-16
11918,3018,2025-09-06,2025-10-06
11919,3018,2025-10-09,2025-11-08
11920,3018,2025-11-26,2025-12-26
11921,3019,2025-11-24,2025-12-24
11922,3020,2025-11-26,2025-12-26
11923,3020,2026-01-17,2026-02-16
11924,3020,2026-03-08,2026-04-07
11925,3020,2026-04-27,2026-05-27
11926,3020,2026-06-04,2026-07-04
11927,3020,2026-07-11,2026-08-10
11928,3021,2025-08-19,2025-09-18
11929,3021,2025-09-30,2025-10-30
11930,3022,2026-05-13,2026-06-12
11931,3022,2026-06-28,2026-07-28
11932,3022,2026-08-16,2026-09-15
11933,3022,2026-09-20,2026-10-20
11934,3022,2026-10-22,2026-11-21
11935,3022,2026-12-05,2027-01-04
11936,3022,2027-01-09,2027-02-08
11937,3023,2025-12-05,2026-01-04
11938,3024,2025-09-28,2025-10-28
11939,3024,2025-11-11,2025-12-11
11940,3024,2025-12-29,2026-01-28
11941,3025,2025-07-26,2025-08-25
11942,3025,2025-09-14,2025-10-14
11943,3025,2025-10-18,2025-11-17
11944,3025,2025-11-18,2025-12-18
11945,3025,2026-01-06,2026-02-05
11946,3025,2026-02-18,2026-03-20
11947,3026,2025-10-08,2025-11-07
11948,3027,2025-11-12,2025-12-12
11949,3027,2025-12-14,2026-01-13
11950,3027,2026-01-23,2026-02-22
11951,3027,2026-03-06,2026-04-05
11952,3027,2026-04-06,2026-05-06
11953,3027,2026-05-18,2026-06-17
11954,3027,2026-06-23,2026-07-23
11955,3028,2026-02-17,2026-03-19
11956,3029,2025-09-04,2025-10-04
11957,3029,2025-10-18,2025-11-17
11958,3029,2025-11-18,2025-12-18
11959,3029,2026-01-04,2026-02-03
11960,3029,2026-02-07,2026-03-09
11961,3029,2026-03-22,2026-04-21
11962,3029,2026-04-30,2026-05-30
11963,3030,2025-06-28,2025-07-28
11964,3030,2025-07-29,2025-08-28
11965,3030,2025-09-06,2025-10-06
11966,3030,2025-10-15,2025-11-14
11967,3030,2025-11-28,2025-12-28
11968,3030,2025-12-30,2026-01-29
11969,3031,2025-06-14,2025-07-14
11970,3031,2025-08-03,2025-09-02
11971,3031,2025-09-18,2025-10-18
11972,3031,2025-10-22,2025-11-21
11973,3031,2025-11-30,2025-12-30
11974,3031,2026-01-01,2026-01-31
11975,3032,2026-02-03,2026-03-05
11976,3032,2026-03-14,2026-04-13
11977,3032,2026-04-27,2026-05-27
11978,3032,2026-06-15,2026-07-15
11979,3032,2026-07-26,2026-08-25
11980,3032,2026-09-03,2026-10-03
11981,3032,2026-10-12,2026-11-11
11982,3033,2025-10-28,2025-11-27
11983,3033,2025-12-10,2026-01-09
11984,3033,2026-01-10,2026-02-09
11985,3034,2026-01-22,2026-02-21
11986,3034,2026-03-10,2026-04-09
11987,3034,2026-04-11,2026-05-11
11988,3034,2026-05-25,2026-06-24
11989,3034,2026-06-29,2026-07-29
11990,3034,2026-08-13,2026-09-12
11991,3035,2025-11-10,2025-12-10
11992,3035,2025-12-24,2026-01-23
11993,3035,2026-02-12,2026-03-14
11994,3036,2026-01-23,2026-02-22
11995,3036,2026-03-15,2026-04-14
11996,3037,2025-08-29,2025-09-28
11997,3037,2025-10-17,2025-11-16
11998,3037,2025-12-07,2026-01-06
11999,3037,2026-01-08,2026-02-07
12000,3037,2026-02-23,2026-03-25
12001,3037,2026-04-03,2026-05-03
12002,3037,2026-05-08,2026-06-07
12003,3038,2026-04-19,2026-05-19
12004,3038,2026-05-29,2026-06-28
12005,3038,2026-07-03,2026-08-02
12006,3039,2025-06-16,2025-07-16
12007,3039,2025-07-26,2025-08-25
12008,3039,2025-09-14,2025-10-14
12009,3039,2025-10-26,2025-11-25
12010,3039,2025-12-10,2026-01-09
12011,3040,2026-02-27,2026-03-29
12012,3040,2026-04-04,2026-05-04
12013,3040,2026-05-15,2026-06-14
12014,3040,2026-06-21,2026-07-21
12015,3041,2026-02-09,2026-03-11
12016,3041,2026-03-21,2026-04-20
12017,3041,2026-05-05,2026-06-04
12018,3041,2026-06-17,2026-07-17
12019,3041,2026-07-30,2026-08-29
12020,3041,2026-09-18,2026-10-18
12021,3041,2026-10-21,2026-11-20
12022,3042,2025-12-23,2026-01-22
12023,3042,2026-01-29,2026-02-28
12024,3042,2026-03-02,2026-04-01
12025,3042,2026-04-05,2026-05-05
12026,3042,2026-05-18,2026-06-17
12027,3042,2026-06-27,2026-07-27
12028,3042,2026-08-12,2026-09-11
12029,3043,2025-09-18,2025-10-18
12030,3043,2025-10-22,2025-11-21
12031,3043,2025-12-07,2026-01-06
12032,3043,2026-01-16,2026-02-15
12033,3043,2026-03-09,2026-04-08
12034,3044,2025-06-21,2025-07-21
12035,3044,2025-08-09,2025-09-08
12036,3044,2025-09-09,2025-10-09
12037,3044,2025-10-14,2025-11-13
12038,3044,2025-12-05,2026-01-04
12039,3045,2025-11-09,2025-12-09
12040,3045,2025-12-24,2026-01-23
12041,3046,2025-11-26,2025-12-26
12042,3047,2025-09-15,2025-10-15
12043,3047,2025-11-02,2025-12-02
12044,3047,2025-12-15,2026-01-14
12045,3047,2026-01-28,2026-02-27
12046,3048,2026-04-03,2026-05-03
12047,3048,2026-05-13,2026-06-12
12048,3048,2026-07-02,2026-08-01
12049,3048,2026-08-18,2026-09-17
12050,3048,2026-09-22,2026-10-22
12051,3048,2026-10-31,2026-11-30
12052,3048,2026-12-13,2027-01-12
12053,3049,2026-04-22,2026-05-22
12054,3049,2026-06-07,2026-07-07
12055,3049,2026-07-28,2026-08-27
12056,3049,2026-08-29,2026-09-28
12057,3049,2026-10-02,2026-11-01
12058,3050,2025-12-30,2026-01-29
12059,3050,2026-02-04,2026-03-06
12060,3050,2026-03-22,2026-04-21
12061,3051,2025-07-30,2025-08-29
12062,3051,2025-08-31,2025-09-30
12063,3051,2025-10-06,2025-11-05
12064,3051,2025-11-08,2025-12-08
12065,3051,2025-12-20,2026-01-19
12066,3051,2026-02-04,2026-03-06
12067,3051,2026-03-11,2026-04-10
12068,3052,2026-03-16,2026-04-15
12069,3053,2026-04-19,2026-05-19
12070,3053,2026-05-25,2026-06-24
12071,3054,2025-07-03,2025-08-02
12072,3054,2025-08-13,2025-09-12
12073,3054,2025-09-25,2025-10-25
12074,3055,2025-06-11,2025-07-11
12075,3056,2026-01-07,2026-02-06
12076,3056,2026-02-26,2026-03-28
12077,3056,2026-04-07,2026-05-07
12078,3056,2026-05-27,2026-06-26
12079,3056,2026-07-09,2026-08-08
12080,3056,2026-08-11,2026-09-10
12081,3057,2025-11-30,2025-12-30
12082,3057,2026-01-11,2026-02-10
12083,3058,2025-08-30,2025-09-29
12084,3058,2025-09-30,2025-10-30
12085,3058,2025-11-20,2025-12-20
12086,3059,2026-03-07,2026-04-06
12087,3059,2026-04-17,2026-05-17
12088,3059,2026-05-24,2026-06-23
12089,3059,2026-06-26,2026-07-26
12090,3059,2026-08-02,2026-09-01
12091,3059,2026-09-05,2026-10-05
12092,3060,2025-06-15,2025-07-15
12093,3060,2025-07-29,2025-08-28
12094,3060,2025-08-29,2025-09-28
12095,3061,2026-02-26,2026-03-28
12096,3061,2026-04-05,2026-05-05
12097,3061,2026-05-15,2026-06-14
12098,3061,2026-07-06,2026-08-05
12099,3061,2026-08-10,2026-09-09
12100,3062,2026-02-21,2026-03-23
12101,3062,2026-03-27,2026-04-26
12102,3063,2025-10-11,2025-11-10
12103,3063,2025-11-15,2025-12-15
12104,3063,2026-01-03,2026-02-02
12105,3063,2026-02-11,2026-03-13
12106,3063,2026-03-22,2026-04-21
12107,3064,2025-06-18,2025-07-18
12108,3064,2025-07-27,2025-08-26
12109,3064,2025-09-16,2025-10-16
12110,3064,2025-10-19,2025-11-18
12111,3064,2025-11-27,2025-12-27
12112,3064,2025-12-28,2026-01-27
12113,3065,2025-07-06,2025-08-05
12114,3065,2025-08-22,2025-09-21
12115,3065,2025-09-29,2025-10-29
12116,3065,2025-11-07,2025-12-07
12117,3065,2025-12-14,2026-01-13
12118,3065,2026-02-04,2026-03-06
12119,3065,2026-03-27,2026-04-26
12120,3066,2025-11-28,2025-12-28
12121,3066,2026-01-16,2026-02-15
12122,3066,2026-03-05,2026-04-04
12123,3066,2026-04-09,2026-05-09
12124,3066,2026-05-19,2026-06-18
12125,3066,2026-06-20,2026-07-20
12126,3066,2026-07-25,2026-08-24
12127,3067,2026-01-05,2026-02-04
12128,3068,2025-12-06,2026-01-05
12129,3068,2026-01-08,2026-02-07
12130,3069,2025-07-09,2025-08-08
12131,3069,2025-08-27,2025-09-26
12132,3069,2025-10-18,2025-11-17
12133,3069,2025-12-04,2026-01-03
12134,3070,2026-02-23,2026-03-25
12135,3070,2026-04-15,2026-05-15
12136,3070,2026-05-16,2026-06-15
12137,3070,2026-06-17,2026-07-17
12138,3070,2026-08-08,2026-09-07
12139,3071,2025-07-11,2025-08-10
12140,3071,2025-08-20,2025-09-19
12141,3071,2025-09-25,2025-10-25
12142,3071,2025-11-08,2025-12-08
12143,3072,2026-01-08,2026-02-07
12144,3072,2026-02-27,2026-03-29
12145,3072,2026-04-12,2026-05-12
12146,3072,2026-05-19,2026-06-18
12147,3073,2025-12-16,2026-01-15
12148,3073,2026-02-01,2026-03-03
12149,3073,2026-03-19,2026-04-18
12150,3074,2025-08-20,2025-09-19
12151,3074,2025-09-24,2025-10-24
12152,3074,2025-11-07,2025-12-07
12153,3075,2025-10-18,2025-11-17
12154,3075,2025-12-04,2026-01-03
12155,3075,2026-01-20,2026-02-19
12156,3075,2026-03-09,2026-04-08
12157,3075,2026-04-13,2026-05-13
12158,3075,2026-05-20,2026-06-19
12159,3075,2026-07-05,2026-08-04
12160,3076,2025-06-19,2025-07-19
12161,3076,2025-07-29,2025-08-28
12162,3077,2026-01-21,2026-02-20
12163,3077,2026-02-25,2026-03-27
12164,3077,2026-04-17,2026-05-17
12165,3077,2026-05-28,2026-06-27
12166,3077,2026-07-04,2026-08-03
12167,3077,2026-08-14,2026-09-13
12168,3078,2026-02-17,2026-03-19
12169,3079,2025-08-09,2025-09-08
12170,3079,2025-09-14,2025-10-14
12171,3079,2025-11-01,2025-12-01
12172,3079,2025-12-02,2026-01-01
12173,3079,2026-01-12,2026-02-11
12174,3079,2026-02-13,2026-03-15
12175,3080,2026-01-27,2026-02-26
12176,3080,2026-03-10,2026-04-09
12177,3080,2026-04-17,2026-05-17
12178,3081,2025-11-01,2025-12-01
12179,3081,2025-12-07,2026-01-06
12180,3081,2026-01-23,2026-02-22
12181,3081,2026-03-10,2026-04-09
12182,3081,2026-04-15,2026-05-15
12183,3081,2026-05-16,2026-06-15
12184,3082,2025-10-09,2025-11-08
12185,3082,2025-11-24,2025-12-24
12186,3082,2026-01-07,2026-02-06
12187,3082,2026-02-19,2026-03-21
12188,3083,2025-07-08,2025-08-07
12189,3083,2025-08-25,2025-09-24
12190,3083,2025-09-29,2025-10-29
12191,3083,2025-11-16,2025-12-16
12192,3083,2026-01-03,2026-02-02
12193,3083,2026-02-18,2026-03-20
12194,3084,2026-03-03,2026-04-02
12195,3084,2026-04-17,2026-05-17
12196,3084,2026-05-20,2026-06-19
12197,3085,2026-01-18,2026-02-17
12198,3085,2026-03-10,2026-04-09
12199,3086,2025-12-05,2026-01-04
12200,3086,2026-01-07,2026-02-06
12201,3086,2026-02-28,2026-03-30
12202,3087,2026-03-01,2026-03-31
12203,3087,2026-04-18,2026-05-18
12204,3087,2026-05-30,2026-06-29
12205,3087,2026-07-19,2026-08-18
12206,3087,2026-08-25,2026-09-24
12207,3087,2026-09-28,2026-10-28
12208,3088,2025-12-13,2026-01-12
12209,3088,2026-01-25,2026-02-24
12210,3088,2026-03-01,2026-03-31
12211,3088,2026-04-04,2026-05-04
12212,3088,2026-05-26,2026-06-25
12213,3088,2026-07-16,2026-08-15
12214,3088,2026-08-17,2026-09-16
12215,3089,2025-12-02,2026-01-01
12216,3089,2026-01-04,2026-02-03
12217,3089,2026-02-12,2026-03-14
12218,3089,2026-03-23,2026-04-22
12219,3089,2026-04-30,2026-05-30
12220,3089,2026-05-31,2026-06-30
12221,3089,2026-07-21,2026-08-20
12222,3090,2025-09-15,2025-10-15
12223,3091,2025-09-16,2025-10-16
12224,3091,2025-10-28,2025-11-27
12225,3091,2025-12-02,2026-01-01
12226,3092,2026-05-18,2026-06-17
12227,3092,2026-06-30,2026-07-30
12228,3092,2026-08-09,2026-09-08
12229,3092,2026-09-20,2026-10-20
12230,3092,2026-11-04,2026-12-04
12231,3092,2026-12-14,2027-01-13
12232,3092,2027-01-22,2027-02-21
12233,3093,2025-11-26,2025-12-26
12234,3093,2026-01-15,2026-02-14
12235,3094,2025-05-22,2025-06-21
12236,3094,2025-06-25,2025-07-25
12237,3094,2025-07-29,2025-08-28
12238,3094,2025-09-19,2025-10-19
12239,3094,2025-10-31,2025-11-30
12240,3094,2025-12-08,2026-01-07
12241,3094,2026-01-15,2026-02-14
12242,3095,2026-01-25,2026-02-24
12243,3095,2026-03-11,2026-04-10
12244,3095,2026-04-16,2026-05-16
12245,3096,2025-07-18,2025-08-17
12246,3096,2025-09-01,2025-10-01
12247,3096,2025-10-02,2025-11-01
12248,3096,2025-11-04,2025-12-04
12249,3097,2025-11-20,2025-12-20
12250,3097,2025-12-27,2026-01-26
12251,3097,2026-02-16,2026-03-18
12252,3097,2026-03-28,2026-04-27
12253,3097,2026-05-05,2026-06-04
12254,3097,2026-06-14,2026-07-14
12255,3097,2026-07-24,2026-08-23
12256,3098,2025-07-31,2025-08-30
12257,3098,2025-09-11,2025-10-11
12258,3098,2025-10-29,2025-11-28
12259,3098,2025-12-10,2026-01-09
12260,3098,2026-01-27,2026-02-26
12261,3099,2025-08-04,2025-09-03
12262,3099,2025-09-20,2025-10-20
12263,3099,2025-11-06,2025-12-06
12264,3099,2025-12-23,2026-01-22
12265,3099,2026-01-25,2026-02-24
12266,3099,2026-03-12,2026-04-11
12267,3100,2025-05-30,2025-06-29
12268,3100,2025-07-04,2025-08-03
12269,3100,2025-08-07,2025-09-06
12270,3100,2025-09-18,2025-10-18
12271,3101,2025-12-08,2026-01-07
12272,3101,2026-01-23,2026-02-22
12273,3101,2026-03-14,2026-04-13
12274,3101,2026-04-22,2026-05-22
12275,3101,2026-05-29,2026-06-28
12276,3102,2025-10-18,2025-11-17
12277,3102,2025-12-04,2026-01-03
12278,3102,2026-01-08,2026-02-07
12279,3102,2026-02-23,2026-03-25
12280,3103,2025-08-31,2025-09-30
12281,3103,2025-10-07,2025-11-06
12282,3103,2025-11-13,2025-12-13
12283,3103,2025-12-17,2026-01-16
12284,3103,2026-01-22,2026-02-21
12285,3104,2025-08-29,2025-09-28
12286,3104,2025-10-18,2025-11-17
12287,3105,2025-09-17,2025-10-17
12288,3105,2025-10-19,2025-11-18
12289,3105,2025-12-03,2026-01-02
12290,3106,2025-09-29,2025-10-29
12291,3106,2025-11-05,2025-12-05
12292,3106,2025-12-27,2026-01-26
12293,3107,2025-08-15,2025-09-14
12294,3107,2025-09-21,2025-10-21
12295,3107,2025-11-03,2025-12-03
12296,3108,2025-06-30,2025-07-30
12297,3108,2025-08-14,2025-09-13
12298,3108,2025-09-29,2025-10-29
12299,3108,2025-11-14,2025-12-14
12300,3109,2026-03-03,2026-04-02
12301,3110,2025-05-31,2025-06-30
12302,3110,2025-07-13,2025-08-12
12303,3111,2025-10-28,2025-11-27
12304,3111,2025-12-10,2026-01-09
12305,3111,2026-01-10,2026-02-09
12306,3111,2026-02-10,2026-03-12
12307,3111,2026-04-03,2026-05-03
12308,3111,2026-05-18,2026-06-17
12309,3111,2026-06-30,2026-07-30
12310,3112,2025-10-14,2025-11-13
12311,3112,2025-11-18,2025-12-18
12312,3113,2025-07-30,2025-08-29
12313,3113,2025-09-20,2025-10-20
12314,3113,2025-11-10,2025-12-10
12315,3113,2025-12-28,2026-01-27
12316,3113,2026-02-01,2026-03-03
12317,3113,2026-03-07,2026-04-06
12318,3113,2026-04-25,2026-05-25
12319,3114,2025-06-26,2025-07-26
12320,3114,2025-08-09,2025-09-08
12321,3114,2025-09-26,2025-10-26
12322,3114,2025-11-01,2025-12-01
12323,3114,2025-12-17,2026-01-16
12324,3114,2026-02-03,2026-03-05
12325,3114,2026-03-14,2026-04-13
12326,3115,2025-12-10,2026-01-09
12327,3115,2026-01-18,2026-02-17
12328,3116,2026-03-15,2026-04-14
12329,3116,2026-04-21,2026-05-21
12330,3116,2026-05-22,2026-06-21
12331,3116,2026-07-01,2026-07-31
12332,3116,2026-08-12,2026-09-11
12333,3117,2026-04-07,2026-05-07
12334,3117,2026-05-26,2026-06-25
12335,3117,2026-07-01,2026-07-31
12336,3117,2026-08-22,2026-09-21
12337,3117,2026-09-23,2026-10-23
12338,3118,2026-04-14,2026-05-14
12339,3118,2026-05-16,2026-06-15
12340,3118,2026-06-24,2026-07-24
12341,3118,2026-08-11,2026-09-10
12342,3119,2026-03-02,2026-04-01
12343,3119,2026-04-07,2026-05-07
12344,3120,2025-10-30,2025-11-29
12345,3120,2025-12-06,2026-01-05
12346,3120,2026-01-16,2026-02-15
12347,3121,2025-08-23,2025-09-22
12348,3121,2025-10-11,2025-11-10
12349,3121,2025-11-28,2025-12-28
12350,3121,2025-12-31,2026-01-30
12351,3121,2026-02-03,2026-03-05
12352,3121,2026-03-22,2026-04-21
12353,3121,2026-05-13,2026-06-12
12354,3122,2025-10-30,2025-11-29
12355,3122,2025-12-11,2026-01-10
12356,3122,2026-01-14,2026-02-13
12357,3122,2026-02-18,2026-03-20
12358,3122,2026-03-29,2026-04-28
12359,3122,2026-05-04,2026-06-03
12360,3122,2026-06-07,2026-07-07
12361,3123,2025-10-06,2025-11-05
12362,3123,2025-11-13,2025-12-13
12363,3123,2025-12-28,2026-01-27
12364,3123,2026-02-14,2026-03-16
12365,3123,2026-04-07,2026-05-07
12366,3123,2026-05-10,2026-06-09
12367,3123,2026-06-25,2026-07-25
12368,3124,2025-10-20,2025-11-19
12369,3124,2025-11-27,2025-12-27
12370,3124,2026-01-09,2026-02-08
12371,3125,2025-06-10,2025-07-10
12372,3125,2025-07-14,2025-08-13
12373,3125,2025-08-16,2025-09-15
12374,3125,2025-09-29,2025-10-29
12375,3125,2025-11-09,2025-12-09
12376,3125,2025-12-28,2026-01-27
12377,3126,2026-03-01,2026-03-31
12378,3126,2026-04-21,2026-05-21
12379,3126,2026-06-02,2026-07-02
12380,3127,2025-10-04,2025-11-03
12381,3127,2025-11-06,2025-12-06
12382,3127,2025-12-26,2026-01-25
12383,3128,2026-03-21,2026-04-20
12384,3128,2026-04-27,2026-05-27
12385,3128,2026-05-31,2026-06-30
12386,3128,2026-07-07,2026-08-06
12387,3129,2025-07-25,2025-08-24
12388,3129,2025-09-04,2025-10-04
12389,3130,2025-08-22,2025-09-21
12390,3130,2025-10-07,2025-11-06
12391,3130,2025-11-19,2025-12-19
12392,3130,2026-01-03,2026-02-02
12393,3131,2025-09-19,2025-10-19
12394,3131,2025-11-04,2025-12-04
12395,3131,2025-12-20,2026-01-19
12396,3131,2026-01-31,2026-03-02
12397,3131,2026-03-21,2026-04-20
12398,3132,2025-09-11,2025-10-11
12399,3132,2025-10-25,2025-11-24
12400,3132,2025-11-27,2025-12-27
12401,3133,2025-11-03,2025-12-03
12402,3133,2025-12-06,2026-01-05
12403,3133,2026-01-21,2026-02-20
12404,3133,2026-03-01,2026-03-31
12405,3133,2026-04-20,2026-05-20
12406,3133,2026-05-23,2026-06-22
12407,3133,2026-07-11,2026-08-10
12408,3134,2026-04-25,2026-05-25
12409,3134,2026-05-26,2026-06-25
12410,3135,2025-11-22,2025-12-22
12411,3135,2026-01-01,2026-01-31
12412,3135,2026-02-06,2026-03-08
12413,3135,2026-03-22,2026-04-21
12414,3135,2026-05-07,2026-06-06
12415,3135,2026-06-11,2026-07-11
12416,3136,2025-10-17,2025-11-16
12417,3136,2025-12-06,2026-01-05
12418,3137,2025-08-05,2025-09-04
12419,3137,2025-09-17,2025-10-17
12420,3137,2025-10-21,2025-11-20
12421,3137,2025-12-02,2026-01-01
12422,3137,2026-01-02,2026-02-01
12423,3137,2026-02-03,2026-03-05
12424,3138,2025-06-08,2025-07-08
12425,3139,2025-05-19,2025-06-18
12426,3139,2025-06-29,2025-07-29
12427,3139,2025-08-08,2025-09-07
12428,3139,2025-09-24,2025-10-24
12429,3139,2025-10-25,2025-11-24
12430,3140,2025-12-11,2026-01-10
12431,3140,2026-01-17,2026-02-16
12432,3140,2026-03-02,2026-04-01
12433,3141,2026-02-18,2026-03-20
12434,3141,2026-03-26,2026-04-25
12435,3141,2026-04-28,2026-05-28
12436,3141,2026-06-06,2026-07-06
12437,3142,2025-09-11,2025-10-11
12438,3142,2025-10-14,2025-11-13
12439,3142,2025-11-14,2025-12-14
12440,3142,2025-12-31,2026-01-30
12441,3142,2026-02-12,2026-03-14
12442,3143,2026-03-17,2026-04-16
12443,3143,2026-04-25,2026-05-25
12444,3143,2026-06-09,2026-07-09
12445,3143,2026-07-29,2026-08-28
12446,3143,2026-08-29,2026-09-28
12447,3143,2026-10-08,2026-11-07
12448,3143,2026-11-28,2026-12-28
12449,3144,2026-04-14,2026-05-14
12450,3144,2026-05-17,2026-06-16
12451,3144,2026-06-27,2026-07-27
12452,3144,2026-08-12,2026-09-11
12453,3144,2026-09-19,2026-10-19
12454,3145,2025-11-22,2025-12-22
12455,3145,2026-01-04,2026-02-03
12456,3145,2026-02-18,2026-03-20
12457,3145,2026-04-09,2026-05-09
12458,3145,2026-05-28,2026-06-27
12459,3145,2026-07-10,2026-08-09
12460,3146,2026-03-22,2026-04-21
12461,3146,2026-05-04,2026-06-03
12462,3146,2026-06-18,2026-07-18
12463,3146,2026-07-24,2026-08-23
12464,3146,2026-08-25,2026-09-24
12465,3146,2026-10-13,2026-11-12
12466,3147,2026-01-19,2026-02-18
12467,3147,2026-02-20,2026-03-22
12468,3147,2026-03-28,2026-04-27
12469,3147,2026-05-04,2026-06-03
12470,3148,2026-03-09,2026-04-08
12471,3148,2026-04-18,2026-05-18
12472,3149,2025-09-20,2025-10-20
12473,3149,2025-10-22,2025-11-21
12474,3149,2025-12-03,2026-01-02
12475,3149,2026-01-19,2026-02-18
12476,3149,2026-03-03,2026-04-02
12477,3149,2026-04-21,2026-05-21
12478,3150,2025-09-02,2025-10-02
12479,3150,2025-10-11,2025-11-10
12480,3150,2025-11-22,2025-12-22
12481,3150,2026-01-11,2026-02-10
12482,3151,2025-06-30,2025-07-30
12483,3152,2025-07-28,2025-08-27
12484,3152,2025-09-16,2025-10-16
12485,3152,2025-10-23,2025-11-22
12486,3152,2025-11-28,2025-12-28
12487,3152,2026-01-13,2026-02-12
12488,3152,2026-02-27,2026-03-29
12489,3153,2026-04-06,2026-05-06
12490,3154,2025-06-18,2025-07-18
12491,3154,2025-08-09,2025-09-08
12492,3154,2025-09-28,2025-10-28
12493,3155,2025-11-27,2025-12-27
12494,3155,2026-01-18,2026-02-17
12495,3155,2026-03-05,2026-04-04
12496,3155,2026-04-11,2026-05-11
12497,3155,2026-06-01,2026-07-01
12498,3155,2026-07-07,2026-08-06
12499,3155,2026-08-20,2026-09-19
12500,3156,2026-02-27,2026-03-29
12501,3156,2026-04-12,2026-05-12
12502,3156,2026-05-29,2026-06-28
12503,3156,2026-07-09,2026-08-08
12504,3156,2026-08-22,2026-09-21
12505,3156,2026-10-08,2026-11-07
12506,3156,2026-11-25,2026-12-25
12507,3157,2026-01-05,2026-02-04
12508,3157,2026-02-18,2026-03-20
12509,3157,2026-03-23,2026-04-22
12510,3157,2026-04-24,2026-05-24
12511,3157,2026-06-10,2026-07-10
12512,3157,2026-07-21,2026-08-20
12513,3157,2026-09-11,2026-10-11
12514,3158,2026-01-17,2026-02-16
12515,3158,2026-02-28,2026-03-30
12516,3158,2026-04-16,2026-05-16
12517,3158,2026-05-29,2026-06-28
12518,3159,2025-10-28,2025-11-27
12519,3159,2025-12-07,2026-01-06
12520,3159,2026-01-13,2026-02-12
12521,3159,2026-02-19,2026-03-21
12522,3159,2026-04-04,2026-05-04
12523,3159,2026-05-13,2026-06-12
12524,3159,2026-06-21,2026-07-21
12525,3160,2025-09-09,2025-10-09
12526,3161,2026-05-01,2026-05-31
12527,3161,2026-06-16,2026-07-16
12528,3162,2026-04-05,2026-05-05
12529,3162,2026-05-27,2026-06-26
12530,3162,2026-07-10,2026-08-09
12531,3162,2026-08-21,2026-09-20
12532,3162,2026-10-10,2026-11-09
12533,3162,2026-11-22,2026-12-22
12534,3162,2026-12-31,2027-01-30
12535,3163,2025-06-04,2025-07-04
12536,3163,2025-07-25,2025-08-24
12537,3163,2025-09-06,2025-10-06
12538,3163,2025-10-19,2025-11-18
12539,3163,2025-12-08,2026-01-07
12540,3164,2026-03-12,2026-04-11
12541,3164,2026-05-02,2026-06-01
12542,3164,2026-06-10,2026-07-10
12543,3164,2026-07-25,2026-08-24
12544,3164,2026-08-27,2026-09-26
12545,3164,2026-10-08,2026-11-07
12546,3164,2026-11-19,2026-12-19
12547,3165,2025-07-23,2025-08-22
12548,3165,2025-08-31,2025-09-30
12549,3165,2025-10-15,2025-11-14
12550,3165,2025-11-23,2025-12-23
12551,3165,2026-01-03,2026-02-02
12552,3165,2026-02-23,2026-03-25
12553,3165,2026-03-27,2026-04-26
12554,3166,2025-10-10,2025-11-09
12555,3166,2025-11-10,2025-12-10
12556,3167,2025-12-05,2026-01-04
12557,3167,2026-01-20,2026-02-19
12558,3168,2025-12-18,2026-01-17
12559,3168,2026-02-04,2026-03-06
12560,3168,2026-03-15,2026-04-14
12561,3168,2026-05-06,2026-06-05
12562,3168,2026-06-22,2026-07-22
12563,3169,2025-06-18,2025-07-18
12564,3169,2025-07-26,2025-08-25
12565,3169,2025-09-15,2025-10-15
12566,3169,2025-11-04,2025-12-04
12567,3170,2025-11-17,2025-12-17
12568,3170,2025-12-25,2026-01-24
12569,3170,2026-02-08,2026-03-10
12570,3171,2026-05-15,2026-06-14
12571,3171,2026-06-16,2026-07-16
12572,3171,2026-08-01,2026-08-31
12573,3172,2026-03-24,2026-04-23
12574,3173,2025-06-14,2025-07-14
12575,3173,2025-07-21,2025-08-20
12576,3173,2025-09-07,2025-10-07
12577,3173,2025-10-19,2025-11-18
12578,3173,2025-12-01,2025-12-31
12579,3174,2026-03-13,2026-04-12
12580,3174,2026-05-02,2026-06-01
12581,3175,2025-12-20,2026-01-19
12582,3175,2026-02-08,2026-03-10
12583,3176,2026-03-05,2026-04-04
12584,3176,2026-04-06,2026-05-06
12585,3176,2026-05-15,2026-06-14
12586,3177,2025-07-20,2025-08-19
12587,3177,2025-09-03,2025-10-03
12588,3177,2025-10-10,2025-11-09
12589,3177,2025-11-11,2025-12-11
12590,3178,2025-08-09,2025-09-08
12591,3179,2025-10-05,2025-11-04
12592,3179,2025-11-11,2025-12-11
12593,3179,2025-12-17,2026-01-16
12594,3179,2026-01-25,2026-02-24
12595,3179,2026-02-25,2026-03-27
12596,3179,2026-04-07,2026-05-07
12597,3180,2025-09-10,2025-10-10
12598,3181,2025-10-18,2025-11-17
12599,3181,2025-11-25,2025-12-25
12600,3181,2026-01-12,2026-02-11
12601,3182,2025-07-18,2025-08-17
12602,3182,2025-08-31,2025-09-30
12603,3182,2025-10-07,2025-11-06
12604,3182,2025-11-13,2025-12-13
12605,3182,2025-12-23,2026-01-22
12606,3182,2026-02-04,2026-03-06
12607,3183,2025-06-07,2025-07-07
12608,3183,2025-07-16,2025-08-15
12609,3183,2025-08-28,2025-09-27
12610,3184,2025-11-13,2025-12-13
12611,3184,2025-12-21,2026-01-20
12612,3184,2026-01-27,2026-02-26
12613,3184,2026-03-03,2026-04-02
12614,3184,2026-04-18,2026-05-18
12615,3184,2026-05-25,2026-06-24
12616,3185,2025-11-11,2025-12-11
12617,3185,2025-12-20,2026-01-19
12618,3185,2026-01-23,2026-02-22
12619,3185,2026-03-05,2026-04-04
12620,3185,2026-04-24,2026-05-24
12621,3186,2025-11-17,2025-12-17
12622,3186,2026-01-05,2026-02-04
12623,3186,2026-02-14,2026-03-16
12624,3186,2026-03-19,2026-04-18
12625,3186,2026-04-20,2026-05-20
12626,3186,2026-05-23,2026-06-22
12627,3186,2026-06-23,2026-07-23
12628,3187,2026-03-23,2026-04-22
12629,3187,2026-05-06,2026-06-05
12630,3187,2026-06-07,2026-07-07
12631,3187,2026-07-23,2026-08-22
12632,3187,2026-09-09,2026-10-09
12633,3187,2026-10-13,2026-11-12
12634,3188,2026-01-05,2026-02-04
12635,3188,2026-02-15,2026-03-17
12636,3188,2026-03-21,2026-04-20
12637,3188,2026-05-03,2026-06-02
12638,3188,2026-06-12,2026-07-12
12639,3188,2026-07-29,2026-08-28
12640,3188,2026-09-06,2026-10-06
12641,3189,2025-09-03,2025-10-03
12642,3189,2025-10-22,2025-11-21
12643,3189,2025-12-12,2026-01-11
12644,3189,2026-01-27,2026-02-26
12645,3190,2025-12-12,2026-01-11
12646,3190,2026-01-19,2026-02-18
12647,3190,2026-02-19,2026-03-21
12648,3190,2026-04-04,2026-05-04
12649,3190,2026-05-07,2026-06-06
12650,3191,2026-03-06,2026-04-05
12651,3191,2026-04-16,2026-05-16
12652,3191,2026-05-31,2026-06-30
12653,3192,2025-11-03,2025-12-03
12654,3192,2025-12-19,2026-01-18
12655,3192,2026-02-04,2026-03-06
12656,3193,2025-11-11,2025-12-11
12657,3193,2025-12-12,2026-01-11
12658,3194,2025-09-15,2025-10-15
12659,3194,2025-10-29,2025-11-28
12660,3194,2025-11-30,2025-12-30
12661,3194,2026-01-05,2026-02-04
12662,3194,2026-02-19,2026-03-21
12663,3194,2026-03-22,2026-04-21
12664,3195,2025-07-01,2025-07-31
12665,3195,2025-08-16,2025-09-15
12666,3195,2025-09-26,2025-10-26
12667,3195,2025-11-09,2025-12-09
12668,3195,2025-12-25,2026-01-24
12669,3195,2026-01-26,2026-02-25
12670,3195,2026-03-13,2026-04-12
12671,3196,2025-12-19,2026-01-18
12672,3196,2026-02-09,2026-03-11
12673,3196,2026-03-15,2026-04-14
12674,3196,2026-04-20,2026-05-20
12675,3196,2026-06-09,2026-07-09
12676,3196,2026-07-15,2026-08-14
12677,3197,2025-08-08,2025-09-07
12678,3197,2025-09-11,2025-10-11
12679,3197,2025-10-18,2025-11-17
12680,3197,2025-12-06,2026-01-05
12681,3197,2026-01-09,2026-02-08
12682,3197,2026-02-13,2026-03-15
12683,3198,2026-03-09,2026-04-08
12684,3198,2026-04-17,2026-05-17
12685,3198,2026-05-29,2026-06-28
12686,3198,2026-07-18,2026-08-17
12687,3199,2026-02-12,2026-03-14
12688,3199,2026-03-24,2026-04-23
12689,3199,2026-05-15,2026-06-14
12690,3199,2026-06-18,2026-07-18
12691,3199,2026-07-25,2026-08-24
12692,3200,2026-02-18,2026-03-20
12693,3200,2026-04-06,2026-05-06
12694,3200,2026-05-21,2026-06-20
12695,3200,2026-06-21,2026-07-21
12696,3201,2025-10-11,2025-11-10
12697,3201,2025-11-11,2025-12-11
12698,3201,2025-12-27,2026-01-26
12699,3201,2026-02-14,2026-03-16
12700,3201,2026-03-19,2026-04-18
12701,3201,2026-04-20,2026-05-20
12702,3202,2025-05-25,2025-06-24
12703,3202,2025-07-15,2025-08-14
12704,3202,2025-08-26,2025-09-25
12705,3202,2025-09-29,2025-10-29
12706,3202,2025-10-30,2025-11-29
12707,3202,2025-12-13,2026-01-12
12708,3202,2026-01-21,2026-02-20
12709,3203,2025-07-21,2025-08-20
12710,3203,2025-09-04,2025-10-04
12711,3203,2025-10-21,2025-11-20
12712,3203,2025-11-27,2025-12-27
12713,3204,2026-04-16,2026-05-16
12714,3204,2026-05-31,2026-06-30
12715,3204,2026-07-17,2026-08-16
12716,3204,2026-08-25,2026-09-24
12717,3204,2026-10-11,2026-11-10
12718,3204,2026-11-17,2026-12-17
12719,3205,2025-11-15,2025-12-15
12720,3205,2026-01-01,2026-01-31
12721,3206,2025-08-16,2025-09-15
12722,3206,2025-09-29,2025-10-29
12723,3206,2025-11-09,2025-12-09
12724,3206,2025-12-31,2026-01-30
12725,3207,2025-11-13,2025-12-13
12726,3207,2025-12-23,2026-01-22
12727,3207,2026-01-31,2026-03-02
12728,3207,2026-03-22,2026-04-21
12729,3207,2026-04-26,2026-05-26
12730,3207,2026-06-11,2026-07-11
12731,3208,2025-06-06,2025-07-06
12732,3208,2025-07-26,2025-08-25
12733,3208,2025-08-26,2025-09-25
12734,3208,2025-10-02,2025-11-01
12735,3208,2025-11-05,2025-12-05
12736,3209,2026-02-01,2026-03-03
12737,3209,2026-03-11,2026-04-10
12738,3209,2026-05-02,2026-06-01
12739,3209,2026-06-14,2026-07-14
12740,3209,2026-07-23,2026-08-22
12741,3210,2025-08-10,2025-09-09
12742,3210,2025-09-23,2025-10-23
12743,3210,2025-11-08,2025-12-08
12744,3210,2025-12-25,2026-01-24
12745,3210,2026-02-04,2026-03-06
12746,3210,2026-03-26,2026-04-25
12747,3211,2026-05-07,2026-06-06
12748,3211,2026-06-15,2026-07-15
12749,3211,2026-07-24,2026-08-23
12750,3211,2026-08-25,2026-09-24
12751,3211,2026-10-12,2026-11-11
12752,3211,2026-11-29,2026-12-29
12753,3211,2027-01-20,2027-02-19
12754,3212,2025-07-30,2025-08-29
12755,3212,2025-09-05,2025-10-05
12756,3212,2025-10-06,2025-11-05
12757,3213,2025-08-11,2025-09-10
12758,3213,2025-09-25,2025-10-25
12759,3214,2025-05-29,2025-06-28
12760,3214,2025-06-29,2025-07-29
12761,3214,2025-08-09,2025-09-08
12762,3215,2025-06-15,2025-07-15
12763,3215,2025-08-04,2025-09-03
12764,3215,2025-09-05,2025-10-05
12765,3215,2025-10-09,2025-11-08
12766,3216,2026-01-02,2026-02-01
12767,3216,2026-02-22,2026-03-24
12768,3217,2026-01-17,2026-02-16
12769,3217,2026-03-08,2026-04-07
12770,3218,2025-12-06,2026-01-05
12771,3218,2026-01-18,2026-02-17
12772,3218,2026-02-24,2026-03-26
12773,3218,2026-04-03,2026-05-03
12774,3218,2026-05-04,2026-06-03
12775,3219,2025-10-11,2025-11-10
12776,3219,2025-11-18,2025-12-18
12777,3219,2025-12-30,2026-01-29
12778,3219,2026-02-11,2026-03-13
12779,3219,2026-03-25,2026-04-24
12780,3219,2026-05-03,2026-06-02
12781,3219,2026-06-03,2026-07-03
12782,3220,2025-06-22,2025-07-22
12783,3221,2025-09-09,2025-10-09
12784,3221,2025-10-13,2025-11-12
12785,3221,2025-11-24,2025-12-24
12786,3221,2026-01-02,2026-02-01
12787,3221,2026-02-03,2026-03-05
12788,3221,2026-03-11,2026-04-10
12789,3222,2025-07-14,2025-08-13
12790,3222,2025-08-19,2025-09-18
12791,3222,2025-09-19,2025-10-19
12792,3222,2025-10-23,2025-11-22
12793,3223,2026-01-21,2026-02-20
12794,3223,2026-03-04,2026-04-03
12795,3223,2026-04-10,2026-05-10
12796,3223,2026-05-13,2026-06-12
12797,3223,2026-06-30,2026-07-30
12798,3223,2026-08-10,2026-09-09
12799,3223,2026-09-10,2026-10-10
12800,3224,2025-12-07,2026-01-06
12801,3224,2026-01-13,2026-02-12
12802,3224,2026-02-15,2026-03-17
12803,3225,2025-11-23,2025-12-23
12804,3225,2025-12-25,2026-01-24
12805,3225,2026-02-06,2026-03-08
12806,3225,2026-03-25,2026-04-24
12807,3225,2026-04-29,2026-05-29
12808,3226,2025-11-28,2025-12-28
12809,3226,2026-01-01,2026-01-31
12810,3226,2026-02-02,2026-03-04
12811,3227,2025-06-25,2025-07-25
12812,3227,2025-08-06,2025-09-05
12813,3228,2026-02-14,2026-03-16
12814,3228,2026-03-31,2026-04-30
12815,3228,2026-05-07,2026-06-06
12816,3228,2026-06-23,2026-07-23
12817,3228,2026-08-04,2026-09-03
12818,3229,2025-11-24,2025-12-24
12819,3229,2026-01-13,2026-02-12
12820,3229,2026-02-27,2026-03-29
12821,3229,2026-04-05,2026-05-05
12822,3229,2026-05-24,2026-06-23
12823,3229,2026-07-10,2026-08-09
12824,3229,2026-08-14,2026-09-13
12825,3230,2026-05-13,2026-06-12
12826,3230,2026-07-03,2026-08-02
12827,3230,2026-08-24,2026-09-23
12828,3230,2026-10-04,2026-11-03
12829,3230,2026-11-11,2026-12-11
12830,3230,2026-12-28,2027-01-27
12831,3230,2027-01-31,2027-03-02
12832,3231,2025-09-23,2025-10-23
12833,3231,2025-11-10,2025-12-10
12834,3231,2025-12-16,2026-01-15
12835,3231,2026-01-31,2026-03-02
12836,3231,2026-03-07,2026-04-06
12837,3231,2026-04-28,2026-05-28
12838,3231,2026-06-04,2026-07-04
12839,3232,2025-06-03,2025-07-03
12840,3232,2025-07-17,2025-08-16
12841,3232,2025-08-25,2025-09-24
12842,3232,2025-09-29,2025-10-29
12843,3232,2025-11-17,2025-12-17
12844,3232,2025-12-29,2026-01-28
12845,3232,2026-02-01,2026-03-03
12846,3233,2026-04-07,2026-05-07
12847,3233,2026-05-19,2026-06-18
12848,3233,2026-06-30,2026-07-30
12849,3234,2025-10-26,2025-11-25
12850,3234,2025-12-12,2026-01-11
12851,3234,2026-01-28,2026-02-27
12852,3234,2026-03-21,2026-04-20
12853,3235,2025-07-14,2025-08-13
12854,3235,2025-09-01,2025-10-01
12855,3235,2025-10-03,2025-11-02
12856,3236,2026-05-02,2026-06-01
12857,3237,2026-05-14,2026-06-13
12858,3237,2026-07-03,2026-08-02
12859,3237,2026-08-13,2026-09-12
12860,3237,2026-09-22,2026-10-22
12861,3237,2026-10-31,2026-11-30
12862,3238,2025-07-13,2025-08-12
12863,3238,2025-08-16,2025-09-15
12864,3238,2025-10-07,2025-11-06
12865,3238,2025-11-17,2025-12-17
12866,3239,2025-11-22,2025-12-22
12867,3239,2026-01-08,2026-02-07
12868,3239,2026-02-25,2026-03-27
12869,3239,2026-04-06,2026-05-06
12870,3239,2026-05-25,2026-06-24
12871,3239,2026-06-28,2026-07-28
12872,3239,2026-08-08,2026-09-07
12873,3240,2025-11-30,2025-12-30
12874,3240,2026-01-04,2026-02-03
12875,3240,2026-02-24,2026-03-26
12876,3240,2026-04-04,2026-05-04
12877,3240,2026-05-14,2026-06-13
12878,3241,2026-02-10,2026-03-12
12879,3241,2026-03-14,2026-04-13
12880,3241,2026-04-21,2026-05-21
12881,3241,2026-06-01,2026-07-01
12882,3241,2026-07-02,2026-08-01
12883,3241,2026-08-16,2026-09-15
12884,3242,2026-05-15,2026-06-14
12885,3242,2026-06-26,2026-07-26
12886,3242,2026-08-07,2026-09-06
12887,3242,2026-09-26,2026-10-26
12888,3242,2026-11-02,2026-12-02
12889,3243,2025-12-15,2026-01-14
12890,3243,2026-01-31,2026-03-02
12891,3243,2026-03-19,2026-04-18
12892,3243,2026-04-21,2026-05-21
12893,3243,2026-05-23,2026-06-22
12894,3243,2026-07-09,2026-08-08
12895,3243,2026-08-13,2026-09-12
12896,3244,2025-06-05,2025-07-05
12897,3244,2025-07-20,2025-08-19
12898,3245,2025-11-15,2025-12-15
12899,3245,2025-12-30,2026-01-29
12900,3245,2026-02-19,2026-03-21
12901,3246,2025-07-26,2025-08-25
12902,3246,2025-09-06,2025-10-06
12903,3246,2025-10-25,2025-11-24
12904,3246,2025-11-30,2025-12-30
12905,3247,2026-02-04,2026-03-06
12906,3247,2026-03-11,2026-04-10
12907,3247,2026-04-17,2026-05-17
12908,3248,2025-08-05,2025-09-04
12909,3248,2025-09-14,2025-10-14
12910,3248,2025-11-02,2025-12-02
12911,3248,2025-12-10,2026-01-09
12912,3249,2025-06-08,2025-07-08
12913,3249,2025-07-28,2025-08-27
12914,3249,2025-08-29,2025-09-28
12915,3249,2025-09-29,2025-10-29
12916,3249,2025-11-14,2025-12-14
12917,3250,2025-09-04,2025-10-04
12918,3250,2025-10-15,2025-11-14
12919,3250,2025-11-26,2025-12-26
12920,3250,2026-01-15,2026-02-14
12921,3250,2026-02-24,2026-03-26
12922,3250,2026-04-13,2026-05-13
12923,3251,2025-07-09,2025-08-08
12924,3251,2025-08-23,2025-09-22
12925,3251,2025-10-01,2025-10-31
12926,3251,2025-11-04,2025-12-04
12927,3251,2025-12-18,2026-01-17
12928,3252,2025-06-03,2025-07-03
12929,3252,2025-07-25,2025-08-24
12930,3253,2026-03-20,2026-04-19
12931,3253,2026-05-11,2026-06-10
12932,3253,2026-06-26,2026-07-26
12933,3254,2026-04-05,2026-05-05
12934,3254,2026-05-17,2026-06-16
12935,3255,2025-10-09,2025-11-08
12936,3255,2025-11-09,2025-12-09
12937,3256,2025-06-27,2025-07-27
12938,3256,2025-08-10,2025-09-09
12939,3256,2025-09-24,2025-10-24
12940,3256,2025-11-02,2025-12-02
12941,3256,2025-12-22,2026-01-21
12942,3256,2026-01-22,2026-02-21
12943,3256,2026-03-06,2026-04-05
12944,3257,2025-12-06,2026-01-05
12945,3258,2026-01-29,2026-02-28
12946,3258,2026-03-22,2026-04-21
12947,3258,2026-05-07,2026-06-06
12948,3258,2026-06-19,2026-07-19
12949,3259,2025-11-15,2025-12-15
12950,3259,2025-12-25,2026-01-24
12951,3260,2025-08-30,2025-09-29
12952,3261,2025-05-19,2025-06-18
12953,3262,2026-03-17,2026-04-16
12954,3262,2026-04-18,2026-05-18
12955,3262,2026-05-29,2026-06-28
12956,3262,2026-07-08,2026-08-07
12957,3262,2026-08-19,2026-09-18
12958,3262,2026-09-29,2026-10-29
12959,3262,2026-11-16,2026-12-16
12960,3263,2026-03-27,2026-04-26
12961,3263,2026-05-08,2026-06-07
12962,3263,2026-06-19,2026-07-19
12963,3263,2026-08-08,2026-09-07
12964,3263,2026-09-18,2026-10-18
12965,3263,2026-10-30,2026-11-29
12966,3263,2026-12-13,2027-01-12
12967,3264,2025-06-16,2025-07-16
12968,3265,2026-03-31,2026-04-30
12969,3265,2026-05-07,2026-06-06
12970,3265,2026-06-18,2026-07-18
12971,3265,2026-08-09,2026-09-08
12972,3265,2026-09-24,2026-10-24
12973,3265,2026-11-07,2026-12-07
12974,3266,2025-11-23,2025-12-23
12975,3266,2026-01-10,2026-02-09
12976,3266,2026-03-01,2026-03-31
12977,3266,2026-04-12,2026-05-12
12978,3266,2026-05-13,2026-06-12
12979,3267,2025-07-05,2025-08-04
12980,3267,2025-08-07,2025-09-06
12981,3267,2025-09-07,2025-10-07
12982,3267,2025-10-24,2025-11-23
12983,3267,2025-12-07,2026-01-06
12984,3267,2026-01-08,2026-02-07
12985,3267,2026-02-17,2026-03-19
12986,3268,2025-08-20,2025-09-19
12987,3269,2025-09-01,2025-10-01
12988,3269,2025-10-23,2025-11-22
12989,3269,2025-12-08,2026-01-07
12990,3270,2025-07-27,2025-08-26
12991,3270,2025-08-29,2025-09-28
12992,3270,2025-10-19,2025-11-18
12993,3271,2025-07-28,2025-08-27
12994,3271,2025-09-04,2025-10-04
12995,3271,2025-10-12,2025-11-11
12996,3271,2025-11-24,2025-12-24
12997,3272,2026-01-08,2026-02-07
12998,3272,2026-02-27,2026-03-29
12999,3272,2026-04-20,2026-05-20
13000,3272,2026-05-28,2026-06-27
13001,3273,2025-12-24,2026-01-23
13002,3273,2026-01-25,2026-02-24
13003,3273,2026-03-13,2026-04-12
13004,3273,2026-05-01,2026-05-31
13005,3273,2026-06-17,2026-07-17
13006,3273,2026-08-03,2026-09-02
13007,3274,2025-07-06,2025-08-05
13008,3274,2025-08-08,2025-09-07
13009,3274,2025-09-09,2025-10-09
13010,3275,2026-03-26,2026-04-25
13011,3275,2026-05-02,2026-06-01
13012,3275,2026-06-21,2026-07-21
13013,3276,2025-09-29,2025-10-29
13014,3277,2025-11-28,2025-12-28
13015,3277,2026-01-03,2026-02-02
13016,3277,2026-02-04,2026-03-06
13017,3277,2026-03-12,2026-04-11
13018,3277,2026-04-24,2026-05-24
13019,3277,2026-06-03,2026-07-03
13020,3277,2026-07-05,2026-08-04
13021,3278,2026-03-24,2026-04-23
13022,3278,2026-05-15,2026-06-14
13023,3278,2026-07-06,2026-08-05
13024,3278,2026-08-13,2026-09-12
13025,3278,2026-09-19,2026-10-19
13026,3279,2025-10-28,2025-11-27
13027,3279,2025-12-13,2026-01-12
13028,3279,2026-01-31,2026-03-02
13029,3279,2026-03-04,2026-04-03
13030,3280,2025-12-13,2026-01-12
13031,3281,2025-05-19,2025-06-18
13032,3281,2025-07-05,2025-08-04
13033,3281,2025-08-10,2025-09-09
13034,3281,2025-09-30,2025-10-30
13035,3281,2025-11-02,2025-12-02
13036,3282,2025-10-19,2025-11-18
13037,3282,2025-11-25,2025-12-25
13038,3282,2026-01-11,2026-02-10
13039,3282,2026-02-20,2026-03-22
13040,3282,2026-04-01,2026-05-01
13041,3283,2025-08-29,2025-09-28
13042,3283,2025-10-12,2025-11-11
13043,3283,2025-11-26,2025-12-26
13044,3283,2026-01-09,2026-02-08
13045,3283,2026-02-21,2026-03-23
13046,3284,2025-07-22,2025-08-21
13047,3284,2025-08-26,2025-09-25
13048,3284,2025-09-26,2025-10-26
13049,3284,2025-11-13,2025-12-13
13050,3284,2025-12-21,2026-01-20
13051,3284,2026-01-30,2026-03-01
13052,3285,2025-09-12,2025-10-12
13053,3285,2025-10-18,2025-11-17
13054,3285,2025-11-27,2025-12-27
13055,3285,2026-01-02,2026-02-01
13056,3285,2026-02-14,2026-03-16
13057,3285,2026-03-30,2026-04-29
13058,3286,2025-05-25,2025-06-24
13059,3286,2025-06-29,2025-07-29
13060,3286,2025-08-12,2025-09-11
13061,3286,2025-09-21,2025-10-21
13062,3287,2026-04-14,2026-05-14
13063,3287,2026-05-23,2026-06-22
13064,3287,2026-07-07,2026-08-06
13065,3287,2026-08-27,2026-09-26
13066,3287,2026-10-14,2026-11-13
13067,3287,2026-11-20,2026-12-20
13068,3287,2027-01-11,2027-02-10
13069,3288,2025-12-03,2026-01-02
13070,3288,2026-01-22,2026-02-21
13071,3288,2026-03-07,2026-04-06
13072,3288,2026-04-20,2026-05-20
13073,3288,2026-05-28,2026-06-27
13074,3288,2026-07-12,2026-08-11
13075,3288,2026-08-31,2026-09-30
13076,3289,2025-08-09,2025-09-08
13077,3289,2025-09-11,2025-10-11
13078,3289,2025-11-02,2025-12-02
13079,3290,2026-03-20,2026-04-19
13080,3290,2026-04-29,2026-05-29
13081,3290,2026-06-07,2026-07-07
13082,3290,2026-07-27,2026-08-26
13083,3291,2026-01-19,2026-02-18
13084,3291,2026-03-03,2026-04-02
13085,3292,2026-03-17,2026-04-16
13086,3292,2026-04-26,2026-05-26
13087,3292,2026-06-04,2026-07-04
13088,3292,2026-07-17,2026-08-16
13089,3293,2026-01-17,2026-02-16
13090,3293,2026-03-08,2026-04-07
13091,3294,2026-02-06,2026-03-08
13092,3294,2026-03-19,2026-04-18
13093,3295,2025-06-14,2025-07-14
13094,3295,2025-07-27,2025-08-26
13095,3295,2025-09-05,2025-10-05
13096,3295,2025-10-26,2025-11-25
13097,3295,2025-11-30,2025-12-30
13098,3295,2026-01-06,2026-02-05
13099,3295,2026-02-25,2026-03-27
13100,3296,2025-07-25,2025-08-24
13101,3297,2025-10-30,2025-11-29
13102,3297,2025-11-30,2025-12-30
13103,3297,2026-01-17,2026-02-16
13104,3297,2026-03-07,2026-04-06
13105,3298,2026-03-28,2026-04-27
13106,3298,2026-05-10,2026-06-09
13107,3298,2026-06-22,2026-07-22
13108,3299,2025-07-04,2025-08-03
13109,3299,2025-08-06,2025-09-05
13110,3299,2025-09-09,2025-10-09
13111,3299,2025-10-31,2025-11-30
13112,3299,2025-12-18,2026-01-17
13113,3299,2026-01-23,2026-02-22
13114,3300,2025-07-15,2025-08-14
13115,3300,2025-08-22,2025-09-21
13116,3300,2025-10-13,2025-11-12
13117,3300,2025-12-03,2026-01-02
13118,3300,2026-01-23,2026-02-22
13119,3301,2026-04-13,2026-05-13
13120,3301,2026-05-26,2026-06-25
13121,3302,2026-01-07,2026-02-06
13122,3302,2026-02-12,2026-03-14
13123,3302,2026-03-16,2026-04-15
13124,3302,2026-04-23,2026-05-23
13125,3303,2025-06-16,2025-07-16
13126,3303,2025-08-01,2025-08-31
13127,3304,2025-08-30,2025-09-29
13128,3304,2025-10-01,2025-10-31
13129,3304,2025-11-13,2025-12-13
13130,3304,2026-01-04,2026-02-03
13131,3304,2026-02-06,2026-03-08
13132,3304,2026-03-15,2026-04-14
13133,3304,2026-05-01,2026-05-31
13134,3305,2025-12-10,2026-01-09
13135,3305,2026-01-26,2026-02-25
13136,3305,2026-03-08,2026-04-07
13137,3305,2026-04-23,2026-05-23
13138,3306,2025-08-18,2025-09-17
13139,3306,2025-09-26,2025-10-26
13140,3307,2025-11-16,2025-12-16
13141,3307,2025-12-29,2026-01-28
13142,3307,2026-02-19,2026-03-21
13143,3308,2025-06-19,2025-07-19
13144,3308,2025-08-10,2025-09-09
13145,3308,2025-09-22,2025-10-22
13146,3308,2025-11-12,2025-12-12
13147,3308,2026-01-03,2026-02-02
13148,3308,2026-02-14,2026-03-16
13149,3309,2025-10-15,2025-11-14
13150,3309,2025-12-02,2026-01-01
13151,3309,2026-01-23,2026-02-22
13152,3309,2026-02-23,2026-03-25
13153,3309,2026-03-27,2026-04-26
13154,3310,2026-03-17,2026-04-16
13155,3310,2026-04-21,2026-05-21
13156,3310,2026-06-03,2026-07-03
13157,3311,2026-04-15,2026-05-15
13158,3311,2026-06-05,2026-07-05
13159,3311,2026-07-19,2026-08-18
13160,3311,2026-08-27,2026-09-26
13161,3311,2026-10-17,2026-11-16
13162,3311,2026-11-25,2026-12-25
13163,3312,2025-09-29,2025-10-29
13164,3312,2025-11-12,2025-12-12
13165,3312,2025-12-20,2026-01-19
13166,3313,2025-06-19,2025-07-19
13167,3313,2025-07-31,2025-08-30
13168,3313,2025-09-13,2025-10-13
13169,3313,2025-10-17,2025-11-16
13170,3314,2025-11-10,2025-12-10
13171,3314,2025-12-17,2026-01-16
13172,3314,2026-01-25,2026-02-24
13173,3314,2026-03-05,2026-04-04
13174,3315,2025-09-18,2025-10-18
13175,3316,2025-06-01,2025-07-01
13176,3316,2025-07-23,2025-08-22
13177,3317,2025-10-21,2025-11-20
13178,3317,2025-11-29,2025-12-29
13179,3317,2026-01-13,2026-02-12
13180,3317,2026-02-16,2026-03-18
13181,3318,2025-12-15,2026-01-14
13182,3318,2026-01-22,2026-02-21
13183,3319,2026-03-10,2026-04-09
13184,3320,2025-12-16,2026-01-15
13185,3320,2026-01-27,2026-02-26
13186,3320,2026-03-20,2026-04-19
13187,3320,2026-05-11,2026-06-10
13188,3320,2026-06-11,2026-07-11
13189,3321,2026-03-05,2026-04-04
13190,3321,2026-04-25,2026-05-25
13191,3321,2026-05-29,2026-06-28
13192,3321,2026-07-06,2026-08-05
13193,3322,2025-09-28,2025-10-28
13194,3322,2025-11-08,2025-12-08
13195,3322,2025-12-10,2026-01-09
13196,3323,2026-01-27,2026-02-26
13197,3324,2025-08-03,2025-09-02
13198,3324,2025-09-21,2025-10-21
13199,3325,2025-10-17,2025-11-16
13200,3325,2025-11-30,2025-12-30
13201,3325,2026-01-13,2026-02-12
13202,3325,2026-02-19,2026-03-21
13203,3325,2026-03-27,2026-04-26
13204,3325,2026-05-12,2026-06-11
13205,3325,2026-07-03,2026-08-02
13206,3326,2025-07-31,2025-08-30
13207,3326,2025-09-08,2025-10-08
13208,3326,2025-10-13,2025-11-12
13209,3326,2025-11-19,2025-12-19
13210,3326,2025-12-26,2026-01-25
13211,3326,2026-02-12,2026-03-14
13212,3327,2025-12-14,2026-01-13
13213,3328,2025-07-21,2025-08-20
13214,3328,2025-09-09,2025-10-09
13215,3328,2025-10-12,2025-11-11
13216,3328,2025-11-27,2025-12-27
13217,3328,2025-12-29,2026-01-28
13218,3328,2026-01-30,2026-03-01
13219,3329,2026-02-19,2026-03-21
13220,3329,2026-04-10,2026-05-10
13221,3330,2025-12-04,2026-01-03
13222,3330,2026-01-15,2026-02-14
13223,3330,2026-03-01,2026-03-31
13224,3330,2026-04-21,2026-05-21
13225,3330,2026-05-31,2026-06-30
13226,3331,2025-06-10,2025-07-10
13227,3331,2025-07-22,2025-08-21
13228,3331,2025-09-10,2025-10-10
13229,3331,2025-10-30,2025-11-29
13230,3331,2025-11-30,2025-12-30
13231,3331,2026-01-10,2026-02-09
13232,3331,2026-02-14,2026-03-16
13233,3332,2026-02-24,2026-03-26
13234,3333,2025-08-21,2025-09-20
13235,3333,2025-10-04,2025-11-03
13236,3333,2025-11-07,2025-12-07
13237,3333,2025-12-11,2026-01-10
13238,3333,2026-01-20,2026-02-19
13239,3334,2026-05-16,2026-06-15
13240,3334,2026-06-22,2026-07-22
13241,3334,2026-07-24,2026-08-23
13242,3335,2025-09-29,2025-10-29
13243,3335,2025-11-19,2025-12-19
13244,3335,2026-01-04,2026-02-03
13245,3335,2026-02-19,2026-03-21
13246,3335,2026-04-02,2026-05-02
13247,3335,2026-05-06,2026-06-05
13248,3335,2026-06-13,2026-07-13
13249,3336,2026-05-06,2026-06-05
13250,3336,2026-06-06,2026-07-06
13251,3336,2026-07-26,2026-08-25
13252,3336,2026-08-30,2026-09-29
13253,3337,2025-08-04,2025-09-03
13254,3338,2025-06-15,2025-07-15
13255,3338,2025-07-25,2025-08-24
13256,3338,2025-09-04,2025-10-04
13257,3338,2025-10-11,2025-11-10
13258,3338,2025-11-25,2025-12-25
13259,3339,2025-05-27,2025-06-26
13260,3339,2025-07-04,2025-08-03
13261,3339,2025-08-08,2025-09-07
13262,3340,2025-12-14,2026-01-13
13263,3340,2026-01-16,2026-02-15
13264,3340,2026-03-07,2026-04-06
13265,3341,2025-12-30,2026-01-29
13266,3341,2026-02-06,2026-03-08
13267,3341,2026-03-11,2026-04-10
13268,3341,2026-04-16,2026-05-16
13269,3342,2025-12-28,2026-01-27
13270,3342,2026-02-08,2026-03-10
13271,3342,2026-03-23,2026-04-22
13272,3342,2026-04-24,2026-05-24
13273,3343,2026-03-03,2026-04-02
13274,3343,2026-04-15,2026-05-15
13275,3344,2025-05-21,2025-06-20
13276,3344,2025-07-01,2025-07-31
13277,3344,2025-08-17,2025-09-16
13278,3344,2025-09-17,2025-10-17
13279,3345,2026-02-20,2026-03-22
13280,3345,2026-03-31,2026-04-30
13281,3345,2026-05-15,2026-06-14
13282,3345,2026-06-25,2026-07-25
13283,3345,2026-08-05,2026-09-04
13284,3345,2026-09-15,2026-10-15
13285,3345,2026-10-20,2026-11-19
13286,3346,2026-01-24,2026-02-23
13287,3346,2026-02-25,2026-03-27
13288,3346,2026-04-18,2026-05-18
13289,3346,2026-05-26,2026-06-25
13290,3347,2025-07-28,2025-08-27
13291,3347,2025-08-29,2025-09-28
13292,3347,2025-10-03,2025-11-02
13293,3347,2025-11-17,2025-12-17
13294,3347,2025-12-28,2026-01-27
13295,3347,2026-01-31,2026-03-02
13296,3348,2026-03-11,2026-04-10
13297,3349,2026-04-17,2026-05-17
13298,3349,2026-06-02,2026-07-02
13299,3349,2026-07-04,2026-08-03
13300,3349,2026-08-17,2026-09-16
13301,3350,2025-12-17,2026-01-16
13302,3351,2026-01-21,2026-02-20
13303,3352,2026-03-11,2026-04-10
13304,3353,2025-12-31,2026-01-30
13305,3353,2026-02-14,2026-03-16
13306,3353,2026-04-05,2026-05-05
13307,3353,2026-05-12,2026-06-11
13308,3353,2026-06-17,2026-07-17
13309,3353,2026-07-25,2026-08-24
13310,3353,2026-09-05,2026-10-05
13311,3354,2025-09-17,2025-10-17
13312,3354,2025-10-25,2025-11-24
13313,3354,2025-11-25,2025-12-25
13314,3354,2026-01-15,2026-02-14
13315,3354,2026-02-26,2026-03-28
13316,3355,2026-03-24,2026-04-23
13317,3355,2026-05-12,2026-06-11
13318,3355,2026-06-22,2026-07-22
13319,3355,2026-07-25,2026-08-24
13320,3355,2026-09-07,2026-10-07
13321,3356,2026-02-21,2026-03-23
13322,3356,2026-04-07,2026-05-07
13323,3356,2026-05-26,2026-06-25
13324,3356,2026-07-05,2026-08-04
13325,3357,2025-10-18,2025-11-17
13326,3357,2025-12-04,2026-01-03
13327,3358,2026-01-11,2026-02-10
13328,3359,2026-03-06,2026-04-05
13329,3359,2026-04-27,2026-05-27
13330,3360,2025-12-21,2026-01-20
13331,3360,2026-01-31,2026-03-02
13332,3360,2026-03-23,2026-04-22
13333,3360,2026-05-14,2026-06-13
13334,3361,2025-08-22,2025-09-21
13335,3361,2025-10-10,2025-11-09
13336,3361,2025-11-10,2025-12-10
13337,3361,2025-12-15,2026-01-14
13338,3361,2026-01-16,2026-02-15
13339,3361,2026-02-25,2026-03-27
13340,3362,2026-02-01,2026-03-03
13341,3362,2026-03-14,2026-04-13
13342,3362,2026-04-23,2026-05-23
13343,3362,2026-06-10,2026-07-10
13344,3362,2026-07-27,2026-08-26
13345,3362,2026-08-28,2026-09-27
13346,3362,2026-10-08,2026-11-07
13347,3363,2025-07-16,2025-08-15
13348,3364,2025-07-09,2025-08-08
13349,3364,2025-08-21,2025-09-20
13350,3365,2026-05-13,2026-06-12
13351,3365,2026-06-20,2026-07-20
13352,3365,2026-08-03,2026-09-02
13353,3365,2026-09-09,2026-10-09
13354,3365,2026-10-17,2026-11-16
13355,3365,2026-11-17,2026-12-17
13356,3366,2026-02-14,2026-03-16
13357,3366,2026-03-26,2026-04-25
13358,3366,2026-05-02,2026-06-01
13359,3366,2026-06-16,2026-07-16
13360,3367,2025-07-09,2025-08-08
13361,3368,2025-08-04,2025-09-03
13362,3368,2025-09-16,2025-10-16
13363,3368,2025-10-25,2025-11-24
13364,3369,2026-03-03,2026-04-02
13365,3369,2026-04-04,2026-05-04
13366,3369,2026-05-25,2026-06-24
13367,3369,2026-07-15,2026-08-14
13368,3370,2026-03-11,2026-04-10
13369,3371,2025-11-10,2025-12-10
13370,3371,2025-12-25,2026-01-24
13371,3371,2026-01-26,2026-02-25
13372,3371,2026-03-01,2026-03-31
13373,3371,2026-04-06,2026-05-06
13374,3371,2026-05-17,2026-06-16
13375,3371,2026-07-06,2026-08-05
13376,3372,2026-01-24,2026-02-23
13377,3372,2026-03-02,2026-04-01
13378,3372,2026-04-22,2026-05-22
13379,3372,2026-06-10,2026-07-10
13380,3372,2026-07-26,2026-08-25
13381,3373,2026-01-21,2026-02-20
13382,3373,2026-03-04,2026-04-03
13383,3373,2026-04-16,2026-05-16
13384,3373,2026-06-02,2026-07-02
13385,3374,2026-03-18,2026-04-17
13386,3374,2026-05-07,2026-06-06
13387,3374,2026-06-21,2026-07-21
13388,3374,2026-08-02,2026-09-01
13389,3375,2025-12-23,2026-01-22
13390,3375,2026-01-26,2026-02-25
13391,3375,2026-03-13,2026-04-12
13392,3376,2025-09-01,2025-10-01
13393,3376,2025-10-09,2025-11-08
13394,3376,2025-11-09,2025-12-09
13395,3376,2025-12-12,2026-01-11
13396,3376,2026-01-13,2026-02-12
13397,3376,2026-03-06,2026-04-05
13398,3377,2026-02-12,2026-03-14
13399,3377,2026-04-02,2026-05-02
13400,3377,2026-05-05,2026-06-04
13401,3377,2026-06-17,2026-07-17
13402,3377,2026-08-06,2026-09-05
13403,3377,2026-09-23,2026-10-23
13404,3378,2025-10-12,2025-11-11
13405,3378,2025-11-27,2025-12-27
13406,3379,2025-06-12,2025-07-12
13407,3379,2025-07-22,2025-08-21
13408,3380,2025-09-24,2025-10-24
13409,3380,2025-11-10,2025-12-10
13410,3380,2025-12-30,2026-01-29
13411,3380,2026-02-07,2026-03-09
13412,3381,2025-09-25,2025-10-25
13413,3382,2025-06-10,2025-07-10
13414,3382,2025-07-22,2025-08-21
13415,3382,2025-08-26,2025-09-25
13416,3382,2025-10-06,2025-11-05
13417,3382,2025-11-24,2025-12-24
13418,3382,2025-12-31,2026-01-30
13419,3383,2025-10-29,2025-11-28
13420,3383,2025-12-20,2026-01-19
13421,3383,2026-02-04,2026-03-06
13422,3383,2026-03-19,2026-04-18
13423,3384,2026-02-12,2026-03-14
13424,3385,2026-03-07,2026-04-06
13425,3385,2026-04-07,2026-05-07
13426,3385,2026-05-23,2026-06-22
13427,3385,2026-07-10,2026-08-09
13428,3386,2025-11-18,2025-12-18
13429,3386,2025-12-23,2026-01-22
13430,3386,2026-02-12,2026-03-14
13431,3387,2026-01-28,2026-02-27
13432,3387,2026-03-18,2026-04-17
13433,3387,2026-05-09,2026-06-08
13434,3387,2026-06-14,2026-07-14
13435,3388,2026-05-06,2026-06-05
13436,3389,2025-10-30,2025-11-29
13437,3389,2025-12-02,2026-01-01
13438,3389,2026-01-05,2026-02-04
13439,3389,2026-02-22,2026-03-24
13440,3389,2026-04-07,2026-05-07
13441,3389,2026-05-24,2026-06-23
13442,3390,2025-12-31,2026-01-30
13443,3390,2026-01-31,2026-03-02
13444,3390,2026-03-22,2026-04-21
13445,3390,2026-04-29,2026-05-29
13446,3390,2026-06-12,2026-07-12
13447,3390,2026-07-13,2026-08-12
13448,3391,2025-07-17,2025-08-16
13449,3391,2025-09-04,2025-10-04
13450,3391,2025-10-13,2025-11-12
13451,3391,2025-12-01,2025-12-31
13452,3391,2026-01-01,2026-01-31
13453,3391,2026-02-18,2026-03-20
13454,3392,2026-02-23,2026-03-25
13455,3392,2026-03-27,2026-04-26
13456,3392,2026-04-28,2026-05-28
13457,3392,2026-06-04,2026-07-04
13458,3392,2026-07-09,2026-08-08
13459,3392,2026-08-24,2026-09-23
13460,3393,2025-11-15,2025-12-15
13461,3393,2026-01-01,2026-01-31
13462,3393,2026-02-01,2026-03-03
13463,3393,2026-03-15,2026-04-14
13464,3393,2026-05-06,2026-06-05
13465,3393,2026-06-27,2026-07-27
13466,3394,2025-10-01,2025-10-31
13467,3394,2025-11-16,2025-12-16
13468,3394,2026-01-01,2026-01-31
13469,3394,2026-02-02,2026-03-04
13470,3395,2026-01-17,2026-02-16
13471,3395,2026-03-03,2026-04-02
13472,3395,2026-04-07,2026-05-07
13473,3396,2025-06-03,2025-07-03
13474,3396,2025-07-07,2025-08-06
13475,3396,2025-08-10,2025-09-09
13476,3396,2025-09-28,2025-10-28
13477,3396,2025-11-08,2025-12-08
13478,3397,2026-05-08,2026-06-07
13479,3397,2026-06-20,2026-07-20
13480,3397,2026-07-30,2026-08-29
13481,3397,2026-09-12,2026-10-12
13482,3397,2026-10-13,2026-11-12
13483,3397,2026-11-28,2026-12-28
13484,3398,2025-12-25,2026-01-24
13485,3398,2026-02-13,2026-03-15
13486,3399,2026-05-02,2026-06-01
13487,3399,2026-06-23,2026-07-23
13488,3399,2026-07-27,2026-08-26
13489,3399,2026-09-14,2026-10-14
13490,3400,2025-07-15,2025-08-14
13491,3400,2025-08-26,2025-09-25
13492,3401,2026-05-05,2026-06-04
13493,3401,2026-06-17,2026-07-17
13494,3402,2026-04-10,2026-05-10
13495,3402,2026-06-01,2026-07-01
13496,3402,2026-07-16,2026-08-15
13497,3402,2026-08-25,2026-09-24
13498,3402,2026-10-11,2026-11-10
13499,3402,2026-12-02,2027-01-01
13500,3402,2027-01-21,2027-02-20
13501,3403,2025-08-13,2025-09-12
13502,3403,2025-09-14,2025-10-14
13503,3403,2025-10-30,2025-11-29
13504,3404,2025-10-27,2025-11-26
13505,3405,2025-12-08,2026-01-07
13506,3405,2026-01-24,2026-02-23
13507,3405,2026-03-09,2026-04-08
13508,3405,2026-04-29,2026-05-29
13509,3405,2026-06-14,2026-07-14
13510,3405,2026-07-21,2026-08-20
13511,3406,2025-10-16,2025-11-15
13512,3406,2025-12-03,2026-01-02
13513,3406,2026-01-07,2026-02-06
13514,3406,2026-02-10,2026-03-12
13515,3406,2026-03-28,2026-04-27
13516,3407,2025-09-06,2025-10-06
13517,3407,2025-10-21,2025-11-20
13518,3407,2025-11-30,2025-12-30
13519,3408,2026-04-16,2026-05-16
13520,3408,2026-05-24,2026-06-23
13521,3408,2026-07-05,2026-08-04
13522,3408,2026-08-24,2026-09-23
13523,3409,2026-04-25,2026-05-25
13524,3409,2026-06-15,2026-07-15
13525,3409,2026-08-02,2026-09-01
13526,3409,2026-09-11,2026-10-11
13527,3409,2026-10-18,2026-11-17
13528,3409,2026-12-05,2027-01-04
13529,3410,2026-03-30,2026-04-29
13530,3410,2026-05-19,2026-06-18
13531,3410,2026-07-07,2026-08-06
13532,3411,2025-11-30,2025-12-30
13533,3411,2026-01-05,2026-02-04
13534,3411,2026-02-16,2026-03-18
13535,3411,2026-03-23,2026-04-22
13536,3412,2025-10-25,2025-11-24
13537,3412,2025-12-14,2026-01-13
13538,3412,2026-01-20,2026-02-19
13539,3412,2026-02-21,2026-03-23
13540,3412,2026-04-05,2026-05-05
13541,3412,2026-05-14,2026-06-13
13542,3412,2026-06-27,2026-07-27
13543,3413,2026-04-24,2026-05-24
13544,3413,2026-05-29,2026-06-28
13545,3413,2026-07-11,2026-08-10
13546,3413,2026-08-26,2026-09-25
13547,3413,2026-09-29,2026-10-29
13548,3414,2026-02-13,2026-03-15
13549,3415,2025-08-06,2025-09-05
13550,3415,2025-09-12,2025-10-12
13551,3415,2025-10-19,2025-11-18
13552,3415,2025-11-30,2025-12-30
13553,3415,2026-01-07,2026-02-06
13554,3416,2025-05-23,2025-06-22
13555,3417,2025-06-28,2025-07-28
13556,3418,2025-06-28,2025-07-28
13557,3418,2025-08-04,2025-09-03
13558,3418,2025-09-05,2025-10-05
13559,3418,2025-10-16,2025-11-15
13560,3419,2025-12-22,2026-01-21
13561,3419,2026-01-26,2026-02-25
13562,3419,2026-03-14,2026-04-13
13563,3419,2026-04-29,2026-05-29
13564,3420,2026-01-23,2026-02-22
13565,3420,2026-03-05,2026-04-04
13566,3421,2025-10-05,2025-11-04
13567,3421,2025-11-10,2025-12-10
13568,3422,2026-03-15,2026-04-14
13569,3422,2026-05-06,2026-06-05
13570,3423,2026-05-10,2026-06-09
13571,3423,2026-06-25,2026-07-25
13572,3423,2026-08-03,2026-09-02
13573,3423,2026-09-18,2026-10-18
13574,3423,2026-11-04,2026-12-04
13575,3423,2026-12-08,2027-01-07
13576,3423,2027-01-11,2027-02-10
13577,3424,2025-09-06,2025-10-06
13578,3424,2025-10-19,2025-11-18
13579,3424,2025-12-07,2026-01-06
13580,3424,2026-01-28,2026-02-27
13581,3424,2026-03-18,2026-04-17
13582,3425,2025-09-27,2025-10-27
13583,3425,2025-10-31,2025-11-30
13584,3425,2025-12-15,2026-01-14
13585,3426,2025-09-19,2025-10-19
13586,3426,2025-10-24,2025-11-23
13587,3426,2025-11-28,2025-12-28
13588,3426,2026-01-16,2026-02-15
13589,3426,2026-02-23,2026-03-25
13590,3427,2026-02-08,2026-03-10
13591,3427,2026-03-27,2026-04-26
13592,3427,2026-05-10,2026-06-09
13593,3427,2026-06-20,2026-07-20
13594,3428,2026-04-15,2026-05-15
13595,3428,2026-06-03,2026-07-03
13596,3428,2026-07-24,2026-08-23
13597,3428,2026-09-01,2026-10-01
13598,3428,2026-10-23,2026-11-22
13599,3428,2026-12-07,2027-01-06
13600,3428,2027-01-18,2027-02-17
13601,3429,2025-08-15,2025-09-14
13602,3429,2025-09-25,2025-10-25
13603,3429,2025-11-05,2025-12-05
13604,3429,2025-12-21,2026-01-20
13605,3429,2026-02-11,2026-03-13
13606,3429,2026-03-29,2026-04-28
13607,3430,2025-08-12,2025-09-11
13608,3430,2025-09-14,2025-10-14
13609,3430,2025-10-29,2025-11-28
13610,3430,2025-12-08,2026-01-07
13611,3430,2026-01-14,2026-02-13
13612,3430,2026-02-16,2026-03-18
13613,3430,2026-03-23,2026-04-22
13614,3431,2025-10-06,2025-11-05
13615,3431,2025-11-15,2025-12-15
13616,3431,2026-01-05,2026-02-04
13617,3432,2025-11-23,2025-12-23
13618,3432,2025-12-31,2026-01-30
13619,3433,2025-06-03,2025-07-03
13620,3433,2025-07-06,2025-08-05
13621,3433,2025-08-16,2025-09-15
13622,3433,2025-10-01,2025-10-31
13623,3433,2025-11-12,2025-12-12
13624,3433,2025-12-14,2026-01-13
13625,3434,2026-04-25,2026-05-25
13626,3434,2026-05-31,2026-06-30
13627,3435,2025-08-07,2025-09-06
13628,3435,2025-09-23,2025-10-23
13629,3435,2025-10-25,2025-11-24
13630,3435,2025-12-01,2025-12-31
13631,3435,2026-01-13,2026-02-12
13632,3436,2026-05-09,2026-06-08
13633,3436,2026-06-23,2026-07-23
13634,3436,2026-08-13,2026-09-12
13635,3436,2026-09-24,2026-10-24
13636,3436,2026-11-07,2026-12-07
13637,3436,2026-12-13,2027-01-12
13638,3437,2026-01-16,2026-02-15
13639,3437,2026-02-22,2026-03-24
13640,3437,2026-04-12,2026-05-12
13641,3438,2026-05-15,2026-06-14
13642,3438,2026-06-27,2026-07-27
13643,3438,2026-08-11,2026-09-10
13644,3438,2026-09-11,2026-10-11
13645,3439,2025-12-17,2026-01-16
13646,3439,2026-01-27,2026-02-26
13647,3439,2026-02-27,2026-03-29
13648,3439,2026-04-11,2026-05-11
13649,3439,2026-05-30,2026-06-29
13650,3440,2026-03-10,2026-04-09
13651,3440,2026-04-30,2026-05-30
13652,3441,2025-09-18,2025-10-18
13653,3441,2025-10-20,2025-11-19
13654,3441,2025-11-22,2025-12-22
13655,3442,2026-03-12,2026-04-11
13656,3442,2026-04-27,2026-05-27
13657,3442,2026-06-15,2026-07-15
13658,3443,2026-03-26,2026-04-25
13659,3443,2026-05-02,2026-06-01
13660,3443,2026-06-13,2026-07-13
13661,3444,2025-12-14,2026-01-13
13662,3444,2026-01-18,2026-02-17
13663,3444,2026-02-21,2026-03-23
13664,3444,2026-03-24,2026-04-23
13665,3444,2026-04-27,2026-05-27
13666,3444,2026-06-13,2026-07-13
13667,3444,2026-07-16,2026-08-15
13668,3445,2025-12-31,2026-01-30
13669,3445,2026-02-13,2026-03-15
13670,3445,2026-04-04,2026-05-04
13671,3445,2026-05-24,2026-06-23
13672,3445,2026-07-14,2026-08-13
13673,3446,2025-07-26,2025-08-25
13674,3446,2025-09-15,2025-10-15
13675,3447,2025-09-20,2025-10-20
13676,3447,2025-11-04,2025-12-04
13677,3448,2025-07-26,2025-08-25
13678,3448,2025-09-04,2025-10-04
13679,3449,2025-08-01,2025-08-31
13680,3449,2025-09-04,2025-10-04
13681,3449,2025-10-07,2025-11-06
13682,3449,2025-11-17,2025-12-17
13683,3449,2026-01-02,2026-02-01
13684,3449,2026-02-03,2026-03-05
13685,3450,2026-02-09,2026-03-11
13686,3450,2026-03-23,2026-04-22
13687,3450,2026-05-05,2026-06-04
13688,3451,2026-05-09,2026-06-08
13689,3451,2026-06-22,2026-07-22
13690,3451,2026-08-01,2026-08-31
13691,3451,2026-09-22,2026-10-22
13692,3451,2026-10-28,2026-11-27
13693,3451,2026-12-10,2027-01-09
13694,3452,2025-07-25,2025-08-24
13695,3452,2025-09-04,2025-10-04
13696,3452,2025-10-14,2025-11-13
13697,3453,2026-05-03,2026-06-02
13698,3453,2026-06-08,2026-07-08
13699,3454,2026-01-17,2026-02-16
13700,3454,2026-02-27,2026-03-29
13701,3454,2026-04-07,2026-05-07
13702,3454,2026-05-20,2026-06-19
13703,3454,2026-07-09,2026-08-08
13704,3454,2026-08-14,2026-09-13
13705,3454,2026-09-18,2026-10-18
13706,3455,2026-03-27,2026-04-26
13707,3455,2026-05-06,2026-06-05
13708,3456,2026-01-18,2026-02-17
13709,3456,2026-03-04,2026-04-03
13710,3456,2026-04-11,2026-05-11
13711,3456,2026-06-02,2026-07-02
13712,3457,2026-02-23,2026-03-25
13713,3457,2026-04-07,2026-05-07
13714,3458,2025-10-04,2025-11-03
13715,3459,2025-08-06,2025-09-05
13716,3459,2025-09-21,2025-10-21
13717,3459,2025-11-12,2025-12-12
13718,3459,2025-12-14,2026-01-13
13719,3459,2026-02-04,2026-03-06
13720,3459,2026-03-08,2026-04-07
13721,3459,2026-04-21,2026-05-21
13722,3460,2025-09-23,2025-10-23
13723,3460,2025-11-11,2025-12-11
13724,3460,2025-12-28,2026-01-27
13725,3460,2026-01-30,2026-03-01
13726,3460,2026-03-03,2026-04-02
13727,3460,2026-04-17,2026-05-17
13728,3460,2026-06-05,2026-07-05
13729,3461,2026-04-09,2026-05-09
13730,3462,2025-11-30,2025-12-30
13731,3462,2026-01-02,2026-02-01
13732,3462,2026-02-10,2026-03-12
13733,3463,2025-05-13,2025-06-12
13734,3463,2025-06-18,2025-07-18
13735,3463,2025-07-19,2025-08-18
13736,3463,2025-08-24,2025-09-23
13737,3463,2025-09-29,2025-10-29
13738,3463,2025-11-08,2025-12-08
13739,3463,2025-12-29,2026-01-28
13740,3464,2026-02-17,2026-03-19
13741,3464,2026-04-01,2026-05-01
13742,3464,2026-05-04,2026-06-03
13743,3464,2026-06-16,2026-07-16
13744,3465,2026-05-10,2026-06-09
13745,3466,2026-01-22,2026-02-21
13746,3466,2026-03-15,2026-04-14
13747,3466,2026-04-17,2026-05-17
13748,3466,2026-06-03,2026-07-03
13749,3467,2025-08-19,2025-09-18
13750,3467,2025-09-25,2025-10-25
13751,3467,2025-11-01,2025-12-01
13752,3468,2025-11-01,2025-12-01
13753,3468,2025-12-14,2026-01-13
13754,3469,2025-07-11,2025-08-10
13755,3469,2025-08-15,2025-09-14
13756,3469,2025-10-01,2025-10-31
13757,3469,2025-11-11,2025-12-11
13758,3469,2025-12-31,2026-01-30
13759,3469,2026-02-02,2026-03-04
13760,3470,2025-08-16,2025-09-15
13761,3470,2025-10-03,2025-11-02
13762,3470,2025-11-06,2025-12-06
13763,3470,2025-12-21,2026-01-20
13764,3471,2025-06-15,2025-07-15
13765,3471,2025-08-06,2025-09-05
13766,3471,2025-09-17,2025-10-17
13767,3471,2025-11-02,2025-12-02
13768,3471,2025-12-20,2026-01-19
13769,3472,2025-05-28,2025-06-27
13770,3472,2025-07-08,2025-08-07
13771,3472,2025-08-13,2025-09-12
13772,3472,2025-09-22,2025-10-22
13773,3472,2025-11-10,2025-12-10
13774,3473,2026-03-21,2026-04-20
13775,3473,2026-05-09,2026-06-08
13776,3474,2026-01-16,2026-02-15
13777,3474,2026-03-08,2026-04-07
13778,3474,2026-04-17,2026-05-17
13779,3474,2026-05-23,2026-06-22
13780,3474,2026-07-11,2026-08-10
13781,3474,2026-08-29,2026-09-28
13782,3475,2025-11-09,2025-12-09
13783,3475,2025-12-13,2026-01-12
13784,3475,2026-01-22,2026-02-21
13785,3476,2025-08-16,2025-09-15
13786,3476,2025-09-18,2025-10-18
13787,3476,2025-10-25,2025-11-24
13788,3477,2026-04-25,2026-05-25
13789,3477,2026-06-13,2026-07-13
13790,3477,2026-08-01,2026-08-31
13791,3478,2025-11-21,2025-12-21
13792,3478,2025-12-31,2026-01-30
13793,3478,2026-02-05,2026-03-07
13794,3478,2026-03-21,2026-04-20
13795,3478,2026-05-01,2026-05-31
13796,3479,2025-12-26,2026-01-25
13797,3480,2026-05-04,2026-06-03
13798,3480,2026-06-07,2026-07-07
13799,3480,2026-07-22,2026-08-21
13800,3480,2026-08-31,2026-09-30
13801,3480,2026-10-02,2026-11-01
13802,3480,2026-11-06,2026-12-06
13803,3480,2026-12-08,2027-01-07
13804,3481,2025-12-13,2026-01-12
13805,3481,2026-01-22,2026-02-21
13806,3481,2026-03-07,2026-04-06
13807,3481,2026-04-26,2026-05-26
13808,3481,2026-06-12,2026-07-12
13809,3482,2025-09-10,2025-10-10
13810,3482,2025-10-23,2025-11-22
13811,3482,2025-12-04,2026-01-03
13812,3482,2026-01-23,2026-02-22
13813,3482,2026-03-04,2026-04-03
13814,3483,2026-02-14,2026-03-16
13815,3484,2025-05-29,2025-06-28
13816,3484,2025-07-18,2025-08-17
13817,3484,2025-08-21,2025-09-20
13818,3484,2025-09-28,2025-10-28
13819,3485,2026-01-15,2026-02-14
13820,3485,2026-03-08,2026-04-07
13821,3485,2026-04-18,2026-05-18
13822,3485,2026-06-07,2026-07-07
13823,3486,2026-03-05,2026-04-04
13824,3486,2026-04-13,2026-05-13
13825,3486,2026-06-03,2026-07-03
13826,3486,2026-07-22,2026-08-21
13827,3487,2025-06-08,2025-07-08
13828,3487,2025-07-13,2025-08-12
13829,3487,2025-08-16,2025-09-15
13830,3488,2025-09-13,2025-10-13
13831,3488,2025-10-17,2025-11-16
13832,3488,2025-11-20,2025-12-20
13833,3488,2025-12-27,2026-01-26
13834,3488,2026-01-28,2026-02-27
13835,3488,2026-03-16,2026-04-15
13836,3489,2025-10-22,2025-11-21
13837,3489,2025-11-25,2025-12-25
13838,3490,2026-02-10,2026-03-12
13839,3490,2026-03-18,2026-04-17
13840,3490,2026-04-25,2026-05-25
13841,3490,2026-06-04,2026-07-04
13842,3491,2025-07-16,2025-08-15
13843,3491,2025-08-16,2025-09-15
13844,3491,2025-09-20,2025-10-20
13845,3491,2025-10-25,2025-11-24
13846,3491,2025-12-03,2026-01-02
13847,3492,2026-04-09,2026-05-09
13848,3492,2026-05-25,2026-06-24
13849,3493,2025-09-19,2025-10-19
13850,3493,2025-10-25,2025-11-24
13851,3493,2025-11-25,2025-12-25
13852,3493,2025-12-30,2026-01-29
13853,3493,2026-02-09,2026-03-11
13854,3493,2026-03-19,2026-04-18
13855,3494,2025-08-05,2025-09-04
13856,3494,2025-09-22,2025-10-22
13857,3495,2026-02-23,2026-03-25
13858,3495,2026-04-09,2026-05-09
13859,3495,2026-05-25,2026-06-24
13860,3495,2026-07-07,2026-08-06
13861,3496,2025-09-22,2025-10-22
13862,3496,2025-11-11,2025-12-11
13863,3496,2025-12-18,2026-01-17
13864,3497,2025-06-10,2025-07-10
13865,3497,2025-07-28,2025-08-27
13866,3497,2025-09-12,2025-10-12
13867,3497,2025-11-02,2025-12-02
13868,3497,2025-12-16,2026-01-15
13869,3497,2026-01-28,2026-02-27
13870,3498,2025-12-30,2026-01-29
13871,3498,2026-02-16,2026-03-18
13872,3498,2026-04-03,2026-05-03
13873,3499,2025-10-07,2025-11-06
13874,3499,2025-11-09,2025-12-09
13875,3499,2025-12-11,2026-01-10
13876,3499,2026-01-25,2026-02-24
13877,3499,2026-03-17,2026-04-16
13878,3499,2026-04-27,2026-05-27
13879,3499,2026-06-02,2026-07-02
13880,3500,2026-03-24,2026-04-23
13881,3500,2026-04-24,2026-05-24
13882,3500,2026-06-01,2026-07-01
13883,3500,2026-07-08,2026-08-07
13884,3500,2026-08-09,2026-09-08
13885,3500,2026-09-20,2026-10-20
13886,3500,2026-10-23,2026-11-22
13887,3501,2025-07-03,2025-08-02
13888,3501,2025-08-18,2025-09-17
13889,3501,2025-09-22,2025-10-22
13890,3501,2025-11-01,2025-12-01
13891,3501,2025-12-16,2026-01-15
13892,3501,2026-01-20,2026-02-19
13893,3502,2026-02-22,2026-03-24
13894,3502,2026-04-07,2026-05-07
13895,3502,2026-05-19,2026-06-18
13896,3503,2026-04-17,2026-05-17
13897,3504,2026-04-10,2026-05-10
13898,3504,2026-06-01,2026-07-01
13899,3504,2026-07-08,2026-08-07
13900,3504,2026-08-26,2026-09-25
13901,3504,2026-10-01,2026-10-31
13902,3505,2026-01-22,2026-02-21
13903,3505,2026-03-01,2026-03-31
13904,3505,2026-04-19,2026-05-19
13905,3505,2026-06-06,2026-07-06
13906,3505,2026-07-17,2026-08-16
13907,3505,2026-08-22,2026-09-21
13908,3505,2026-09-29,2026-10-29
13909,3506,2026-02-11,2026-03-13
13910,3506,2026-03-31,2026-04-30
13911,3506,2026-05-06,2026-06-05
13912,3506,2026-06-22,2026-07-22
13913,3506,2026-08-10,2026-09-09
13914,3506,2026-09-16,2026-10-16
13915,3507,2025-10-04,2025-11-03
13916,3507,2025-11-25,2025-12-25
13917,3507,2026-01-15,2026-02-14
13918,3507,2026-02-20,2026-03-22
13919,3507,2026-04-06,2026-05-06
13920,3507,2026-05-24,2026-06-23
13921,3508,2026-04-06,2026-05-06
13922,3508,2026-05-07,2026-06-06
13923,3508,2026-06-22,2026-07-22
13924,3508,2026-07-24,2026-08-23
13925,3509,2025-12-11,2026-01-10
13926,3509,2026-01-22,2026-02-21
13927,3510,2026-04-09,2026-05-09
13928,3510,2026-05-12,2026-06-11
13929,3510,2026-06-28,2026-07-28
13930,3510,2026-08-17,2026-09-16
13931,3510,2026-10-06,2026-11-05
13932,3510,2026-11-17,2026-12-17
13933,3510,2027-01-05,2027-02-04
13934,3511,2025-12-13,2026-01-12
13935,3512,2025-09-16,2025-10-16
13936,3512,2025-11-04,2025-12-04
13937,3512,2025-12-10,2026-01-09
13938,3512,2026-01-31,2026-03-02
13939,3512,2026-03-05,2026-04-04
13940,3512,2026-04-25,2026-05-25
13941,3513,2025-08-08,2025-09-07
13942,3513,2025-09-17,2025-10-17
13943,3513,2025-11-01,2025-12-01
13944,3514,2025-08-20,2025-09-19
13945,3514,2025-10-05,2025-11-04
13946,3514,2025-11-25,2025-12-25
13947,3515,2025-12-06,2026-01-05
13948,3515,2026-01-17,2026-02-16
13949,3515,2026-02-17,2026-03-19
13950,3515,2026-04-06,2026-05-06
13951,3516,2025-07-12,2025-08-11
13952,3516,2025-08-30,2025-09-29
13953,3516,2025-10-09,2025-11-08
13954,3516,2025-11-30,2025-12-30
13955,3516,2026-01-18,2026-02-17
13956,3516,2026-03-09,2026-04-08
13957,3516,2026-04-28,2026-05-28
13958,3517,2025-09-05,2025-10-05
13959,3517,2025-10-20,2025-11-19
13960,3518,2025-07-09,2025-08-08
13961,3518,2025-08-22,2025-09-21
13962,3518,2025-09-26,2025-10-26
13963,3518,2025-10-29,2025-11-28
13964,3518,2025-12-06,2026-01-05
13965,3519,2025-07-13,2025-08-12
13966,3520,2025-10-12,2025-11-11
13967,3520,2025-12-01,2025-12-31
13968,3520,2026-01-09,2026-02-08
13969,3521,2026-02-07,2026-03-09
13970,3521,2026-03-18,2026-04-17
13971,3521,2026-04-23,2026-05-23
13972,3522,2025-09-12,2025-10-12
13973,3522,2025-10-23,2025-11-22
13974,3522,2025-12-03,2026-01-02
13975,3523,2026-01-10,2026-02-09
13976,3523,2026-02-11,2026-03-13
13977,3524,2026-05-08,2026-06-07
13978,3524,2026-06-19,2026-07-19
13979,3524,2026-07-29,2026-08-28
13980,3524,2026-09-01,2026-10-01
13981,3524,2026-10-20,2026-11-19
13982,3525,2025-12-31,2026-01-30
13983,3525,2026-02-03,2026-03-05
13984,3526,2026-02-14,2026-03-16
13985,3527,2026-01-18,2026-02-17
13986,3527,2026-02-28,2026-03-30
13987,3527,2026-04-03,2026-05-03
13988,3527,2026-05-25,2026-06-24
13989,3528,2026-04-30,2026-05-30
13990,3528,2026-06-07,2026-07-07
13991,3528,2026-07-20,2026-08-19
13992,3528,2026-08-31,2026-09-30
13993,3528,2026-10-20,2026-11-19
13994,3528,2026-11-20,2026-12-20
13995,3528,2026-12-31,2027-01-30
13996,3529,2025-09-22,2025-10-22
13997,3529,2025-11-07,2025-12-07
13998,3529,2025-12-15,2026-01-14
13999,3530,2025-12-10,2026-01-09
14000,3530,2026-01-17,2026-02-16
14001,3531,2025-08-17,2025-09-16
14002,3531,2025-10-02,2025-11-01
14003,3532,2025-11-12,2025-12-12
14004,3532,2025-12-14,2026-01-13
14005,3532,2026-01-20,2026-02-19
14006,3532,2026-03-13,2026-04-12
14007,3532,2026-04-18,2026-05-18
14008,3532,2026-05-25,2026-06-24
14009,3532,2026-07-15,2026-08-14
14010,3533,2025-10-20,2025-11-19
14011,3534,2025-11-17,2025-12-17
14012,3535,2025-08-03,2025-09-02
14013,3535,2025-09-22,2025-10-22
14014,3535,2025-11-12,2025-12-12
14015,3535,2025-12-31,2026-01-30
14016,3535,2026-02-07,2026-03-09
14017,3535,2026-03-21,2026-04-20
14018,3535,2026-04-30,2026-05-30
14019,3536,2025-11-04,2025-12-04
14020,3536,2025-12-09,2026-01-08
14021,3536,2026-01-12,2026-02-11
14022,3536,2026-02-14,2026-03-16
14023,3537,2026-03-25,2026-04-24
14024,3537,2026-05-13,2026-06-12
14025,3537,2026-06-26,2026-07-26
14026,3537,2026-08-03,2026-09-02
14027,3538,2026-05-05,2026-06-04
14028,3538,2026-06-07,2026-07-07
14029,3538,2026-07-10,2026-08-09
14030,3538,2026-08-19,2026-09-18
14031,3538,2026-10-08,2026-11-07
14032,3538,2026-11-14,2026-12-14
14033,3538,2026-12-22,2027-01-21
14034,3539,2025-07-22,2025-08-21
14035,3540,2025-08-21,2025-09-20
14036,3540,2025-09-28,2025-10-28
14037,3540,2025-10-30,2025-11-29
14038,3540,2025-12-13,2026-01-12
14039,3541,2025-10-28,2025-11-27
14040,3541,2025-12-06,2026-01-05
14041,3541,2026-01-27,2026-02-26
14042,3541,2026-02-27,2026-03-29
14043,3541,2026-03-30,2026-04-29
14044,3541,2026-05-07,2026-06-06
14045,3541,2026-06-24,2026-07-24
14046,3542,2026-02-11,2026-03-13
14047,3542,2026-03-21,2026-04-20
14048,3542,2026-05-04,2026-06-03
14049,3542,2026-06-13,2026-07-13
14050,3542,2026-07-31,2026-08-30
14051,3543,2025-12-30,2026-01-29
14052,3543,2026-02-20,2026-03-22
14053,3543,2026-03-24,2026-04-23
14054,3543,2026-04-25,2026-05-25
14055,3543,2026-05-30,2026-06-29
14056,3543,2026-07-02,2026-08-01
14057,3544,2026-01-25,2026-02-24
14058,3544,2026-02-27,2026-03-29
14059,3545,2025-07-13,2025-08-12
14060,3546,2025-11-02,2025-12-02
14061,3546,2025-12-07,2026-01-06
14062,3546,2026-01-23,2026-02-22
14063,3546,2026-03-03,2026-04-02
14064,3547,2026-02-24,2026-03-26
14065,3548,2026-05-17,2026-06-16
14066,3548,2026-07-04,2026-08-03
14067,3548,2026-08-18,2026-09-17
14068,3548,2026-10-08,2026-11-07
14069,3548,2026-11-28,2026-12-28
14070,3549,2026-02-08,2026-03-10
14071,3549,2026-03-20,2026-04-19
14072,3550,2025-11-19,2025-12-19
14073,3550,2026-01-04,2026-02-03
14074,3550,2026-02-04,2026-03-06
14075,3550,2026-03-13,2026-04-12
14076,3550,2026-05-04,2026-06-03
14077,3551,2025-08-04,2025-09-03
14078,3552,2025-11-26,2025-12-26
14079,3552,2026-01-17,2026-02-16
14080,3552,2026-03-04,2026-04-03
14081,3552,2026-04-12,2026-05-12
14082,3552,2026-05-19,2026-06-18
14083,3552,2026-06-25,2026-07-25
14084,3553,2026-01-08,2026-02-07
14085,3553,2026-02-11,2026-03-13
14086,3553,2026-03-15,2026-04-14
14087,3554,2025-09-18,2025-10-18
14088,3554,2025-10-20,2025-11-19
14089,3554,2025-11-20,2025-12-20
14090,3555,2026-05-07,2026-06-06
14091,3555,2026-06-07,2026-07-07
14092,3555,2026-07-10,2026-08-09
14093,3555,2026-08-10,2026-09-09
14094,3555,2026-09-30,2026-10-30
14095,3555,2026-11-09,2026-12-09
14096,3555,2026-12-13,2027-01-12
14097,3556,2026-04-11,2026-05-11
14098,3557,2025-06-11,2025-07-11
14099,3557,2025-07-26,2025-08-25
14100,3557,2025-09-13,2025-10-13
14101,3558,2025-11-28,2025-12-28
14102,3558,2026-01-13,2026-02-12
14103,3559,2025-09-02,2025-10-02
14104,3559,2025-10-24,2025-11-23
14105,3559,2025-12-01,2025-12-31
14106,3559,2026-01-20,2026-02-19
14107,3559,2026-03-03,2026-04-02
14108,3559,2026-04-16,2026-05-16
14109,3560,2025-12-17,2026-01-16
14110,3560,2026-02-01,2026-03-03
14111,3561,2025-08-05,2025-09-04
14112,3561,2025-09-21,2025-10-21
14113,3561,2025-11-10,2025-12-10
14114,3561,2025-12-28,2026-01-27
14115,3561,2026-02-15,2026-03-17
14116,3561,2026-04-04,2026-05-04
14117,3561,2026-05-20,2026-06-19
14118,3562,2026-01-01,2026-01-31
14119,3562,2026-02-16,2026-03-18
14120,3562,2026-04-01,2026-05-01
14121,3562,2026-05-17,2026-06-16
14122,3562,2026-07-01,2026-07-31
14123,3562,2026-08-12,2026-09-11
14124,3562,2026-09-14,2026-10-14
14125,3563,2025-09-01,2025-10-01
14126,3563,2025-10-16,2025-11-15
14127,3563,2025-12-07,2026-01-06
14128,3563,2026-01-09,2026-02-08
14129,3563,2026-02-13,2026-03-15
14130,3564,2025-10-17,2025-11-16
14131,3564,2025-11-19,2025-12-19
14132,3564,2026-01-06,2026-02-05
14133,3564,2026-02-24,2026-03-26
14134,3564,2026-04-03,2026-05-03
14135,3565,2025-07-25,2025-08-24
14136,3565,2025-08-26,2025-09-25
14137,3565,2025-10-04,2025-11-03
14138,3565,2025-11-20,2025-12-20
14139,3566,2025-10-22,2025-11-21
14140,3566,2025-11-30,2025-12-30
14141,3567,2025-11-04,2025-12-04
14142,3568,2025-12-05,2026-01-04
14143,3568,2026-01-21,2026-02-20
14144,3568,2026-03-06,2026-04-05
14145,3569,2025-11-10,2025-12-10
14146,3569,2025-12-31,2026-01-30
14147,3569,2026-02-14,2026-03-16
14148,3569,2026-03-24,2026-04-23
14149,3569,2026-05-02,2026-06-01
14150,3569,2026-06-05,2026-07-05
14151,3569,2026-07-23,2026-08-22
14152,3570,2025-11-24,2025-12-24
14153,3570,2026-01-09,2026-02-08
14154,3570,2026-02-27,2026-03-29
14155,3570,2026-04-20,2026-05-20
14156,3570,2026-06-02,2026-07-02
14157,3570,2026-07-12,2026-08-11
14158,3571,2026-04-14,2026-05-14
14159,3572,2025-10-12,2025-11-11
14160,3572,2025-11-23,2025-12-23
14161,3572,2026-01-08,2026-02-07
14162,3572,2026-02-18,2026-03-20
14163,3572,2026-04-06,2026-05-06
14164,3572,2026-05-17,2026-06-16
14165,3573,2025-09-04,2025-10-04
14166,3573,2025-10-08,2025-11-07
14167,3574,2025-06-07,2025-07-07
14168,3574,2025-07-15,2025-08-14
14169,3574,2025-09-05,2025-10-05
14170,3574,2025-10-18,2025-11-17
14171,3574,2025-11-22,2025-12-22
14172,3574,2025-12-24,2026-01-23
14173,3575,2025-11-01,2025-12-01
14174,3575,2025-12-21,2026-01-20
14175,3575,2026-01-27,2026-02-26
14176,3576,2025-10-07,2025-11-06
14177,3576,2025-11-21,2025-12-21
14178,3576,2025-12-24,2026-01-23
14179,3576,2026-02-14,2026-03-16
14180,3576,2026-04-04,2026-05-04
14181,3577,2026-01-14,2026-02-13
14182,3577,2026-02-27,2026-03-29
14183,3577,2026-04-06,2026-05-06
14184,3578,2026-01-27,2026-02-26
14185,3578,2026-03-13,2026-04-12
14186,3578,2026-04-13,2026-05-13
14187,3579,2026-04-06,2026-05-06
14188,3580,2026-01-10,2026-02-09
14189,3581,2026-03-12,2026-04-11
14190,3581,2026-05-03,2026-06-02
14191,3581,2026-06-11,2026-07-11
14192,3581,2026-07-17,2026-08-16
14193,3582,2025-06-13,2025-07-13
14194,3582,2025-07-25,2025-08-24
14195,3582,2025-09-15,2025-10-15
14196,3582,2025-11-05,2025-12-05
14197,3582,2025-12-17,2026-01-16
14198,3582,2026-01-27,2026-02-26
14199,3583,2026-03-22,2026-04-21
14200,3583,2026-04-30,2026-05-30
14201,3583,2026-06-09,2026-07-09
14202,3583,2026-07-11,2026-08-10
14203,3583,2026-08-25,2026-09-24
14204,3583,2026-10-11,2026-11-10
14205,3584,2025-05-21,2025-06-20
14206,3584,2025-07-05,2025-08-04
14207,3584,2025-08-19,2025-09-18
14208,3584,2025-10-05,2025-11-04
14209,3584,2025-11-21,2025-12-21
14210,3584,2026-01-08,2026-02-07
14211,3585,2025-06-03,2025-07-03
14212,3585,2025-07-07,2025-08-06
14213,3586,2026-04-30,2026-05-30
14214,3586,2026-06-14,2026-07-14
14215,3586,2026-07-19,2026-08-18
14216,3586,2026-09-09,2026-10-09
14217,3586,2026-10-31,2026-11-30
14218,3586,2026-12-01,2026-12-31
14219,3587,2025-10-13,2025-11-12
14220,3588,2026-03-19,2026-04-18
14221,3588,2026-04-22,2026-05-22
14222,3588,2026-05-28,2026-06-27
14223,3588,2026-07-07,2026-08-06
14224,3589,2026-04-12,2026-05-12
14225,3590,2025-11-11,2025-12-11
14226,3590,2025-12-29,2026-01-28
14227,3590,2026-01-29,2026-02-28
14228,3590,2026-03-09,2026-04-08
14229,3590,2026-04-12,2026-05-12
14230,3590,2026-05-13,2026-06-12
14231,3591,2026-04-21,2026-05-21
14232,3591,2026-06-04,2026-07-04
14233,3591,2026-07-20,2026-08-19
14234,3591,2026-08-22,2026-09-21
14235,3591,2026-10-08,2026-11-07
14236,3592,2025-06-25,2025-07-25
14237,3592,2025-07-30,2025-08-29
14238,3592,2025-09-12,2025-10-12
14239,3593,2026-05-11,2026-06-10
14240,3593,2026-06-20,2026-07-20
14241,3593,2026-08-05,2026-09-04
14242,3593,2026-09-06,2026-10-06
14243,3593,2026-10-15,2026-11-14
14244,3593,2026-12-03,2027-01-02
14245,3593,2027-01-20,2027-02-19
14246,3594,2025-11-03,2025-12-03
14247,3594,2025-12-07,2026-01-06
14248,3594,2026-01-07,2026-02-06
14249,3594,2026-02-10,2026-03-12
14250,3595,2026-05-04,2026-06-03
14251,3595,2026-06-04,2026-07-04
14252,3595,2026-07-12,2026-08-11
14253,3595,2026-08-19,2026-09-18
14254,3596,2025-06-26,2025-07-26
14255,3596,2025-07-28,2025-08-27
14256,3596,2025-09-06,2025-10-06
14257,3597,2025-06-08,2025-07-08
14258,3597,2025-07-09,2025-08-08
14259,3597,2025-08-23,2025-09-22
14260,3598,2025-11-09,2025-12-09
14261,3598,2025-12-22,2026-01-21
14262,3599,2025-10-16,2025-11-15
14263,3599,2025-12-04,2026-01-03
14264,3599,2026-01-23,2026-02-22
14265,3599,2026-03-10,2026-04-09
14266,3600,2025-11-18,2025-12-18
14267,3600,2026-01-09,2026-02-08
14268,3600,2026-02-10,2026-03-12
14269,3601,2025-08-24,2025-09-23
14270,3601,2025-10-02,2025-11-01
14271,3601,2025-11-09,2025-12-09
14272,3601,2025-12-26,2026-01-25
14273,3601,2026-01-29,2026-02-28
14274,3601,2026-03-15,2026-04-14
14275,3602,2025-12-09,2026-01-08
14276,3602,2026-01-25,2026-02-24
14277,3602,2026-03-15,2026-04-14
14278,3602,2026-05-03,2026-06-02
14279,3602,2026-06-07,2026-07-07
14280,3603,2025-12-03,2026-01-02
14281,3603,2026-01-08,2026-02-07
14282,3603,2026-02-17,2026-03-19
14283,3603,2026-04-03,2026-05-03
14284,3604,2026-03-10,2026-04-09
14285,3604,2026-04-13,2026-05-13
14286,3604,2026-05-17,2026-06-16
14287,3605,2025-11-15,2025-12-15
14288,3605,2025-12-18,2026-01-17
14289,3606,2026-05-09,2026-06-08
14290,3606,2026-06-16,2026-07-16
14291,3606,2026-07-21,2026-08-20
14292,3606,2026-08-28,2026-09-27
14293,3607,2026-01-10,2026-02-09
14294,3607,2026-02-21,2026-03-23
14295,3607,2026-04-05,2026-05-05
14296,3607,2026-05-17,2026-06-16
14297,3607,2026-06-20,2026-07-20
14298,3607,2026-08-06,2026-09-05
14299,3607,2026-09-09,2026-10-09
14300,3608,2026-02-03,2026-03-05
14301,3608,2026-03-25,2026-04-24
14302,3608,2026-04-27,2026-05-27
14303,3608,2026-06-12,2026-07-12
14304,3609,2026-04-04,2026-05-04
14305,3610,2026-03-11,2026-04-10
14306,3610,2026-04-19,2026-05-19
14307,3611,2025-06-03,2025-07-03
14308,3611,2025-07-15,2025-08-14
14309,3611,2025-08-27,2025-09-26
14310,3611,2025-10-18,2025-11-17
14311,3611,2025-12-03,2026-01-02
14312,3611,2026-01-12,2026-02-11
14313,3612,2026-01-15,2026-02-14
14314,3612,2026-02-21,2026-03-23
14315,3612,2026-04-05,2026-05-05
14316,3612,2026-05-10,2026-06-09
14317,3612,2026-06-20,2026-07-20
14318,3612,2026-07-23,2026-08-22
14319,3612,2026-09-12,2026-10-12
14320,3613,2025-06-29,2025-07-29
14321,3613,2025-08-02,2025-09-01
14322,3614,2025-12-16,2026-01-15
14323,3614,2026-01-24,2026-02-23
14324,3614,2026-02-27,2026-03-29
14325,3614,2026-04-19,2026-05-19
14326,3614,2026-05-22,2026-06-21
14327,3614,2026-06-25,2026-07-25
14328,3614,2026-08-13,2026-09-12
14329,3615,2025-11-09,2025-12-09
14330,3615,2025-12-10,2026-01-09
14331,3615,2026-01-22,2026-02-21
14332,3615,2026-02-22,2026-03-24
14333,3615,2026-04-09,2026-05-09
14334,3615,2026-05-13,2026-06-12
14335,3616,2026-03-02,2026-04-01
14336,3616,2026-04-22,2026-05-22
14337,3616,2026-06-10,2026-07-10
14338,3616,2026-07-17,2026-08-16
14339,3616,2026-08-18,2026-09-17
14340,3616,2026-09-19,2026-10-19
14341,3617,2025-07-22,2025-08-21
14342,3617,2025-08-27,2025-09-26
14343,3617,2025-09-29,2025-10-29
14344,3617,2025-11-20,2025-12-20
14345,3617,2025-12-30,2026-01-29
14346,3617,2026-02-07,2026-03-09
14347,3617,2026-03-15,2026-04-14
14348,3618,2025-06-19,2025-07-19
14349,3618,2025-08-03,2025-09-02
14350,3618,2025-09-23,2025-10-23
14351,3618,2025-10-31,2025-11-30
14352,3618,2025-12-12,2026-01-11
14353,3618,2026-01-18,2026-02-17
14354,3618,2026-03-07,2026-04-06
14355,3619,2026-03-28,2026-04-27
14356,3619,2026-05-08,2026-06-07
14357,3619,2026-06-21,2026-07-21
14358,3619,2026-07-25,2026-08-24
14359,3619,2026-08-28,2026-09-27
14360,3619,2026-10-11,2026-11-10
14361,3620,2025-11-29,2025-12-29
14362,3620,2026-01-20,2026-02-19
14363,3620,2026-03-11,2026-04-10
14364,3620,2026-04-29,2026-05-29
14365,3620,2026-06-18,2026-07-18
14366,3620,2026-07-28,2026-08-27
14367,3621,2026-04-21,2026-05-21
14368,3621,2026-06-04,2026-07-04
14369,3621,2026-07-07,2026-08-06
14370,3621,2026-08-24,2026-09-23
14371,3621,2026-10-02,2026-11-01
14372,3621,2026-11-12,2026-12-12
14373,3622,2026-02-03,2026-03-05
14374,3622,2026-03-16,2026-04-15
14375,3623,2026-05-07,2026-06-06
14376,3623,2026-06-23,2026-07-23
14377,3624,2025-09-08,2025-10-08
14378,3624,2025-10-20,2025-11-19
14379,3624,2025-11-21,2025-12-21
14380,3624,2026-01-08,2026-02-07
14381,3624,2026-02-11,2026-03-13
14382,3624,2026-03-22,2026-04-21
14383,3625,2025-12-09,2026-01-08
14384,3625,2026-01-10,2026-02-09
14385,3625,2026-02-15,2026-03-17
14386,3625,2026-03-24,2026-04-23
14387,3625,2026-04-28,2026-05-28
14388,3626,2026-03-18,2026-04-17
14389,3626,2026-04-29,2026-05-29
14390,3626,2026-06-17,2026-07-17
14391,3627,2026-05-02,2026-06-01
14392,3627,2026-06-18,2026-07-18
14393,3627,2026-07-20,2026-08-19
14394,3627,2026-08-26,2026-09-25
14395,3627,2026-10-17,2026-11-16
14396,3627,2026-12-07,2027-01-06
14397,3627,2027-01-17,2027-02-16
14398,3628,2025-09-20,2025-10-20
14399,3628,2025-11-06,2025-12-06
14400,3629,2025-12-04,2026-01-03
14401,3629,2026-01-19,2026-02-18
14402,3629,2026-03-01,2026-03-31
14403,3630,2025-07-08,2025-08-07
14404,3630,2025-08-29,2025-09-28
14405,3630,2025-10-15,2025-11-14
14406,3630,2025-11-17,2025-12-17
14407,3630,2026-01-05,2026-02-04
14408,3630,2026-02-26,2026-03-28
14409,3630,2026-04-18,2026-05-18
14410,3631,2026-05-07,2026-06-06
14411,3631,2026-06-18,2026-07-18
14412,3631,2026-07-27,2026-08-26
14413,3631,2026-09-05,2026-10-05
14414,3631,2026-10-10,2026-11-09
14415,3631,2026-11-21,2026-12-21
14416,3631,2026-12-27,2027-01-26
14417,3632,2026-02-26,2026-03-28
14418,3632,2026-04-13,2026-05-13
14419,3632,2026-05-29,2026-06-28
14420,3632,2026-07-14,2026-08-13
14421,3632,2026-08-22,2026-09-21
14422,3632,2026-10-01,2026-10-31
14423,3633,2025-12-04,2026-01-03
14424,3633,2026-01-12,2026-02-11
14425,3633,2026-03-02,2026-04-01
14426,3633,2026-04-09,2026-05-09
14427,3633,2026-05-11,2026-06-10
14428,3634,2025-06-28,2025-07-28
14429,3634,2025-07-30,2025-08-29
14430,3634,2025-08-31,2025-09-30
14431,3634,2025-10-14,2025-11-13
14432,3635,2026-02-28,2026-03-30
14433,3635,2026-04-17,2026-05-17
14434,3635,2026-06-03,2026-07-03
14435,3635,2026-07-08,2026-08-07
14436,3636,2026-04-02,2026-05-02
14437,3636,2026-05-16,2026-06-15
14438,3636,2026-06-20,2026-07-20
14439,3637,2025-07-25,2025-08-24
14440,3637,2025-09-05,2025-10-05
14441,3637,2025-10-12,2025-11-11
14442,3637,2025-11-27,2025-12-27
14443,3638,2026-04-24,2026-05-24
14444,3638,2026-06-11,2026-07-11
14445,3638,2026-07-23,2026-08-22
14446,3638,2026-09-12,2026-10-12
14447,3638,2026-10-22,2026-11-21
14448,3639,2025-06-20,2025-07-20
14449,3639,2025-07-21,2025-08-20
14450,3639,2025-09-08,2025-10-08
14451,3639,2025-10-12,2025-11-11
14452,3639,2025-11-16,2025-12-16
14453,3639,2025-12-20,2026-01-19
14454,3639,2026-01-20,2026-02-19
14455,3640,2025-12-08,2026-01-07
14456,3641,2026-05-14,2026-06-13
14457,3641,2026-06-22,2026-07-22
14458,3641,2026-08-03,2026-09-02
14459,3641,2026-09-09,2026-10-09
14460,3641,2026-10-29,2026-11-28
14461,3641,2026-12-12,2027-01-11
14462,3641,2027-01-13,2027-02-12
14463,3642,2026-03-26,2026-04-25
14464,3642,2026-04-27,2026-05-27
14465,3642,2026-06-15,2026-07-15
14466,3642,2026-08-04,2026-09-03
14467,3642,2026-09-11,2026-10-11
14468,3642,2026-10-16,2026-11-15
14469,3642,2026-12-06,2027-01-05
14470,3643,2026-02-19,2026-03-21
14471,3643,2026-04-05,2026-05-05
14472,3643,2026-05-24,2026-06-23
14473,3643,2026-06-28,2026-07-28
14474,3644,2025-08-15,2025-09-14
14475,3644,2025-10-06,2025-11-05
14476,3645,2025-05-18,2025-06-17
14477,3645,2025-06-27,2025-07-27
14478,3645,2025-08-03,2025-09-02
14479,3645,2025-09-06,2025-10-06
14480,3645,2025-10-28,2025-11-27
14481,3645,2025-12-10,2026-01-09
14482,3646,2025-06-04,2025-07-04
14483,3646,2025-07-16,2025-08-15
14484,3647,2025-10-01,2025-10-31
14485,3647,2025-11-22,2025-12-22
14486,3647,2026-01-10,2026-02-09
14487,3647,2026-02-19,2026-03-21
14488,3647,2026-03-29,2026-04-28
14489,3647,2026-05-20,2026-06-19
14490,3648,2025-11-02,2025-12-02
14491,3648,2025-12-19,2026-01-18
14492,3648,2026-01-27,2026-02-26
14493,3648,2026-03-07,2026-04-06
14494,3648,2026-04-11,2026-05-11
14495,3649,2025-05-29,2025-06-28
14496,3649,2025-07-10,2025-08-09
14497,3649,2025-08-14,2025-09-13
14498,3649,2025-10-05,2025-11-04
14499,3649,2025-11-12,2025-12-12
14500,3650,2026-02-20,2026-03-22
14501,3651,2026-03-04,2026-04-03
14502,3651,2026-04-17,2026-05-17
14503,3651,2026-05-26,2026-06-25
14504,3652,2026-05-11,2026-06-10
14505,3652,2026-06-30,2026-07-30
14506,3652,2026-08-11,2026-09-10
14507,3652,2026-09-30,2026-10-30
14508,3652,2026-11-11,2026-12-11
14509,3652,2026-12-26,2027-01-25
14510,3652,2027-02-11,2027-03-13
14511,3653,2026-02-28,2026-03-30
14512,3653,2026-04-06,2026-05-06
14513,3654,2026-04-17,2026-05-17
14514,3654,2026-06-08,2026-07-08
14515,3654,2026-07-30,2026-08-29
14516,3654,2026-09-03,2026-10-03
14517,3655,2026-02-17,2026-03-19
14518,3655,2026-04-05,2026-05-05
14519,3655,2026-05-13,2026-06-12
14520,3655,2026-06-17,2026-07-17
14521,3655,2026-07-22,2026-08-21
14522,3655,2026-09-12,2026-10-12
14523,3656,2025-09-30,2025-10-30
14524,3657,2026-04-19,2026-05-19
14525,3657,2026-06-01,2026-07-01
14526,3657,2026-07-23,2026-08-22
14527,3657,2026-08-27,2026-09-26
14528,3657,2026-10-12,2026-11-11
14529,3658,2025-10-29,2025-11-28
14530,3659,2025-07-28,2025-08-27
14531,3659,2025-08-28,2025-09-27
14532,3659,2025-10-19,2025-11-18
14533,3659,2025-11-27,2025-12-27
14534,3659,2025-12-29,2026-01-28
14535,3659,2026-02-06,2026-03-08
14536,3659,2026-03-21,2026-04-20
14537,3660,2025-11-15,2025-12-15
14538,3660,2025-12-19,2026-01-18
14539,3660,2026-01-21,2026-02-20
14540,3660,2026-02-26,2026-03-28
14541,3660,2026-04-15,2026-05-15
14542,3660,2026-05-28,2026-06-27
14543,3661,2026-04-11,2026-05-11
14544,3661,2026-05-15,2026-06-14
14545,3661,2026-06-15,2026-07-15
14546,3661,2026-07-27,2026-08-26
14547,3661,2026-08-27,2026-09-26
14548,3662,2025-11-19,2025-12-19
14549,3662,2026-01-06,2026-02-05
14550,3662,2026-02-25,2026-03-27
14551,3662,2026-04-02,2026-05-02
14552,3662,2026-05-04,2026-06-03
14553,3662,2026-06-19,2026-07-19
14554,3663,2025-08-26,2025-09-25
14555,3663,2025-10-14,2025-11-13
14556,3663,2025-11-25,2025-12-25
14557,3664,2025-12-26,2026-01-25
14558,3664,2026-01-30,2026-03-01
14559,3664,2026-03-16,2026-04-15
14560,3664,2026-04-29,2026-05-29
14561,3664,2026-06-14,2026-07-14
14562,3664,2026-07-30,2026-08-29
14563,3664,2026-09-07,2026-10-07
14564,3665,2025-12-03,2026-01-02
14565,3665,2026-01-09,2026-02-08
14566,3666,2025-09-10,2025-10-10
14567,3666,2025-10-17,2025-11-16
14568,3666,2025-11-24,2025-12-24
14569,3666,2026-01-14,2026-02-13
14570,3666,2026-02-28,2026-03-30
14571,3666,2026-04-06,2026-05-06
14572,3667,2025-11-19,2025-12-19
14573,3667,2026-01-05,2026-02-04
14574,3667,2026-02-11,2026-03-13
14575,3667,2026-04-02,2026-05-02
14576,3667,2026-05-16,2026-06-15
14577,3667,2026-07-04,2026-08-03
14578,3668,2026-03-13,2026-04-12
14579,3669,2026-03-02,2026-04-01
14580,3670,2025-12-08,2026-01-07
14581,3670,2026-01-23,2026-02-22
14582,3670,2026-03-09,2026-04-08
14583,3670,2026-04-14,2026-05-14
14584,3671,2025-06-04,2025-07-04
14585,3671,2025-07-25,2025-08-24
14586,3671,2025-09-14,2025-10-14
14587,3672,2026-02-02,2026-03-04
14588,3672,2026-03-17,2026-04-16
14589,3672,2026-05-05,2026-06-04
14590,3672,2026-06-26,2026-07-26
14591,3672,2026-08-08,2026-09-07
14592,3672,2026-09-18,2026-10-18
14593,3673,2026-01-02,2026-02-01
14594,3673,2026-02-04,2026-03-06
14595,3673,2026-03-18,2026-04-17
14596,3673,2026-04-29,2026-05-29
14597,3673,2026-06-14,2026-07-14
14598,3673,2026-07-22,2026-08-21
14599,3673,2026-08-25,2026-09-24
14600,3674,2025-06-05,2025-07-05
14601,3674,2025-07-06,2025-08-05
14602,3674,2025-08-23,2025-09-22
14603,3675,2025-06-21,2025-07-21
14604,3675,2025-07-24,2025-08-23
14605,3675,2025-09-10,2025-10-10
14606,3675,2025-10-25,2025-11-24
14607,3675,2025-12-02,2026-01-01
14608,3676,2026-03-25,2026-04-24
14609,3676,2026-05-06,2026-06-05
14610,3676,2026-06-07,2026-07-07
14611,3676,2026-07-23,2026-08-22
14612,3676,2026-09-11,2026-10-11
14613,3676,2026-10-18,2026-11-17
14614,3677,2026-02-17,2026-03-19
14615,3677,2026-03-27,2026-04-26
14616,3677,2026-04-30,2026-05-30
14617,3677,2026-06-04,2026-07-04
14618,3678,2026-04-08,2026-05-08
14619,3678,2026-05-17,2026-06-16
14620,3678,2026-06-19,2026-07-19
14621,3678,2026-07-29,2026-08-28
14622,3679,2025-05-12,2025-06-11
14623,3679,2025-06-17,2025-07-17
14624,3679,2025-08-08,2025-09-07
14625,3680,2025-07-11,2025-08-10
14626,3680,2025-08-30,2025-09-29
14627,3680,2025-10-20,2025-11-19
14628,3680,2025-11-20,2025-12-20
14629,3680,2026-01-06,2026-02-05
14630,3680,2026-02-10,2026-03-12
14631,3681,2025-09-16,2025-10-16
14632,3681,2025-10-17,2025-11-16
14633,3681,2025-12-06,2026-01-05
14634,3681,2026-01-07,2026-02-06
14635,3681,2026-02-22,2026-03-24
14636,3682,2026-02-20,2026-03-22
14637,3682,2026-04-09,2026-05-09
14638,3683,2025-10-30,2025-11-29
14639,3683,2025-12-02,2026-01-01
14640,3683,2026-01-07,2026-02-06
14641,3683,2026-02-10,2026-03-12
14642,3683,2026-03-29,2026-04-28
14643,3683,2026-05-17,2026-06-16
14644,3684,2026-04-07,2026-05-07
14645,3684,2026-05-15,2026-06-14
14646,3684,2026-07-04,2026-08-03
14647,3685,2025-05-24,2025-06-23
14648,3685,2025-07-12,2025-08-11
14649,3685,2025-08-25,2025-09-24
14650,3685,2025-09-26,2025-10-26
14651,3685,2025-10-31,2025-11-30
14652,3685,2025-12-08,2026-01-07
14653,3686,2025-12-18,2026-01-17
14654,3687,2026-05-02,2026-06-01
14655,3687,2026-06-18,2026-07-18
14656,3687,2026-08-02,2026-09-01
14657,3687,2026-09-13,2026-10-13
14658,3687,2026-10-17,2026-11-16
14659,3687,2026-12-01,2026-12-31
14660,3687,2027-01-12,2027-02-11
14661,3688,2026-02-10,2026-03-12
14662,3688,2026-03-13,2026-04-12
14663,3688,2026-04-19,2026-05-19
14664,3688,2026-05-25,2026-06-24
14665,3688,2026-07-01,2026-07-31
14666,3688,2026-08-01,2026-08-31
14667,3688,2026-09-18,2026-10-18
14668,3689,2026-01-08,2026-02-07
14669,3689,2026-02-21,2026-03-23
14670,3689,2026-03-24,2026-04-23
14671,3689,2026-05-13,2026-06-12
14672,3689,2026-06-22,2026-07-22
14673,3690,2025-08-30,2025-09-29
14674,3690,2025-09-30,2025-10-30
14675,3690,2025-11-05,2025-12-05
14676,3690,2025-12-14,2026-01-13
14677,3691,2025-12-10,2026-01-09
14678,3691,2026-01-11,2026-02-10
14679,3692,2025-08-10,2025-09-09
14680,3692,2025-09-23,2025-10-23
14681,3692,2025-11-08,2025-12-08
14682,3692,2025-12-29,2026-01-28
14683,3692,2026-02-09,2026-03-11
14684,3693,2025-12-04,2026-01-03
14685,3693,2026-01-14,2026-02-13
14686,3693,2026-02-24,2026-03-26
14687,3693,2026-04-17,2026-05-17
14688,3693,2026-06-04,2026-07-04
14689,3693,2026-07-15,2026-08-14
14690,3694,2025-12-05,2026-01-04
14691,3694,2026-01-23,2026-02-22
14692,3694,2026-02-26,2026-03-28
14693,3694,2026-04-07,2026-05-07
14694,3694,2026-05-18,2026-06-17
14695,3695,2026-04-25,2026-05-25
14696,3695,2026-06-09,2026-07-09
14697,3695,2026-07-15,2026-08-14
14698,3696,2025-05-25,2025-06-24
14699,3696,2025-07-14,2025-08-13
14700,3696,2025-08-23,2025-09-22
14701,3696,2025-10-14,2025-11-13
14702,3697,2025-12-15,2026-01-14
14703,3697,2026-01-20,2026-02-19
14704,3698,2026-05-10,2026-06-09
14705,3698,2026-06-13,2026-07-13
14706,3698,2026-07-31,2026-08-30
14707,3698,2026-09-03,2026-10-03
14708,3699,2025-07-18,2025-08-17
14709,3699,2025-08-19,2025-09-18
14710,3699,2025-09-28,2025-10-28
14711,3699,2025-11-05,2025-12-05
14712,3699,2025-12-26,2026-01-25
14713,3699,2026-02-12,2026-03-14
14714,3699,2026-03-23,2026-04-22
14715,3700,2026-04-24,2026-05-24
14716,3700,2026-06-15,2026-07-15
14717,3700,2026-07-24,2026-08-23
14718,3701,2025-06-21,2025-07-21
14719,3701,2025-08-06,2025-09-05
14720,3702,2025-11-12,2025-12-12
14721,3702,2025-12-22,2026-01-21
14722,3702,2026-02-10,2026-03-12
14723,3703,2025-05-21,2025-06-20
14724,3703,2025-06-30,2025-07-30
14725,3703,2025-08-03,2025-09-02
14726,3703,2025-09-16,2025-10-16
14727,3703,2025-10-29,2025-11-28
14728,3703,2025-12-13,2026-01-12
14729,3703,2026-01-21,2026-02-20
14730,3704,2026-04-18,2026-05-18
14731,3704,2026-06-09,2026-07-09
14732,3704,2026-07-27,2026-08-26
14733,3704,2026-09-17,2026-10-17
14734,3705,2025-06-17,2025-07-17
14735,3705,2025-07-29,2025-08-28
14736,3705,2025-09-15,2025-10-15
14737,3705,2025-10-26,2025-11-25
14738,3705,2025-12-10,2026-01-09
14739,3706,2026-03-26,2026-04-25
14740,3706,2026-04-28,2026-05-28
14741,3706,2026-05-30,2026-06-29
14742,3706,2026-07-12,2026-08-11
14743,3706,2026-09-01,2026-10-01
14744,3707,2025-10-21,2025-11-20
14745,3707,2025-12-04,2026-01-03
14746,3707,2026-01-13,2026-02-12
14747,3707,2026-02-15,2026-03-17
14748,3708,2025-08-30,2025-09-29
14749,3708,2025-10-07,2025-11-06
14750,3708,2025-11-27,2025-12-27
14751,3708,2026-01-15,2026-02-14
14752,3709,2025-08-21,2025-09-20
14753,3709,2025-10-01,2025-10-31
14754,3709,2025-11-07,2025-12-07
14755,3709,2025-12-22,2026-01-21
14756,3709,2026-02-06,2026-03-08
14757,3710,2025-10-14,2025-11-13
14758,3711,2025-06-25,2025-07-25
14759,3711,2025-07-29,2025-08-28
14760,3711,2025-09-11,2025-10-11
14761,3711,2025-10-20,2025-11-19
14762,3711,2025-12-01,2025-12-31
14763,3712,2025-09-19,2025-10-19
14764,3712,2025-11-05,2025-12-05
14765,3712,2025-12-10,2026-01-09
14766,3712,2026-01-18,2026-02-17
14767,3712,2026-02-25,2026-03-27
14768,3712,2026-04-11,2026-05-11
14769,3713,2026-01-28,2026-02-27
14770,3714,2025-12-11,2026-01-10
14771,3715,2026-02-26,2026-03-28
14772,3715,2026-04-04,2026-05-04
14773,3715,2026-05-17,2026-06-16
14774,3715,2026-06-28,2026-07-28
14775,3716,2025-06-15,2025-07-15
14776,3716,2025-07-30,2025-08-29
14777,3716,2025-09-10,2025-10-10
14778,3716,2025-10-23,2025-11-22
14779,3716,2025-12-11,2026-01-10
14780,3716,2026-01-16,2026-02-15
14781,3716,2026-03-01,2026-03-31
14782,3717,2025-05-28,2025-06-27
14783,3717,2025-07-05,2025-08-04
14784,3718,2025-09-10,2025-10-10
14785,3718,2025-10-26,2025-11-25
14786,3718,2025-12-02,2026-01-01
14787,3718,2026-01-12,2026-02-11
14788,3718,2026-02-27,2026-03-29
14789,3718,2026-04-02,2026-05-02
14790,3719,2025-07-03,2025-08-02
14791,3719,2025-08-18,2025-09-17
14792,3719,2025-09-23,2025-10-23
14793,3720,2025-07-31,2025-08-30
14794,3720,2025-08-31,2025-09-30
14795,3721,2025-08-12,2025-09-11
14796,3721,2025-09-26,2025-10-26
14797,3721,2025-11-17,2025-12-17
14798,3721,2026-01-03,2026-02-02
14799,3721,2026-02-21,2026-03-23
14800,3722,2026-05-17,2026-06-16
14801,3722,2026-06-20,2026-07-20
14802,3722,2026-08-01,2026-08-31
14803,3722,2026-09-08,2026-10-08
14804,3722,2026-10-13,2026-11-12
14805,3722,2026-11-22,2026-12-22
14806,3722,2026-12-28,2027-01-27
14807,3723,2025-06-10,2025-07-10
14808,3723,2025-07-23,2025-08-22
14809,3723,2025-08-23,2025-09-22
14810,3723,2025-09-23,2025-10-23
14811,3723,2025-11-11,2025-12-11
14812,3723,2025-12-29,2026-01-28
14813,3723,2026-01-29,2026-02-28
14814,3724,2025-10-31,2025-11-30
14815,3724,2025-12-07,2026-01-06
14816,3724,2026-01-20,2026-02-19
14817,3724,2026-03-12,2026-04-11
14818,3725,2025-06-07,2025-07-07
14819,3726,2025-10-15,2025-11-14
14820,3726,2025-11-17,2025-12-17
14821,3727,2025-08-25,2025-09-24
14822,3727,2025-10-05,2025-11-04
14823,3727,2025-11-25,2025-12-25
14824,3727,2026-01-01,2026-01-31
14825,3727,2026-02-05,2026-03-07
14826,3727,2026-03-26,2026-04-25
14827,3727,2026-05-12,2026-06-11
14828,3728,2026-01-29,2026-02-28
14829,3728,2026-03-09,2026-04-08
14830,3728,2026-04-28,2026-05-28
14831,3728,2026-06-19,2026-07-19
14832,3729,2026-04-18,2026-05-18
14833,3729,2026-06-02,2026-07-02
14834,3729,2026-07-03,2026-08-02
14835,3729,2026-08-18,2026-09-17
14836,3729,2026-09-19,2026-10-19
14837,3729,2026-11-02,2026-12-02
14838,3729,2026-12-04,2027-01-03
14839,3730,2026-02-10,2026-03-12
14840,3730,2026-03-25,2026-04-24
14841,3730,2026-04-28,2026-05-28
14842,3730,2026-06-06,2026-07-06
14843,3731,2026-02-20,2026-03-22
14844,3731,2026-03-24,2026-04-23
14845,3732,2026-03-29,2026-04-28
14846,3732,2026-05-17,2026-06-16
14847,3732,2026-06-19,2026-07-19
14848,3732,2026-08-10,2026-09-09
14849,3732,2026-09-25,2026-10-25
14850,3732,2026-11-04,2026-12-04
14851,3732,2026-12-14,2027-01-13
14852,3733,2026-04-05,2026-05-05
14853,3733,2026-05-20,2026-06-19
14854,3733,2026-06-22,2026-07-22
14855,3733,2026-08-13,2026-09-12
14856,3734,2025-12-19,2026-01-18
14857,3734,2026-01-26,2026-02-25
14858,3734,2026-03-14,2026-04-13
14859,3734,2026-04-28,2026-05-28
14860,3734,2026-06-11,2026-07-11
14861,3734,2026-07-17,2026-08-16
14862,3734,2026-08-19,2026-09-18
14863,3735,2025-08-28,2025-09-27
14864,3735,2025-10-07,2025-11-06
14865,3735,2025-11-07,2025-12-07
14866,3735,2025-12-18,2026-01-17
14867,3736,2026-03-06,2026-04-05
14868,3736,2026-04-19,2026-05-19
14869,3736,2026-06-02,2026-07-02
14870,3737,2025-05-21,2025-06-20
14871,3737,2025-06-30,2025-07-30
14872,3737,2025-08-17,2025-09-16
14873,3737,2025-10-02,2025-11-01
14874,3737,2025-11-11,2025-12-11
14875,3738,2026-01-14,2026-02-13
14876,3738,2026-03-01,2026-03-31
14877,3738,2026-04-17,2026-05-17
14878,3739,2025-09-11,2025-10-11
14879,3739,2025-10-20,2025-11-19
14880,3740,2026-05-09,2026-06-08
14881,3740,2026-06-25,2026-07-25
14882,3740,2026-08-11,2026-09-10
14883,3740,2026-09-26,2026-10-26
14884,3740,2026-11-01,2026-12-01
14885,3740,2026-12-15,2027-01-14
14886,3741,2025-08-15,2025-09-14
14887,3741,2025-10-06,2025-11-05
14888,3741,2025-11-24,2025-12-24
14889,3741,2025-12-30,2026-01-29
14890,3741,2026-02-01,2026-03-03
14891,3741,2026-03-24,2026-04-23
14892,3742,2026-04-18,2026-05-18
14893,3742,2026-05-26,2026-06-25
14894,3743,2026-04-02,2026-05-02
14895,3743,2026-05-19,2026-06-18
14896,3743,2026-06-24,2026-07-24
14897,3743,2026-07-28,2026-08-27
14898,3743,2026-09-07,2026-10-07
14899,3743,2026-10-26,2026-11-25
14900,3743,2026-11-26,2026-12-26
14901,3744,2026-04-29,2026-05-29
14902,3744,2026-06-05,2026-07-05
14903,3744,2026-07-10,2026-08-09
14904,3744,2026-08-31,2026-09-30
14905,3745,2025-11-04,2025-12-04
14906,3745,2025-12-21,2026-01-20
14907,3745,2026-01-29,2026-02-28
14908,3746,2025-11-19,2025-12-19
14909,3746,2026-01-04,2026-02-03
14910,3746,2026-02-06,2026-03-08
14911,3746,2026-03-20,2026-04-19
14912,3747,2026-03-18,2026-04-17
14913,3747,2026-05-02,2026-06-01
14914,3747,2026-06-22,2026-07-22
14915,3748,2025-08-07,2025-09-06
14916,3748,2025-09-16,2025-10-16
14917,3748,2025-10-27,2025-11-26
14918,3748,2025-12-10,2026-01-09
14919,3749,2025-12-19,2026-01-18
14920,3749,2026-02-06,2026-03-08
14921,3749,2026-03-11,2026-04-10
14922,3749,2026-04-14,2026-05-14
14923,3749,2026-05-27,2026-06-26
14924,3750,2026-02-15,2026-03-17
14925,3750,2026-03-29,2026-04-28
14926,3750,2026-05-13,2026-06-12
14927,3750,2026-07-03,2026-08-02
14928,3750,2026-08-15,2026-09-14
14929,3750,2026-09-30,2026-10-30
14930,3750,2026-11-21,2026-12-21
14931,3751,2025-08-03,2025-09-02
14932,3751,2025-09-14,2025-10-14
14933,3751,2025-10-30,2025-11-29
14934,3751,2025-12-13,2026-01-12
14935,3751,2026-01-25,2026-02-24
14936,3751,2026-03-09,2026-04-08
14937,3751,2026-04-17,2026-05-17
14938,3752,2025-08-15,2025-09-14
14939,3752,2025-10-02,2025-11-01
14940,3752,2025-11-13,2025-12-13
14941,3752,2025-12-18,2026-01-17
14942,3753,2025-12-10,2026-01-09
14943,3753,2026-01-30,2026-03-01
14944,3753,2026-03-06,2026-04-05
14945,3753,2026-04-24,2026-05-24
14946,3753,2026-06-07,2026-07-07
14947,3754,2026-04-11,2026-05-11
14948,3754,2026-05-17,2026-06-16
14949,3754,2026-06-19,2026-07-19
14950,3755,2026-01-05,2026-02-04
14951,3755,2026-02-14,2026-03-16
14952,3755,2026-04-04,2026-05-04
14953,3756,2026-05-11,2026-06-10
14954,3756,2026-06-26,2026-07-26
14955,3756,2026-08-12,2026-09-11
14956,3756,2026-09-16,2026-10-16
14957,3756,2026-11-04,2026-12-04
14958,3757,2025-12-13,2026-01-12
14959,3757,2026-01-17,2026-02-16
14960,3757,2026-03-03,2026-04-02
14961,3757,2026-04-14,2026-05-14
14962,3757,2026-05-24,2026-06-23
14963,3758,2026-03-09,2026-04-08
14964,3758,2026-04-09,2026-05-09
14965,3759,2025-10-03,2025-11-02
14966,3760,2026-01-15,2026-02-14
14967,3760,2026-02-28,2026-03-30
14968,3760,2026-04-19,2026-05-19
14969,3760,2026-05-25,2026-06-24
14970,3760,2026-07-14,2026-08-13
14971,3760,2026-08-31,2026-09-30
14972,3761,2025-09-28,2025-10-28
14973,3761,2025-11-18,2025-12-18
14974,3761,2026-01-04,2026-02-03
14975,3761,2026-02-17,2026-03-19
14976,3761,2026-04-10,2026-05-10
14977,3761,2026-05-19,2026-06-18
14978,3761,2026-06-20,2026-07-20
14979,3762,2025-08-21,2025-09-20
14980,3762,2025-09-25,2025-10-25
14981,3762,2025-11-04,2025-12-04
14982,3762,2025-12-18,2026-01-17
14983,3763,2025-09-03,2025-10-03
14984,3763,2025-10-05,2025-11-04
14985,3764,2025-06-18,2025-07-18
14986,3764,2025-07-27,2025-08-26
14987,3765,2025-12-30,2026-01-29
14988,3766,2026-04-04,2026-05-04
14989,3766,2026-05-23,2026-06-22
14990,3766,2026-06-30,2026-07-30
14991,3766,2026-08-07,2026-09-06
14992,3766,2026-09-07,2026-10-07
14993,3767,2025-07-16,2025-08-15
14994,3768,2026-01-02,2026-02-01
14995,3768,2026-02-14,2026-03-16
14996,3768,2026-03-28,2026-04-27
14997,3769,2026-03-17,2026-04-16
14998,3769,2026-04-27,2026-05-27
14999,3769,2026-06-07,2026-07-07
15000,3769,2026-07-24,2026-08-23
15001,3769,2026-09-08,2026-10-08
15002,3770,2026-03-07,2026-04-06
15003,3770,2026-04-16,2026-05-16
15004,3770,2026-05-28,2026-06-27
15005,3771,2026-03-25,2026-04-24
15006,3771,2026-04-28,2026-05-28
15007,3771,2026-06-08,2026-07-08
15008,3771,2026-07-11,2026-08-10
15009,3771,2026-08-19,2026-09-18
15010,3772,2026-04-26,2026-05-26
15011,3772,2026-06-10,2026-07-10
15012,3772,2026-07-19,2026-08-18
15013,3772,2026-08-30,2026-09-29
15014,3773,2026-05-15,2026-06-14
15015,3773,2026-06-21,2026-07-21
15016,3773,2026-08-01,2026-08-31
15017,3773,2026-09-03,2026-10-03
15018,3773,2026-10-18,2026-11-17
15019,3773,2026-12-06,2027-01-05
15020,3774,2025-06-14,2025-07-14
15021,3774,2025-07-29,2025-08-28
15022,3775,2025-06-30,2025-07-30
15023,3775,2025-08-10,2025-09-09
15024,3775,2025-09-21,2025-10-21
15025,3775,2025-11-03,2025-12-03
15026,3775,2025-12-17,2026-01-16
15027,3775,2026-02-05,2026-03-07
15028,3776,2025-08-17,2025-09-16
15029,3776,2025-10-04,2025-11-03
15030,3777,2025-07-02,2025-08-01
15031,3777,2025-08-15,2025-09-14
15032,3777,2025-10-06,2025-11-05
15033,3778,2026-04-08,2026-05-08
15034,3779,2025-10-09,2025-11-08
15035,3779,2025-11-19,2025-12-19
15036,3779,2026-01-10,2026-02-09
15037,3779,2026-02-22,2026-03-24
15038,3779,2026-03-26,2026-04-25
15039,3780,2025-09-28,2025-10-28
15040,3780,2025-11-16,2025-12-16
15041,3780,2025-12-20,2026-01-19
15042,3780,2026-02-02,2026-03-04
15043,3780,2026-03-09,2026-04-08
15044,3781,2025-12-15,2026-01-14
15045,3781,2026-02-03,2026-03-05
15046,3781,2026-03-15,2026-04-14
15047,3781,2026-05-05,2026-06-04
15048,3781,2026-06-20,2026-07-20
15049,3781,2026-08-03,2026-09-02
15050,3781,2026-09-08,2026-10-08
15051,3782,2025-11-02,2025-12-02
15052,3782,2025-12-24,2026-01-23
15053,3783,2025-08-22,2025-09-21
15054,3783,2025-10-05,2025-11-04
15055,3783,2025-11-21,2025-12-21
15056,3784,2026-03-22,2026-04-21
15057,3784,2026-05-07,2026-06-06
15058,3784,2026-06-25,2026-07-25
15059,3784,2026-08-09,2026-09-08
15060,3784,2026-09-15,2026-10-15
15061,3784,2026-10-29,2026-11-28
15062,3784,2026-12-14,2027-01-13
15063,3785,2025-05-24,2025-06-23
15064,3785,2025-06-25,2025-07-25
15065,3785,2025-07-28,2025-08-27
15066,3785,2025-08-28,2025-09-27
15067,3785,2025-10-02,2025-11-01
15068,3785,2025-11-22,2025-12-22
15069,3786,2026-02-17,2026-03-19
15070,3786,2026-04-08,2026-05-08
15071,3786,2026-05-10,2026-06-09
15072,3786,2026-07-01,2026-07-31
15073,3786,2026-08-20,2026-09-19
15074,3786,2026-09-30,2026-10-30
15075,3786,2026-11-21,2026-12-21
15076,3787,2026-04-19,2026-05-19
15077,3787,2026-05-26,2026-06-25
15078,3787,2026-07-13,2026-08-12
15079,3787,2026-09-03,2026-10-03
15080,3787,2026-10-18,2026-11-17
15081,3787,2026-11-23,2026-12-23
15082,3787,2026-12-27,2027-01-26
15083,3788,2025-12-20,2026-01-19
15084,3789,2025-12-16,2026-01-15
15085,3790,2025-07-15,2025-08-14
15086,3790,2025-08-26,2025-09-25
15087,3790,2025-10-08,2025-11-07
15088,3790,2025-11-13,2025-12-13
15089,3790,2025-12-23,2026-01-22
15090,3790,2026-01-31,2026-03-02
15091,3791,2025-07-08,2025-08-07
15092,3791,2025-08-12,2025-09-11
15093,3791,2025-09-13,2025-10-13
15094,3791,2025-10-17,2025-11-16
15095,3791,2025-11-29,2025-12-29
15096,3791,2026-01-09,2026-02-08
15097,3792,2026-04-26,2026-05-26
15098,3792,2026-06-16,2026-07-16
15099,3792,2026-07-24,2026-08-23
15100,3792,2026-09-12,2026-10-12
15101,3793,2025-10-26,2025-11-25
15102,3793,2025-11-27,2025-12-27
15103,3793,2026-01-13,2026-02-12
15104,3793,2026-02-17,2026-03-19
15105,3793,2026-03-29,2026-04-28
15106,3793,2026-05-05,2026-06-04
15107,3794,2026-03-21,2026-04-20
15108,3794,2026-05-01,2026-05-31
15109,3794,2026-06-08,2026-07-08
15110,3794,2026-07-30,2026-08-29
15111,3795,2025-10-11,2025-11-10
15112,3796,2026-04-20,2026-05-20
15113,3796,2026-06-10,2026-07-10
15114,3797,2025-09-18,2025-10-18
15115,3797,2025-11-07,2025-12-07
15116,3797,2025-12-24,2026-01-23
15117,3798,2025-10-26,2025-11-25
15118,3799,2026-03-15,2026-04-14
15119,3800,2025-09-30,2025-10-30
15120,3800,2025-11-06,2025-12-06
15121,3800,2025-12-18,2026-01-17
15122,3800,2026-01-19,2026-02-18
15123,3800,2026-03-06,2026-04-05
15124,3801,2025-05-28,2025-06-27
15125,3801,2025-07-17,2025-08-16
15126,3801,2025-08-23,2025-09-22
15127,3802,2025-10-28,2025-11-27
15128,3802,2025-11-29,2025-12-29
15129,3803,2025-06-30,2025-07-30
15130,3803,2025-08-19,2025-09-18
15131,3803,2025-10-03,2025-11-02
15132,3803,2025-11-03,2025-12-03
15133,3803,2025-12-08,2026-01-07
15134,3803,2026-01-16,2026-02-15
15135,3804,2025-10-23,2025-11-22
15136,3805,2025-08-29,2025-09-28
15137,3806,2025-07-30,2025-08-29
15138,3807,2026-02-06,2026-03-08
15139,3808,2025-11-07,2025-12-07
15140,3808,2025-12-15,2026-01-14
15141,3809,2025-11-12,2025-12-12
15142,3809,2025-12-28,2026-01-27
15143,3809,2026-02-17,2026-03-19
15144,3809,2026-04-09,2026-05-09
15145,3809,2026-05-17,2026-06-16
15146,3809,2026-07-02,2026-08-01
15147,3809,2026-08-15,2026-09-14
15148,3810,2026-01-17,2026-02-16
15149,3810,2026-03-03,2026-04-02
15150,3810,2026-04-15,2026-05-15
15151,3811,2025-12-01,2025-12-31
15152,3811,2026-01-15,2026-02-14
15153,3811,2026-02-26,2026-03-28
15154,3811,2026-04-13,2026-05-13
15155,3812,2025-09-04,2025-10-04
15156,3812,2025-10-14,2025-11-13
15157,3812,2025-12-01,2025-12-31
15158,3813,2026-04-10,2026-05-10
15159,3813,2026-05-14,2026-06-13
15160,3813,2026-06-19,2026-07-19
15161,3814,2025-09-09,2025-10-09
15162,3814,2025-10-13,2025-11-12
15163,3814,2025-11-23,2025-12-23
15164,3814,2026-01-14,2026-02-13
15165,3815,2026-03-13,2026-04-12
15166,3815,2026-05-01,2026-05-31
15167,3815,2026-06-05,2026-07-05
15168,3815,2026-07-25,2026-08-24
15169,3815,2026-09-02,2026-10-02
15170,3816,2025-06-13,2025-07-13
15171,3816,2025-07-18,2025-08-17
15172,3816,2025-08-20,2025-09-19
15173,3816,2025-10-01,2025-10-31
15174,3817,2025-08-11,2025-09-10
15175,3817,2025-09-17,2025-10-17
15176,3817,2025-10-26,2025-11-25
15177,3817,2025-12-03,2026-01-02
15178,3817,2026-01-23,2026-02-22
15179,3817,2026-03-02,2026-04-01
15180,3818,2025-10-06,2025-11-05
15181,3819,2025-05-20,2025-06-19
15182,3819,2025-07-07,2025-08-06
15183,3819,2025-08-26,2025-09-25
15184,3819,2025-10-16,2025-11-15
15185,3820,2025-07-18,2025-08-17
15186,3820,2025-08-27,2025-09-26
15187,3820,2025-10-11,2025-11-10
15188,3820,2025-11-26,2025-12-26
15189,3820,2026-01-02,2026-02-01
15190,3821,2026-05-14,2026-06-13
15191,3821,2026-06-16,2026-07-16
15192,3821,2026-07-21,2026-08-20
15193,3821,2026-09-09,2026-10-09
15194,3821,2026-10-29,2026-11-28
15195,3821,2026-11-30,2026-12-30
15196,3822,2025-12-30,2026-01-29
15197,3822,2026-02-18,2026-03-20
15198,3822,2026-03-24,2026-04-23
15199,3822,2026-04-28,2026-05-28
15200,3823,2026-02-20,2026-03-22
15201,3823,2026-03-30,2026-04-29
15202,3823,2026-05-18,2026-06-17
15203,3824,2026-03-25,2026-04-24
15204,3824,2026-05-16,2026-06-15
15205,3824,2026-06-18,2026-07-18
15206,3825,2025-10-07,2025-11-06
15207,3825,2025-11-09,2025-12-09
15208,3825,2025-12-12,2026-01-11
15209,3825,2026-01-25,2026-02-24
15210,3825,2026-03-18,2026-04-17
15211,3825,2026-04-23,2026-05-23
15212,3825,2026-05-29,2026-06-28
15213,3826,2026-01-19,2026-02-18
15214,3826,2026-03-11,2026-04-10
15215,3826,2026-05-02,2026-06-01
15216,3826,2026-06-12,2026-07-12
15217,3826,2026-08-01,2026-08-31
15218,3826,2026-09-03,2026-10-03
15219,3826,2026-10-05,2026-11-04
15220,3827,2026-02-12,2026-03-14
15221,3827,2026-03-23,2026-04-22
15222,3827,2026-04-29,2026-05-29
15223,3827,2026-06-11,2026-07-11
15224,3827,2026-07-20,2026-08-19
15225,3827,2026-08-26,2026-09-25
15226,3828,2025-10-27,2025-11-26
15227,3828,2025-12-05,2026-01-04
15228,3828,2026-01-11,2026-02-10
15229,3829,2025-07-13,2025-08-12
15230,3829,2025-08-26,2025-09-25
15231,3829,2025-10-14,2025-11-13
15232,3829,2025-11-16,2025-12-16
15233,3829,2025-12-25,2026-01-24
15234,3829,2026-01-29,2026-02-28
15235,3830,2025-11-28,2025-12-28
15236,3830,2026-01-18,2026-02-17
15237,3830,2026-02-19,2026-03-21
15238,3830,2026-04-05,2026-05-05
15239,3830,2026-05-26,2026-06-25
15240,3830,2026-06-30,2026-07-30
15241,3831,2025-09-10,2025-10-10
15242,3831,2025-10-27,2025-11-26
15243,3831,2025-12-04,2026-01-03
15244,3831,2026-01-14,2026-02-13
15245,3832,2025-12-16,2026-01-15
15246,3832,2026-01-17,2026-02-16
15247,3832,2026-03-09,2026-04-08
15248,3832,2026-04-25,2026-05-25
15249,3833,2025-06-01,2025-07-01
15250,3833,2025-07-23,2025-08-22
15251,3833,2025-09-07,2025-10-07
15252,3833,2025-10-11,2025-11-10
15253,3833,2025-11-12,2025-12-12
15254,3834,2026-03-26,2026-04-25
15255,3834,2026-05-13,2026-06-12
15256,3835,2025-06-13,2025-07-13
15257,3835,2025-07-14,2025-08-13
15258,3836,2026-01-12,2026-02-11
15259,3836,2026-02-13,2026-03-15
15260,3836,2026-04-06,2026-05-06
15261,3836,2026-05-20,2026-06-19
15262,3836,2026-06-26,2026-07-26
15263,3837,2026-01-24,2026-02-23
15264,3837,2026-03-12,2026-04-11
15265,3838,2025-07-03,2025-08-02
15266,3838,2025-08-17,2025-09-16
15267,3838,2025-09-27,2025-10-27
15268,3838,2025-11-06,2025-12-06
15269,3838,2025-12-19,2026-01-18
15270,3838,2026-01-30,2026-03-01
15271,3839,2026-05-10,2026-06-09
15272,3839,2026-06-25,2026-07-25
15273,3839,2026-07-31,2026-08-30
15274,3839,2026-09-17,2026-10-17
15275,3840,2026-05-14,2026-06-13
15276,3840,2026-07-04,2026-08-03
15277,3840,2026-08-04,2026-09-03
15278,3841,2026-05-07,2026-06-06
15279,3841,2026-06-20,2026-07-20
15280,3841,2026-08-10,2026-09-09
15281,3842,2025-06-14,2025-07-14
15282,3842,2025-07-24,2025-08-23
15283,3843,2026-05-08,2026-06-07
15284,3843,2026-06-24,2026-07-24
15285,3843,2026-08-03,2026-09-02
15286,3844,2025-10-23,2025-11-22
15287,3844,2025-12-06,2026-01-05
15288,3844,2026-01-12,2026-02-11
15289,3845,2025-10-31,2025-11-30
15290,3846,2026-01-28,2026-02-27
15291,3846,2026-03-10,2026-04-09
15292,3846,2026-04-12,2026-05-12
15293,3846,2026-05-29,2026-06-28
15294,3847,2025-06-25,2025-07-25
15295,3848,2025-11-26,2025-12-26
15296,3848,2026-01-07,2026-02-06
15297,3848,2026-02-25,2026-03-27
15298,3848,2026-04-08,2026-05-08
15299,3848,2026-05-27,2026-06-26
15300,3849,2025-05-27,2025-06-26
15301,3849,2025-06-27,2025-07-27
15302,3849,2025-07-29,2025-08-28
15303,3850,2025-12-08,2026-01-07
15304,3850,2026-01-15,2026-02-14
15305,3850,2026-03-01,2026-03-31
15306,3850,2026-04-11,2026-05-11
15307,3850,2026-05-16,2026-06-15
15308,3850,2026-06-21,2026-07-21
15309,3850,2026-08-09,2026-09-08
15310,3851,2025-05-19,2025-06-18
15311,3851,2025-07-05,2025-08-04
15312,3851,2025-08-13,2025-09-12
15313,3851,2025-10-03,2025-11-02
15314,3851,2025-11-07,2025-12-07
15315,3851,2025-12-10,2026-01-09
15316,3852,2025-12-09,2026-01-08
15317,3852,2026-01-14,2026-02-13
15318,3852,2026-02-18,2026-03-20
15319,3852,2026-03-31,2026-04-30
15320,3852,2026-05-03,2026-06-02
15321,3853,2025-12-12,2026-01-11
15322,3853,2026-01-27,2026-02-26
15323,3853,2026-03-17,2026-04-16
15324,3854,2025-07-31,2025-08-30
15325,3854,2025-09-14,2025-10-14
15326,3854,2025-11-04,2025-12-04
15327,3855,2026-04-30,2026-05-30
15328,3855,2026-06-12,2026-07-12
15329,3856,2026-01-02,2026-02-01
15330,3857,2025-12-28,2026-01-27
15331,3857,2026-02-10,2026-03-12
15332,3857,2026-03-22,2026-04-21
15333,3858,2025-05-31,2025-06-30
15334,3859,2025-10-18,2025-11-17
15335,3859,2025-11-19,2025-12-19
15336,3859,2026-01-06,2026-02-05
15337,3859,2026-02-08,2026-03-10
15338,3859,2026-03-18,2026-04-17
15339,3859,2026-05-03,2026-06-02
15340,3859,2026-06-07,2026-07-07
15341,3860,2026-02-25,2026-03-27
15342,3860,2026-04-01,2026-05-01
15343,3860,2026-05-05,2026-06-04
15344,3860,2026-06-05,2026-07-05
15345,3860,2026-07-25,2026-08-24
15346,3861,2026-03-27,2026-04-26
15347,3861,2026-05-06,2026-06-05
15348,3861,2026-06-27,2026-07-27
15349,3862,2025-09-10,2025-10-10
15350,3862,2025-10-16,2025-11-15
15351,3862,2025-12-05,2026-01-04
15352,3862,2026-01-25,2026-02-24
15353,3862,2026-03-08,2026-04-07
15354,3863,2025-10-31,2025-11-30
15355,3864,2026-01-31,2026-03-02
15356,3864,2026-03-20,2026-04-19
15357,3864,2026-04-28,2026-05-28
15358,3864,2026-05-29,2026-06-28
15359,3865,2025-08-13,2025-09-12
15360,3865,2025-10-04,2025-11-03
15361,3865,2025-11-24,2025-12-24
15362,3865,2026-01-15,2026-02-14
15363,3865,2026-03-05,2026-04-04
15364,3865,2026-04-15,2026-05-15
15365,3865,2026-05-22,2026-06-21
15366,3866,2025-09-02,2025-10-02
15367,3867,2025-11-22,2025-12-22
15368,3867,2026-01-13,2026-02-12
15369,3867,2026-03-06,2026-04-05
15370,3867,2026-04-15,2026-05-15
15371,3867,2026-05-31,2026-06-30
15372,3868,2025-11-19,2025-12-19
15373,3868,2025-12-20,2026-01-19
15374,3868,2026-01-21,2026-02-20
15375,3868,2026-03-07,2026-04-06
15376,3869,2025-08-26,2025-09-25
15377,3869,2025-10-05,2025-11-04
15378,3870,2025-06-03,2025-07-03
15379,3870,2025-07-16,2025-08-15
15380,3870,2025-09-04,2025-10-04
15381,3870,2025-10-14,2025-11-13
15382,3871,2025-12-25,2026-01-24
15383,3871,2026-02-15,2026-03-17
15384,3872,2026-03-07,2026-04-06
15385,3872,2026-04-27,2026-05-27
15386,3872,2026-06-06,2026-07-06
15387,3872,2026-07-13,2026-08-12
15388,3872,2026-08-29,2026-09-28
15389,3872,2026-10-12,2026-11-11
15390,3873,2025-05-31,2025-06-30
15391,3873,2025-07-01,2025-07-31
15392,3874,2025-11-06,2025-12-06
15393,3874,2025-12-25,2026-01-24
15394,3874,2026-01-30,2026-03-01
15395,3875,2025-12-16,2026-01-15
15396,3875,2026-01-21,2026-02-20
15397,3875,2026-03-11,2026-04-10
15398,3875,2026-04-26,2026-05-26
15399,3875,2026-06-01,2026-07-01
15400,3875,2026-07-14,2026-08-13
15401,3875,2026-08-26,2026-09-25
15402,3876,2025-10-19,2025-11-18
15403,3876,2025-11-25,2025-12-25
15404,3876,2025-12-30,2026-01-29
15405,3876,2026-02-09,2026-03-11
15406,3876,2026-03-26,2026-04-25
15407,3876,2026-05-01,2026-05-31
15408,3876,2026-06-16,2026-07-16
15409,3877,2025-11-09,2025-12-09
15410,3877,2025-12-23,2026-01-22
15411,3877,2026-02-09,2026-03-11
15412,3877,2026-03-31,2026-04-30
15413,3877,2026-05-06,2026-06-05
15414,3877,2026-06-21,2026-07-21
15415,3878,2025-11-27,2025-12-27
15416,3878,2026-01-11,2026-02-10
15417,3878,2026-02-16,2026-03-18
15418,3878,2026-03-25,2026-04-24
15419,3878,2026-05-16,2026-06-15
15420,3878,2026-07-07,2026-08-06
15421,3879,2026-01-15,2026-02-14
15422,3879,2026-02-28,2026-03-30
15423,3879,2026-04-13,2026-05-13
15424,3880,2025-07-09,2025-08-08
15425,3881,2025-11-26,2025-12-26
15426,3882,2026-01-24,2026-02-23
15427,3882,2026-02-26,2026-03-28
15428,3882,2026-04-15,2026-05-15
15429,3882,2026-05-17,2026-06-16
15430,3882,2026-06-29,2026-07-29
15431,3882,2026-08-15,2026-09-14
15432,3883,2026-01-22,2026-02-21
15433,3883,2026-03-11,2026-04-10
15434,3884,2025-07-19,2025-08-18
15435,3884,2025-09-04,2025-10-04
15436,3884,2025-10-20,2025-11-19
15437,3884,2025-12-09,2026-01-08
15438,3884,2026-01-14,2026-02-13
15439,3884,2026-02-22,2026-03-24
15440,3884,2026-04-02,2026-05-02
15441,3885,2025-10-16,2025-11-15
15442,3885,2025-11-23,2025-12-23
15443,3885,2026-01-14,2026-02-13
15444,3886,2025-12-08,2026-01-07
15445,3886,2026-01-19,2026-02-18
15446,3886,2026-02-21,2026-03-23
15447,3886,2026-04-09,2026-05-09
15448,3886,2026-05-23,2026-06-22
15449,3886,2026-07-12,2026-08-11
15450,3887,2025-06-30,2025-07-30
15451,3887,2025-08-07,2025-09-06
15452,3887,2025-09-28,2025-10-28
15453,3887,2025-11-07,2025-12-07
15454,3888,2025-07-04,2025-08-03
15455,3889,2026-03-20,2026-04-19
15456,3889,2026-04-23,2026-05-23
15457,3890,2026-04-04,2026-05-04
15458,3890,2026-05-05,2026-06-04
15459,3891,2025-11-20,2025-12-20
15460,3891,2025-12-27,2026-01-26
15461,3891,2026-02-04,2026-03-06
15462,3891,2026-03-22,2026-04-21
15463,3892,2025-12-11,2026-01-10
15464,3892,2026-01-15,2026-02-14
15465,3892,2026-03-07,2026-04-06
15466,3892,2026-04-13,2026-05-13
15467,3892,2026-05-29,2026-06-28
15468,3893,2025-09-24,2025-10-24
15469,3893,2025-11-14,2025-12-14
15470,3893,2026-01-03,2026-02-02
15471,3893,2026-02-20,2026-03-22
15472,3893,2026-03-23,2026-04-22
15473,3894,2025-05-27,2025-06-26
15474,3894,2025-07-02,2025-08-01
15475,3894,2025-08-02,2025-09-01
15476,3894,2025-09-04,2025-10-04
15477,3894,2025-10-17,2025-11-16
15478,3894,2025-11-23,2025-12-23
15479,3894,2025-12-27,2026-01-26
15480,3895,2025-08-08,2025-09-07
15481,3895,2025-09-13,2025-10-13
15482,3895,2025-10-14,2025-11-13
15483,3895,2025-11-14,2025-12-14
15484,3895,2026-01-04,2026-02-03
15485,3895,2026-02-08,2026-03-10
15486,3895,2026-03-18,2026-04-17
15487,3896,2025-07-05,2025-08-04
15488,3897,2025-07-08,2025-08-07
15489,3897,2025-08-14,2025-09-13
15490,3898,2025-06-12,2025-07-12
15491,3898,2025-08-02,2025-09-01
15492,3898,2025-09-23,2025-10-23
15493,3898,2025-10-30,2025-11-29
15494,3898,2025-12-21,2026-01-20
15495,3898,2026-01-23,2026-02-22
15496,3898,2026-03-04,2026-04-03
15497,3899,2025-12-07,2026-01-06
15498,3899,2026-01-12,2026-02-11
15499,3899,2026-02-14,2026-03-16
15500,3899,2026-03-22,2026-04-21
15501,3899,2026-05-07,2026-06-06
15502,3900,2025-06-18,2025-07-18
15503,3900,2025-07-22,2025-08-21
15504,3901,2026-04-05,2026-05-05
15505,3901,2026-05-21,2026-06-20
15506,3901,2026-06-26,2026-07-26
15507,3901,2026-07-28,2026-08-27
15508,3901,2026-08-31,2026-09-30
15509,3902,2025-10-26,2025-11-25
15510,3902,2025-12-15,2026-01-14
15511,3902,2026-01-15,2026-02-14
15512,3902,2026-02-22,2026-03-24
15513,3902,2026-03-28,2026-04-27
15514,3903,2025-11-10,2025-12-10
15515,3903,2025-12-26,2026-01-25
15516,3903,2026-02-15,2026-03-17
15517,3903,2026-03-28,2026-04-27
15518,3903,2026-05-10,2026-06-09
15519,3903,2026-06-28,2026-07-28
15520,3903,2026-07-29,2026-08-28
15521,3904,2025-08-31,2025-09-30
15522,3904,2025-10-04,2025-11-03
15523,3904,2025-11-24,2025-12-24
15524,3904,2026-01-12,2026-02-11
15525,3904,2026-03-04,2026-04-03
15526,3904,2026-04-06,2026-05-06
15527,3905,2026-05-04,2026-06-03
15528,3905,2026-06-10,2026-07-10
15529,3905,2026-07-16,2026-08-15
15530,3905,2026-08-25,2026-09-24
15531,3906,2025-12-23,2026-01-22
15532,3906,2026-01-31,2026-03-02
15533,3906,2026-03-09,2026-04-08
15534,3906,2026-04-25,2026-05-25
15535,3906,2026-06-10,2026-07-10
15536,3907,2026-04-29,2026-05-29
15537,3907,2026-06-09,2026-07-09
15538,3907,2026-07-19,2026-08-18
15539,3908,2025-10-27,2025-11-26
15540,3908,2025-12-16,2026-01-15
15541,3908,2026-01-19,2026-02-18
15542,3909,2025-07-07,2025-08-06
15543,3909,2025-08-24,2025-09-23
15544,3909,2025-10-08,2025-11-07
15545,3909,2025-11-08,2025-12-08
15546,3910,2025-09-15,2025-10-15
15547,3910,2025-11-02,2025-12-02
15548,3910,2025-12-08,2026-01-07
15549,3910,2026-01-09,2026-02-08
15550,3911,2025-11-03,2025-12-03
15551,3912,2026-02-09,2026-03-11
15552,3912,2026-03-12,2026-04-11
15553,3913,2026-05-10,2026-06-09
15554,3913,2026-06-19,2026-07-19
15555,3913,2026-08-09,2026-09-08
15556,3913,2026-09-27,2026-10-27
15557,3913,2026-11-17,2026-12-17
15558,3913,2026-12-21,2027-01-20
15559,3914,2026-02-19,2026-03-21
15560,3914,2026-03-27,2026-04-26
15561,3914,2026-04-30,2026-05-30
15562,3914,2026-06-12,2026-07-12
15563,3914,2026-08-03,2026-09-02
15564,3914,2026-09-24,2026-10-24
15565,3914,2026-10-25,2026-11-24
15566,3915,2025-10-01,2025-10-31
15567,3915,2025-11-07,2025-12-07
15568,3915,2025-12-13,2026-01-12
15569,3916,2025-08-10,2025-09-09
15570,3916,2025-09-27,2025-10-27
15571,3916,2025-11-04,2025-12-04
15572,3916,2025-12-09,2026-01-08
15573,3916,2026-01-30,2026-03-01
15574,3916,2026-03-13,2026-04-12
15575,3917,2026-04-28,2026-05-28
15576,3917,2026-06-10,2026-07-10
15577,3917,2026-07-16,2026-08-15
15578,3917,2026-08-27,2026-09-26
15579,3917,2026-10-01,2026-10-31
15580,3917,2026-11-21,2026-12-21
15581,3918,2025-06-30,2025-07-30
15582,3918,2025-08-07,2025-09-06
15583,3919,2025-07-01,2025-07-31
15584,3920,2025-07-19,2025-08-18
15585,3920,2025-08-28,2025-09-27
15586,3920,2025-10-03,2025-11-02
15587,3920,2025-11-19,2025-12-19
15588,3920,2025-12-26,2026-01-25
15589,3921,2026-01-01,2026-01-31
15590,3921,2026-02-22,2026-03-24
15591,3921,2026-03-25,2026-04-24
15592,3921,2026-04-28,2026-05-28
15593,3922,2025-09-18,2025-10-18
15594,3922,2025-11-04,2025-12-04
15595,3922,2025-12-08,2026-01-07
15596,3922,2026-01-11,2026-02-10
15597,3923,2026-05-12,2026-06-11
15598,3923,2026-06-25,2026-07-25
15599,3923,2026-07-30,2026-08-29
15600,3923,2026-09-18,2026-10-18
15601,3924,2026-02-23,2026-03-25
15602,3924,2026-03-29,2026-04-28
15603,3925,2025-11-17,2025-12-17
15604,3925,2025-12-30,2026-01-29
15605,3926,2025-11-12,2025-12-12
15606,3926,2025-12-26,2026-01-25
15607,3926,2026-02-09,2026-03-11
15608,3926,2026-03-19,2026-04-18
15609,3926,2026-04-19,2026-05-19
15610,3926,2026-05-25,2026-06-24
15611,3926,2026-06-30,2026-07-30
15612,3927,2026-04-30,2026-05-30
15613,3927,2026-06-09,2026-07-09
15614,3927,2026-07-12,2026-08-11
15615,3927,2026-08-27,2026-09-26
15616,3927,2026-10-18,2026-11-17
15617,3928,2025-09-04,2025-10-04
15618,3928,2025-10-14,2025-11-13
15619,3929,2025-12-09,2026-01-08
15620,3930,2026-01-14,2026-02-13
15621,3931,2026-03-13,2026-04-12
15622,3931,2026-04-14,2026-05-14
15623,3931,2026-06-05,2026-07-05
15624,3932,2025-07-29,2025-08-28
15625,3933,2026-02-25,2026-03-27
15626,3933,2026-03-28,2026-04-27
15627,3933,2026-05-14,2026-06-13
15628,3933,2026-06-22,2026-07-22
15629,3933,2026-08-08,2026-09-07
15630,3933,2026-09-18,2026-10-18
15631,3933,2026-10-24,2026-11-23
15632,3934,2025-10-23,2025-11-22
15633,3934,2025-12-08,2026-01-07
15634,3934,2026-01-22,2026-02-21
15635,3935,2026-02-04,2026-03-06
15636,3935,2026-03-23,2026-04-22
15637,3936,2026-02-17,2026-03-19
15638,3936,2026-04-08,2026-05-08
15639,3936,2026-05-24,2026-06-23
15640,3936,2026-06-25,2026-07-25
15641,3937,2025-07-10,2025-08-09
15642,3937,2025-08-10,2025-09-09
15643,3937,2025-09-30,2025-10-30
15644,3937,2025-11-14,2025-12-14
15645,3937,2025-12-27,2026-01-26
15646,3938,2026-02-15,2026-03-17
15647,3938,2026-03-19,2026-04-18
15648,3938,2026-04-29,2026-05-29
15649,3938,2026-06-15,2026-07-15
15650,3938,2026-07-23,2026-08-22
15651,3938,2026-09-02,2026-10-02
15652,3939,2025-11-01,2025-12-01
15653,3939,2025-12-04,2026-01-03
15654,3939,2026-01-19,2026-02-18
15655,3939,2026-02-24,2026-03-26
15656,3939,2026-04-10,2026-05-10
15657,3939,2026-05-16,2026-06-15
15658,3940,2025-09-25,2025-10-25
15659,3940,2025-11-09,2025-12-09
15660,3940,2025-12-17,2026-01-16
15661,3940,2026-01-21,2026-02-20
15662,3940,2026-03-10,2026-04-09
15663,3940,2026-04-15,2026-05-15
15664,3941,2026-03-31,2026-04-30
15665,3942,2025-12-07,2026-01-06
15666,3942,2026-01-07,2026-02-06
15667,3943,2025-12-28,2026-01-27
15668,3944,2025-12-09,2026-01-08
15669,3945,2025-10-16,2025-11-15
15670,3946,2026-01-21,2026-02-20
15671,3946,2026-03-10,2026-04-09
15672,3946,2026-04-10,2026-05-10
15673,3946,2026-05-13,2026-06-12
15674,3946,2026-07-02,2026-08-01
15675,3946,2026-08-21,2026-09-20
15676,3946,2026-09-22,2026-10-22
15677,3947,2025-07-06,2025-08-05
15678,3948,2025-05-29,2025-06-28
15679,3949,2026-02-08,2026-03-10
15680,3950,2025-10-08,2025-11-07
15681,3950,2025-11-23,2025-12-23
15682,3950,2025-12-26,2026-01-25
15683,3950,2026-01-28,2026-02-27
15684,3951,2025-05-27,2025-06-26
15685,3952,2025-09-01,2025-10-01
15686,3952,2025-10-16,2025-11-15
15687,3952,2025-12-04,2026-01-03
15688,3952,2026-01-17,2026-02-16
15689,3952,2026-03-05,2026-04-04
15690,3953,2025-05-30,2025-06-29
15691,3953,2025-07-20,2025-08-19
15692,3953,2025-09-10,2025-10-10
15693,3953,2025-10-13,2025-11-12
15694,3954,2025-08-05,2025-09-04
15695,3954,2025-09-06,2025-10-06
15696,3954,2025-10-21,2025-11-20
15697,3954,2025-12-12,2026-01-11
15698,3954,2026-01-31,2026-03-02
15699,3954,2026-03-03,2026-04-02
15700,3954,2026-04-12,2026-05-12
15701,3955,2025-08-17,2025-09-16
15702,3955,2025-10-08,2025-11-07
15703,3955,2025-11-10,2025-12-10
15704,3956,2025-09-20,2025-10-20
15705,3956,2025-10-24,2025-11-23
15706,3956,2025-12-12,2026-01-11
15707,3956,2026-01-13,2026-02-12
15708,3956,2026-02-16,2026-03-18
15709,3957,2025-11-30,2025-12-30
15710,3957,2026-01-10,2026-02-09
15711,3957,2026-02-23,2026-03-25
15712,3957,2026-04-10,2026-05-10
15713,3957,2026-05-23,2026-06-22
15714,3957,2026-07-07,2026-08-06
15715,3957,2026-08-21,2026-09-20
15716,3958,2025-08-11,2025-09-10
15717,3959,2025-07-03,2025-08-02
15718,3959,2025-08-21,2025-09-20
15719,3960,2025-06-03,2025-07-03
15720,3960,2025-07-07,2025-08-06
15721,3960,2025-08-22,2025-09-21
15722,3960,2025-09-23,2025-10-23
15723,3960,2025-11-11,2025-12-11
15724,3960,2025-12-16,2026-01-15
15725,3961,2025-06-15,2025-07-15
15726,3961,2025-07-25,2025-08-24
15727,3961,2025-09-04,2025-10-04
15728,3961,2025-10-07,2025-11-06
15729,3962,2026-01-27,2026-02-26
15730,3962,2026-02-28,2026-03-30
15731,3962,2026-04-04,2026-05-04
15732,3962,2026-05-09,2026-06-08
15733,3962,2026-06-30,2026-07-30
15734,3962,2026-08-06,2026-09-05
15735,3962,2026-09-23,2026-10-23
15736,3963,2025-06-01,2025-07-01
15737,3963,2025-07-09,2025-08-08
15738,3963,2025-08-18,2025-09-17
15739,3964,2025-11-23,2025-12-23
15740,3964,2026-01-07,2026-02-06
15741,3964,2026-02-21,2026-03-23
15742,3964,2026-04-14,2026-05-14
15743,3964,2026-05-19,2026-06-18
15744,3965,2025-12-04,2026-01-03
15745,3965,2026-01-08,2026-02-07
15746,3965,2026-02-09,2026-03-11
15747,3965,2026-03-31,2026-04-30
15748,3965,2026-05-12,2026-06-11
15749,3965,2026-07-02,2026-08-01
15750,3965,2026-08-20,2026-09-19
15751,3966,2025-12-31,2026-01-30
15752,3966,2026-02-17,2026-03-19
15753,3966,2026-03-28,2026-04-27
15754,3966,2026-05-14,2026-06-13
15755,3966,2026-07-02,2026-08-01
15756,3966,2026-08-19,2026-09-18
15757,3967,2025-12-12,2026-01-11
15758,3967,2026-01-23,2026-02-22
15759,3967,2026-03-11,2026-04-10
15760,3967,2026-04-26,2026-05-26
15761,3967,2026-06-01,2026-07-01
15762,3967,2026-07-16,2026-08-15
15763,3967,2026-08-21,2026-09-20
15764,3968,2026-02-22,2026-03-24
15765,3968,2026-03-31,2026-04-30
15766,3968,2026-05-21,2026-06-20
15767,3968,2026-07-01,2026-07-31
15768,3968,2026-08-16,2026-09-15
15769,3969,2025-10-02,2025-11-01
15770,3969,2025-11-07,2025-12-07
15771,3969,2025-12-16,2026-01-15
15772,3969,2026-01-16,2026-02-15
15773,3969,2026-03-07,2026-04-06
15774,3969,2026-04-14,2026-05-14
15775,3970,2025-09-28,2025-10-28
15776,3970,2025-11-19,2025-12-19
15777,3970,2026-01-02,2026-02-01
15778,3970,2026-02-08,2026-03-10
15779,3970,2026-03-30,2026-04-29
15780,3971,2025-10-06,2025-11-05
15781,3971,2025-11-15,2025-12-15
15782,3971,2026-01-02,2026-02-01
15783,3972,2025-05-22,2025-06-21
15784,3972,2025-07-13,2025-08-12
15785,3972,2025-08-27,2025-09-26
15786,3973,2025-08-16,2025-09-15
15787,3973,2025-09-23,2025-10-23
15788,3973,2025-11-03,2025-12-03
15789,3973,2025-12-16,2026-01-15
15790,3973,2026-02-06,2026-03-08
15791,3974,2025-12-21,2026-01-20
15792,3974,2026-02-09,2026-03-11
15793,3975,2025-10-09,2025-11-08
15794,3975,2025-11-22,2025-12-22
15795,3975,2026-01-13,2026-02-12
15796,3975,2026-02-27,2026-03-29
15797,3975,2026-04-11,2026-05-11
15798,3976,2026-01-01,2026-01-31
15799,3976,2026-02-16,2026-03-18
15800,3976,2026-03-26,2026-04-25
15801,3976,2026-05-06,2026-06-05
15802,3976,2026-06-13,2026-07-13
15803,3976,2026-07-21,2026-08-20
15804,3976,2026-08-30,2026-09-29
15805,3977,2026-01-02,2026-02-01
15806,3977,2026-02-03,2026-03-05
15807,3977,2026-03-09,2026-04-08
15808,3977,2026-04-22,2026-05-22
15809,3978,2025-07-25,2025-08-24
15810,3978,2025-09-02,2025-10-02
15811,3979,2025-12-19,2026-01-18
15812,3980,2026-03-08,2026-04-07
15813,3981,2026-05-04,2026-06-03
15814,3981,2026-06-12,2026-07-12
15815,3981,2026-07-23,2026-08-22
15816,3981,2026-08-28,2026-09-27
15817,3981,2026-10-11,2026-11-10
15818,3981,2026-11-17,2026-12-17
15819,3982,2025-05-31,2025-06-30
15820,3982,2025-07-18,2025-08-17
15821,3983,2026-04-24,2026-05-24
15822,3983,2026-05-31,2026-06-30
15823,3984,2025-08-05,2025-09-04
15824,3984,2025-09-14,2025-10-14
15825,3984,2025-10-23,2025-11-22
15826,3984,2025-12-01,2025-12-31
15827,3985,2025-07-14,2025-08-13
15828,3985,2025-09-03,2025-10-03
15829,3985,2025-10-13,2025-11-12
15830,3986,2025-12-12,2026-01-11
15831,3986,2026-01-16,2026-02-15
15832,3986,2026-02-18,2026-03-20
15833,3987,2025-08-14,2025-09-13
15834,3988,2025-05-24,2025-06-23
15835,3988,2025-07-02,2025-08-01
15836,3988,2025-08-11,2025-09-10
15837,3989,2026-04-26,2026-05-26
15838,3989,2026-06-16,2026-07-16
15839,3989,2026-07-26,2026-08-25
15840,3990,2026-02-24,2026-03-26
15841,3990,2026-04-16,2026-05-16
15842,3990,2026-06-03,2026-07-03
15843,3990,2026-07-21,2026-08-20
15844,3990,2026-08-30,2026-09-29
15845,3990,2026-10-05,2026-11-04
15846,3990,2026-11-25,2026-12-25
15847,3991,2025-10-26,2025-11-25
15848,3991,2025-12-12,2026-01-11
15849,3991,2026-01-15,2026-02-14
15850,3991,2026-02-26,2026-03-28
15851,3992,2025-07-30,2025-08-29
15852,3992,2025-09-02,2025-10-02
15853,3993,2025-10-02,2025-11-01
15854,3993,2025-11-17,2025-12-17
15855,3993,2026-01-07,2026-02-06
15856,3993,2026-02-26,2026-03-28
15857,3994,2026-01-19,2026-02-18
15858,3994,2026-02-28,2026-03-30
15859,3994,2026-04-05,2026-05-05
15860,3995,2025-08-04,2025-09-03
15861,3995,2025-09-18,2025-10-18
15862,3995,2025-10-24,2025-11-23
15863,3995,2025-12-02,2026-01-01
15864,3995,2026-01-16,2026-02-15
15865,3996,2026-04-11,2026-05-11
15866,3996,2026-06-01,2026-07-01
15867,3996,2026-07-21,2026-08-20
15868,3997,2025-09-05,2025-10-05
15869,3997,2025-10-17,2025-11-16
15870,3997,2025-12-07,2026-01-06
15871,3997,2026-01-25,2026-02-24
15872,3997,2026-02-28,2026-03-30
15873,3998,2025-07-01,2025-07-31
15874,3998,2025-08-02,2025-09-01
15875,3999,2025-11-19,2025-12-19
15876,3999,2025-12-28,2026-01-27
15877,3999,2026-02-08,2026-03-10
15878,4000,2025-07-30,2025-08-29
15879,4001,2025-08-18,2025-09-17
15880,4001,2025-10-03,2025-11-02
15881,4001,2025-11-21,2025-12-21
15882,4001,2025-12-27,2026-01-26
15883,4001,2026-02-17,2026-03-19
15884,4001,2026-03-27,2026-04-26
15885,4001,2026-04-28,2026-05-28
15886,4002,2025-05-27,2025-06-26
15887,4002,2025-07-02,2025-08-01
15888,4002,2025-08-10,2025-09-09
15889,4002,2025-09-20,2025-10-20
15890,4003,2025-05-27,2025-06-26
15891,4004,2026-01-14,2026-02-13
15892,4005,2026-05-10,2026-06-09
15893,4005,2026-06-17,2026-07-17
15894,4005,2026-08-02,2026-09-01
15895,4005,2026-09-19,2026-10-19
15896,4006,2026-03-17,2026-04-16
15897,4006,2026-04-22,2026-05-22
15898,4006,2026-06-01,2026-07-01
15899,4006,2026-07-08,2026-08-07
15900,4006,2026-08-09,2026-09-08
15901,4006,2026-09-29,2026-10-29
15902,4007,2026-01-25,2026-02-24
15903,4007,2026-02-25,2026-03-27
15904,4007,2026-04-10,2026-05-10
15905,4008,2025-07-19,2025-08-18
15906,4008,2025-08-31,2025-09-30
15907,4008,2025-10-04,2025-11-03
15908,4008,2025-11-04,2025-12-04
15909,4008,2025-12-17,2026-01-16
15910,4008,2026-02-05,2026-03-07
15911,4009,2026-03-11,2026-04-10
15912,4009,2026-04-25,2026-05-25
15913,4009,2026-06-04,2026-07-04
15914,4009,2026-07-24,2026-08-23
15915,4010,2025-10-14,2025-11-13
15916,4010,2025-11-16,2025-12-16
15917,4010,2026-01-02,2026-02-01
15918,4010,2026-02-17,2026-03-19
15919,4010,2026-04-08,2026-05-08
15920,4010,2026-05-29,2026-06-28
15921,4010,2026-06-30,2026-07-30
15922,4011,2026-04-28,2026-05-28
15923,4011,2026-06-11,2026-07-11
15924,4011,2026-07-14,2026-08-13
15925,4012,2025-12-02,2026-01-01
15926,4012,2026-01-13,2026-02-12
15927,4012,2026-03-03,2026-04-02
15928,4012,2026-04-03,2026-05-03
15929,4013,2025-06-30,2025-07-30
15930,4014,2025-08-20,2025-09-19
15931,4015,2025-07-03,2025-08-02
15932,4016,2025-06-14,2025-07-14
15933,4017,2025-08-07,2025-09-06
15934,4017,2025-09-12,2025-10-12
15935,4018,2025-05-21,2025-06-20
15936,4018,2025-07-08,2025-08-07
15937,4018,2025-08-21,2025-09-20
15938,4018,2025-10-07,2025-11-06
15939,4018,2025-11-14,2025-12-14
15940,4018,2026-01-04,2026-02-03
15941,4018,2026-02-08,2026-03-10
15942,4019,2025-06-24,2025-07-24
15943,4019,2025-08-11,2025-09-10
15944,4020,2025-07-12,2025-08-11
15945,4021,2026-02-04,2026-03-06
15946,4021,2026-03-11,2026-04-10
15947,4021,2026-04-22,2026-05-22
15948,4021,2026-05-24,2026-06-23
15949,4021,2026-07-08,2026-08-07
15950,4022,2026-04-06,2026-05-06
15951,4022,2026-05-26,2026-06-25
15952,4022,2026-07-15,2026-08-14
15953,4022,2026-09-04,2026-10-04
15954,4023,2026-02-01,2026-03-03
15955,4023,2026-03-09,2026-04-08
15956,4023,2026-04-10,2026-05-10
15957,4023,2026-05-12,2026-06-11
15958,4023,2026-07-02,2026-08-01
15959,4024,2025-06-17,2025-07-17
15960,4024,2025-07-26,2025-08-25
15961,4024,2025-09-03,2025-10-03
15962,4025,2025-12-23,2026-01-22
15963,4025,2026-01-23,2026-02-22
15964,4025,2026-03-15,2026-04-14
15965,4026,2026-03-24,2026-04-23
15966,4026,2026-04-29,2026-05-29
15967,4027,2025-12-09,2026-01-08
15968,4027,2026-01-22,2026-02-21
15969,4027,2026-02-24,2026-03-26
15970,4027,2026-04-07,2026-05-07
15971,4027,2026-05-26,2026-06-25
15972,4027,2026-07-07,2026-08-06
15973,4028,2025-07-19,2025-08-18
15974,4028,2025-09-07,2025-10-07
15975,4028,2025-10-27,2025-11-26
15976,4028,2025-12-05,2026-01-04
15977,4028,2026-01-19,2026-02-18
15978,4029,2025-12-16,2026-01-15
15979,4029,2026-01-29,2026-02-28
15980,4029,2026-03-07,2026-04-06
15981,4029,2026-04-22,2026-05-22
15982,4029,2026-06-11,2026-07-11
15983,4029,2026-07-28,2026-08-27
15984,4030,2025-12-01,2025-12-31
15985,4030,2026-01-01,2026-01-31
15986,4030,2026-02-11,2026-03-13
15987,4030,2026-03-24,2026-04-23
15988,4030,2026-05-09,2026-06-08
15989,4031,2025-10-06,2025-11-05
15990,4031,2025-11-27,2025-12-27
15991,4031,2026-01-16,2026-02-15
15992,4031,2026-03-08,2026-04-07
15993,4031,2026-04-25,2026-05-25
15994,4032,2025-12-07,2026-01-06
15995,4032,2026-01-20,2026-02-19
15996,4032,2026-02-20,2026-03-22
15997,4032,2026-04-07,2026-05-07
15998,4033,2025-06-06,2025-07-06
15999,4033,2025-07-08,2025-08-07
16000,4033,2025-08-19,2025-09-18
16001,4033,2025-10-07,2025-11-06
16002,4033,2025-11-13,2025-12-13
16003,4033,2026-01-02,2026-02-01
16004,4034,2026-04-10,2026-05-10
16005,4034,2026-05-14,2026-06-13
16006,4034,2026-06-24,2026-07-24
16007,4034,2026-07-25,2026-08-24
16008,4034,2026-09-02,2026-10-02
16009,4034,2026-10-10,2026-11-09
16010,4035,2025-05-28,2025-06-27
16011,4036,2026-01-18,2026-02-17
16012,4036,2026-02-18,2026-03-20
16013,4036,2026-03-25,2026-04-24
16014,4036,2026-05-11,2026-06-10
16015,4036,2026-06-22,2026-07-22
16016,4036,2026-08-09,2026-09-08
16017,4036,2026-09-29,2026-10-29
16018,4037,2026-01-13,2026-02-12
16019,4037,2026-02-26,2026-03-28
16020,4037,2026-03-29,2026-04-28
16021,4037,2026-05-18,2026-06-17
16022,4037,2026-07-01,2026-07-31
16023,4038,2026-02-08,2026-03-10
16024,4038,2026-04-01,2026-05-01
16025,4038,2026-05-16,2026-06-15
16026,4039,2025-07-26,2025-08-25
16027,4040,2025-07-21,2025-08-20
16028,4040,2025-08-26,2025-09-25
16029,4040,2025-09-28,2025-10-28
16030,4040,2025-10-30,2025-11-29
16031,4040,2025-12-02,2026-01-01
16032,4040,2026-01-18,2026-02-17
16033,4040,2026-02-27,2026-03-29
16034,4041,2025-07-24,2025-08-23
16035,4041,2025-09-14,2025-10-14
16036,4041,2025-10-19,2025-11-18
16037,4041,2025-12-01,2025-12-31
16038,4042,2025-11-16,2025-12-16
16039,4042,2025-12-20,2026-01-19
16040,4042,2026-02-05,2026-03-07
16041,4042,2026-03-08,2026-04-07
16042,4042,2026-04-12,2026-05-12
16043,4042,2026-05-21,2026-06-20
16044,4042,2026-07-02,2026-08-01
16045,4043,2025-11-18,2025-12-18
16046,4043,2026-01-04,2026-02-03
16047,4043,2026-02-15,2026-03-17
16048,4044,2026-01-18,2026-02-17
16049,4044,2026-02-28,2026-03-30
16050,4044,2026-04-12,2026-05-12
16051,4044,2026-05-24,2026-06-23
16052,4044,2026-07-01,2026-07-31
16053,4044,2026-08-11,2026-09-10
16054,4045,2025-12-25,2026-01-24
16055,4045,2026-02-14,2026-03-16
16056,4045,2026-03-24,2026-04-23
16057,4045,2026-05-09,2026-06-08
16058,4045,2026-06-23,2026-07-23
16059,4045,2026-08-11,2026-09-10
16060,4045,2026-09-21,2026-10-21
16061,4046,2025-11-25,2025-12-25
16062,4046,2026-01-08,2026-02-07
16063,4046,2026-03-01,2026-03-31
16064,4046,2026-04-12,2026-05-12
16065,4046,2026-05-23,2026-06-22
16066,4046,2026-07-07,2026-08-06
16067,4046,2026-08-14,2026-09-13
16068,4047,2025-11-09,2025-12-09
16069,4047,2025-12-27,2026-01-26
16070,4047,2026-02-07,2026-03-09
16071,4047,2026-03-14,2026-04-13
16072,4047,2026-04-24,2026-05-24
16073,4047,2026-05-27,2026-06-26
16074,4047,2026-07-02,2026-08-01
16075,4048,2025-11-29,2025-12-29
16076,4048,2026-01-08,2026-02-07
16077,4048,2026-02-21,2026-03-23
16078,4049,2025-06-30,2025-07-30
16079,4049,2025-08-20,2025-09-19
16080,4049,2025-09-21,2025-10-21
16081,4049,2025-10-24,2025-11-23
16082,4049,2025-12-15,2026-01-14
16083,4049,2026-01-30,2026-03-01
16084,4049,2026-03-12,2026-04-11
16085,4050,2025-08-11,2025-09-10
16086,4050,2025-09-26,2025-10-26
16087,4050,2025-11-14,2025-12-14
16088,4050,2026-01-04,2026-02-03
16089,4050,2026-02-09,2026-03-11
16090,4050,2026-03-31,2026-04-30
16091,4050,2026-05-09,2026-06-08
16092,4051,2026-02-15,2026-03-17
16093,4051,2026-03-28,2026-04-27
16094,4051,2026-05-03,2026-06-02
16095,4051,2026-06-09,2026-07-09
16096,4051,2026-07-29,2026-08-28
16097,4051,2026-09-10,2026-10-10
16098,4052,2025-11-26,2025-12-26
16099,4052,2026-01-14,2026-02-13
16100,4052,2026-03-05,2026-04-04
16101,4053,2025-09-20,2025-10-20
16102,4053,2025-10-28,2025-11-27
16103,4054,2025-10-31,2025-11-30
16104,4054,2025-12-09,2026-01-08
16105,4054,2026-01-10,2026-02-09
16106,4054,2026-02-24,2026-03-26
16107,4054,2026-03-27,2026-04-26
16108,4055,2025-09-21,2025-10-21
16109,4055,2025-10-24,2025-11-23
16110,4055,2025-12-04,2026-01-03
16111,4055,2026-01-22,2026-02-21
16112,4055,2026-02-24,2026-03-26
16113,4056,2026-04-01,2026-05-01
16114,4056,2026-05-15,2026-06-14
16115,4056,2026-07-03,2026-08-02
16116,4057,2025-07-26,2025-08-25
16117,4057,2025-09-02,2025-10-02
16118,4057,2025-10-20,2025-11-19
16119,4057,2025-11-30,2025-12-30
16120,4058,2025-12-04,2026-01-03
16121,4058,2026-01-25,2026-02-24
16122,4058,2026-03-16,2026-04-15
16123,4058,2026-05-01,2026-05-31
16124,4058,2026-06-13,2026-07-13
16125,4058,2026-07-21,2026-08-20
16126,4059,2025-10-16,2025-11-15
16127,4059,2025-11-25,2025-12-25
16128,4060,2025-12-25,2026-01-24
16129,4061,2026-01-01,2026-01-31
16130,4061,2026-02-06,2026-03-08
16131,4061,2026-03-09,2026-04-08
16132,4061,2026-04-17,2026-05-17
16133,4061,2026-05-19,2026-06-18
16134,4061,2026-07-05,2026-08-04
16135,4062,2026-04-08,2026-05-08
16136,4062,2026-05-21,2026-06-20
16137,4063,2026-01-08,2026-02-07
16138,4063,2026-02-21,2026-03-23
16139,4064,2026-02-06,2026-03-08
16140,4065,2025-07-12,2025-08-11
16141,4065,2025-08-27,2025-09-26
16142,4065,2025-10-03,2025-11-02
16143,4065,2025-11-17,2025-12-17
16144,4066,2025-09-20,2025-10-20
16145,4066,2025-11-10,2025-12-10
16146,4066,2025-12-23,2026-01-22
16147,4066,2026-02-03,2026-03-05
16148,4066,2026-03-25,2026-04-24
16149,4067,2026-03-13,2026-04-12
16150,4067,2026-04-29,2026-05-29
16151,4067,2026-05-31,2026-06-30
16152,4067,2026-07-10,2026-08-09
16153,4067,2026-08-13,2026-09-12
16154,4067,2026-10-02,2026-11-01
16155,4068,2026-03-11,2026-04-10
16156,4068,2026-04-23,2026-05-23
16157,4068,2026-05-25,2026-06-24
16158,4068,2026-07-02,2026-08-01
16159,4069,2025-10-18,2025-11-17
16160,4069,2025-11-19,2025-12-19
16161,4069,2026-01-05,2026-02-04
16162,4069,2026-02-16,2026-03-18
16163,4069,2026-03-28,2026-04-27
16164,4069,2026-05-07,2026-06-06
16165,4069,2026-06-09,2026-07-09
16166,4070,2026-04-02,2026-05-02
16167,4070,2026-05-10,2026-06-09
16168,4070,2026-06-23,2026-07-23
16169,4070,2026-08-13,2026-09-12
16170,4070,2026-09-26,2026-10-26
16171,4070,2026-10-28,2026-11-27
16172,4071,2025-08-07,2025-09-06
16173,4071,2025-09-27,2025-10-27
16174,4072,2025-10-18,2025-11-17
16175,4072,2025-11-25,2025-12-25
16176,4073,2025-12-24,2026-01-23
16177,4073,2026-01-25,2026-02-24
16178,4073,2026-03-02,2026-04-01
16179,4073,2026-04-23,2026-05-23
16180,4073,2026-05-26,2026-06-25
16181,4074,2026-01-09,2026-02-08
16182,4074,2026-02-22,2026-03-24
16183,4074,2026-04-09,2026-05-09
16184,4074,2026-05-23,2026-06-22
16185,4074,2026-07-08,2026-08-07
16186,4075,2025-12-27,2026-01-26
16187,4075,2026-02-10,2026-03-12
16188,4075,2026-03-20,2026-04-19
16189,4075,2026-05-03,2026-06-02
16190,4075,2026-06-13,2026-07-13
16191,4075,2026-07-28,2026-08-27
16192,4075,2026-09-09,2026-10-09
16193,4076,2026-01-04,2026-02-03
16194,4076,2026-02-13,2026-03-15
16195,4076,2026-03-26,2026-04-25
16196,4077,2025-06-20,2025-07-20
16197,4078,2026-05-04,2026-06-03
16198,4078,2026-06-23,2026-07-23
16199,4078,2026-08-03,2026-09-02
16200,4078,2026-09-11,2026-10-11
16201,4078,2026-10-18,2026-11-17
16202,4079,2025-08-30,2025-09-29
16203,4079,2025-10-03,2025-11-02
16204,4079,2025-11-04,2025-12-04
16205,4079,2025-12-09,2026-01-08
16206,4079,2026-01-21,2026-02-20
16207,4079,2026-03-12,2026-04-11
16208,4079,2026-04-18,2026-05-18
16209,4080,2026-01-24,2026-02-23
16210,4080,2026-03-02,2026-04-01
16211,4080,2026-04-09,2026-05-09
16212,4081,2025-10-23,2025-11-22
16213,4081,2025-11-27,2025-12-27
16214,4081,2026-01-03,2026-02-02
16215,4081,2026-02-10,2026-03-12
16216,4081,2026-03-19,2026-04-18
16217,4082,2025-08-26,2025-09-25
16218,4083,2025-11-26,2025-12-26
16219,4083,2026-01-05,2026-02-04
16220,4083,2026-02-25,2026-03-27
16221,4083,2026-04-13,2026-05-13
16222,4083,2026-05-24,2026-06-23
16223,4083,2026-07-04,2026-08-03
16224,4084,2025-11-11,2025-12-11
16225,4084,2025-12-16,2026-01-15
16226,4084,2026-01-28,2026-02-27
16227,4084,2026-03-08,2026-04-07
16228,4085,2026-05-06,2026-06-05
16229,4085,2026-06-19,2026-07-19
16230,4085,2026-07-20,2026-08-19
16231,4085,2026-09-01,2026-10-01
16232,4086,2025-06-17,2025-07-17
16233,4086,2025-07-28,2025-08-27
16234,4086,2025-09-17,2025-10-17
16235,4087,2026-03-05,2026-04-04
16236,4087,2026-04-14,2026-05-14
16237,4087,2026-05-31,2026-06-30
16238,4087,2026-07-16,2026-08-15
16239,4087,2026-08-29,2026-09-28
16240,4087,2026-10-04,2026-11-03
16241,4088,2025-07-31,2025-08-30
16242,4088,2025-09-17,2025-10-17
16243,4088,2025-10-25,2025-11-24
16244,4088,2025-12-03,2026-01-02
16245,4089,2025-08-24,2025-09-23
16246,4089,2025-10-12,2025-11-11
16247,4090,2025-10-07,2025-11-06
16248,4090,2025-11-12,2025-12-12
16249,4091,2026-04-09,2026-05-09
16250,4091,2026-05-23,2026-06-22
16251,4091,2026-07-11,2026-08-10
16252,4092,2026-04-17,2026-05-17
16253,4092,2026-05-23,2026-06-22
16254,4092,2026-07-04,2026-08-03
16255,4092,2026-08-09,2026-09-08
16256,4092,2026-09-30,2026-10-30
16257,4092,2026-11-01,2026-12-01
16258,4092,2026-12-07,2027-01-06
16259,4093,2025-07-15,2025-08-14
16260,4093,2025-08-31,2025-09-30
16261,4093,2025-10-20,2025-11-19
16262,4093,2025-11-26,2025-12-26
16263,4093,2026-01-10,2026-02-09
16264,4093,2026-02-24,2026-03-26
16265,4094,2026-04-10,2026-05-10
16266,4094,2026-05-28,2026-06-27
16267,4095,2025-10-01,2025-10-31
16268,4095,2025-11-17,2025-12-17
16269,4095,2026-01-04,2026-02-03
16270,4095,2026-02-23,2026-03-25
16271,4095,2026-03-28,2026-04-27
16272,4096,2025-12-25,2026-01-24
16273,4096,2026-02-03,2026-03-05
16274,4096,2026-03-25,2026-04-24
16275,4096,2026-05-06,2026-06-05
16276,4096,2026-06-08,2026-07-08
16277,4096,2026-07-21,2026-08-20
16278,4097,2026-04-21,2026-05-21
16279,4097,2026-06-10,2026-07-10
16280,4097,2026-07-29,2026-08-28
16281,4097,2026-08-31,2026-09-30
16282,4097,2026-10-19,2026-11-18
16283,4097,2026-11-27,2026-12-27
16284,4098,2026-01-20,2026-02-19
16285,4098,2026-03-13,2026-04-12
16286,4098,2026-04-22,2026-05-22
16287,4098,2026-06-01,2026-07-01
16288,4098,2026-07-15,2026-08-14
16289,4098,2026-08-23,2026-09-22
16290,4098,2026-10-03,2026-11-02
16291,4099,2025-12-19,2026-01-18
16292,4099,2026-01-19,2026-02-18
16293,4100,2025-09-17,2025-10-17
16294,4100,2025-10-29,2025-11-28
16295,4100,2025-12-04,2026-01-03
16296,4101,2025-08-24,2025-09-23
16297,4101,2025-10-10,2025-11-09
16298,4101,2025-11-22,2025-12-22
16299,4101,2026-01-07,2026-02-06
16300,4101,2026-02-24,2026-03-26
16301,4101,2026-04-07,2026-05-07
16302,4101,2026-05-18,2026-06-17
16303,4102,2025-06-14,2025-07-14
16304,4102,2025-07-17,2025-08-16
16305,4102,2025-09-02,2025-10-02
16306,4102,2025-10-21,2025-11-20
16307,4103,2025-07-13,2025-08-12
16308,4103,2025-09-01,2025-10-01
16309,4103,2025-10-23,2025-11-22
16310,4103,2025-12-04,2026-01-03
16311,4103,2026-01-05,2026-02-04
16312,4103,2026-02-08,2026-03-10
16313,4103,2026-04-01,2026-05-01
16314,4104,2025-07-07,2025-08-06
16315,4104,2025-08-08,2025-09-07
16316,4104,2025-09-27,2025-10-27
16317,4104,2025-11-18,2025-12-18
16318,4105,2025-08-16,2025-09-15
16319,4105,2025-09-20,2025-10-20
16320,4105,2025-11-10,2025-12-10
16321,4105,2025-12-21,2026-01-20
16322,4106,2025-10-18,2025-11-17
16323,4106,2025-12-04,2026-01-03
16324,4106,2026-01-04,2026-02-03
16325,4106,2026-02-05,2026-03-07
16326,4106,2026-03-17,2026-04-16
16327,4106,2026-05-08,2026-06-07
16328,4107,2026-05-01,2026-05-31
16329,4107,2026-06-02,2026-07-02
16330,4107,2026-07-23,2026-08-22
16331,4107,2026-09-07,2026-10-07
16332,4108,2025-12-12,2026-01-11
16333,4108,2026-01-13,2026-02-12
16334,4108,2026-03-06,2026-04-05
16335,4109,2026-05-07,2026-06-06
16336,4110,2026-01-03,2026-02-02
16337,4110,2026-02-03,2026-03-05
16338,4111,2025-12-07,2026-01-06
16339,4111,2026-01-11,2026-02-10
16340,4111,2026-03-04,2026-04-03
16341,4111,2026-04-06,2026-05-06
16342,4111,2026-05-19,2026-06-18
16343,4112,2025-11-14,2025-12-14
16344,4112,2025-12-25,2026-01-24
16345,4112,2026-01-30,2026-03-01
16346,4113,2026-02-06,2026-03-08
16347,4113,2026-03-29,2026-04-28
16348,4113,2026-05-04,2026-06-03
16349,4114,2025-10-18,2025-11-17
16350,4114,2025-11-22,2025-12-22
16351,4114,2026-01-09,2026-02-08
16352,4114,2026-02-21,2026-03-23
16353,4114,2026-04-08,2026-05-08
16354,4114,2026-05-30,2026-06-29
16355,4115,2025-11-03,2025-12-03
16356,4115,2025-12-15,2026-01-14
16357,4115,2026-02-05,2026-03-07
16358,4116,2025-11-20,2025-12-20
16359,4116,2026-01-06,2026-02-05
16360,4116,2026-02-22,2026-03-24
16361,4116,2026-03-27,2026-04-26
16362,4117,2025-06-05,2025-07-05
16363,4117,2025-07-09,2025-08-08
16364,4117,2025-08-19,2025-09-18
16365,4118,2025-10-06,2025-11-05
16366,4118,2025-11-27,2025-12-27
16367,4118,2026-01-10,2026-02-09
16368,4118,2026-02-12,2026-03-14
16369,4118,2026-03-28,2026-04-27
16370,4118,2026-05-11,2026-06-10
16371,4118,2026-06-28,2026-07-28
16372,4119,2026-03-16,2026-04-15
16373,4119,2026-05-04,2026-06-03
16374,4119,2026-06-11,2026-07-11
16375,4120,2026-01-19,2026-02-18
16376,4120,2026-03-03,2026-04-02
16377,4120,2026-04-11,2026-05-11
16378,4120,2026-05-25,2026-06-24
16379,4120,2026-07-15,2026-08-14
16380,4120,2026-08-15,2026-09-14
16381,4121,2025-10-19,2025-11-18
16382,4121,2025-11-29,2025-12-29
16383,4121,2026-01-02,2026-02-01
16384,4121,2026-02-15,2026-03-17
16385,4121,2026-03-21,2026-04-20
16386,4122,2026-04-25,2026-05-25
16387,4122,2026-06-13,2026-07-13
16388,4123,2025-11-30,2025-12-30
16389,4123,2026-01-05,2026-02-04
16390,4123,2026-02-09,2026-03-11
16391,4123,2026-03-20,2026-04-19
16392,4124,2025-08-11,2025-09-10
16393,4125,2025-05-19,2025-06-18
16394,4125,2025-07-08,2025-08-07
16395,4125,2025-08-20,2025-09-19
16396,4126,2025-07-11,2025-08-10
16397,4126,2025-08-13,2025-09-12
16398,4126,2025-09-17,2025-10-17
16399,4126,2025-11-07,2025-12-07
16400,4126,2025-12-21,2026-01-20
16401,4127,2026-04-16,2026-05-16
16402,4127,2026-06-03,2026-07-03
16403,4127,2026-07-16,2026-08-15
16404,4127,2026-09-03,2026-10-03
16405,4128,2025-08-25,2025-09-24
16406,4128,2025-10-11,2025-11-10
16407,4128,2025-11-26,2025-12-26
16408,4128,2026-01-14,2026-02-13
16409,4128,2026-03-02,2026-04-01
16410,4129,2026-04-26,2026-05-26
16411,4129,2026-06-02,2026-07-02
16412,4129,2026-07-05,2026-08-04
16413,4129,2026-08-23,2026-09-22
16414,4129,2026-10-06,2026-11-05
16415,4130,2025-11-30,2025-12-30
16416,4131,2025-12-07,2026-01-06
16417,4131,2026-01-15,2026-02-14
16418,4131,2026-02-21,2026-03-23
16419,4131,2026-04-05,2026-05-05
16420,4132,2026-03-11,2026-04-10
16421,4132,2026-04-16,2026-05-16
16422,4132,2026-05-28,2026-06-27
16423,4132,2026-07-16,2026-08-15
16424,4132,2026-08-18,2026-09-17
16425,4132,2026-10-01,2026-10-31
16426,4132,2026-11-09,2026-12-09
16427,4133,2025-08-16,2025-09-15
16428,4133,2025-09-19,2025-10-19
16429,4134,2025-06-26,2025-07-26
16430,4134,2025-08-08,2025-09-07
16431,4134,2025-09-26,2025-10-26
16432,4134,2025-10-27,2025-11-26
16433,4135,2026-02-13,2026-03-15
16434,4135,2026-03-22,2026-04-21
16435,4135,2026-04-25,2026-05-25
16436,4135,2026-06-14,2026-07-14
16437,4136,2025-11-12,2025-12-12
16438,4136,2025-12-26,2026-01-25
16439,4136,2026-02-02,2026-03-04
16440,4136,2026-03-19,2026-04-18
16441,4136,2026-05-10,2026-06-09
16442,4137,2026-02-08,2026-03-10
16443,4138,2026-02-19,2026-03-21
16444,4138,2026-03-29,2026-04-28
16445,4138,2026-05-11,2026-06-10
16446,4138,2026-06-11,2026-07-11
16447,4138,2026-07-25,2026-08-24
16448,4138,2026-08-29,2026-09-28
16449,4139,2025-06-19,2025-07-19
16450,4139,2025-08-02,2025-09-01
16451,4140,2026-03-25,2026-04-24
16452,4140,2026-05-10,2026-06-09
16453,4140,2026-06-16,2026-07-16
16454,4141,2025-08-24,2025-09-23
16455,4141,2025-10-09,2025-11-08
16456,4141,2025-11-23,2025-12-23
16457,4141,2026-01-04,2026-02-03
16458,4141,2026-02-16,2026-03-18
16459,4141,2026-04-07,2026-05-07
16460,4142,2025-07-06,2025-08-05
16461,4142,2025-08-22,2025-09-21
16462,4143,2025-07-12,2025-08-11
16463,4143,2025-08-12,2025-09-11
16464,4143,2025-09-21,2025-10-21
16465,4143,2025-10-22,2025-11-21
16466,4143,2025-11-23,2025-12-23
16467,4143,2025-12-30,2026-01-29
16468,4143,2026-02-04,2026-03-06
16469,4144,2026-02-02,2026-03-04
16470,4144,2026-03-11,2026-04-10
16471,4145,2025-08-08,2025-09-07
16472,4145,2025-09-13,2025-10-13
16473,4145,2025-10-28,2025-11-27
16474,4146,2025-12-17,2026-01-16
16475,4146,2026-01-23,2026-02-22
16476,4146,2026-03-05,2026-04-04
16477,4146,2026-04-09,2026-05-09
16478,4146,2026-05-31,2026-06-30
16479,4146,2026-07-08,2026-08-07
16480,4146,2026-08-18,2026-09-17
16481,4147,2026-01-05,2026-02-04
16482,4148,2026-01-31,2026-03-02
16483,4148,2026-03-03,2026-04-02
16484,4148,2026-04-10,2026-05-10
16485,4148,2026-05-28,2026-06-27
16486,4148,2026-06-28,2026-07-28
16487,4149,2025-12-11,2026-01-10
16488,4149,2026-02-01,2026-03-03
16489,4149,2026-03-22,2026-04-21
16490,4149,2026-05-02,2026-06-01
16491,4149,2026-06-18,2026-07-18
16492,4149,2026-08-09,2026-09-08
16493,4149,2026-09-22,2026-10-22
16494,4150,2025-08-13,2025-09-12
16495,4150,2025-09-30,2025-10-30
16496,4150,2025-11-10,2025-12-10
16497,4150,2025-12-17,2026-01-16
16498,4150,2026-02-06,2026-03-08
16499,4150,2026-03-30,2026-04-29
16500,4151,2026-04-27,2026-05-27
16501,4151,2026-05-31,2026-06-30
16502,4151,2026-07-21,2026-08-20
16503,4151,2026-08-26,2026-09-25
16504,4151,2026-10-12,2026-11-11
16505,4151,2026-11-14,2026-12-14
16506,4152,2025-11-12,2025-12-12
16507,4152,2025-12-13,2026-01-12
16508,4152,2026-01-19,2026-02-18
16509,4152,2026-03-11,2026-04-10
16510,4153,2025-05-24,2025-06-23
16511,4153,2025-07-06,2025-08-05
16512,4153,2025-08-13,2025-09-12
16513,4153,2025-09-25,2025-10-25
16514,4154,2025-07-08,2025-08-07
16515,4154,2025-08-17,2025-09-16
16516,4154,2025-10-02,2025-11-01
16517,4154,2025-11-07,2025-12-07
16518,4154,2025-12-24,2026-01-23
16519,4154,2026-01-26,2026-02-25
16520,4155,2025-09-14,2025-10-14
16521,4155,2025-10-28,2025-11-27
16522,4156,2026-02-26,2026-03-28
16523,4156,2026-04-06,2026-05-06
16524,4156,2026-05-17,2026-06-16
16525,4156,2026-06-17,2026-07-17
16526,4156,2026-07-24,2026-08-23
16527,4157,2025-10-22,2025-11-21
16528,4157,2025-12-11,2026-01-10
16529,4157,2026-01-12,2026-02-11
16530,4157,2026-02-17,2026-03-19
16531,4157,2026-04-10,2026-05-10
16532,4157,2026-06-01,2026-07-01
16533,4158,2025-12-16,2026-01-15
16534,4158,2026-01-23,2026-02-22
16535,4158,2026-03-10,2026-04-09
16536,4159,2025-06-28,2025-07-28
16537,4159,2025-08-18,2025-09-17
16538,4160,2026-01-17,2026-02-16
16539,4160,2026-03-10,2026-04-09
16540,4160,2026-04-16,2026-05-16
16541,4160,2026-05-21,2026-06-20
16542,4160,2026-06-29,2026-07-29
16543,4160,2026-08-09,2026-09-08
16544,4161,2025-09-15,2025-10-15
16545,4161,2025-10-26,2025-11-25
16546,4161,2025-12-09,2026-01-08
16547,4161,2026-01-23,2026-02-22
16548,4161,2026-02-26,2026-03-28
16549,4161,2026-04-16,2026-05-16
16550,4161,2026-06-06,2026-07-06
16551,4162,2025-06-25,2025-07-25
16552,4163,2025-07-16,2025-08-15
16553,4163,2025-09-01,2025-10-01
16554,4163,2025-10-16,2025-11-15
16555,4164,2025-10-21,2025-11-20
16556,4165,2025-07-18,2025-08-17
16557,4165,2025-08-28,2025-09-27
16558,4166,2025-08-11,2025-09-10
16559,4166,2025-09-20,2025-10-20
16560,4166,2025-11-07,2025-12-07
16561,4167,2025-12-21,2026-01-20
16562,4168,2025-09-04,2025-10-04
16563,4168,2025-10-21,2025-11-20
16564,4169,2025-07-02,2025-08-01
16565,4169,2025-08-07,2025-09-06
16566,4169,2025-09-07,2025-10-07
16567,4169,2025-10-10,2025-11-09
16568,4169,2025-11-20,2025-12-20
16569,4170,2026-05-02,2026-06-01
16570,4170,2026-06-16,2026-07-16
16571,4170,2026-07-31,2026-08-30
16572,4171,2025-07-05,2025-08-04
16573,4171,2025-08-23,2025-09-22
16574,4171,2025-09-25,2025-10-25
16575,4171,2025-11-02,2025-12-02
16576,4172,2026-03-14,2026-04-13
16577,4172,2026-04-27,2026-05-27
16578,4172,2026-06-08,2026-07-08
16579,4172,2026-07-23,2026-08-22
16580,4172,2026-09-05,2026-10-05
16581,4172,2026-10-17,2026-11-16
16582,4173,2026-03-15,2026-04-14
16583,4173,2026-04-19,2026-05-19
16584,4173,2026-06-01,2026-07-01
16585,4173,2026-07-05,2026-08-04
16586,4173,2026-08-23,2026-09-22
16587,4174,2026-04-28,2026-05-28
16588,4174,2026-06-16,2026-07-16
16589,4174,2026-08-07,2026-09-06
16590,4175,2025-07-12,2025-08-11
16591,4175,2025-08-30,2025-09-29
16592,4175,2025-10-09,2025-11-08
16593,4175,2025-11-26,2025-12-26
16594,4175,2026-01-04,2026-02-03
16595,4175,2026-02-22,2026-03-24
16596,4175,2026-04-03,2026-05-03
16597,4176,2025-05-26,2025-06-25
16598,4176,2025-07-06,2025-08-05
16599,4176,2025-08-20,2025-09-19
16600,4176,2025-10-05,2025-11-04
16601,4176,2025-11-18,2025-12-18
16602,4176,2025-12-31,2026-01-30
16603,4177,2025-11-12,2025-12-12
16604,4177,2025-12-30,2026-01-29
16605,4177,2026-02-16,2026-03-18
16606,4177,2026-04-01,2026-05-01
16607,4177,2026-05-12,2026-06-11
16608,4177,2026-07-02,2026-08-01
16609,4178,2026-02-22,2026-03-24
16610,4179,2025-09-12,2025-10-12
16611,4179,2025-10-24,2025-11-23
16612,4179,2025-12-13,2026-01-12
16613,4179,2026-01-24,2026-02-23
16614,4179,2026-03-08,2026-04-07
16615,4179,2026-04-22,2026-05-22
16616,4179,2026-06-08,2026-07-08
16617,4180,2025-09-02,2025-10-02
16618,4180,2025-10-21,2025-11-20
16619,4181,2026-03-24,2026-04-23
16620,4181,2026-05-12,2026-06-11
16621,4181,2026-06-18,2026-07-18
16622,4181,2026-07-31,2026-08-30
16623,4181,2026-08-31,2026-09-30
16624,4181,2026-10-04,2026-11-03
16625,4182,2025-12-11,2026-01-10
16626,4182,2026-01-13,2026-02-12
16627,4182,2026-02-17,2026-03-19
16628,4182,2026-04-09,2026-05-09
16629,4182,2026-05-24,2026-06-23
16630,4182,2026-06-24,2026-07-24
16631,4182,2026-08-07,2026-09-06
16632,4183,2025-09-08,2025-10-08
16633,4184,2025-10-16,2025-11-15
16634,4184,2025-11-29,2025-12-29
16635,4184,2025-12-31,2026-01-30
16636,4184,2026-02-16,2026-03-18
16637,4184,2026-04-03,2026-05-03
16638,4184,2026-05-21,2026-06-20
16639,4185,2025-07-07,2025-08-06
16640,4185,2025-08-07,2025-09-06
16641,4185,2025-09-28,2025-10-28
16642,4185,2025-11-02,2025-12-02
16643,4186,2026-04-02,2026-05-02
16644,4186,2026-05-23,2026-06-22
16645,4186,2026-06-29,2026-07-29
16646,4186,2026-08-16,2026-09-15
16647,4186,2026-10-03,2026-11-02
16648,4186,2026-11-06,2026-12-06
16649,4186,2026-12-09,2027-01-08
16650,4187,2026-05-07,2026-06-06
16651,4188,2025-10-20,2025-11-19
16652,4188,2025-12-05,2026-01-04
16653,4188,2026-01-18,2026-02-17
16654,4188,2026-02-25,2026-03-27
16655,4189,2025-09-05,2025-10-05
16656,4189,2025-10-12,2025-11-11
16657,4190,2025-12-02,2026-01-01
16658,4190,2026-01-11,2026-02-10
16659,4190,2026-02-19,2026-03-21
16660,4190,2026-04-07,2026-05-07
16661,4191,2025-07-01,2025-07-31
16662,4191,2025-08-14,2025-09-13
16663,4191,2025-09-29,2025-10-29
16664,4191,2025-10-30,2025-11-29
16665,4192,2026-03-30,2026-04-29
16666,4192,2026-05-18,2026-06-17
16667,4192,2026-07-08,2026-08-07
16668,4192,2026-08-08,2026-09-07
16669,4192,2026-09-19,2026-10-19
16670,4192,2026-11-01,2026-12-01
16671,4193,2026-02-04,2026-03-06
16672,4193,2026-03-22,2026-04-21
16673,4193,2026-05-01,2026-05-31
16674,4193,2026-06-07,2026-07-07
16675,4193,2026-07-26,2026-08-25
16676,4193,2026-09-08,2026-10-08
16677,4193,2026-10-24,2026-11-23
16678,4194,2026-02-02,2026-03-04
16679,4195,2026-04-10,2026-05-10
16680,4195,2026-05-17,2026-06-16
16681,4195,2026-07-06,2026-08-05
16682,4195,2026-08-13,2026-09-12
16683,4196,2025-09-21,2025-10-21
16684,4196,2025-11-10,2025-12-10
16685,4196,2025-12-11,2026-01-10
16686,4196,2026-01-29,2026-02-28
16687,4197,2025-05-25,2025-06-24
16688,4197,2025-07-12,2025-08-11
16689,4197,2025-09-01,2025-10-01
16690,4198,2025-11-07,2025-12-07
16691,4198,2025-12-29,2026-01-28
16692,4198,2026-01-30,2026-03-01
16693,4198,2026-03-13,2026-04-12
16694,4199,2025-08-27,2025-09-26
16695,4199,2025-10-14,2025-11-13
16696,4199,2025-11-17,2025-12-17
16697,4199,2025-12-19,2026-01-18
16698,4199,2026-01-24,2026-02-23
16699,4200,2026-04-05,2026-05-05
16700,4200,2026-05-10,2026-06-09
16701,4201,2025-09-27,2025-10-27
16702,4201,2025-11-10,2025-12-10
16703,4201,2025-12-24,2026-01-23
16704,4201,2026-01-28,2026-02-27
16705,4201,2026-03-10,2026-04-09
16706,4201,2026-04-18,2026-05-18
16707,4201,2026-06-03,2026-07-03
16708,4202,2025-05-24,2025-06-23
16709,4203,2025-08-01,2025-08-31
16710,4203,2025-09-02,2025-10-02
16711,4203,2025-10-12,2025-11-11
16712,4204,2025-12-22,2026-01-21
16713,4204,2026-01-31,2026-03-02
16714,4204,2026-03-15,2026-04-14
16715,4204,2026-04-18,2026-05-18
16716,4204,2026-05-29,2026-06-28
16717,4204,2026-07-18,2026-08-17
16718,4204,2026-09-01,2026-10-01
16719,4205,2025-09-22,2025-10-22
16720,4206,2026-02-15,2026-03-17
16721,4206,2026-03-19,2026-04-18
16722,4206,2026-05-03,2026-06-02
16723,4206,2026-06-09,2026-07-09
16724,4206,2026-07-26,2026-08-25
16725,4207,2025-09-27,2025-10-27
16726,4207,2025-11-09,2025-12-09
16727,4207,2025-12-24,2026-01-23
16728,4208,2026-01-26,2026-02-25
16729,4208,2026-03-13,2026-04-12
16730,4208,2026-04-22,2026-05-22
16731,4208,2026-05-30,2026-06-29
16732,4208,2026-07-12,2026-08-11
16733,4208,2026-08-30,2026-09-29
16734,4209,2025-08-14,2025-09-13
16735,4209,2025-10-04,2025-11-03
16736,4209,2025-11-05,2025-12-05
16737,4209,2025-12-23,2026-01-22
16738,4209,2026-02-11,2026-03-13
16739,4209,2026-03-22,2026-04-21
16740,4209,2026-04-25,2026-05-25
16741,4210,2026-05-16,2026-06-15
16742,4211,2025-08-20,2025-09-19
16743,4211,2025-10-02,2025-11-01
16744,4211,2025-11-17,2025-12-17
16745,4212,2026-03-08,2026-04-07
16746,4212,2026-04-12,2026-05-12
16747,4212,2026-05-16,2026-06-15
16748,4212,2026-06-22,2026-07-22
16749,4212,2026-07-23,2026-08-22
16750,4213,2026-01-24,2026-02-23
16751,4213,2026-03-17,2026-04-16
16752,4213,2026-05-04,2026-06-03
16753,4214,2025-07-06,2025-08-05
16754,4214,2025-08-17,2025-09-16
16755,4214,2025-10-07,2025-11-06
16756,4215,2025-07-18,2025-08-17
16757,4216,2025-10-09,2025-11-08
16758,4216,2025-11-15,2025-12-15
16759,4216,2025-12-27,2026-01-26
16760,4216,2026-02-15,2026-03-17
16761,4216,2026-03-27,2026-04-26
16762,4216,2026-04-27,2026-05-27
16763,4217,2026-03-09,2026-04-08
16764,4217,2026-04-30,2026-05-30
16765,4217,2026-06-18,2026-07-18
16766,4218,2026-04-21,2026-05-21
16767,4219,2025-10-05,2025-11-04
16768,4219,2025-11-24,2025-12-24
16769,4219,2026-01-13,2026-02-12
16770,4219,2026-03-03,2026-04-02
16771,4219,2026-04-04,2026-05-04
16772,4220,2026-03-06,2026-04-05
16773,4220,2026-04-13,2026-05-13
16774,4221,2025-11-17,2025-12-17
16775,4221,2026-01-08,2026-02-07
16776,4221,2026-02-21,2026-03-23
16777,4221,2026-04-07,2026-05-07
16778,4221,2026-05-20,2026-06-19
16779,4222,2025-10-15,2025-11-14
16780,4223,2025-12-01,2025-12-31
16781,4223,2026-01-19,2026-02-18
16782,4223,2026-03-01,2026-03-31
16783,4223,2026-04-03,2026-05-03
16784,4223,2026-05-10,2026-06-09
16785,4223,2026-06-19,2026-07-19
16786,4223,2026-07-20,2026-08-19
16787,4224,2025-11-10,2025-12-10
16788,4224,2025-12-30,2026-01-29
16789,4225,2026-01-12,2026-02-11
16790,4225,2026-03-01,2026-03-31
16791,4225,2026-04-15,2026-05-15
16792,4225,2026-05-25,2026-06-24
16793,4225,2026-07-04,2026-08-03
16794,4226,2026-04-17,2026-05-17
16795,4226,2026-05-18,2026-06-17
16796,4226,2026-07-04,2026-08-03
16797,4226,2026-08-07,2026-09-06
16798,4226,2026-09-23,2026-10-23
16799,4226,2026-10-30,2026-11-29
16800,4227,2025-12-23,2026-01-22
16801,4227,2026-02-10,2026-03-12
16802,4228,2025-12-12,2026-01-11
16803,4228,2026-02-02,2026-03-04
16804,4229,2026-03-28,2026-04-27
16805,4229,2026-05-03,2026-06-02
16806,4229,2026-06-15,2026-07-15
16807,4229,2026-07-28,2026-08-27
16808,4229,2026-09-04,2026-10-04
16809,4229,2026-10-21,2026-11-20
16810,4230,2025-09-16,2025-10-16
16811,4231,2025-12-11,2026-01-10
16812,4231,2026-01-28,2026-02-27
16813,4231,2026-03-02,2026-04-01
16814,4232,2026-01-19,2026-02-18
16815,4232,2026-02-26,2026-03-28
16816,4232,2026-04-05,2026-05-05
16817,4233,2026-05-12,2026-06-11
16818,4234,2026-01-05,2026-02-04
16819,4234,2026-02-15,2026-03-17
16820,4234,2026-04-01,2026-05-01
16821,4234,2026-05-16,2026-06-15
16822,4235,2026-03-25,2026-04-24
16823,4235,2026-05-10,2026-06-09
16824,4235,2026-06-12,2026-07-12
16825,4235,2026-07-31,2026-08-30
16826,4235,2026-09-04,2026-10-04
16827,4235,2026-10-26,2026-11-25
16828,4235,2026-12-13,2027-01-12
16829,4236,2025-06-09,2025-07-09
16830,4236,2025-07-11,2025-08-10
16831,4236,2025-08-18,2025-09-17
16832,4236,2025-09-19,2025-10-19
16833,4236,2025-10-24,2025-11-23
16834,4237,2026-01-12,2026-02-11
16835,4237,2026-02-26,2026-03-28
16836,4237,2026-04-06,2026-05-06
16837,4237,2026-05-08,2026-06-07
16838,4238,2025-09-13,2025-10-13
16839,4238,2025-10-19,2025-11-18
16840,4238,2025-11-26,2025-12-26
16841,4238,2026-01-17,2026-02-16
16842,4238,2026-02-17,2026-03-19
16843,4239,2025-12-04,2026-01-03
16844,4239,2026-01-16,2026-02-15
16845,4239,2026-03-02,2026-04-01
16846,4239,2026-04-17,2026-05-17
16847,4240,2025-07-03,2025-08-02
16848,4240,2025-08-22,2025-09-21
16849,4240,2025-10-12,2025-11-11
16850,4240,2025-11-17,2025-12-17
16851,4241,2025-11-04,2025-12-04
16852,4241,2025-12-20,2026-01-19
16853,4241,2026-02-10,2026-03-12
16854,4241,2026-03-18,2026-04-17
16855,4241,2026-04-30,2026-05-30
16856,4241,2026-06-10,2026-07-10
16857,4241,2026-07-21,2026-08-20
16858,4242,2025-06-09,2025-07-09
16859,4243,2025-12-28,2026-01-27
16860,4243,2026-02-10,2026-03-12
16861,4243,2026-03-28,2026-04-27
16862,4244,2026-05-07,2026-06-06
16863,4244,2026-06-10,2026-07-10
16864,4244,2026-07-20,2026-08-19
16865,4244,2026-08-30,2026-09-29
16866,4244,2026-10-07,2026-11-06
16867,4244,2026-11-21,2026-12-21
16868,4245,2025-09-16,2025-10-16
16869,4245,2025-10-28,2025-11-27
16870,4245,2025-12-12,2026-01-11
16871,4245,2026-01-21,2026-02-20
16872,4245,2026-03-02,2026-04-01
16873,4245,2026-04-23,2026-05-23
16874,4245,2026-06-09,2026-07-09
16875,4246,2025-08-10,2025-09-09
16876,4246,2025-09-14,2025-10-14
16877,4247,2026-05-14,2026-06-13
16878,4247,2026-07-02,2026-08-01
16879,4247,2026-08-03,2026-09-02
16880,4247,2026-09-06,2026-10-06
16881,4247,2026-10-23,2026-11-22
16882,4247,2026-12-04,2027-01-03
16883,4248,2026-03-07,2026-04-06
16884,4248,2026-04-10,2026-05-10
16885,4248,2026-05-21,2026-06-20
16886,4248,2026-07-04,2026-08-03
16887,4248,2026-08-19,2026-09-18
16888,4248,2026-09-26,2026-10-26
16889,4248,2026-11-03,2026-12-03
16890,4249,2025-11-08,2025-12-08
16891,4249,2025-12-11,2026-01-10
16892,4249,2026-01-21,2026-02-20
16893,4249,2026-03-07,2026-04-06
16894,4249,2026-04-20,2026-05-20
16895,4249,2026-05-30,2026-06-29
16896,4249,2026-07-13,2026-08-12
16897,4250,2026-04-07,2026-05-07
16898,4251,2025-11-15,2025-12-15
16899,4251,2026-01-02,2026-02-01
16900,4251,2026-02-02,2026-03-04
16901,4251,2026-03-24,2026-04-23
16902,4251,2026-05-11,2026-06-10
16903,4251,2026-06-17,2026-07-17
16904,4252,2025-10-27,2025-11-26
16905,4252,2025-11-29,2025-12-29
16906,4252,2026-01-17,2026-02-16
16907,4252,2026-02-24,2026-03-26
16908,4252,2026-04-04,2026-05-04
16909,4252,2026-05-18,2026-06-17
16910,4253,2025-11-25,2025-12-25
16911,4253,2025-12-31,2026-01-30
16912,4253,2026-02-15,2026-03-17
16913,4253,2026-03-28,2026-04-27
16914,4253,2026-05-14,2026-06-13
16915,4253,2026-06-27,2026-07-27
16916,4254,2025-08-01,2025-08-31
16917,4254,2025-09-12,2025-10-12
16918,4255,2025-10-20,2025-11-19
16919,4255,2025-11-26,2025-12-26
16920,4256,2026-02-24,2026-03-26
16921,4256,2026-04-03,2026-05-03
16922,4256,2026-05-13,2026-06-12
16923,4256,2026-07-02,2026-08-01
16924,4256,2026-08-13,2026-09-12
16925,4257,2025-11-09,2025-12-09
16926,4257,2025-12-24,2026-01-23
16927,4257,2026-01-25,2026-02-24
16928,4258,2025-10-13,2025-11-12
16929,4259,2026-01-30,2026-03-01
16930,4259,2026-03-18,2026-04-17
16931,4259,2026-05-08,2026-06-07
16932,4259,2026-06-12,2026-07-12
16933,4259,2026-07-25,2026-08-24
16934,4259,2026-08-31,2026-09-30
16935,4260,2025-06-15,2025-07-15
16936,4260,2025-08-05,2025-09-04
16937,4260,2025-09-11,2025-10-11
16938,4260,2025-10-17,2025-11-16
16939,4260,2025-11-25,2025-12-25
16940,4261,2026-02-22,2026-03-24
16941,4261,2026-04-08,2026-05-08
16942,4261,2026-05-11,2026-06-10
16943,4261,2026-06-23,2026-07-23
16944,4261,2026-07-27,2026-08-26
16945,4261,2026-09-17,2026-10-17
16946,4262,2026-04-12,2026-05-12
16947,4262,2026-05-18,2026-06-17
16948,4262,2026-07-04,2026-08-03
16949,4262,2026-08-24,2026-09-23
16950,4262,2026-10-06,2026-11-05
16951,4262,2026-11-24,2026-12-24
16952,4263,2026-01-13,2026-02-12
16953,4263,2026-02-28,2026-03-30
16954,4263,2026-04-13,2026-05-13
16955,4263,2026-05-19,2026-06-18
16956,4263,2026-06-25,2026-07-25
16957,4263,2026-08-15,2026-09-14
16958,4264,2025-11-16,2025-12-16
16959,4265,2025-05-21,2025-06-20
16960,4265,2025-07-11,2025-08-10
16961,4265,2025-08-19,2025-09-18
16962,4265,2025-10-04,2025-11-03
16963,4265,2025-11-21,2025-12-21
16964,4266,2026-04-28,2026-05-28
16965,4266,2026-06-11,2026-07-11
16966,4266,2026-07-28,2026-08-27
16967,4266,2026-08-31,2026-09-30
16968,4266,2026-10-19,2026-11-18
16969,4266,2026-11-25,2026-12-25
16970,4266,2026-12-29,2027-01-28
16971,4267,2025-07-24,2025-08-23
16972,4267,2025-09-11,2025-10-11
16973,4268,2025-10-16,2025-11-15
16974,4269,2026-04-05,2026-05-05
16975,4269,2026-05-06,2026-06-05
16976,4270,2025-06-16,2025-07-16
16977,4270,2025-07-24,2025-08-23
16978,4271,2026-02-20,2026-03-22
16979,4271,2026-03-26,2026-04-25
16980,4271,2026-05-12,2026-06-11
16981,4271,2026-06-23,2026-07-23
16982,4271,2026-08-01,2026-08-31
16983,4272,2025-06-18,2025-07-18
16984,4272,2025-07-21,2025-08-20
16985,4272,2025-09-07,2025-10-07
16986,4273,2025-07-12,2025-08-11
16987,4273,2025-08-29,2025-09-28
16988,4274,2025-12-07,2026-01-06
16989,4274,2026-01-15,2026-02-14
16990,4275,2025-12-31,2026-01-30
16991,4276,2026-04-03,2026-05-03
16992,4276,2026-05-04,2026-06-03
16993,4276,2026-06-10,2026-07-10
16994,4276,2026-07-16,2026-08-15
16995,4277,2026-01-09,2026-02-08
16996,4277,2026-02-24,2026-03-26
16997,4278,2025-07-04,2025-08-03
16998,4278,2025-08-23,2025-09-22
16999,4278,2025-09-23,2025-10-23
17000,4279,2026-01-28,2026-02-27
17001,4279,2026-03-17,2026-04-16
17002,4279,2026-04-29,2026-05-29
17003,4279,2026-06-10,2026-07-10
17004,4280,2025-10-25,2025-11-24
17005,4281,2025-09-21,2025-10-21
17006,4281,2025-11-11,2025-12-11
17007,4281,2025-12-16,2026-01-15
17008,4281,2026-01-18,2026-02-17
17009,4281,2026-02-24,2026-03-26
17010,4282,2026-02-07,2026-03-09
17011,4282,2026-03-11,2026-04-10
17012,4282,2026-04-27,2026-05-27
17013,4282,2026-06-10,2026-07-10
17014,4282,2026-07-16,2026-08-15
17015,4282,2026-09-02,2026-10-02
17016,4282,2026-10-16,2026-11-15
17017,4283,2025-05-20,2025-06-19
17018,4283,2025-06-29,2025-07-29
17019,4283,2025-08-19,2025-09-18
17020,4284,2025-12-18,2026-01-17
17021,4284,2026-01-30,2026-03-01
17022,4284,2026-03-03,2026-04-02
17023,4285,2025-12-13,2026-01-12
17024,4285,2026-01-30,2026-03-01
17025,4285,2026-03-07,2026-04-06
17026,4285,2026-04-13,2026-05-13
17027,4285,2026-05-14,2026-06-13
17028,4285,2026-07-02,2026-08-01
17029,4286,2026-01-05,2026-02-04
17030,4286,2026-02-22,2026-03-24
17031,4286,2026-04-08,2026-05-08
17032,4286,2026-05-14,2026-06-13
17033,4286,2026-06-30,2026-07-30
17034,4286,2026-08-19,2026-09-18
17035,4286,2026-10-09,2026-11-08
17036,4287,2025-06-02,2025-07-02
17037,4287,2025-07-17,2025-08-16
17038,4287,2025-09-07,2025-10-07
17039,4288,2026-04-28,2026-05-28
17040,4288,2026-05-31,2026-06-30
17041,4288,2026-07-13,2026-08-12
17042,4288,2026-08-19,2026-09-18
17043,4289,2025-07-08,2025-08-07
17044,4290,2025-08-14,2025-09-13
17045,4290,2025-09-17,2025-10-17
17046,4290,2025-11-02,2025-12-02
17047,4290,2025-12-08,2026-01-07
17048,4291,2026-01-19,2026-02-18
17049,4291,2026-02-19,2026-03-21
17050,4292,2025-09-06,2025-10-06
17051,4292,2025-10-16,2025-11-15
17052,4293,2025-10-18,2025-11-17
17053,4294,2026-02-06,2026-03-08
17054,4294,2026-03-18,2026-04-17
17055,4294,2026-05-06,2026-06-05
17056,4294,2026-06-08,2026-07-08
17057,4294,2026-07-29,2026-08-28
17058,4294,2026-08-31,2026-09-30
17059,4294,2026-10-14,2026-11-13
17060,4295,2025-10-16,2025-11-15
17061,4295,2025-12-07,2026-01-06
17062,4295,2026-01-08,2026-02-07
17063,4296,2025-06-11,2025-07-11
17064,4297,2026-01-17,2026-02-16
17065,4297,2026-02-24,2026-03-26
17066,4297,2026-04-08,2026-05-08
17067,4297,2026-05-22,2026-06-21
17068,4298,2025-12-10,2026-01-09
17069,4298,2026-01-26,2026-02-25
17070,4298,2026-03-06,2026-04-05
17071,4298,2026-04-17,2026-05-17
17072,4298,2026-05-28,2026-06-27
17073,4298,2026-07-07,2026-08-06
17074,4298,2026-08-09,2026-09-08
17075,4299,2026-02-27,2026-03-29
17076,4299,2026-04-16,2026-05-16
17077,4299,2026-06-06,2026-07-06
17078,4299,2026-07-17,2026-08-16
17079,4299,2026-08-31,2026-09-30
17080,4299,2026-10-20,2026-11-19
17081,4299,2026-12-02,2027-01-01
17082,4300,2025-10-19,2025-11-18
17083,4300,2025-11-30,2025-12-30
17084,4301,2025-09-25,2025-10-25
17085,4301,2025-11-15,2025-12-15
17086,4301,2025-12-16,2026-01-15
17087,4301,2026-02-01,2026-03-03
17088,4301,2026-03-13,2026-04-12
17089,4301,2026-04-29,2026-05-29
17090,4301,2026-06-12,2026-07-12
17091,4302,2026-01-07,2026-02-06
17092,4303,2025-06-04,2025-07-04
17093,4303,2025-07-26,2025-08-25
17094,4303,2025-08-27,2025-09-26
17095,4303,2025-10-02,2025-11-01
17096,4303,2025-11-14,2025-12-14
17097,4303,2025-12-15,2026-01-14
17098,4304,2025-06-29,2025-07-29
17099,4304,2025-07-30,2025-08-29
17100,4304,2025-09-19,2025-10-19
17101,4304,2025-10-23,2025-11-22
17102,4305,2025-06-15,2025-07-15
17103,4305,2025-08-06,2025-09-05
17104,4305,2025-09-16,2025-10-16
17105,4306,2026-04-22,2026-05-22
17106,4306,2026-05-26,2026-06-25
17107,4306,2026-07-08,2026-08-07
17108,4306,2026-08-12,2026-09-11
17109,4306,2026-09-21,2026-10-21
17110,4307,2025-05-14,2025-06-13
17111,4308,2025-11-02,2025-12-02
17112,4308,2025-12-20,2026-01-19
17113,4308,2026-02-06,2026-03-08
17114,4308,2026-03-18,2026-04-17
17115,4309,2026-02-05,2026-03-07
17116,4309,2026-03-12,2026-04-11
17117,4309,2026-04-14,2026-05-14
17118,4309,2026-05-28,2026-06-27
17119,4310,2025-10-22,2025-11-21
17120,4311,2026-02-18,2026-03-20
17121,4311,2026-03-27,2026-04-26
17122,4311,2026-05-13,2026-06-12
17123,4312,2025-06-09,2025-07-09
17124,4312,2025-07-18,2025-08-17
17125,4313,2025-12-29,2026-01-28
17126,4313,2026-02-12,2026-03-14
17127,4313,2026-03-17,2026-04-16
17128,4313,2026-04-19,2026-05-19
17129,4313,2026-06-09,2026-07-09
17130,4313,2026-07-10,2026-08-09
17131,4313,2026-08-31,2026-09-30
17132,4314,2025-11-29,2025-12-29
17133,4314,2026-01-18,2026-02-17
17134,4314,2026-03-06,2026-04-05
17135,4314,2026-04-17,2026-05-17
17136,4314,2026-05-18,2026-06-17
17137,4314,2026-06-23,2026-07-23
17138,4314,2026-07-31,2026-08-30
17139,4315,2026-03-26,2026-04-25
17140,4315,2026-05-07,2026-06-06
17141,4315,2026-06-27,2026-07-27
17142,4315,2026-07-28,2026-08-27
17143,4315,2026-09-10,2026-10-10
17144,4315,2026-10-24,2026-11-23
17145,4316,2025-07-31,2025-08-30
17146,4317,2025-10-15,2025-11-14
17147,4317,2025-11-22,2025-12-22
17148,4317,2026-01-13,2026-02-12
17149,4318,2025-06-15,2025-07-15
17150,4318,2025-07-31,2025-08-30
17151,4318,2025-09-02,2025-10-02
17152,4318,2025-10-11,2025-11-10
17153,4318,2025-11-25,2025-12-25
17154,4318,2026-01-13,2026-02-12
17155,4318,2026-02-23,2026-03-25
17156,4319,2026-03-09,2026-04-08
17157,4319,2026-04-14,2026-05-14
17158,4319,2026-06-02,2026-07-02
17159,4320,2025-07-27,2025-08-26
17160,4320,2025-09-05,2025-10-05
17161,4320,2025-10-24,2025-11-23
17162,4320,2025-11-29,2025-12-29
17163,4320,2026-01-04,2026-02-03
17164,4320,2026-02-04,2026-03-06
17165,4321,2025-06-11,2025-07-11
17166,4321,2025-07-14,2025-08-13
17167,4321,2025-08-25,2025-09-24
17168,4321,2025-10-15,2025-11-14
17169,4321,2025-11-20,2025-12-20
17170,4322,2025-09-18,2025-10-18
17171,4322,2025-11-09,2025-12-09
17172,4322,2025-12-21,2026-01-20
17173,4322,2026-01-25,2026-02-24
17174,4322,2026-02-28,2026-03-30
17175,4323,2025-10-16,2025-11-15
17176,4323,2025-12-03,2026-01-02
17177,4323,2026-01-03,2026-02-02
17178,4323,2026-02-06,2026-03-08
17179,4323,2026-03-14,2026-04-13
17180,4323,2026-04-27,2026-05-27
17181,4323,2026-06-16,2026-07-16
17182,4324,2025-06-20,2025-07-20
17183,4324,2025-07-22,2025-08-21
17184,4325,2025-10-12,2025-11-11
17185,4325,2025-11-27,2025-12-27
17186,4325,2026-01-04,2026-02-03
17187,4325,2026-02-08,2026-03-10
17188,4325,2026-03-19,2026-04-18
17189,4325,2026-05-08,2026-06-07
17190,4325,2026-06-10,2026-07-10
17191,4326,2026-01-04,2026-02-03
17192,4326,2026-02-11,2026-03-13
17193,4326,2026-03-15,2026-04-14
17194,4326,2026-04-22,2026-05-22
17195,4326,2026-05-28,2026-06-27
17196,4327,2026-02-06,2026-03-08
17197,4328,2026-01-10,2026-02-09
17198,4328,2026-02-22,2026-03-24
17199,4328,2026-03-29,2026-04-28
17200,4329,2025-10-15,2025-11-14
17201,4329,2025-12-01,2025-12-31
17202,4329,2026-01-10,2026-02-09
17203,4329,2026-02-19,2026-03-21
17204,4329,2026-03-23,2026-04-22
17205,4330,2025-05-22,2025-06-21
17206,4330,2025-07-07,2025-08-06
17207,4330,2025-08-27,2025-09-26
17208,4330,2025-10-09,2025-11-08
17209,4330,2025-11-20,2025-12-20
17210,4330,2025-12-29,2026-01-28
17211,4330,2026-02-04,2026-03-06
17212,4331,2025-08-22,2025-09-21
17213,4331,2025-09-30,2025-10-30
17214,4331,2025-11-04,2025-12-04
17215,4331,2025-12-22,2026-01-21
17216,4331,2026-02-02,2026-03-04
17217,4332,2026-03-07,2026-04-06
17218,4333,2025-06-29,2025-07-29
17219,4334,2025-11-17,2025-12-17
17220,4334,2025-12-21,2026-01-20
17221,4334,2026-01-30,2026-03-01
17222,4334,2026-03-19,2026-04-18
17223,4334,2026-05-02,2026-06-01
17224,4334,2026-06-22,2026-07-22
17225,4335,2025-06-27,2025-07-27
17226,4335,2025-08-15,2025-09-14
17227,4335,2025-10-05,2025-11-04
17228,4335,2025-11-06,2025-12-06
17229,4335,2025-12-23,2026-01-22
17230,4335,2026-02-02,2026-03-04
17231,4335,2026-03-05,2026-04-04
17232,4336,2026-01-16,2026-02-15
17233,4337,2025-09-21,2025-10-21
17234,4337,2025-11-12,2025-12-12
17235,4337,2025-12-16,2026-01-15
17236,4337,2026-01-26,2026-02-25
17237,4337,2026-03-16,2026-04-15
17238,4338,2025-11-24,2025-12-24
17239,4338,2025-12-28,2026-01-27
17240,4338,2026-02-14,2026-03-16
17241,4338,2026-03-21,2026-04-20
17242,4338,2026-04-27,2026-05-27
17243,4338,2026-06-11,2026-07-11
17244,4338,2026-07-27,2026-08-26
17245,4339,2025-06-30,2025-07-30
17246,4340,2026-05-09,2026-06-08
17247,4341,2026-05-06,2026-06-05
17248,4341,2026-06-21,2026-07-21
17249,4341,2026-08-09,2026-09-08
17250,4342,2026-02-21,2026-03-23
17251,4342,2026-03-26,2026-04-25
17252,4342,2026-05-11,2026-06-10
17253,4342,2026-06-14,2026-07-14
17254,4342,2026-07-30,2026-08-29
17255,4343,2026-02-05,2026-03-07
17256,4343,2026-03-08,2026-04-07
17257,4343,2026-04-14,2026-05-14
17258,4343,2026-05-23,2026-06-22
17259,4343,2026-07-04,2026-08-03
17260,4343,2026-08-16,2026-09-15
17261,4343,2026-10-02,2026-11-01
17262,4344,2026-01-08,2026-02-07
17263,4344,2026-02-24,2026-03-26
17264,4344,2026-04-08,2026-05-08
17265,4344,2026-05-19,2026-06-18
17266,4344,2026-07-10,2026-08-09
17267,4345,2026-01-21,2026-02-20
17268,4345,2026-03-08,2026-04-07
17269,4345,2026-04-17,2026-05-17
17270,4345,2026-05-26,2026-06-25
17271,4345,2026-07-15,2026-08-14
17272,4345,2026-08-27,2026-09-26
17273,4345,2026-10-09,2026-11-08
17274,4346,2025-12-13,2026-01-12
17275,4347,2026-03-23,2026-04-22
17276,4347,2026-05-05,2026-06-04
17277,4348,2025-08-04,2025-09-03
17278,4348,2025-09-19,2025-10-19
17279,4348,2025-10-28,2025-11-27
17280,4348,2025-12-01,2025-12-31
17281,4348,2026-01-05,2026-02-04
17282,4348,2026-02-05,2026-03-07
17283,4348,2026-03-25,2026-04-24
17284,4349,2026-03-01,2026-03-31
17285,4349,2026-04-07,2026-05-07
17286,4349,2026-05-21,2026-06-20
17287,4349,2026-07-07,2026-08-06
17288,4349,2026-08-26,2026-09-25
17289,4350,2025-10-29,2025-11-28
17290,4350,2025-12-10,2026-01-09
17291,4350,2026-01-14,2026-02-13
17292,4350,2026-03-03,2026-04-02
17293,4350,2026-04-24,2026-05-24
17294,4351,2026-03-18,2026-04-17
17295,4351,2026-04-18,2026-05-18
17296,4351,2026-05-28,2026-06-27
17297,4351,2026-07-04,2026-08-03
17298,4351,2026-08-22,2026-09-21
17299,4351,2026-09-29,2026-10-29
17300,4352,2025-06-09,2025-07-09
17301,4353,2026-03-08,2026-04-07
17302,4353,2026-04-27,2026-05-27
17303,4354,2026-01-15,2026-02-14
17304,4354,2026-02-26,2026-03-28
17305,4354,2026-04-02,2026-05-02
17306,4354,2026-05-16,2026-06-15
17307,4355,2025-12-09,2026-01-08
17308,4355,2026-01-26,2026-02-25
17309,4355,2026-02-27,2026-03-29
17310,4355,2026-04-05,2026-05-05
17311,4355,2026-05-27,2026-06-26
17312,4356,2026-05-08,2026-06-07
17313,4356,2026-06-20,2026-07-20
17314,4356,2026-08-05,2026-09-04
17315,4356,2026-09-21,2026-10-21
17316,4357,2026-01-08,2026-02-07
17317,4357,2026-02-12,2026-03-14
17318,4357,2026-03-23,2026-04-22
17319,4357,2026-05-13,2026-06-12
17320,4358,2025-06-02,2025-07-02
17321,4359,2025-12-04,2026-01-03
17322,4359,2026-01-16,2026-02-15
17323,4360,2025-05-25,2025-06-24
17324,4360,2025-07-11,2025-08-10
17325,4361,2026-04-17,2026-05-17
17326,4361,2026-05-25,2026-06-24
17327,4361,2026-06-25,2026-07-25
17328,4361,2026-08-01,2026-08-31
17329,4361,2026-09-20,2026-10-20
17330,4361,2026-11-01,2026-12-01
17331,4361,2026-12-09,2027-01-08
17332,4362,2026-05-12,2026-06-11
17333,4362,2026-06-24,2026-07-24
17334,4362,2026-07-26,2026-08-25
17335,4363,2025-09-20,2025-10-20
17336,4363,2025-11-01,2025-12-01
17337,4363,2025-12-08,2026-01-07
17338,4363,2026-01-13,2026-02-12
17339,4363,2026-03-04,2026-04-03
17340,4363,2026-04-21,2026-05-21
17341,4364,2025-10-08,2025-11-07
17342,4364,2025-11-08,2025-12-08
17343,4365,2026-03-04,2026-04-03
17344,4366,2025-06-17,2025-07-17
17345,4366,2025-08-02,2025-09-01
17346,4366,2025-09-11,2025-10-11
17347,4366,2025-10-26,2025-11-25
17348,4366,2025-12-06,2026-01-05
17349,4366,2026-01-14,2026-02-13
17350,4366,2026-03-01,2026-03-31
17351,4367,2025-09-20,2025-10-20
17352,4367,2025-11-04,2025-12-04
17353,4367,2025-12-06,2026-01-05
17354,4367,2026-01-14,2026-02-13
17355,4367,2026-03-04,2026-04-03
17356,4367,2026-04-23,2026-05-23
17357,4368,2025-06-14,2025-07-14
17358,4368,2025-07-29,2025-08-28
17359,4368,2025-09-15,2025-10-15
17360,4368,2025-10-18,2025-11-17
17361,4368,2025-12-07,2026-01-06
17362,4369,2026-04-21,2026-05-21
17363,4369,2026-06-01,2026-07-01
17364,4369,2026-07-20,2026-08-19
17365,4370,2026-04-29,2026-05-29
17366,4370,2026-06-18,2026-07-18
17367,4370,2026-07-31,2026-08-30
17368,4370,2026-09-03,2026-10-03
17369,4371,2026-02-02,2026-03-04
17370,4371,2026-03-26,2026-04-25
17371,4371,2026-05-04,2026-06-03
17372,4371,2026-06-04,2026-07-04
17373,4371,2026-07-15,2026-08-14
17374,4371,2026-08-30,2026-09-29
17375,4372,2025-05-23,2025-06-22
17376,4372,2025-07-11,2025-08-10
17377,4372,2025-08-14,2025-09-13
17378,4372,2025-09-15,2025-10-15
17379,4373,2025-08-04,2025-09-03
17380,4373,2025-09-13,2025-10-13
17381,4373,2025-10-17,2025-11-16
17382,4373,2025-12-08,2026-01-07
17383,4373,2026-01-23,2026-02-22
17384,4373,2026-03-05,2026-04-04
17385,4373,2026-04-18,2026-05-18
17386,4374,2026-01-24,2026-02-23
17387,4374,2026-03-02,2026-04-01
17388,4374,2026-04-03,2026-05-03
17389,4374,2026-05-19,2026-06-18
17390,4374,2026-06-24,2026-07-24
17391,4374,2026-07-28,2026-08-27
17392,4375,2025-11-25,2025-12-25
17393,4375,2026-01-09,2026-02-08
17394,4375,2026-03-02,2026-04-01
17395,4375,2026-04-16,2026-05-16
17396,4375,2026-05-19,2026-06-18
17397,4376,2025-07-29,2025-08-28
17398,4376,2025-09-16,2025-10-16
17399,4376,2025-11-04,2025-12-04
17400,4376,2025-12-08,2026-01-07
17401,4376,2026-01-20,2026-02-19
17402,4376,2026-03-02,2026-04-01
17403,4377,2025-11-30,2025-12-30
17404,4377,2026-01-07,2026-02-06
17405,4377,2026-02-20,2026-03-22
17406,4377,2026-03-30,2026-04-29
17407,4378,2025-12-21,2026-01-20
17408,4378,2026-01-24,2026-02-23
17409,4378,2026-02-25,2026-03-27
17410,4378,2026-04-05,2026-05-05
17411,4378,2026-05-23,2026-06-22
17412,4378,2026-07-03,2026-08-02
17413,4378,2026-08-17,2026-09-16
17414,4379,2025-07-03,2025-08-02
17415,4379,2025-08-17,2025-09-16
17416,4379,2025-09-20,2025-10-20
17417,4379,2025-10-25,2025-11-24
17418,4379,2025-12-07,2026-01-06
17419,4379,2026-01-17,2026-02-16
17420,4380,2025-09-03,2025-10-03
17421,4380,2025-10-21,2025-11-20
17422,4380,2025-11-23,2025-12-23
17423,4380,2026-01-10,2026-02-09
17424,4380,2026-02-14,2026-03-16
17425,4380,2026-04-04,2026-05-04
17426,4381,2025-09-21,2025-10-21
17427,4381,2025-11-08,2025-12-08
17428,4382,2025-06-09,2025-07-09
17429,4382,2025-07-26,2025-08-25
17430,4382,2025-09-06,2025-10-06
17431,4382,2025-10-27,2025-11-26
17432,4382,2025-12-02,2026-01-01
17433,4382,2026-01-10,2026-02-09
17434,4383,2025-08-27,2025-09-26
17435,4383,2025-09-29,2025-10-29
17436,4383,2025-11-18,2025-12-18
17437,4383,2025-12-31,2026-01-30
17438,4383,2026-01-31,2026-03-02
17439,4383,2026-03-23,2026-04-22
17440,4384,2025-10-29,2025-11-28
17441,4384,2025-12-10,2026-01-09
17442,4384,2026-01-31,2026-03-02
17443,4385,2025-09-20,2025-10-20
17444,4385,2025-11-01,2025-12-01
17445,4385,2025-12-08,2026-01-07
17446,4385,2026-01-22,2026-02-21
17447,4385,2026-03-01,2026-03-31
17448,4385,2026-04-02,2026-05-02
17449,4385,2026-05-11,2026-06-10
17450,4386,2025-09-13,2025-10-13
17451,4386,2025-10-20,2025-11-19
17452,4386,2025-11-23,2025-12-23
17453,4386,2026-01-09,2026-02-08
17454,4387,2026-04-01,2026-05-01
17455,4387,2026-05-14,2026-06-13
17456,4387,2026-06-29,2026-07-29
17457,4388,2025-05-31,2025-06-30
17458,4388,2025-07-14,2025-08-13
17459,4388,2025-09-02,2025-10-02
17460,4388,2025-10-11,2025-11-10
17461,4389,2026-02-12,2026-03-14
17462,4389,2026-03-23,2026-04-22
17463,4389,2026-05-02,2026-06-01
17464,4389,2026-06-02,2026-07-02
17465,4389,2026-07-03,2026-08-02
17466,4390,2026-03-09,2026-04-08
17467,4390,2026-04-10,2026-05-10
17468,4390,2026-05-25,2026-06-24
17469,4390,2026-07-06,2026-08-05
17470,4390,2026-08-19,2026-09-18
17471,4390,2026-09-20,2026-10-20
17472,4391,2025-10-27,2025-11-26
17473,4391,2025-11-28,2025-12-28
17474,4392,2026-04-26,2026-05-26
17475,4392,2026-06-10,2026-07-10
17476,4392,2026-07-30,2026-08-29
17477,4393,2026-05-01,2026-05-31
17478,4393,2026-06-14,2026-07-14
17479,4394,2025-12-08,2026-01-07
17480,4394,2026-01-13,2026-02-12
17481,4394,2026-03-02,2026-04-01
17482,4394,2026-04-18,2026-05-18
17483,4394,2026-06-09,2026-07-09
17484,4394,2026-07-20,2026-08-19
17485,4395,2026-01-26,2026-02-25
17486,4395,2026-03-04,2026-04-03
17487,4396,2025-05-24,2025-06-23
17488,4396,2025-07-09,2025-08-08
17489,4396,2025-08-27,2025-09-26
17490,4397,2026-01-14,2026-02-13
17491,4397,2026-02-17,2026-03-19
17492,4398,2025-10-10,2025-11-09
17493,4398,2025-11-16,2025-12-16
17494,4398,2025-12-30,2026-01-29
17495,4398,2026-02-12,2026-03-14
17496,4398,2026-04-04,2026-05-04
17497,4399,2026-03-16,2026-04-15
17498,4399,2026-04-27,2026-05-27
17499,4399,2026-06-13,2026-07-13
17500,4400,2026-02-01,2026-03-03
17501,4400,2026-03-25,2026-04-24
17502,4400,2026-05-02,2026-06-01
17503,4400,2026-06-23,2026-07-23
17504,4400,2026-08-08,2026-09-07
17505,4400,2026-09-10,2026-10-10
17506,4400,2026-10-12,2026-11-11
17507,4401,2025-11-02,2025-12-02
17508,4401,2025-12-07,2026-01-06
17509,4402,2025-08-09,2025-09-08
17510,4402,2025-09-10,2025-10-10
17511,4402,2025-10-24,2025-11-23
17512,4402,2025-12-09,2026-01-08
17513,4402,2026-01-23,2026-02-22
17514,4402,2026-02-26,2026-03-28
17515,4403,2025-11-10,2025-12-10
17516,4403,2025-12-23,2026-01-22
17517,4403,2026-01-23,2026-02-22
17518,4404,2025-06-07,2025-07-07
17519,4405,2025-09-01,2025-10-01
17520,4405,2025-10-10,2025-11-09
17521,4406,2025-12-25,2026-01-24
17522,4406,2026-02-06,2026-03-08
17523,4407,2025-11-12,2025-12-12
17524,4408,2026-04-23,2026-05-23
17525,4408,2026-06-06,2026-07-06
17526,4409,2025-10-18,2025-11-17
17527,4409,2025-12-02,2026-01-01
17528,4409,2026-01-13,2026-02-12
17529,4409,2026-02-17,2026-03-19
17530,4410,2026-02-23,2026-03-25
17531,4410,2026-04-09,2026-05-09
17532,4410,2026-05-13,2026-06-12
17533,4410,2026-06-17,2026-07-17
17534,4410,2026-08-01,2026-08-31
17535,4410,2026-09-19,2026-10-19
17536,4410,2026-11-03,2026-12-03
17537,4411,2025-12-09,2026-01-08
17538,4411,2026-01-15,2026-02-14
17539,4411,2026-02-25,2026-03-27
17540,4411,2026-03-28,2026-04-27
17541,4412,2026-02-13,2026-03-15
17542,4412,2026-03-21,2026-04-20
17543,4412,2026-05-05,2026-06-04
17544,4412,2026-06-10,2026-07-10
17545,4412,2026-07-29,2026-08-28
17546,4412,2026-09-17,2026-10-17
17547,4412,2026-10-18,2026-11-17
17548,4413,2026-04-03,2026-05-03
17549,4413,2026-05-21,2026-06-20
17550,4414,2025-06-27,2025-07-27
17551,4415,2025-07-14,2025-08-13
17552,4415,2025-08-18,2025-09-17
17553,4415,2025-09-23,2025-10-23
17554,4415,2025-11-07,2025-12-07
17555,4416,2025-12-01,2025-12-31
17556,4416,2026-01-10,2026-02-09
17557,4417,2026-03-02,2026-04-01
17558,4418,2025-09-13,2025-10-13
17559,4418,2025-10-16,2025-11-15
17560,4419,2026-02-02,2026-03-04
17561,4419,2026-03-18,2026-04-17
17562,4419,2026-04-26,2026-05-26
17563,4419,2026-06-11,2026-07-11
17564,4419,2026-07-16,2026-08-15
17565,4420,2025-12-10,2026-01-09
17566,4420,2026-01-19,2026-02-18
17567,4420,2026-03-03,2026-04-02
17568,4420,2026-04-17,2026-05-17
17569,4421,2025-11-06,2025-12-06
17570,4421,2025-12-28,2026-01-27
17571,4422,2026-01-07,2026-02-06
17572,4422,2026-02-07,2026-03-09
17573,4422,2026-03-22,2026-04-21
17574,4422,2026-04-25,2026-05-25
17575,4423,2025-10-20,2025-11-19
17576,4423,2025-11-21,2025-12-21
17577,4423,2026-01-12,2026-02-11
17578,4423,2026-02-17,2026-03-19
17579,4423,2026-04-01,2026-05-01
17580,4423,2026-05-04,2026-06-03
17581,4424,2025-06-01,2025-07-01
17582,4424,2025-07-21,2025-08-20
17583,4424,2025-09-05,2025-10-05
17584,4425,2026-01-07,2026-02-06
17585,4426,2025-06-27,2025-07-27
17586,4426,2025-08-10,2025-09-09
17587,4426,2025-09-22,2025-10-22
17588,4426,2025-11-06,2025-12-06
17589,4426,2025-12-20,2026-01-19
17590,4426,2026-02-01,2026-03-03
17591,4426,2026-03-14,2026-04-13
17592,4427,2025-07-02,2025-08-01
17593,4427,2025-08-12,2025-09-11
17594,4427,2025-09-19,2025-10-19
17595,4427,2025-11-09,2025-12-09
17596,4427,2025-12-15,2026-01-14
17597,4427,2026-01-23,2026-02-22
17598,4428,2026-01-19,2026-02-18
17599,4428,2026-03-04,2026-04-03
17600,4428,2026-04-22,2026-05-22
17601,4428,2026-05-31,2026-06-30
17602,4428,2026-07-08,2026-08-07
17603,4428,2026-08-18,2026-09-17
17604,4429,2025-05-27,2025-06-26
17605,4429,2025-07-13,2025-08-12
17606,4429,2025-08-26,2025-09-25
17607,4429,2025-09-28,2025-10-28
17608,4429,2025-11-12,2025-12-12
17609,4429,2025-12-30,2026-01-29
17610,4430,2025-09-15,2025-10-15
17611,4431,2025-06-11,2025-07-11
17612,4432,2026-02-13,2026-03-15
17613,4433,2025-11-01,2025-12-01
17614,4433,2025-12-05,2026-01-04
17615,4434,2026-04-02,2026-05-02
17616,4434,2026-05-20,2026-06-19
17617,4434,2026-07-10,2026-08-09
17618,4434,2026-08-27,2026-09-26
17619,4435,2025-07-06,2025-08-05
17620,4435,2025-08-16,2025-09-15
17621,4435,2025-09-27,2025-10-27
17622,4436,2025-07-21,2025-08-20
17623,4436,2025-08-31,2025-09-30
17624,4436,2025-10-04,2025-11-03
17625,4436,2025-11-04,2025-12-04
17626,4437,2025-05-25,2025-06-24
17627,4438,2025-06-12,2025-07-12
17628,4438,2025-07-13,2025-08-12
17629,4438,2025-08-24,2025-09-23
17630,4439,2025-09-20,2025-10-20
17631,4439,2025-10-22,2025-11-21
17632,4439,2025-12-09,2026-01-08
17633,4439,2026-01-21,2026-02-20
17634,4439,2026-03-10,2026-04-09
17635,4440,2025-06-09,2025-07-09
17636,4440,2025-07-19,2025-08-18
17637,4440,2025-08-21,2025-09-20
17638,4440,2025-09-25,2025-10-25
17639,4440,2025-11-01,2025-12-01
17640,4440,2025-12-12,2026-01-11
17641,4440,2026-02-02,2026-03-04
17642,4441,2025-10-23,2025-11-22
17643,4441,2025-12-11,2026-01-10
17644,4441,2026-01-24,2026-02-23
17645,4441,2026-03-16,2026-04-15
17646,4441,2026-04-21,2026-05-21
17647,4442,2026-04-13,2026-05-13
17648,4442,2026-06-02,2026-07-02
17649,4442,2026-07-07,2026-08-06
17650,4442,2026-08-19,2026-09-18
17651,4442,2026-09-26,2026-10-26
17652,4443,2025-12-02,2026-01-01
17653,4443,2026-01-03,2026-02-02
17654,4443,2026-02-15,2026-03-17
17655,4443,2026-04-07,2026-05-07
17656,4444,2026-03-30,2026-04-29
17657,4444,2026-05-02,2026-06-01
17658,4444,2026-06-13,2026-07-13
17659,4445,2026-02-01,2026-03-03
17660,4445,2026-03-18,2026-04-17
17661,4445,2026-04-29,2026-05-29
17662,4445,2026-06-01,2026-07-01
17663,4446,2025-06-21,2025-07-21
17664,4446,2025-08-07,2025-09-06
17665,4447,2025-08-04,2025-09-03
17666,4447,2025-09-10,2025-10-10
17667,4447,2025-10-13,2025-11-12
17668,4447,2025-11-18,2025-12-18
17669,4447,2026-01-02,2026-02-01
17670,4448,2025-07-05,2025-08-04
17671,4448,2025-08-15,2025-09-14
17672,4448,2025-10-01,2025-10-31
17673,4449,2025-06-28,2025-07-28
17674,4450,2025-08-26,2025-09-25
17675,4450,2025-10-01,2025-10-31
17676,4450,2025-11-04,2025-12-04
17677,4450,2025-12-11,2026-01-10
17678,4451,2025-12-15,2026-01-14
17679,4451,2026-01-27,2026-02-26
17680,4451,2026-03-07,2026-04-06
17681,4451,2026-04-28,2026-05-28
17682,4452,2026-04-25,2026-05-25
17683,4453,2026-02-16,2026-03-18
17684,4453,2026-03-29,2026-04-28
17685,4453,2026-05-06,2026-06-05
17686,4453,2026-06-10,2026-07-10
17687,4453,2026-07-15,2026-08-14
17688,4453,2026-08-19,2026-09-18
17689,4454,2026-02-13,2026-03-15
17690,4454,2026-03-30,2026-04-29
17691,4454,2026-05-01,2026-05-31
17692,4454,2026-06-22,2026-07-22
17693,4454,2026-08-08,2026-09-07
17694,4454,2026-09-11,2026-10-11
17695,4454,2026-10-12,2026-11-11
17696,4455,2025-08-07,2025-09-06
17697,4455,2025-09-10,2025-10-10
17698,4455,2025-10-16,2025-11-15
17699,4456,2026-05-05,2026-06-04
17700,4456,2026-06-07,2026-07-07
17701,4456,2026-07-27,2026-08-26
17702,4456,2026-09-13,2026-10-13
17703,4456,2026-10-31,2026-11-30
17704,4456,2026-12-09,2027-01-08
17705,4457,2026-02-14,2026-03-16
17706,4457,2026-04-05,2026-05-05
17707,4457,2026-05-27,2026-06-26
17708,4457,2026-07-05,2026-08-04
17709,4457,2026-08-12,2026-09-11
17710,4457,2026-09-26,2026-10-26
17711,4457,2026-11-05,2026-12-05
17712,4458,2025-12-21,2026-01-20
17713,4458,2026-01-25,2026-02-24
17714,4458,2026-03-09,2026-04-08
17715,4458,2026-04-25,2026-05-25
17716,4458,2026-05-29,2026-06-28
17717,4458,2026-07-14,2026-08-13
17718,4459,2025-05-14,2025-06-13
17719,4459,2025-06-14,2025-07-14
17720,4460,2025-10-14,2025-11-13
17721,4460,2025-11-24,2025-12-24
17722,4460,2026-01-10,2026-02-09
17723,4460,2026-02-27,2026-03-29
17724,4460,2026-04-17,2026-05-17
17725,4460,2026-06-06,2026-07-06
17726,4460,2026-07-07,2026-08-06
17727,4461,2026-02-18,2026-03-20
17728,4461,2026-03-22,2026-04-21
17729,4461,2026-05-09,2026-06-08
17730,4461,2026-06-12,2026-07-12
17731,4461,2026-07-21,2026-08-20
17732,4461,2026-08-21,2026-09-20
17733,4461,2026-09-27,2026-10-27
17734,4462,2026-04-02,2026-05-02
17735,4462,2026-05-13,2026-06-12
17736,4462,2026-06-14,2026-07-14
17737,4463,2025-11-06,2025-12-06
17738,4463,2025-12-08,2026-01-07
17739,4463,2026-01-18,2026-02-17
17740,4463,2026-03-02,2026-04-01
17741,4463,2026-04-09,2026-05-09
17742,4463,2026-05-20,2026-06-19
17743,4463,2026-07-10,2026-08-09
17744,4464,2026-02-17,2026-03-19
17745,4464,2026-04-07,2026-05-07
17746,4464,2026-05-26,2026-06-25
17747,4464,2026-06-27,2026-07-27
17748,4464,2026-08-17,2026-09-16
17749,4464,2026-09-22,2026-10-22
17750,4465,2026-04-06,2026-05-06
17751,4465,2026-05-09,2026-06-08
17752,4465,2026-06-12,2026-07-12
17753,4465,2026-07-26,2026-08-25
17754,4465,2026-09-08,2026-10-08
17755,4465,2026-10-27,2026-11-26
17756,4465,2026-12-06,2027-01-05
17757,4466,2025-10-01,2025-10-31
17758,4467,2025-11-24,2025-12-24
17759,4468,2026-02-16,2026-03-18
17760,4468,2026-04-01,2026-05-01
17761,4468,2026-05-10,2026-06-09
17762,4468,2026-06-14,2026-07-14
17763,4469,2026-01-19,2026-02-18
17764,4470,2025-12-20,2026-01-19
17765,4470,2026-02-07,2026-03-09
17766,4470,2026-03-26,2026-04-25
17767,4470,2026-05-02,2026-06-01
17768,4470,2026-06-14,2026-07-14
17769,4470,2026-07-20,2026-08-19
17770,4471,2025-10-18,2025-11-17
17771,4471,2025-12-07,2026-01-06
17772,4471,2026-01-23,2026-02-22
17773,4471,2026-03-12,2026-04-11
17774,4472,2025-11-25,2025-12-25
17775,4472,2026-01-14,2026-02-13
17776,4472,2026-02-16,2026-03-18
17777,4472,2026-03-24,2026-04-23
17778,4472,2026-05-06,2026-06-05
17779,4473,2026-01-25,2026-02-24
17780,4473,2026-03-01,2026-03-31
17781,4473,2026-04-01,2026-05-01
17782,4473,2026-05-09,2026-06-08
17783,4473,2026-06-16,2026-07-16
17784,4473,2026-07-19,2026-08-18
17785,4473,2026-08-27,2026-09-26
17786,4474,2026-03-03,2026-04-02
17787,4474,2026-04-24,2026-05-24
17788,4474,2026-06-05,2026-07-05
17789,4475,2025-07-17,2025-08-16
17790,4475,2025-08-30,2025-09-29
17791,4475,2025-10-12,2025-11-11
17792,4475,2025-11-23,2025-12-23
17793,4475,2026-01-08,2026-02-07
17794,4475,2026-02-24,2026-03-26
17795,4476,2025-09-21,2025-10-21
17796,4477,2026-01-22,2026-02-21
17797,4477,2026-03-13,2026-04-12
17798,4477,2026-04-24,2026-05-24
17799,4478,2026-02-22,2026-03-24
17800,4478,2026-04-10,2026-05-10
17801,4478,2026-05-29,2026-06-28
17802,4479,2025-10-18,2025-11-17
17803,4479,2025-11-27,2025-12-27
17804,4479,2026-01-17,2026-02-16
17805,4479,2026-02-20,2026-03-22
17806,4479,2026-04-04,2026-05-04
17807,4479,2026-05-13,2026-06-12
17808,4479,2026-06-24,2026-07-24
17809,4480,2025-07-07,2025-08-06
17810,4480,2025-08-11,2025-09-10
17811,4480,2025-09-29,2025-10-29
17812,4480,2025-11-09,2025-12-09
17813,4480,2025-12-16,2026-01-15
17814,4481,2025-12-25,2026-01-24
17815,4481,2026-02-01,2026-03-03
17816,4481,2026-03-04,2026-04-03
17817,4481,2026-04-19,2026-05-19
17818,4481,2026-05-24,2026-06-23
17819,4481,2026-07-02,2026-08-01
17820,4481,2026-08-19,2026-09-18
17821,4482,2025-10-10,2025-11-09
17822,4482,2025-11-13,2025-12-13
17823,4482,2025-12-19,2026-01-18
17824,4482,2026-02-01,2026-03-03
17825,4483,2026-01-22,2026-02-21
17826,4483,2026-03-05,2026-04-04
17827,4484,2025-11-14,2025-12-14
17828,4484,2025-12-25,2026-01-24
17829,4484,2026-02-11,2026-03-13
17830,4484,2026-03-26,2026-04-25
17831,4485,2025-08-25,2025-09-24
17832,4485,2025-10-05,2025-11-04
17833,4485,2025-11-21,2025-12-21
17834,4485,2025-12-28,2026-01-27
17835,4485,2026-02-15,2026-03-17
17836,4486,2025-05-13,2025-06-12
17837,4486,2025-06-29,2025-07-29
17838,4486,2025-08-06,2025-09-05
17839,4487,2026-05-05,2026-06-04
17840,4487,2026-06-09,2026-07-09
17841,4487,2026-07-31,2026-08-30
17842,4488,2025-09-30,2025-10-30
17843,4488,2025-11-16,2025-12-16
17844,4488,2025-12-28,2026-01-27
17845,4488,2026-02-15,2026-03-17
17846,4489,2026-01-07,2026-02-06
17847,4489,2026-02-25,2026-03-27
17848,4489,2026-04-02,2026-05-02
17849,4489,2026-05-03,2026-06-02
17850,4489,2026-06-16,2026-07-16
17851,4490,2025-10-24,2025-11-23
17852,4490,2025-12-06,2026-01-05
17853,4490,2026-01-25,2026-02-24
17854,4490,2026-03-03,2026-04-02
17855,4491,2025-11-22,2025-12-22
17856,4491,2026-01-05,2026-02-04
17857,4491,2026-02-09,2026-03-11
17858,4492,2026-04-17,2026-05-17
17859,4492,2026-05-22,2026-06-21
17860,4492,2026-06-29,2026-07-29
17861,4492,2026-08-12,2026-09-11
17862,4493,2026-01-13,2026-02-12
17863,4493,2026-02-18,2026-03-20
17864,4494,2025-09-26,2025-10-26
17865,4494,2025-11-04,2025-12-04
17866,4494,2025-12-08,2026-01-07
17867,4495,2026-01-08,2026-02-07
17868,4495,2026-02-27,2026-03-29
17869,4496,2025-08-03,2025-09-02
17870,4496,2025-09-20,2025-10-20
17871,4496,2025-10-22,2025-11-21
17872,4497,2025-07-21,2025-08-20
17873,4497,2025-09-06,2025-10-06
17874,4497,2025-10-07,2025-11-06
17875,4497,2025-11-09,2025-12-09
17876,4497,2025-12-24,2026-01-23
17877,4497,2026-02-08,2026-03-10
17878,4497,2026-03-13,2026-04-12
17879,4498,2025-08-02,2025-09-01
17880,4499,2025-12-11,2026-01-10
17881,4499,2026-01-22,2026-02-21
17882,4499,2026-02-22,2026-03-24
17883,4499,2026-03-29,2026-04-28
17884,4499,2026-05-11,2026-06-10
17885,4500,2026-02-23,2026-03-25
17886,4500,2026-04-04,2026-05-04
17887,4500,2026-05-13,2026-06-12
17888,4500,2026-06-27,2026-07-27
17889,4500,2026-08-04,2026-09-03
17890,4500,2026-09-15,2026-10-15
17891,4500,2026-11-06,2026-12-06
17892,4501,2025-07-24,2025-08-23
17893,4501,2025-09-13,2025-10-13
17894,4501,2025-10-23,2025-11-22
17895,4502,2025-07-21,2025-08-20
17896,4502,2025-08-21,2025-09-20
17897,4502,2025-09-27,2025-10-27
17898,4502,2025-11-02,2025-12-02
17899,4502,2025-12-10,2026-01-09
17900,4503,2025-08-10,2025-09-09
17901,4503,2025-09-23,2025-10-23
17902,4503,2025-11-14,2025-12-14
17903,4503,2025-12-28,2026-01-27
17904,4503,2026-02-11,2026-03-13
17905,4503,2026-04-01,2026-05-01
17906,4503,2026-05-22,2026-06-21
17907,4504,2026-01-03,2026-02-02
17908,4504,2026-02-23,2026-03-25
17909,4504,2026-04-10,2026-05-10
17910,4504,2026-05-19,2026-06-18
17911,4505,2026-05-10,2026-06-09
17912,4505,2026-06-11,2026-07-11
17913,4505,2026-07-15,2026-08-14
17914,4505,2026-08-17,2026-09-16
17915,4506,2025-12-11,2026-01-10
17916,4506,2026-01-20,2026-02-19
17917,4506,2026-02-20,2026-03-22
17918,4506,2026-04-09,2026-05-09
17919,4506,2026-05-17,2026-06-16
17920,4506,2026-07-03,2026-08-02
17921,4506,2026-08-11,2026-09-10
17922,4507,2025-08-02,2025-09-01
17923,4507,2025-09-19,2025-10-19
17924,4507,2025-10-25,2025-11-24
17925,4507,2025-12-07,2026-01-06
17926,4507,2026-01-07,2026-02-06
17927,4507,2026-02-09,2026-03-11
17928,4508,2025-06-25,2025-07-25
17929,4508,2025-08-10,2025-09-09
17930,4508,2025-09-25,2025-10-25
17931,4508,2025-11-14,2025-12-14
17932,4508,2025-12-26,2026-01-25
17933,4509,2026-04-24,2026-05-24
17934,4509,2026-06-03,2026-07-03
17935,4510,2026-04-18,2026-05-18
17936,4510,2026-05-25,2026-06-24
17937,4511,2025-08-20,2025-09-19
17938,4511,2025-09-24,2025-10-24
17939,4512,2025-05-20,2025-06-19
17940,4512,2025-07-01,2025-07-31
17941,4512,2025-08-16,2025-09-15
17942,4513,2025-06-18,2025-07-18
17943,4513,2025-08-02,2025-09-01
17944,4513,2025-09-16,2025-10-16
17945,4513,2025-10-25,2025-11-24
17946,4514,2025-11-03,2025-12-03
17947,4514,2025-12-05,2026-01-04
17948,4514,2026-01-10,2026-02-09
17949,4514,2026-02-13,2026-03-15
17950,4515,2026-04-12,2026-05-12
17951,4515,2026-05-29,2026-06-28
17952,4515,2026-07-10,2026-08-09
17953,4515,2026-08-15,2026-09-14
17954,4515,2026-09-17,2026-10-17
17955,4515,2026-10-21,2026-11-20
17956,4515,2026-11-30,2026-12-30
17957,4516,2025-09-27,2025-10-27
17958,4516,2025-10-29,2025-11-28
17959,4516,2025-12-06,2026-01-05
17960,4517,2026-01-22,2026-02-21
17961,4517,2026-03-01,2026-03-31
17962,4518,2026-03-06,2026-04-05
17963,4518,2026-04-23,2026-05-23
17964,4518,2026-06-08,2026-07-08
17965,4518,2026-07-26,2026-08-25
17966,4518,2026-09-11,2026-10-11
17967,4518,2026-10-21,2026-11-20
17968,4518,2026-11-26,2026-12-26
17969,4519,2025-07-05,2025-08-04
17970,4519,2025-08-19,2025-09-18
17971,4519,2025-09-29,2025-10-29
17972,4519,2025-11-19,2025-12-19
17973,4519,2026-01-07,2026-02-06
17974,4519,2026-02-24,2026-03-26
17975,4519,2026-04-03,2026-05-03
17976,4520,2025-09-04,2025-10-04
17977,4520,2025-10-24,2025-11-23
17978,4520,2025-12-03,2026-01-02
17979,4520,2026-01-17,2026-02-16
17980,4520,2026-03-04,2026-04-03
17981,4520,2026-04-05,2026-05-05
17982,4521,2026-01-19,2026-02-18
17983,4521,2026-03-12,2026-04-11
17984,4521,2026-04-30,2026-05-30
17985,4521,2026-06-05,2026-07-05
17986,4521,2026-07-22,2026-08-21
17987,4522,2025-07-19,2025-08-18
17988,4522,2025-09-08,2025-10-08
17989,4523,2026-05-10,2026-06-09
17990,4524,2025-10-28,2025-11-27
17991,4524,2025-11-30,2025-12-30
17992,4524,2026-01-13,2026-02-12
17993,4525,2025-07-03,2025-08-02
17994,4525,2025-08-21,2025-09-20
17995,4525,2025-09-30,2025-10-30
17996,4525,2025-11-13,2025-12-13
17997,4525,2025-12-28,2026-01-27
17998,4525,2026-02-17,2026-03-19
17999,4526,2025-10-05,2025-11-04
18000,4526,2025-11-21,2025-12-21
18001,4526,2026-01-09,2026-02-08
18002,4526,2026-02-25,2026-03-27
18003,4526,2026-04-10,2026-05-10
18004,4527,2025-09-16,2025-10-16
18005,4527,2025-10-19,2025-11-18
18006,4527,2025-11-26,2025-12-26
18007,4527,2026-01-14,2026-02-13
18008,4527,2026-02-24,2026-03-26
18009,4527,2026-04-15,2026-05-15
18010,4528,2025-05-18,2025-06-17
18011,4528,2025-07-06,2025-08-05
18012,4528,2025-08-10,2025-09-09
18013,4528,2025-09-12,2025-10-12
18014,4528,2025-10-16,2025-11-15
18015,4528,2025-12-03,2026-01-02
18016,4528,2026-01-13,2026-02-12
18017,4529,2025-06-23,2025-07-23
18018,4529,2025-08-13,2025-09-12
18019,4530,2026-01-28,2026-02-27
18020,4530,2026-03-02,2026-04-01
18021,4530,2026-04-21,2026-05-21
18022,4530,2026-05-30,2026-06-29
18023,4530,2026-07-14,2026-08-13
18024,4530,2026-08-20,2026-09-19
18025,4531,2025-07-12,2025-08-11
18026,4531,2025-08-25,2025-09-24
18027,4531,2025-09-29,2025-10-29
18028,4531,2025-11-11,2025-12-11
18029,4532,2026-02-12,2026-03-14
18030,4532,2026-04-02,2026-05-02
18031,4533,2025-08-10,2025-09-09
18032,4533,2025-09-19,2025-10-19
18033,4533,2025-11-07,2025-12-07
18034,4533,2025-12-27,2026-01-26
18035,4533,2026-02-11,2026-03-13
18036,4533,2026-04-04,2026-05-04
18037,4533,2026-05-19,2026-06-18
18038,4534,2025-05-21,2025-06-20
18039,4535,2025-10-26,2025-11-25
18040,4535,2025-11-30,2025-12-30
18041,4535,2025-12-31,2026-01-30
18042,4535,2026-02-01,2026-03-03
18043,4535,2026-03-21,2026-04-20
18044,4535,2026-05-11,2026-06-10
18045,4536,2025-10-16,2025-11-15
18046,4537,2026-01-21,2026-02-20
18047,4537,2026-02-26,2026-03-28
18048,4537,2026-04-14,2026-05-14
18049,4537,2026-05-28,2026-06-27
18050,4537,2026-07-19,2026-08-18
18051,4537,2026-09-01,2026-10-01
18052,4538,2025-11-10,2025-12-10
18053,4539,2025-05-30,2025-06-29
18054,4539,2025-07-10,2025-08-09
18055,4539,2025-08-25,2025-09-24
18056,4540,2025-10-07,2025-11-06
18057,4540,2025-11-10,2025-12-10
18058,4540,2025-12-19,2026-01-18
18059,4540,2026-02-06,2026-03-08
18060,4540,2026-03-10,2026-04-09
18061,4541,2025-11-03,2025-12-03
18062,4541,2025-12-18,2026-01-17
18063,4541,2026-01-21,2026-02-20
18064,4541,2026-03-13,2026-04-12
18065,4541,2026-05-04,2026-06-03
18066,4541,2026-06-04,2026-07-04
18067,4542,2025-11-21,2025-12-21
18068,4542,2025-12-22,2026-01-21
18069,4542,2026-01-30,2026-03-01
18070,4542,2026-03-22,2026-04-21
18071,4542,2026-05-03,2026-06-02
18072,4543,2026-05-03,2026-06-02
18073,4543,2026-06-08,2026-07-08
18074,4543,2026-07-17,2026-08-16
18075,4543,2026-08-22,2026-09-21
18076,4543,2026-10-13,2026-11-12
18077,4543,2026-11-18,2026-12-18
18078,4544,2025-10-28,2025-11-27
18079,4544,2025-12-16,2026-01-15
18080,4544,2026-01-28,2026-02-27
18081,4544,2026-03-13,2026-04-12
18082,4544,2026-04-24,2026-05-24
18083,4544,2026-06-15,2026-07-15
18084,4544,2026-07-20,2026-08-19
18085,4545,2025-08-15,2025-09-14
18086,4545,2025-09-21,2025-10-21
18087,4545,2025-10-23,2025-11-22
18088,4546,2025-12-22,2026-01-21
18089,4547,2026-01-27,2026-02-26
18090,4547,2026-03-03,2026-04-02
18091,4547,2026-04-13,2026-05-13
18092,4547,2026-05-16,2026-06-15
18093,4547,2026-06-21,2026-07-21
18094,4548,2025-10-03,2025-11-02
18095,4548,2025-11-09,2025-12-09
18096,4549,2026-03-03,2026-04-02
18097,4549,2026-04-16,2026-05-16
18098,4549,2026-05-31,2026-06-30
18099,4550,2025-12-14,2026-01-13
18100,4550,2026-02-04,2026-03-06
18101,4550,2026-03-22,2026-04-21
18102,4550,2026-05-07,2026-06-06
18103,4550,2026-06-21,2026-07-21
18104,4550,2026-07-28,2026-08-27
18105,4551,2026-01-13,2026-02-12
18106,4551,2026-02-25,2026-03-27
18107,4551,2026-04-07,2026-05-07
18108,4551,2026-05-25,2026-06-24
18109,4551,2026-07-10,2026-08-09
18110,4551,2026-08-20,2026-09-19
18111,4552,2026-03-17,2026-04-16
18112,4552,2026-04-17,2026-05-17
18113,4553,2025-07-04,2025-08-03
18114,4553,2025-08-18,2025-09-17
18115,4553,2025-10-07,2025-11-06
18116,4553,2025-11-09,2025-12-09
18117,4553,2025-12-18,2026-01-17
18118,4553,2026-01-18,2026-02-17
18119,4554,2026-02-09,2026-03-11
18120,4554,2026-04-01,2026-05-01
18121,4554,2026-05-23,2026-06-22
18122,4554,2026-07-13,2026-08-12
18123,4555,2025-08-15,2025-09-14
18124,4555,2025-09-15,2025-10-15
18125,4555,2025-10-29,2025-11-28
18126,4555,2025-12-01,2025-12-31
18127,4555,2026-01-22,2026-02-21
18128,4555,2026-03-12,2026-04-11
18129,4555,2026-05-01,2026-05-31
18130,4556,2025-05-30,2025-06-29
18131,4556,2025-07-12,2025-08-11
18132,4556,2025-08-24,2025-09-23
18133,4556,2025-10-07,2025-11-06
18134,4557,2025-10-30,2025-11-29
18135,4557,2025-12-21,2026-01-20
18136,4557,2026-01-29,2026-02-28
18137,4557,2026-03-16,2026-04-15
18138,4557,2026-04-20,2026-05-20
18139,4557,2026-05-23,2026-06-22
18140,4557,2026-07-07,2026-08-06
18141,4558,2025-09-17,2025-10-17
18142,4558,2025-10-27,2025-11-26
18143,4558,2025-12-04,2026-01-03
18144,4558,2026-01-15,2026-02-14
18145,4558,2026-02-27,2026-03-29
18146,4558,2026-04-12,2026-05-12
18147,4558,2026-05-29,2026-06-28
18148,4559,2025-12-04,2026-01-03
18149,4559,2026-01-05,2026-02-04
18150,4559,2026-02-11,2026-03-13
18151,4559,2026-03-18,2026-04-17
18152,4559,2026-04-29,2026-05-29
18153,4559,2026-06-05,2026-07-05
18154,4559,2026-07-18,2026-08-17
18155,4560,2025-06-15,2025-07-15
18156,4560,2025-07-27,2025-08-26
18157,4560,2025-09-06,2025-10-06
18158,4561,2026-01-14,2026-02-13
18159,4561,2026-03-01,2026-03-31
18160,4561,2026-04-07,2026-05-07
18161,4561,2026-05-18,2026-06-17
18162,4562,2026-04-16,2026-05-16
18163,4562,2026-05-19,2026-06-18
18164,4562,2026-06-20,2026-07-20
18165,4562,2026-08-11,2026-09-10
18166,4563,2025-09-26,2025-10-26
18167,4563,2025-11-03,2025-12-03
18168,4564,2026-01-21,2026-02-20
18169,4564,2026-03-07,2026-04-06
18170,4564,2026-04-19,2026-05-19
18171,4564,2026-05-28,2026-06-27
18172,4564,2026-07-11,2026-08-10
18173,4565,2026-02-06,2026-03-08
18174,4566,2025-12-01,2025-12-31
18175,4566,2026-01-09,2026-02-08
18176,4566,2026-02-28,2026-03-30
18177,4566,2026-04-20,2026-05-20
18178,4567,2025-10-10,2025-11-09
18179,4567,2025-12-01,2025-12-31
18180,4568,2025-06-30,2025-07-30
18181,4569,2025-09-24,2025-10-24
18182,4569,2025-11-04,2025-12-04
18183,4570,2025-11-11,2025-12-11
18184,4570,2025-12-20,2026-01-19
18185,4570,2026-01-27,2026-02-26
18186,4570,2026-03-17,2026-04-16
18187,4570,2026-04-18,2026-05-18
18188,4570,2026-06-06,2026-07-06
18189,4571,2026-02-23,2026-03-25
18190,4572,2025-12-02,2026-01-01
18191,4572,2026-01-08,2026-02-07
18192,4572,2026-02-08,2026-03-10
18193,4572,2026-03-12,2026-04-11
18194,4573,2026-03-13,2026-04-12
18195,4573,2026-04-25,2026-05-25
18196,4573,2026-05-30,2026-06-29
18197,4573,2026-07-03,2026-08-02
18198,4574,2026-04-17,2026-05-17
18199,4574,2026-05-30,2026-06-29
18200,4574,2026-07-08,2026-08-07
18201,4575,2025-05-25,2025-06-24
18202,4575,2025-07-09,2025-08-08
18203,4575,2025-08-29,2025-09-28
18204,4575,2025-09-30,2025-10-30
18205,4576,2026-05-07,2026-06-06
18206,4576,2026-06-10,2026-07-10
18207,4576,2026-07-13,2026-08-12
18208,4576,2026-08-19,2026-09-18
18209,4576,2026-10-09,2026-11-08
18210,4576,2026-11-20,2026-12-20
18211,4576,2026-12-27,2027-01-26
18212,4577,2025-05-26,2025-06-25
18213,4577,2025-07-15,2025-08-14
18214,4577,2025-08-28,2025-09-27
18215,4577,2025-10-09,2025-11-08
18216,4577,2025-11-14,2025-12-14
18217,4577,2025-12-30,2026-01-29
18218,4578,2025-06-25,2025-07-25
18219,4578,2025-08-05,2025-09-04
18220,4579,2026-03-10,2026-04-09
18221,4579,2026-04-22,2026-05-22
18222,4579,2026-06-06,2026-07-06
18223,4579,2026-07-21,2026-08-20
18224,4579,2026-09-05,2026-10-05
18225,4579,2026-10-07,2026-11-06
18226,4580,2025-11-25,2025-12-25
18227,4580,2026-01-11,2026-02-10
18228,4580,2026-03-01,2026-03-31
18229,4581,2025-08-24,2025-09-23
18230,4581,2025-10-09,2025-11-08
18231,4581,2025-11-11,2025-12-11
18232,4581,2025-12-17,2026-01-16
18233,4581,2026-02-04,2026-03-06
18234,4581,2026-03-26,2026-04-25
18235,4582,2025-08-26,2025-09-25
18236,4582,2025-09-29,2025-10-29
18237,4582,2025-11-09,2025-12-09
18238,4582,2025-12-19,2026-01-18
18239,4582,2026-02-05,2026-03-07
18240,4583,2026-05-09,2026-06-08
18241,4583,2026-06-09,2026-07-09
18242,4583,2026-07-11,2026-08-10
18243,4583,2026-09-01,2026-10-01
18244,4583,2026-10-06,2026-11-05
18245,4583,2026-11-24,2026-12-24
18246,4583,2027-01-01,2027-01-31
18247,4584,2025-11-14,2025-12-14
18248,4584,2025-12-21,2026-01-20
18249,4584,2026-01-25,2026-02-24
18250,4584,2026-03-09,2026-04-08
18251,4584,2026-04-25,2026-05-25
18252,4584,2026-06-13,2026-07-13
18253,4584,2026-07-20,2026-08-19
18254,4585,2025-12-14,2026-01-13
18255,4585,2026-01-27,2026-02-26
18256,4585,2026-02-27,2026-03-29
18257,4585,2026-04-04,2026-05-04
18258,4585,2026-05-07,2026-06-06
18259,4585,2026-06-14,2026-07-14
18260,4585,2026-07-28,2026-08-27
18261,4586,2025-06-17,2025-07-17
18262,4586,2025-07-27,2025-08-26
18263,4586,2025-08-29,2025-09-28
18264,4586,2025-10-10,2025-11-09
18265,4586,2025-11-25,2025-12-25
18266,4586,2026-01-10,2026-02-09
18267,4586,2026-02-12,2026-03-14
18268,4587,2026-02-18,2026-03-20
18269,4587,2026-03-23,2026-04-22
18270,4587,2026-05-09,2026-06-08
18271,4587,2026-06-17,2026-07-17
18272,4587,2026-07-23,2026-08-22
18273,4587,2026-09-12,2026-10-12
18274,4588,2026-01-24,2026-02-23
18275,4588,2026-03-14,2026-04-13
18276,4588,2026-04-25,2026-05-25
18277,4589,2026-02-22,2026-03-24
18278,4589,2026-04-09,2026-05-09
18279,4589,2026-05-23,2026-06-22
18280,4589,2026-07-14,2026-08-13
18281,4589,2026-08-25,2026-09-24
18282,4589,2026-10-05,2026-11-04
18283,4589,2026-11-22,2026-12-22
18284,4590,2025-11-19,2025-12-19
18285,4590,2025-12-27,2026-01-26
18286,4591,2025-11-06,2025-12-06
18287,4591,2025-12-24,2026-01-23
18288,4591,2026-02-03,2026-03-05
18289,4592,2025-11-14,2025-12-14
18290,4592,2025-12-28,2026-01-27
18291,4592,2026-02-03,2026-03-05
18292,4592,2026-03-06,2026-04-05
18293,4593,2025-12-17,2026-01-16
18294,4593,2026-02-03,2026-03-05
18295,4594,2026-03-26,2026-04-25
18296,4594,2026-05-03,2026-06-02
18297,4594,2026-06-14,2026-07-14
18298,4594,2026-07-19,2026-08-18
18299,4594,2026-09-05,2026-10-05
18300,4595,2026-02-21,2026-03-23
18301,4595,2026-04-08,2026-05-08
18302,4595,2026-05-12,2026-06-11
18303,4595,2026-06-23,2026-07-23
18304,4595,2026-07-30,2026-08-29
18305,4596,2026-02-09,2026-03-11
18306,4596,2026-04-01,2026-05-01
18307,4596,2026-05-15,2026-06-14
18308,4596,2026-06-24,2026-07-24
18309,4596,2026-08-09,2026-09-08
18310,4596,2026-09-14,2026-10-14
18311,4596,2026-10-28,2026-11-27
18312,4597,2026-03-04,2026-04-03
18313,4597,2026-04-19,2026-05-19
18314,4597,2026-05-28,2026-06-27
18315,4597,2026-07-11,2026-08-10
18316,4597,2026-08-19,2026-09-18
18317,4597,2026-10-10,2026-11-09
18318,4598,2025-07-07,2025-08-06
18319,4598,2025-08-21,2025-09-20
18320,4598,2025-10-12,2025-11-11
18321,4599,2025-07-11,2025-08-10
18322,4599,2025-08-14,2025-09-13
18323,4599,2025-09-14,2025-10-14
18324,4599,2025-10-18,2025-11-17
18325,4599,2025-12-05,2026-01-04
18326,4600,2026-05-08,2026-06-07
18327,4600,2026-06-24,2026-07-24
18328,4600,2026-08-11,2026-09-10
18329,4600,2026-09-12,2026-10-12
18330,4600,2026-10-30,2026-11-29
18331,4600,2026-12-15,2027-01-14
18332,4601,2025-08-06,2025-09-05
18333,4601,2025-09-17,2025-10-17
18334,4601,2025-10-18,2025-11-17
18335,4601,2025-12-09,2026-01-08
18336,4602,2026-01-30,2026-03-01
18337,4602,2026-03-22,2026-04-21
18338,4602,2026-04-22,2026-05-22
18339,4602,2026-06-02,2026-07-02
18340,4602,2026-07-19,2026-08-18
18341,4603,2025-12-06,2026-01-05
18342,4604,2025-12-31,2026-01-30
18343,4604,2026-02-21,2026-03-23
18344,4604,2026-04-06,2026-05-06
18345,4604,2026-05-22,2026-06-21
18346,4604,2026-07-11,2026-08-10
18347,4604,2026-08-26,2026-09-25
18348,4605,2025-10-21,2025-11-20
18349,4605,2025-12-04,2026-01-03
18350,4605,2026-01-06,2026-02-05
18351,4606,2026-05-05,2026-06-04
18352,4606,2026-06-22,2026-07-22
18353,4607,2025-06-19,2025-07-19
18354,4607,2025-07-26,2025-08-25
18355,4607,2025-09-07,2025-10-07
18356,4607,2025-10-28,2025-11-27
18357,4608,2026-02-06,2026-03-08
18358,4608,2026-03-16,2026-04-15
18359,4608,2026-04-23,2026-05-23
18360,4608,2026-05-31,2026-06-30
18361,4609,2025-07-21,2025-08-20
18362,4609,2025-09-04,2025-10-04
18363,4609,2025-10-13,2025-11-12
18364,4609,2025-12-01,2025-12-31
18365,4609,2026-01-14,2026-02-13
18366,4609,2026-02-21,2026-03-23
18367,4609,2026-03-30,2026-04-29
18368,4610,2025-12-23,2026-01-22
18369,4610,2026-01-27,2026-02-26
18370,4610,2026-03-12,2026-04-11
18371,4610,2026-04-17,2026-05-17
18372,4610,2026-06-03,2026-07-03
18373,4611,2025-07-01,2025-07-31
18374,4611,2025-08-12,2025-09-11
18375,4611,2025-09-12,2025-10-12
18376,4611,2025-10-18,2025-11-17
18377,4611,2025-11-24,2025-12-24
18378,4612,2026-04-16,2026-05-16
18379,4612,2026-06-03,2026-07-03
18380,4612,2026-07-24,2026-08-23
18381,4613,2025-07-21,2025-08-20
18382,4613,2025-08-31,2025-09-30
18383,4614,2025-05-20,2025-06-19
18384,4614,2025-06-23,2025-07-23
18385,4614,2025-08-12,2025-09-11
18386,4615,2026-01-16,2026-02-15
18387,4616,2025-11-01,2025-12-01
18388,4617,2025-09-29,2025-10-29
18389,4617,2025-10-30,2025-11-29
18390,4618,2026-01-17,2026-02-16
18391,4618,2026-03-02,2026-04-01
18392,4618,2026-04-07,2026-05-07
18393,4618,2026-05-27,2026-06-26
18394,4619,2025-05-30,2025-06-29
18395,4619,2025-07-18,2025-08-17
18396,4619,2025-09-02,2025-10-02
18397,4620,2025-11-13,2025-12-13
18398,4620,2025-12-26,2026-01-25
18399,4621,2025-11-09,2025-12-09
18400,4621,2025-12-20,2026-01-19
18401,4621,2026-02-07,2026-03-09
18402,4621,2026-03-13,2026-04-12
18403,4621,2026-05-02,2026-06-01
18404,4622,2025-10-27,2025-11-26
18405,4623,2026-02-05,2026-03-07
18406,4623,2026-03-20,2026-04-19
18407,4623,2026-05-03,2026-06-02
18408,4623,2026-06-14,2026-07-14
18409,4624,2025-09-08,2025-10-08
18410,4624,2025-10-29,2025-11-28
18411,4624,2025-12-15,2026-01-14
18412,4624,2026-01-31,2026-03-02
18413,4624,2026-03-14,2026-04-13
18414,4625,2026-05-12,2026-06-11
18415,4625,2026-06-28,2026-07-28
18416,4625,2026-08-17,2026-09-16
18417,4625,2026-10-08,2026-11-07
18418,4626,2025-07-18,2025-08-17
18419,4626,2025-09-01,2025-10-01
18420,4626,2025-10-05,2025-11-04
18421,4627,2026-02-09,2026-03-11
18422,4628,2026-04-01,2026-05-01
18423,4628,2026-05-10,2026-06-09
18424,4628,2026-06-29,2026-07-29
18425,4629,2025-08-08,2025-09-07
18426,4630,2025-08-05,2025-09-04
18427,4630,2025-09-15,2025-10-15
18428,4630,2025-10-21,2025-11-20
18429,4630,2025-12-01,2025-12-31
18430,4630,2026-01-16,2026-02-15
18431,4630,2026-02-24,2026-03-26
18432,4630,2026-04-11,2026-05-11
18433,4631,2025-11-06,2025-12-06
18434,4631,2025-12-14,2026-01-13
18435,4631,2026-01-28,2026-02-27
18436,4631,2026-03-20,2026-04-19
18437,4632,2025-12-30,2026-01-29
18438,4633,2026-01-21,2026-02-20
18439,4633,2026-03-09,2026-04-08
18440,4633,2026-04-23,2026-05-23
18441,4633,2026-06-07,2026-07-07
18442,4633,2026-07-19,2026-08-18
18443,4634,2025-05-21,2025-06-20
18444,4634,2025-07-10,2025-08-09
18445,4634,2025-08-12,2025-09-11
18446,4634,2025-09-29,2025-10-29
18447,4634,2025-11-17,2025-12-17
18448,4634,2026-01-03,2026-02-02
18449,4634,2026-02-18,2026-03-20
18450,4635,2025-05-29,2025-06-28
18451,4635,2025-07-17,2025-08-16
18452,4635,2025-09-07,2025-10-07
18453,4636,2025-06-02,2025-07-02
18454,4636,2025-07-07,2025-08-06
18455,4636,2025-08-12,2025-09-11
18456,4636,2025-10-01,2025-10-31
18457,4636,2025-11-02,2025-12-02
18458,4636,2025-12-23,2026-01-22
18459,4636,2026-01-23,2026-02-22
18460,4637,2025-12-31,2026-01-30
18461,4637,2026-01-31,2026-03-02
18462,4637,2026-03-13,2026-04-12
18463,4638,2025-12-19,2026-01-18
18464,4638,2026-02-02,2026-03-04
18465,4638,2026-03-12,2026-04-11
18466,4639,2025-09-17,2025-10-17
18467,4639,2025-10-29,2025-11-28
18468,4639,2025-12-08,2026-01-07
18469,4640,2025-07-18,2025-08-17
18470,4640,2025-08-20,2025-09-19
18471,4640,2025-10-08,2025-11-07
18472,4641,2025-08-21,2025-09-20
18473,4641,2025-09-26,2025-10-26
18474,4641,2025-11-05,2025-12-05
18475,4642,2025-09-05,2025-10-05
18476,4642,2025-10-09,2025-11-08
18477,4643,2025-09-23,2025-10-23
18478,4643,2025-10-31,2025-11-30
18479,4644,2025-07-28,2025-08-27
18480,4645,2025-08-25,2025-09-24
18481,4645,2025-10-06,2025-11-05
18482,4646,2026-04-06,2026-05-06
18483,4646,2026-05-26,2026-06-25
18484,4646,2026-07-11,2026-08-10
18485,4646,2026-08-21,2026-09-20
18486,4646,2026-10-09,2026-11-08
18487,4646,2026-11-30,2026-12-30
18488,4647,2025-11-29,2025-12-29
18489,4648,2025-07-16,2025-08-15
18490,4648,2025-09-01,2025-10-01
18491,4648,2025-10-07,2025-11-06
18492,4648,2025-11-10,2025-12-10
18493,4648,2025-12-30,2026-01-29
18494,4648,2026-02-11,2026-03-13
18495,4648,2026-03-14,2026-04-13
18496,4649,2025-09-13,2025-10-13
18497,4649,2025-10-29,2025-11-28
18498,4649,2025-12-19,2026-01-18
18499,4649,2026-01-29,2026-02-28
18500,4650,2025-10-07,2025-11-06
18501,4650,2025-11-27,2025-12-27
18502,4650,2026-01-14,2026-02-13
18503,4650,2026-02-18,2026-03-20
18504,4651,2025-12-13,2026-01-12
18505,4651,2026-01-26,2026-02-25
18506,4652,2026-04-19,2026-05-19
18507,4653,2025-08-18,2025-09-17
18508,4653,2025-10-06,2025-11-05
18509,4653,2025-11-26,2025-12-26
18510,4653,2026-01-12,2026-02-11
18511,4654,2025-08-06,2025-09-05
18512,4654,2025-09-18,2025-10-18
18513,4654,2025-11-01,2025-12-01
18514,4654,2025-12-02,2026-01-01
18515,4654,2026-01-20,2026-02-19
18516,4654,2026-03-07,2026-04-06
18517,4654,2026-04-28,2026-05-28
18518,4655,2025-07-28,2025-08-27
18519,4655,2025-09-07,2025-10-07
18520,4655,2025-10-18,2025-11-17
18521,4655,2025-11-18,2025-12-18
18522,4656,2025-05-20,2025-06-19
18523,4656,2025-06-28,2025-07-28
18524,4656,2025-08-09,2025-09-08
18525,4656,2025-09-30,2025-10-30
18526,4656,2025-11-01,2025-12-01
18527,4656,2025-12-16,2026-01-15
18528,4657,2026-02-24,2026-03-26
18529,4657,2026-04-01,2026-05-01
18530,4657,2026-05-21,2026-06-20
18531,4657,2026-06-21,2026-07-21
18532,4657,2026-08-12,2026-09-11
18533,4658,2026-04-21,2026-05-21
18534,4659,2025-05-15,2025-06-14
18535,4659,2025-06-19,2025-07-19
18536,4660,2025-06-21,2025-07-21
18537,4660,2025-08-05,2025-09-04
18538,4660,2025-09-21,2025-10-21
18539,4661,2026-04-27,2026-05-27
18540,4661,2026-06-09,2026-07-09
18541,4661,2026-07-17,2026-08-16
18542,4662,2026-05-04,2026-06-03
18543,4662,2026-06-13,2026-07-13
18544,4662,2026-08-04,2026-09-03
18545,4663,2025-05-30,2025-06-29
18546,4663,2025-07-13,2025-08-12
18547,4663,2025-08-28,2025-09-27
18548,4663,2025-10-01,2025-10-31
18549,4663,2025-11-03,2025-12-03
18550,4663,2025-12-18,2026-01-17
18551,4664,2026-02-07,2026-03-09
18552,4664,2026-03-28,2026-04-27
18553,4664,2026-05-15,2026-06-14
18554,4665,2025-06-29,2025-07-29
18555,4665,2025-08-19,2025-09-18
18556,4666,2025-10-01,2025-10-31
18557,4666,2025-11-19,2025-12-19
18558,4666,2026-01-06,2026-02-05
18559,4666,2026-02-20,2026-03-22
18560,4666,2026-04-13,2026-05-13
18561,4667,2025-06-29,2025-07-29
18562,4667,2025-08-08,2025-09-07
18563,4667,2025-09-08,2025-10-08
18564,4667,2025-10-24,2025-11-23
18565,4667,2025-12-04,2026-01-03
18566,4668,2025-06-11,2025-07-11
18567,4668,2025-07-29,2025-08-28
18568,4668,2025-08-29,2025-09-28
18569,4668,2025-10-10,2025-11-09
18570,4668,2025-11-16,2025-12-16
18571,4668,2025-12-29,2026-01-28
18572,4668,2026-02-08,2026-03-10
18573,4669,2026-01-08,2026-02-07
18574,4669,2026-02-12,2026-03-14
18575,4669,2026-03-28,2026-04-27
18576,4669,2026-05-14,2026-06-13
18577,4669,2026-06-20,2026-07-20
18578,4669,2026-08-09,2026-09-08
18579,4670,2025-11-30,2025-12-30
18580,4671,2026-02-23,2026-03-25
18581,4671,2026-04-01,2026-05-01
18582,4671,2026-05-03,2026-06-02
18583,4672,2025-07-16,2025-08-15
18584,4672,2025-08-30,2025-09-29
18585,4672,2025-10-05,2025-11-04
18586,4672,2025-11-07,2025-12-07
18587,4672,2025-12-12,2026-01-11
18588,4673,2025-08-11,2025-09-10
18589,4674,2025-06-06,2025-07-06
18590,4674,2025-07-24,2025-08-23
18591,4674,2025-09-07,2025-10-07
18592,4674,2025-10-08,2025-11-07
18593,4674,2025-11-13,2025-12-13
18594,4675,2026-02-02,2026-03-04
18595,4675,2026-03-15,2026-04-14
18596,4675,2026-04-22,2026-05-22
18597,4675,2026-06-06,2026-07-06
18598,4675,2026-07-25,2026-08-24
18599,4675,2026-09-11,2026-10-11
18600,4675,2026-10-16,2026-11-15
18601,4676,2025-06-08,2025-07-08
18602,4676,2025-07-14,2025-08-13
18603,4676,2025-08-23,2025-09-22
18604,4677,2026-05-01,2026-05-31
18605,4677,2026-06-04,2026-07-04
18606,4678,2026-03-09,2026-04-08
18607,4678,2026-04-22,2026-05-22
18608,4679,2025-07-22,2025-08-21
18609,4679,2025-09-07,2025-10-07
18610,4679,2025-10-19,2025-11-18
18611,4679,2025-12-05,2026-01-04
18612,4679,2026-01-11,2026-02-10
18613,4680,2025-07-11,2025-08-10
18614,4680,2025-08-19,2025-09-18
18615,4680,2025-10-10,2025-11-09
18616,4680,2025-11-26,2025-12-26
18617,4681,2025-07-08,2025-08-07
18618,4681,2025-08-24,2025-09-23
18619,4681,2025-09-27,2025-10-27
18620,4681,2025-11-10,2025-12-10
18621,4681,2025-12-25,2026-01-24
18622,4681,2026-01-30,2026-03-01
18623,4681,2026-03-08,2026-04-07
18624,4682,2026-01-28,2026-02-27
18625,4682,2026-03-10,2026-04-09
18626,4682,2026-05-01,2026-05-31
18627,4682,2026-06-14,2026-07-14
18628,4683,2026-02-02,2026-03-04
18629,4683,2026-03-20,2026-04-19
18630,4683,2026-05-01,2026-05-31
18631,4683,2026-06-12,2026-07-12
18632,4684,2025-08-09,2025-09-08
18633,4684,2025-09-16,2025-10-16
18634,4684,2025-10-27,2025-11-26
18635,4685,2025-09-17,2025-10-17
18636,4686,2026-01-13,2026-02-12
18637,4686,2026-02-28,2026-03-30
18638,4686,2026-04-21,2026-05-21
18639,4686,2026-05-26,2026-06-25
18640,4686,2026-07-07,2026-08-06
18641,4686,2026-08-07,2026-09-06
18642,4687,2026-03-17,2026-04-16
18643,4688,2026-01-06,2026-02-05
18644,4688,2026-02-26,2026-03-28
18645,4688,2026-04-17,2026-05-17
18646,4688,2026-06-03,2026-07-03
18647,4688,2026-07-21,2026-08-20
18648,4688,2026-08-23,2026-09-22
18649,4689,2025-10-12,2025-11-11
18650,4689,2025-11-22,2025-12-22
18651,4689,2026-01-02,2026-02-01
18652,4689,2026-02-18,2026-03-20
18653,4689,2026-04-04,2026-05-04
18654,4689,2026-05-09,2026-06-08
18655,4690,2025-07-25,2025-08-24
18656,4690,2025-09-10,2025-10-10
18657,4690,2025-10-20,2025-11-19
18658,4691,2025-06-08,2025-07-08
18659,4691,2025-07-29,2025-08-28
18660,4691,2025-09-02,2025-10-02
18661,4691,2025-10-04,2025-11-03
18662,4691,2025-11-20,2025-12-20
18663,4691,2025-12-21,2026-01-20
18664,4691,2026-01-25,2026-02-24
18665,4692,2025-11-26,2025-12-26
18666,4693,2025-07-13,2025-08-12
18667,4694,2025-05-27,2025-06-26
18668,4694,2025-07-06,2025-08-05
18669,4694,2025-08-24,2025-09-23
18670,4694,2025-10-01,2025-10-31
18671,4694,2025-11-04,2025-12-04
18672,4694,2025-12-17,2026-01-16
18673,4694,2026-01-29,2026-02-28
18674,4695,2026-03-01,2026-03-31
18675,4695,2026-04-14,2026-05-14
18676,4695,2026-06-05,2026-07-05
18677,4695,2026-07-09,2026-08-08
18678,4695,2026-08-11,2026-09-10
18679,4696,2025-06-20,2025-07-20
18680,4696,2025-08-10,2025-09-09
18681,4696,2025-09-22,2025-10-22
18682,4696,2025-11-05,2025-12-05
18683,4696,2025-12-08,2026-01-07
18684,4696,2026-01-15,2026-02-14
18685,4697,2026-03-23,2026-04-22
18686,4697,2026-05-01,2026-05-31
18687,4697,2026-06-15,2026-07-15
18688,4698,2025-11-05,2025-12-05
18689,4698,2025-12-07,2026-01-06
18690,4698,2026-01-08,2026-02-07
18691,4698,2026-02-09,2026-03-11
18692,4698,2026-03-21,2026-04-20
18693,4698,2026-05-01,2026-05-31
18694,4699,2025-07-06,2025-08-05
18695,4699,2025-08-26,2025-09-25
18696,4699,2025-10-13,2025-11-12
18697,4700,2026-03-28,2026-04-27
18698,4700,2026-05-18,2026-06-17
18699,4701,2025-07-25,2025-08-24
18700,4702,2025-10-25,2025-11-24
18701,4702,2025-12-15,2026-01-14
18702,4702,2026-01-27,2026-02-26
18703,4702,2026-03-08,2026-04-07
18704,4702,2026-04-27,2026-05-27
18705,4703,2025-07-17,2025-08-16
18706,4703,2025-08-27,2025-09-26
18707,4703,2025-10-10,2025-11-09
18708,4703,2025-11-30,2025-12-30
18709,4703,2026-01-11,2026-02-10
18710,4704,2026-01-25,2026-02-24
18711,4704,2026-02-26,2026-03-28
18712,4704,2026-04-19,2026-05-19
18713,4704,2026-05-27,2026-06-26
18714,4704,2026-07-17,2026-08-16
18715,4704,2026-08-29,2026-09-28
18716,4704,2026-10-05,2026-11-04
18717,4705,2026-03-23,2026-04-22
18718,4705,2026-05-02,2026-06-01
18719,4706,2025-06-14,2025-07-14
18720,4706,2025-07-24,2025-08-23
18721,4707,2025-10-18,2025-11-17
18722,4707,2025-11-21,2025-12-21
18723,4707,2026-01-06,2026-02-05
18724,4708,2025-07-22,2025-08-21
18725,4708,2025-08-29,2025-09-28
18726,4708,2025-10-10,2025-11-09
18727,4708,2025-11-12,2025-12-12
18728,4708,2025-12-22,2026-01-21
18729,4709,2026-03-04,2026-04-03
18730,4709,2026-04-12,2026-05-12
18731,4709,2026-05-21,2026-06-20
18732,4709,2026-07-11,2026-08-10
18733,4709,2026-08-31,2026-09-30
18734,4709,2026-10-20,2026-11-19
18735,4710,2025-12-06,2026-01-05
18736,4710,2026-01-18,2026-02-17
18737,4710,2026-02-25,2026-03-27
18738,4710,2026-04-18,2026-05-18
18739,4710,2026-06-07,2026-07-07
18740,4710,2026-07-09,2026-08-08
18741,4710,2026-08-10,2026-09-09
18742,4711,2025-10-08,2025-11-07
18743,4711,2025-11-14,2025-12-14
18744,4711,2026-01-02,2026-02-01
18745,4712,2025-07-05,2025-08-04
18746,4713,2026-02-02,2026-03-04
18747,4713,2026-03-18,2026-04-17
18748,4713,2026-05-03,2026-06-02
18749,4713,2026-06-23,2026-07-23
18750,4713,2026-07-29,2026-08-28
18751,4713,2026-09-08,2026-10-08
18752,4713,2026-10-12,2026-11-11
18753,4714,2026-03-30,2026-04-29
18754,4715,2025-05-19,2025-06-18
18755,4716,2026-02-23,2026-03-25
18756,4716,2026-04-11,2026-05-11
18757,4716,2026-05-26,2026-06-25
18758,4716,2026-07-02,2026-08-01
18759,4716,2026-08-04,2026-09-03
18760,4717,2025-08-15,2025-09-14
18761,4717,2025-10-03,2025-11-02
18762,4717,2025-11-19,2025-12-19
18763,4717,2025-12-23,2026-01-22
18764,4717,2026-02-04,2026-03-06
18765,4717,2026-03-20,2026-04-19
18766,4717,2026-05-07,2026-06-06
18767,4718,2025-09-18,2025-10-18
18768,4719,2026-03-03,2026-04-02
18769,4719,2026-04-12,2026-05-12
18770,4720,2025-10-16,2025-11-15
18771,4720,2025-12-07,2026-01-06
18772,4720,2026-01-12,2026-02-11
18773,4720,2026-03-01,2026-03-31
18774,4720,2026-04-04,2026-05-04
18775,4721,2025-12-19,2026-01-18
18776,4722,2026-01-09,2026-02-08
18777,4722,2026-02-17,2026-03-19
18778,4722,2026-04-02,2026-05-02
18779,4723,2026-05-12,2026-06-11
18780,4723,2026-06-26,2026-07-26
18781,4724,2026-01-14,2026-02-13
18782,4725,2025-06-25,2025-07-25
18783,4725,2025-07-29,2025-08-28
18784,4726,2026-02-03,2026-03-05
18785,4726,2026-03-24,2026-04-23
18786,4726,2026-05-10,2026-06-09
18787,4726,2026-06-24,2026-07-24
18788,4727,2026-02-10,2026-03-12
18789,4727,2026-03-31,2026-04-30
18790,4728,2025-06-27,2025-07-27
18791,4728,2025-08-06,2025-09-05
18792,4728,2025-09-21,2025-10-21
18793,4728,2025-10-30,2025-11-29
18794,4729,2026-01-15,2026-02-14
18795,4730,2025-09-09,2025-10-09
18796,4730,2025-10-30,2025-11-29
18797,4730,2025-12-16,2026-01-15
18798,4730,2026-02-04,2026-03-06
18799,4730,2026-03-21,2026-04-20
18800,4730,2026-04-24,2026-05-24
18801,4731,2025-09-15,2025-10-15
18802,4731,2025-10-18,2025-11-17
18803,4732,2026-04-10,2026-05-10
18804,4732,2026-05-14,2026-06-13
18805,4732,2026-06-27,2026-07-27
18806,4732,2026-07-29,2026-08-28
18807,4732,2026-09-06,2026-10-06
18808,4732,2026-10-12,2026-11-11
18809,4732,2026-11-24,2026-12-24
18810,4733,2025-10-17,2025-11-16
18811,4733,2025-12-01,2025-12-31
18812,4733,2026-01-03,2026-02-02
18813,4734,2025-06-16,2025-07-16
18814,4734,2025-07-25,2025-08-24
18815,4734,2025-09-02,2025-10-02
18816,4735,2026-02-28,2026-03-30
18817,4735,2026-04-13,2026-05-13
18818,4735,2026-05-22,2026-06-21
18819,4736,2025-10-11,2025-11-10
18820,4736,2025-12-01,2025-12-31
18821,4736,2026-01-05,2026-02-04
18822,4737,2026-04-01,2026-05-01
18823,4737,2026-05-21,2026-06-20
18824,4737,2026-06-30,2026-07-30
18825,4737,2026-08-11,2026-09-10
18826,4737,2026-09-19,2026-10-19
18827,4737,2026-10-22,2026-11-21
18828,4737,2026-12-13,2027-01-12
18829,4738,2025-08-09,2025-09-08
18830,4738,2025-09-12,2025-10-12
18831,4738,2025-10-20,2025-11-19
18832,4738,2025-12-04,2026-01-03
18833,4738,2026-01-21,2026-02-20
18834,4738,2026-02-22,2026-03-24
18835,4738,2026-04-02,2026-05-02
18836,4739,2025-08-16,2025-09-15
18837,4739,2025-09-29,2025-10-29
18838,4739,2025-11-03,2025-12-03
18839,4739,2025-12-04,2026-01-03
18840,4739,2026-01-23,2026-02-22
18841,4740,2026-01-16,2026-02-15
18842,4740,2026-02-22,2026-03-24
18843,4740,2026-04-08,2026-05-08
18844,4740,2026-05-16,2026-06-15
18845,4740,2026-07-05,2026-08-04
18846,4740,2026-08-17,2026-09-16
18847,4740,2026-09-27,2026-10-27
18848,4741,2025-09-24,2025-10-24
18849,4741,2025-11-09,2025-12-09
18850,4741,2025-12-31,2026-01-30
18851,4742,2026-02-21,2026-03-23
18852,4743,2026-03-19,2026-04-18
18853,4743,2026-04-28,2026-05-28
18854,4743,2026-06-11,2026-07-11
18855,4743,2026-07-20,2026-08-19
18856,4743,2026-08-28,2026-09-27
18857,4743,2026-09-28,2026-10-28
18858,4744,2025-06-12,2025-07-12
18859,4744,2025-07-19,2025-08-18
18860,4744,2025-08-30,2025-09-29
18861,4744,2025-10-06,2025-11-05
18862,4745,2025-08-07,2025-09-06
18863,4745,2025-09-18,2025-10-18
18864,4746,2025-12-28,2026-01-27
18865,4746,2026-02-14,2026-03-16
18866,4746,2026-03-23,2026-04-22
18867,4746,2026-04-27,2026-05-27
18868,4747,2025-06-18,2025-07-18
18869,4747,2025-07-21,2025-08-20
18870,4747,2025-08-27,2025-09-26
18871,4747,2025-10-14,2025-11-13
18872,4747,2025-11-22,2025-12-22
18873,4747,2025-12-26,2026-01-25
18874,4748,2026-01-18,2026-02-17
18875,4748,2026-02-18,2026-03-20
18876,4748,2026-04-08,2026-05-08
18877,4749,2025-06-18,2025-07-18
18878,4749,2025-07-23,2025-08-22
18879,4749,2025-09-12,2025-10-12
18880,4750,2026-01-04,2026-02-03
18881,4750,2026-02-19,2026-03-21
18882,4750,2026-04-01,2026-05-01
18883,4750,2026-05-02,2026-06-01
18884,4750,2026-06-13,2026-07-13
18885,4750,2026-07-26,2026-08-25
18886,4750,2026-09-12,2026-10-12
18887,4751,2026-05-04,2026-06-03
18888,4751,2026-06-20,2026-07-20
18889,4751,2026-07-29,2026-08-28
18890,4751,2026-09-18,2026-10-18
18891,4751,2026-11-04,2026-12-04
18892,4751,2026-12-10,2027-01-09
18893,4752,2025-05-26,2025-06-25
18894,4752,2025-07-11,2025-08-10
18895,4752,2025-08-13,2025-09-12
18896,4752,2025-09-17,2025-10-17
18897,4753,2025-08-08,2025-09-07
18898,4753,2025-09-17,2025-10-17
18899,4754,2025-05-22,2025-06-21
18900,4754,2025-07-13,2025-08-12
18901,4754,2025-09-01,2025-10-01
18902,4754,2025-10-08,2025-11-07
18903,4754,2025-11-23,2025-12-23
18904,4754,2026-01-09,2026-02-08
18905,4755,2026-05-11,2026-06-10
18906,4755,2026-06-15,2026-07-15
18907,4755,2026-07-29,2026-08-28
18908,4755,2026-09-13,2026-10-13
18909,4755,2026-10-19,2026-11-18
18910,4755,2026-12-03,2027-01-02
18911,4756,2025-06-18,2025-07-18
18912,4756,2025-08-01,2025-08-31
18913,4757,2025-08-29,2025-09-28
18914,4757,2025-10-12,2025-11-11
18915,4757,2025-11-26,2025-12-26
18916,4757,2026-01-05,2026-02-04
18917,4758,2025-11-30,2025-12-30
18918,4758,2026-01-16,2026-02-15
18919,4758,2026-03-04,2026-04-03
18920,4758,2026-04-07,2026-05-07
18921,4758,2026-05-26,2026-06-25
18922,4759,2025-09-21,2025-10-21
18923,4759,2025-11-03,2025-12-03
18924,4759,2025-12-21,2026-01-20
18925,4759,2026-02-04,2026-03-06
18926,4759,2026-03-27,2026-04-26
18927,4759,2026-05-11,2026-06-10
18928,4759,2026-06-20,2026-07-20
18929,4760,2026-02-19,2026-03-21
18930,4760,2026-04-09,2026-05-09
18931,4760,2026-05-19,2026-06-18
18932,4760,2026-06-27,2026-07-27
18933,4760,2026-08-16,2026-09-15
18934,4760,2026-10-05,2026-11-04
18935,4761,2025-05-16,2025-06-15
18936,4761,2025-06-22,2025-07-22
18937,4761,2025-08-05,2025-09-04
18938,4761,2025-09-20,2025-10-20
18939,4761,2025-11-01,2025-12-01
18940,4761,2025-12-22,2026-01-21
18941,4761,2026-02-06,2026-03-08
18942,4762,2026-05-06,2026-06-05
18943,4762,2026-06-19,2026-07-19
18944,4762,2026-08-05,2026-09-04
18945,4762,2026-09-13,2026-10-13
18946,4762,2026-11-02,2026-12-02
18947,4762,2026-12-03,2027-01-02
18948,4762,2027-01-24,2027-02-23
18949,4763,2025-07-28,2025-08-27
18950,4763,2025-09-17,2025-10-17
18951,4764,2025-11-29,2025-12-29
18952,4764,2026-01-05,2026-02-04
18953,4764,2026-02-10,2026-03-12
18954,4764,2026-03-14,2026-04-13
18955,4765,2026-03-20,2026-04-19
18956,4766,2026-02-28,2026-03-30
18957,4766,2026-04-03,2026-05-03
18958,4766,2026-05-19,2026-06-18
18959,4766,2026-07-03,2026-08-02
18960,4766,2026-08-22,2026-09-21
18961,4766,2026-09-22,2026-10-22
18962,4767,2025-06-20,2025-07-20
18963,4767,2025-07-22,2025-08-21
18964,4768,2026-02-03,2026-03-05
18965,4768,2026-03-13,2026-04-12
18966,4768,2026-04-19,2026-05-19
18967,4768,2026-05-26,2026-06-25
18968,4768,2026-06-29,2026-07-29
18969,4769,2025-11-06,2025-12-06
18970,4769,2025-12-23,2026-01-22
18971,4769,2026-01-23,2026-02-22
18972,4770,2025-12-28,2026-01-27
18973,4770,2026-02-05,2026-03-07
18974,4770,2026-03-25,2026-04-24
18975,4770,2026-04-25,2026-05-25
18976,4771,2025-07-23,2025-08-22
18977,4771,2025-08-27,2025-09-26
18978,4772,2025-05-14,2025-06-13
18979,4773,2026-02-26,2026-03-28
18980,4773,2026-04-14,2026-05-14
18981,4774,2025-09-13,2025-10-13
18982,4774,2025-10-20,2025-11-19
18983,4774,2025-11-22,2025-12-22
18984,4774,2025-12-26,2026-01-25
18985,4774,2026-02-06,2026-03-08
18986,4774,2026-03-17,2026-04-16
18987,4775,2026-04-09,2026-05-09
18988,4775,2026-05-25,2026-06-24
18989,4776,2026-04-04,2026-05-04
18990,4777,2025-10-06,2025-11-05
18991,4777,2025-11-08,2025-12-08
18992,4778,2025-09-22,2025-10-22
18993,4778,2025-10-23,2025-11-22
18994,4778,2025-12-14,2026-01-13
18995,4778,2026-01-26,2026-02-25
18996,4778,2026-03-11,2026-04-10
18997,4779,2025-10-13,2025-11-12
18998,4779,2025-11-18,2025-12-18
18999,4779,2025-12-26,2026-01-25
19000,4779,2026-02-07,2026-03-09
19001,4779,2026-03-21,2026-04-20
19002,4780,2025-10-13,2025-11-12
19003,4780,2025-11-14,2025-12-14
19004,4780,2025-12-19,2026-01-18
19005,4781,2025-09-15,2025-10-15
19006,4781,2025-10-20,2025-11-19
19007,4781,2025-11-29,2025-12-29
19008,4781,2026-01-14,2026-02-13
19009,4781,2026-03-03,2026-04-02
19010,4781,2026-04-23,2026-05-23
19011,4782,2026-04-24,2026-05-24
19012,4782,2026-06-04,2026-07-04
19013,4783,2026-02-09,2026-03-11
19014,4783,2026-03-16,2026-04-15
19015,4783,2026-04-29,2026-05-29
19016,4783,2026-06-19,2026-07-19
19017,4783,2026-07-23,2026-08-22
19018,4783,2026-08-30,2026-09-29
19019,4784,2025-12-22,2026-01-21
19020,4785,2026-01-25,2026-02-24
19021,4786,2026-03-31,2026-04-30
19022,4786,2026-05-03,2026-06-02
19023,4786,2026-06-13,2026-07-13
19024,4787,2025-07-30,2025-08-29
19025,4787,2025-09-17,2025-10-17
19026,4787,2025-11-02,2025-12-02
19027,4787,2025-12-23,2026-01-22
19028,4787,2026-01-23,2026-02-22
19029,4787,2026-03-07,2026-04-06
19030,4787,2026-04-11,2026-05-11
19031,4788,2025-06-14,2025-07-14
19032,4788,2025-07-16,2025-08-15
19033,4788,2025-09-03,2025-10-03
19034,4788,2025-10-23,2025-11-22
19035,4788,2025-12-08,2026-01-07
19036,4789,2025-07-28,2025-08-27
19037,4789,2025-09-10,2025-10-10
19038,4789,2025-10-27,2025-11-26
19039,4790,2025-09-01,2025-10-01
19040,4790,2025-10-03,2025-11-02
19041,4790,2025-11-20,2025-12-20
19042,4790,2025-12-27,2026-01-26
19043,4791,2025-10-08,2025-11-07
19044,4791,2025-11-20,2025-12-20
19045,4791,2026-01-07,2026-02-06
19046,4791,2026-02-28,2026-03-30
19047,4791,2026-04-05,2026-05-05
19048,4792,2026-04-13,2026-05-13
19049,4792,2026-05-28,2026-06-27
19050,4792,2026-07-05,2026-08-04
19051,4793,2025-06-09,2025-07-09
19052,4793,2025-07-26,2025-08-25
19053,4794,2026-03-19,2026-04-18
19054,4794,2026-04-27,2026-05-27
19055,4794,2026-06-03,2026-07-03
19056,4794,2026-07-22,2026-08-21
19057,4795,2025-11-14,2025-12-14
19058,4795,2025-12-15,2026-01-14
19059,4796,2026-01-12,2026-02-11
19060,4796,2026-02-13,2026-03-15
19061,4797,2025-11-13,2025-12-13
19062,4797,2025-12-19,2026-01-18
19063,4797,2026-01-31,2026-03-02
19064,4797,2026-03-04,2026-04-03
19065,4797,2026-04-19,2026-05-19
19066,4797,2026-05-20,2026-06-19
19067,4797,2026-07-10,2026-08-09
19068,4798,2025-12-13,2026-01-12
19069,4798,2026-01-28,2026-02-27
19070,4798,2026-03-09,2026-04-08
19071,4798,2026-04-25,2026-05-25
19072,4798,2026-06-05,2026-07-05
19073,4798,2026-07-26,2026-08-25
19074,4799,2025-08-17,2025-09-16
19075,4799,2025-10-04,2025-11-03
19076,4799,2025-11-20,2025-12-20
19077,4799,2026-01-09,2026-02-08
19078,4799,2026-02-14,2026-03-16
19079,4800,2025-08-21,2025-09-20
19080,4800,2025-10-05,2025-11-04
19081,4801,2026-03-10,2026-04-09
19082,4801,2026-04-20,2026-05-20
19083,4801,2026-05-26,2026-06-25
19084,4801,2026-06-30,2026-07-30
19085,4801,2026-08-19,2026-09-18
19086,4802,2026-01-07,2026-02-06
19087,4802,2026-02-25,2026-03-27
19088,4803,2026-04-28,2026-05-28
19089,4803,2026-06-08,2026-07-08
19090,4803,2026-07-17,2026-08-16
19091,4803,2026-08-18,2026-09-17
19092,4803,2026-09-21,2026-10-21
19093,4803,2026-10-31,2026-11-30
19094,4804,2025-07-16,2025-08-15
19095,4804,2025-09-02,2025-10-02
19096,4804,2025-10-24,2025-11-23
19097,4804,2025-12-03,2026-01-02
19098,4804,2026-01-18,2026-02-17
19099,4804,2026-03-01,2026-03-31
19100,4805,2026-04-01,2026-05-01
19101,4805,2026-05-18,2026-06-17
19102,4806,2025-07-19,2025-08-18
19103,4806,2025-08-30,2025-09-29
19104,4806,2025-10-19,2025-11-18
19105,4806,2025-11-27,2025-12-27
19106,4807,2025-07-10,2025-08-09
19107,4807,2025-08-11,2025-09-10
19108,4807,2025-09-26,2025-10-26
19109,4807,2025-11-16,2025-12-16
19110,4807,2026-01-04,2026-02-03
19111,4808,2025-09-20,2025-10-20
19112,4808,2025-11-03,2025-12-03
19113,4808,2025-12-10,2026-01-09
19114,4808,2026-01-22,2026-02-21
19115,4808,2026-03-07,2026-04-06
19116,4808,2026-04-26,2026-05-26
19117,4809,2025-09-10,2025-10-10
19118,4809,2025-10-22,2025-11-21
19119,4810,2025-09-17,2025-10-17
19120,4810,2025-11-07,2025-12-07
19121,4810,2025-12-08,2026-01-07
19122,4810,2026-01-16,2026-02-15
19123,4810,2026-02-26,2026-03-28
19124,4810,2026-04-15,2026-05-15
19125,4811,2025-10-14,2025-11-13
19126,4811,2025-11-25,2025-12-25
19127,4811,2025-12-27,2026-01-26
19128,4811,2026-01-27,2026-02-26
19129,4811,2026-03-14,2026-04-13
19130,4812,2026-02-28,2026-03-30
19131,4813,2026-03-30,2026-04-29
19132,4814,2025-05-25,2025-06-24
19133,4814,2025-06-28,2025-07-28
19134,4814,2025-08-18,2025-09-17
19135,4814,2025-09-20,2025-10-20
19136,4815,2025-07-04,2025-08-03
19137,4815,2025-08-22,2025-09-21
19138,4815,2025-10-08,2025-11-07
19139,4815,2025-11-08,2025-12-08
19140,4815,2025-12-18,2026-01-17
19141,4815,2026-01-24,2026-02-23
19142,4815,2026-03-02,2026-04-01
19143,4816,2025-07-04,2025-08-03
19144,4817,2025-06-22,2025-07-22
19145,4817,2025-08-05,2025-09-04
19146,4817,2025-09-13,2025-10-13
19147,4817,2025-10-14,2025-11-13
19148,4818,2025-12-26,2026-01-25
19149,4819,2025-11-20,2025-12-20
19150,4819,2025-12-23,2026-01-22
19151,4819,2026-02-11,2026-03-13
19152,4819,2026-04-04,2026-05-04
19153,4820,2025-11-21,2025-12-21
19154,4820,2025-12-27,2026-01-26
19155,4821,2025-08-11,2025-09-10
19156,4821,2025-09-16,2025-10-16
19157,4821,2025-10-22,2025-11-21
19158,4821,2025-12-04,2026-01-03
19159,4821,2026-01-05,2026-02-04
19160,4821,2026-02-26,2026-03-28
19161,4821,2026-04-16,2026-05-16
19162,4822,2025-11-14,2025-12-14
19163,4823,2025-11-02,2025-12-02
19164,4823,2025-12-15,2026-01-14
19165,4824,2026-01-23,2026-02-22
19166,4824,2026-03-07,2026-04-06
19167,4825,2025-11-23,2025-12-23
19168,4825,2026-01-10,2026-02-09
19169,4825,2026-02-14,2026-03-16
19170,4826,2025-12-26,2026-01-25
19171,4827,2025-10-30,2025-11-29
19172,4827,2025-12-14,2026-01-13
19173,4827,2026-01-17,2026-02-16
19174,4827,2026-03-08,2026-04-07
19175,4828,2025-09-20,2025-10-20
19176,4828,2025-11-04,2025-12-04
19177,4828,2025-12-13,2026-01-12
19178,4829,2026-02-21,2026-03-23
19179,4829,2026-04-12,2026-05-12
19180,4829,2026-06-03,2026-07-03
19181,4830,2025-09-21,2025-10-21
19182,4830,2025-10-22,2025-11-21
19183,4830,2025-12-09,2026-01-08
19184,4830,2026-01-11,2026-02-10
19185,4830,2026-03-02,2026-04-01
19186,4831,2026-02-13,2026-03-15
19187,4832,2026-01-06,2026-02-05
19188,4832,2026-02-13,2026-03-15
19189,4832,2026-04-05,2026-05-05
19190,4832,2026-05-17,2026-06-16
19191,4832,2026-06-22,2026-07-22
19192,4832,2026-08-05,2026-09-04
19193,4832,2026-09-12,2026-10-12
19194,4833,2025-07-13,2025-08-12
19195,4833,2025-08-15,2025-09-14
19196,4833,2025-09-30,2025-10-30
19197,4833,2025-11-13,2025-12-13
19198,4833,2025-12-21,2026-01-20
19199,4834,2025-11-21,2025-12-21
19200,4834,2025-12-25,2026-01-24
19201,4835,2026-04-07,2026-05-07
19202,4835,2026-05-12,2026-06-11
19203,4835,2026-06-17,2026-07-17
19204,4835,2026-08-03,2026-09-02
19205,4835,2026-09-15,2026-10-15
19206,4835,2026-10-31,2026-11-30
19207,4836,2026-02-14,2026-03-16
19208,4837,2025-06-23,2025-07-23
19209,4837,2025-07-24,2025-08-23
19210,4837,2025-08-29,2025-09-28
19211,4838,2025-12-24,2026-01-23
19212,4838,2026-01-30,2026-03-01
19213,4838,2026-03-13,2026-04-12
19214,4838,2026-04-27,2026-05-27
19215,4838,2026-06-11,2026-07-11
19216,4839,2025-09-09,2025-10-09
19217,4839,2025-10-31,2025-11-30
19218,4839,2025-12-10,2026-01-09
19219,4840,2025-12-08,2026-01-07
19220,4841,2026-01-21,2026-02-20
19221,4842,2026-03-23,2026-04-22
19222,4842,2026-04-27,2026-05-27
19223,4843,2026-04-01,2026-05-01
19224,4843,2026-05-21,2026-06-20
19225,4843,2026-07-06,2026-08-05
19226,4843,2026-08-27,2026-09-26
19227,4843,2026-10-08,2026-11-07
19228,4843,2026-11-13,2026-12-13
19229,4843,2026-12-26,2027-01-25
19230,4844,2026-02-05,2026-03-07
19231,4844,2026-03-22,2026-04-21
19232,4844,2026-05-08,2026-06-07
19233,4845,2026-03-31,2026-04-30
19234,4845,2026-05-20,2026-06-19
19235,4845,2026-06-23,2026-07-23
19236,4845,2026-08-05,2026-09-04
19237,4845,2026-09-22,2026-10-22
19238,4845,2026-10-30,2026-11-29
19239,4846,2025-07-30,2025-08-29
19240,4846,2025-09-09,2025-10-09
19241,4846,2025-10-13,2025-11-12
19242,4846,2025-11-15,2025-12-15
19243,4847,2025-11-20,2025-12-20
19244,4847,2025-12-29,2026-01-28
19245,4847,2026-02-01,2026-03-03
19246,4848,2025-07-06,2025-08-05
19247,4848,2025-08-15,2025-09-14
19248,4848,2025-09-26,2025-10-26
19249,4849,2026-04-22,2026-05-22
19250,4849,2026-05-29,2026-06-28
19251,4849,2026-07-01,2026-07-31
19252,4849,2026-08-22,2026-09-21
19253,4850,2025-07-30,2025-08-29
19254,4850,2025-09-14,2025-10-14
19255,4850,2025-10-23,2025-11-22
19256,4850,2025-11-25,2025-12-25
19257,4851,2025-08-04,2025-09-03
19258,4852,2026-03-01,2026-03-31
19259,4852,2026-04-10,2026-05-10
19260,4852,2026-05-21,2026-06-20
19261,4852,2026-07-11,2026-08-10
19262,4852,2026-08-12,2026-09-11
19263,4853,2025-08-01,2025-08-31
19264,4853,2025-09-01,2025-10-01
19265,4853,2025-10-08,2025-11-07
19266,4854,2026-05-11,2026-06-10
19267,4855,2026-01-17,2026-02-16
19268,4855,2026-03-04,2026-04-03
19269,4855,2026-04-16,2026-05-16
19270,4855,2026-05-19,2026-06-18
19271,4855,2026-07-03,2026-08-02
19272,4855,2026-08-03,2026-09-02
19273,4855,2026-09-15,2026-10-15
19274,4856,2026-02-23,2026-03-25
19275,4856,2026-03-29,2026-04-28
19276,4857,2026-04-01,2026-05-01
19277,4857,2026-05-16,2026-06-15
19278,4857,2026-06-22,2026-07-22
19279,4857,2026-08-09,2026-09-08
19280,4857,2026-09-16,2026-10-16
19281,4857,2026-10-19,2026-11-18
19282,4858,2025-07-15,2025-08-14
19283,4858,2025-08-29,2025-09-28
19284,4858,2025-10-04,2025-11-03
19285,4858,2025-11-04,2025-12-04
19286,4858,2025-12-12,2026-01-11
19287,4859,2025-12-25,2026-01-24
19288,4859,2026-02-06,2026-03-08
19289,4859,2026-03-20,2026-04-19
19290,4859,2026-05-03,2026-06-02
19291,4860,2025-08-06,2025-09-05
19292,4861,2026-01-25,2026-02-24
19293,4861,2026-03-18,2026-04-17
19294,4861,2026-05-08,2026-06-07
19295,4861,2026-06-18,2026-07-18
19296,4861,2026-07-28,2026-08-27
19297,4862,2026-03-15,2026-04-14
19298,4862,2026-04-16,2026-05-16
19299,4862,2026-05-31,2026-06-30
19300,4862,2026-07-18,2026-08-17
19301,4862,2026-08-22,2026-09-21
19302,4862,2026-10-01,2026-10-31
19303,4862,2026-11-03,2026-12-03
19304,4863,2026-03-19,2026-04-18
19305,4863,2026-04-25,2026-05-25
19306,4863,2026-06-03,2026-07-03
19307,4863,2026-07-09,2026-08-08
19308,4864,2026-01-13,2026-02-12
19309,4864,2026-02-16,2026-03-18
19310,4864,2026-03-27,2026-04-26
19311,4864,2026-05-12,2026-06-11
19312,4864,2026-06-22,2026-07-22
19313,4864,2026-08-01,2026-08-31
19314,4865,2026-01-29,2026-02-28
19315,4865,2026-03-05,2026-04-04
19316,4865,2026-04-13,2026-05-13
19317,4865,2026-05-30,2026-06-29
19318,4866,2026-04-23,2026-05-23
19319,4866,2026-05-25,2026-06-24
19320,4867,2026-03-31,2026-04-30
19321,4867,2026-05-05,2026-06-04
19322,4867,2026-06-07,2026-07-07
19323,4867,2026-07-10,2026-08-09
19324,4868,2025-11-16,2025-12-16
19325,4868,2025-12-29,2026-01-28
19326,4868,2026-01-30,2026-03-01
19327,4868,2026-03-09,2026-04-08
19328,4868,2026-04-25,2026-05-25
19329,4869,2026-01-03,2026-02-02
19330,4869,2026-02-06,2026-03-08
19331,4869,2026-03-29,2026-04-28
19332,4869,2026-05-09,2026-06-08
19333,4869,2026-06-28,2026-07-28
19334,4869,2026-08-02,2026-09-01
19335,4869,2026-09-09,2026-10-09
19336,4870,2026-01-02,2026-02-01
19337,4870,2026-02-14,2026-03-16
19338,4870,2026-03-27,2026-04-26
19339,4870,2026-05-01,2026-05-31
19340,4870,2026-06-03,2026-07-03
19341,4870,2026-07-19,2026-08-18
19342,4871,2026-02-24,2026-03-26
19343,4871,2026-04-06,2026-05-06
19344,4871,2026-05-13,2026-06-12
19345,4871,2026-06-20,2026-07-20
19346,4872,2025-11-22,2025-12-22
19347,4872,2026-01-10,2026-02-09
19348,4872,2026-02-20,2026-03-22
19349,4872,2026-03-23,2026-04-22
19350,4873,2025-06-04,2025-07-04
19351,4874,2025-10-24,2025-11-23
19352,4874,2025-11-27,2025-12-27
19353,4874,2025-12-31,2026-01-30
19354,4874,2026-02-06,2026-03-08
19355,4874,2026-03-24,2026-04-23
19356,4874,2026-05-14,2026-06-13
19357,4874,2026-06-17,2026-07-17
19358,4875,2025-08-07,2025-09-06
19359,4875,2025-09-27,2025-10-27
19360,4875,2025-11-10,2025-12-10
19361,4875,2025-12-18,2026-01-17
19362,4875,2026-02-07,2026-03-09
19363,4875,2026-03-13,2026-04-12
19364,4876,2026-03-01,2026-03-31
19365,4877,2025-08-18,2025-09-17
19366,4877,2025-10-08,2025-11-07
19367,4877,2025-11-23,2025-12-23
19368,4877,2026-01-10,2026-02-09
19369,4877,2026-02-23,2026-03-25
19370,4878,2025-11-12,2025-12-12
19371,4878,2025-12-27,2026-01-26
19372,4878,2026-02-08,2026-03-10
19373,4878,2026-03-12,2026-04-11
19374,4878,2026-04-15,2026-05-15
19375,4878,2026-06-02,2026-07-02
19376,4878,2026-07-19,2026-08-18
19377,4879,2025-11-20,2025-12-20
19378,4880,2025-10-14,2025-11-13
19379,4880,2025-12-04,2026-01-03
19380,4880,2026-01-12,2026-02-11
19381,4880,2026-03-04,2026-04-03
19382,4880,2026-04-13,2026-05-13
19383,4880,2026-05-29,2026-06-28
19384,4881,2025-06-26,2025-07-26
19385,4881,2025-08-03,2025-09-02
19386,4881,2025-09-10,2025-10-10
19387,4881,2025-10-19,2025-11-18
19388,4881,2025-11-26,2025-12-26
19389,4881,2026-01-07,2026-02-06
19390,4881,2026-02-27,2026-03-29
19391,4882,2025-06-22,2025-07-22
19392,4882,2025-08-07,2025-09-06
19393,4882,2025-09-14,2025-10-14
19394,4882,2025-10-28,2025-11-27
19395,4882,2025-12-17,2026-01-16
19396,4882,2026-02-01,2026-03-03
19397,4882,2026-03-05,2026-04-04
19398,4883,2025-12-30,2026-01-29
19399,4883,2026-02-15,2026-03-17
19400,4883,2026-03-29,2026-04-28
19401,4883,2026-05-03,2026-06-02
19402,4883,2026-06-14,2026-07-14
19403,4883,2026-07-22,2026-08-21
19404,4884,2025-09-03,2025-10-03
19405,4884,2025-10-14,2025-11-13
19406,4884,2025-11-15,2025-12-15
19407,4884,2025-12-24,2026-01-23
19408,4884,2026-01-24,2026-02-23
19409,4884,2026-03-14,2026-04-13
19410,4885,2025-08-23,2025-09-22
19411,4885,2025-09-25,2025-10-25
19412,4885,2025-10-29,2025-11-28
19413,4885,2025-12-15,2026-01-14
19414,4886,2025-09-19,2025-10-19
19415,4886,2025-11-06,2025-12-06
19416,4886,2025-12-25,2026-01-24
19417,4886,2026-02-08,2026-03-10
19418,4886,2026-03-19,2026-04-18
19419,4887,2026-04-18,2026-05-18
19420,4888,2025-10-02,2025-11-01
19421,4888,2025-11-02,2025-12-02
19422,4889,2025-08-18,2025-09-17
19423,4889,2025-09-19,2025-10-19
19424,4889,2025-11-08,2025-12-08
19425,4889,2025-12-20,2026-01-19
19426,4889,2026-02-04,2026-03-06
19427,4889,2026-03-25,2026-04-24
19428,4890,2025-10-26,2025-11-25
19429,4890,2025-12-12,2026-01-11
19430,4890,2026-01-20,2026-02-19
19431,4890,2026-03-06,2026-04-05
19432,4890,2026-04-10,2026-05-10
19433,4891,2025-10-28,2025-11-27
19434,4891,2025-11-29,2025-12-29
19435,4891,2026-01-11,2026-02-10
19436,4891,2026-02-17,2026-03-19
19437,4892,2025-05-28,2025-06-27
19438,4892,2025-07-07,2025-08-06
19439,4892,2025-08-09,2025-09-08
19440,4892,2025-09-22,2025-10-22
19441,4892,2025-11-12,2025-12-12
19442,4893,2026-05-02,2026-06-01
19443,4894,2026-03-14,2026-04-13
19444,4894,2026-04-15,2026-05-15
19445,4894,2026-06-05,2026-07-05
19446,4894,2026-07-18,2026-08-17
19447,4894,2026-08-23,2026-09-22
19448,4894,2026-10-08,2026-11-07
19449,4894,2026-11-24,2026-12-24
19450,4895,2026-04-19,2026-05-19
19451,4895,2026-06-05,2026-07-05
19452,4895,2026-07-23,2026-08-22
19453,4895,2026-09-12,2026-10-12
19454,4895,2026-10-14,2026-11-13
19455,4896,2026-01-27,2026-02-26
19456,4896,2026-03-01,2026-03-31
19457,4896,2026-04-04,2026-05-04
19458,4896,2026-05-09,2026-06-08
19459,4896,2026-06-30,2026-07-30
19460,4897,2026-04-20,2026-05-20
19461,4897,2026-05-31,2026-06-30
19462,4897,2026-07-20,2026-08-19
19463,4897,2026-08-24,2026-09-23
19464,4898,2025-06-02,2025-07-02
19465,4898,2025-07-09,2025-08-08
19466,4899,2025-11-27,2025-12-27
19467,4900,2025-08-13,2025-09-12
19468,4900,2025-09-28,2025-10-28
19469,4900,2025-11-02,2025-12-02
19470,4900,2025-12-14,2026-01-13
19471,4901,2025-08-21,2025-09-20
19472,4901,2025-10-07,2025-11-06
19473,4901,2025-11-18,2025-12-18
19474,4901,2026-01-01,2026-01-31
19475,4901,2026-02-04,2026-03-06
19476,4901,2026-03-20,2026-04-19
19477,4901,2026-04-25,2026-05-25
19478,4902,2025-07-27,2025-08-26
19479,4902,2025-09-04,2025-10-04
19480,4902,2025-10-07,2025-11-06
19481,4902,2025-11-13,2025-12-13
19482,4902,2025-12-22,2026-01-21
19483,4902,2026-01-27,2026-02-26
19484,4903,2026-01-21,2026-02-20
19485,4903,2026-02-27,2026-03-29
19486,4903,2026-04-03,2026-05-03
19487,4903,2026-05-10,2026-06-09
19488,4903,2026-06-20,2026-07-20
19489,4903,2026-08-10,2026-09-09
19490,4904,2025-07-27,2025-08-26
19491,4904,2025-09-04,2025-10-04
19492,4905,2026-02-17,2026-03-19
19493,4905,2026-04-10,2026-05-10
19494,4905,2026-05-20,2026-06-19
19495,4905,2026-06-24,2026-07-24
19496,4905,2026-07-25,2026-08-24
19497,4905,2026-09-13,2026-10-13
19498,4905,2026-10-22,2026-11-21
19499,4906,2026-04-16,2026-05-16
19500,4907,2025-08-20,2025-09-19
19501,4907,2025-09-28,2025-10-28
19502,4908,2025-11-19,2025-12-19
19503,4908,2026-01-03,2026-02-02
19504,4908,2026-02-05,2026-03-07
19505,4909,2026-04-12,2026-05-12
19506,4909,2026-05-22,2026-06-21
19507,4909,2026-06-26,2026-07-26
19508,4909,2026-08-06,2026-09-05
19509,4909,2026-09-07,2026-10-07
19510,4909,2026-10-29,2026-11-28
19511,4910,2026-01-21,2026-02-20
19512,4910,2026-03-14,2026-04-13
19513,4910,2026-04-24,2026-05-24
19514,4910,2026-06-01,2026-07-01
19515,4910,2026-07-22,2026-08-21
19516,4911,2025-12-24,2026-01-23
19517,4911,2026-02-04,2026-03-06
19518,4911,2026-03-18,2026-04-17
19519,4911,2026-05-09,2026-06-08
19520,4911,2026-06-26,2026-07-26
19521,4911,2026-08-11,2026-09-10
19522,4911,2026-09-26,2026-10-26
19523,4912,2025-12-14,2026-01-13
19524,4912,2026-01-21,2026-02-20
19525,4912,2026-03-05,2026-04-04
19526,4912,2026-04-14,2026-05-14
19527,4912,2026-06-05,2026-07-05
19528,4912,2026-07-11,2026-08-10
19529,4912,2026-08-26,2026-09-25
19530,4913,2025-09-22,2025-10-22
19531,4913,2025-11-03,2025-12-03
19532,4913,2025-12-18,2026-01-17
19533,4913,2026-01-22,2026-02-21
19534,4914,2026-02-06,2026-03-08
19535,4914,2026-03-22,2026-04-21
19536,4914,2026-05-13,2026-06-12
19537,4914,2026-06-15,2026-07-15
19538,4914,2026-07-20,2026-08-19
19539,4915,2026-04-17,2026-05-17
19540,4915,2026-05-25,2026-06-24
19541,4916,2025-08-29,2025-09-28
19542,4917,2025-06-19,2025-07-19
19543,4917,2025-07-27,2025-08-26
19544,4917,2025-09-16,2025-10-16
19545,4917,2025-10-23,2025-11-22
19546,4917,2025-11-24,2025-12-24
19547,4917,2025-12-28,2026-01-27
19548,4918,2025-12-25,2026-01-24
19549,4918,2026-01-31,2026-03-02
19550,4918,2026-03-14,2026-04-13
19551,4918,2026-05-05,2026-06-04
19552,4919,2025-08-24,2025-09-23
19553,4919,2025-10-06,2025-11-05
19554,4920,2026-02-15,2026-03-17
19555,4920,2026-03-27,2026-04-26
19556,4920,2026-04-30,2026-05-30
19557,4921,2025-10-03,2025-11-02
19558,4921,2025-11-07,2025-12-07
19559,4922,2025-08-29,2025-09-28
19560,4922,2025-09-30,2025-10-30
19561,4923,2026-01-08,2026-02-07
19562,4923,2026-02-24,2026-03-26
19563,4923,2026-04-06,2026-05-06
19564,4923,2026-05-22,2026-06-21
19565,4924,2025-10-30,2025-11-29
19566,4924,2025-12-09,2026-01-08
19567,4924,2026-01-15,2026-02-14
19568,4924,2026-03-05,2026-04-04
19569,4924,2026-04-08,2026-05-08
19570,4924,2026-05-16,2026-06-15
19571,4924,2026-07-01,2026-07-31
19572,4925,2025-11-20,2025-12-20
19573,4925,2026-01-07,2026-02-06
19574,4925,2026-02-21,2026-03-23
19575,4925,2026-04-09,2026-05-09
19576,4925,2026-05-16,2026-06-15
19577,4926,2026-03-22,2026-04-21
19578,4926,2026-04-25,2026-05-25
19579,4926,2026-06-02,2026-07-02
19580,4926,2026-07-06,2026-08-05
19581,4926,2026-08-19,2026-09-18
19582,4927,2025-12-20,2026-01-19
19583,4927,2026-02-01,2026-03-03
19584,4928,2026-01-05,2026-02-04
19585,4929,2025-12-23,2026-01-22
19586,4929,2026-01-29,2026-02-28
19587,4929,2026-03-15,2026-04-14
19588,4929,2026-04-17,2026-05-17
19589,4929,2026-05-29,2026-06-28
19590,4930,2025-08-06,2025-09-05
19591,4930,2025-09-08,2025-10-08
19592,4930,2025-10-23,2025-11-22
19593,4930,2025-12-10,2026-01-09
19594,4930,2026-01-19,2026-02-18
19595,4931,2025-12-02,2026-01-01
19596,4931,2026-01-19,2026-02-18
19597,4931,2026-03-08,2026-04-07
19598,4931,2026-04-15,2026-05-15
19599,4931,2026-06-02,2026-07-02
19600,4931,2026-07-03,2026-08-02
19601,4932,2026-02-27,2026-03-29
19602,4932,2026-04-19,2026-05-19
19603,4932,2026-06-03,2026-07-03
19604,4932,2026-07-11,2026-08-10
19605,4933,2026-04-23,2026-05-23
19606,4934,2025-12-13,2026-01-12
19607,4934,2026-01-27,2026-02-26
19608,4934,2026-02-28,2026-03-30
19609,4934,2026-04-21,2026-05-21
19610,4934,2026-05-30,2026-06-29
19611,4934,2026-07-18,2026-08-17
19612,4934,2026-08-26,2026-09-25
19613,4935,2025-06-01,2025-07-01
19614,4935,2025-07-13,2025-08-12
19615,4936,2025-09-05,2025-10-05
19616,4936,2025-10-20,2025-11-19
19617,4936,2025-12-05,2026-01-04
19618,4937,2025-10-17,2025-11-16
19619,4938,2025-06-29,2025-07-29
19620,4938,2025-08-19,2025-09-18
19621,4938,2025-10-05,2025-11-04
19622,4939,2025-09-28,2025-10-28
19623,4939,2025-11-06,2025-12-06
19624,4940,2026-01-17,2026-02-16
19625,4940,2026-03-10,2026-04-09
19626,4940,2026-04-13,2026-05-13
19627,4940,2026-05-30,2026-06-29
19628,4940,2026-06-30,2026-07-30
19629,4940,2026-08-21,2026-09-20
19630,4941,2025-11-09,2025-12-09
19631,4941,2025-12-28,2026-01-27
19632,4941,2026-02-17,2026-03-19
19633,4941,2026-03-27,2026-04-26
19634,4941,2026-05-13,2026-06-12
19635,4941,2026-06-23,2026-07-23
19636,4941,2026-07-25,2026-08-24
19637,4942,2026-02-27,2026-03-29
19638,4942,2026-04-07,2026-05-07
19639,4942,2026-05-23,2026-06-22
19640,4942,2026-07-08,2026-08-07
19641,4942,2026-08-26,2026-09-25
19642,4942,2026-10-13,2026-11-12
19643,4943,2025-12-14,2026-01-13
19644,4943,2026-01-29,2026-02-28
19645,4943,2026-03-12,2026-04-11
19646,4944,2026-03-22,2026-04-21
19647,4944,2026-05-03,2026-06-02
19648,4944,2026-06-16,2026-07-16
19649,4944,2026-07-26,2026-08-25
19650,4945,2025-10-25,2025-11-24
19651,4945,2025-12-01,2025-12-31
19652,4945,2026-01-02,2026-02-01
19653,4946,2026-02-01,2026-03-03
19654,4946,2026-03-16,2026-04-15
19655,4946,2026-04-29,2026-05-29
19656,4946,2026-06-12,2026-07-12
19657,4946,2026-08-03,2026-09-02
19658,4946,2026-09-18,2026-10-18
19659,4946,2026-10-20,2026-11-19
19660,4947,2025-07-10,2025-08-09
19661,4947,2025-08-16,2025-09-15
19662,4947,2025-09-23,2025-10-23
19663,4947,2025-10-26,2025-11-25
19664,4947,2025-11-29,2025-12-29
19665,4947,2026-01-17,2026-02-16
19666,4948,2026-02-06,2026-03-08
19667,4948,2026-03-11,2026-04-10
19668,4948,2026-04-14,2026-05-14
19669,4948,2026-06-02,2026-07-02
19670,4948,2026-07-13,2026-08-12
19671,4948,2026-08-23,2026-09-22
19672,4949,2025-05-26,2025-06-25
19673,4950,2026-04-02,2026-05-02
19674,4950,2026-05-06,2026-06-05
19675,4950,2026-06-12,2026-07-12
19676,4950,2026-07-21,2026-08-20
19677,4951,2025-07-08,2025-08-07
19678,4952,2026-03-11,2026-04-10
19679,4952,2026-04-13,2026-05-13
19680,4952,2026-05-28,2026-06-27
19681,4952,2026-06-28,2026-07-28
19682,4953,2026-03-01,2026-03-31
19683,4953,2026-04-21,2026-05-21
19684,4953,2026-06-11,2026-07-11
19685,4953,2026-07-18,2026-08-17
19686,4954,2026-04-08,2026-05-08
19687,4954,2026-05-26,2026-06-25
19688,4954,2026-07-14,2026-08-13
19689,4954,2026-08-18,2026-09-17
19690,4955,2025-12-10,2026-01-09
19691,4956,2025-05-18,2025-06-17
19692,4956,2025-06-19,2025-07-19
19693,4956,2025-08-04,2025-09-03
19694,4956,2025-09-08,2025-10-08
19695,4956,2025-10-12,2025-11-11
19696,4957,2026-03-21,2026-04-20
19697,4957,2026-05-05,2026-06-04
19698,4958,2025-06-01,2025-07-01
19699,4958,2025-07-15,2025-08-14
19700,4959,2025-06-23,2025-07-23
19701,4959,2025-07-31,2025-08-30
19702,4959,2025-09-04,2025-10-04
19703,4960,2025-05-18,2025-06-17
19704,4960,2025-06-19,2025-07-19
19705,4960,2025-08-02,2025-09-01
19706,4960,2025-09-12,2025-10-12
19707,4960,2025-10-17,2025-11-16
19708,4960,2025-12-05,2026-01-04
19709,4960,2026-01-26,2026-02-25
19710,4961,2025-10-08,2025-11-07
19711,4962,2025-07-21,2025-08-20
19712,4962,2025-09-09,2025-10-09
19713,4962,2025-10-30,2025-11-29
19714,4962,2025-12-03,2026-01-02
19715,4963,2025-12-08,2026-01-07
19716,4964,2025-12-27,2026-01-26
19717,4964,2026-02-15,2026-03-17
19718,4964,2026-03-29,2026-04-28
19719,4964,2026-05-14,2026-06-13
19720,4964,2026-07-01,2026-07-31
19721,4964,2026-08-22,2026-09-21
19722,4965,2026-03-08,2026-04-07
19723,4966,2026-02-10,2026-03-12
19724,4966,2026-03-13,2026-04-12
19725,4966,2026-04-30,2026-05-30
19726,4966,2026-06-03,2026-07-03
19727,4966,2026-07-22,2026-08-21
19728,4966,2026-09-10,2026-10-10
19729,4967,2026-01-22,2026-02-21
19730,4967,2026-03-02,2026-04-01
19731,4967,2026-04-12,2026-05-12
19732,4967,2026-05-26,2026-06-25
19733,4967,2026-07-06,2026-08-05
19734,4968,2025-09-06,2025-10-06
19735,4968,2025-10-09,2025-11-08
19736,4968,2025-11-23,2025-12-23
19737,4968,2026-01-01,2026-01-31
19738,4968,2026-02-10,2026-03-12
19739,4968,2026-03-18,2026-04-17
19740,4969,2026-04-27,2026-05-27
19741,4969,2026-05-29,2026-06-28
19742,4969,2026-07-19,2026-08-18
19743,4970,2026-01-20,2026-02-19
19744,4971,2026-02-13,2026-03-15
19745,4971,2026-03-31,2026-04-30
19746,4971,2026-05-09,2026-06-08
19747,4972,2025-06-12,2025-07-12
19748,4972,2025-07-14,2025-08-13
19749,4972,2025-08-17,2025-09-16
19750,4972,2025-09-29,2025-10-29
19751,4972,2025-11-19,2025-12-19
19752,4973,2025-06-04,2025-07-04
19753,4973,2025-07-24,2025-08-23
19754,4973,2025-09-12,2025-10-12
19755,4973,2025-11-03,2025-12-03
19756,4973,2025-12-11,2026-01-10
19757,4973,2026-01-12,2026-02-11
19758,4973,2026-02-12,2026-03-14
19759,4974,2026-02-27,2026-03-29
19760,4974,2026-04-19,2026-05-19
19761,4975,2026-04-27,2026-05-27
19762,4975,2026-06-08,2026-07-08
19763,4975,2026-07-29,2026-08-28
19764,4976,2025-10-03,2025-11-02
19765,4977,2025-07-16,2025-08-15
19766,4977,2025-09-03,2025-10-03
19767,4977,2025-10-06,2025-11-05
19768,4977,2025-11-14,2025-12-14
19769,4978,2026-03-11,2026-04-10
19770,4978,2026-04-20,2026-05-20
19771,4978,2026-06-06,2026-07-06
19772,4978,2026-07-15,2026-08-14
19773,4979,2026-03-07,2026-04-06
19774,4980,2025-12-01,2025-12-31
19775,4980,2026-01-01,2026-01-31
19776,4980,2026-02-10,2026-03-12
19777,4981,2025-11-27,2025-12-27
19778,4981,2026-01-05,2026-02-04
19779,4981,2026-02-24,2026-03-26
19780,4982,2025-11-17,2025-12-17
19781,4982,2025-12-24,2026-01-23
19782,4982,2026-02-02,2026-03-04
19783,4982,2026-03-22,2026-04-21
19784,4983,2025-11-06,2025-12-06
19785,4983,2025-12-18,2026-01-17
19786,4983,2026-01-31,2026-03-02
19787,4984,2025-12-03,2026-01-02
19788,4984,2026-01-21,2026-02-20
19789,4984,2026-03-12,2026-04-11
19790,4985,2026-04-27,2026-05-27
19791,4985,2026-06-09,2026-07-09
19792,4985,2026-07-23,2026-08-22
19793,4985,2026-08-27,2026-09-26
19794,4985,2026-10-07,2026-11-06
19795,4985,2026-11-21,2026-12-21
19796,4985,2027-01-04,2027-02-03
19797,4986,2025-05-23,2025-06-22
19798,4987,2025-06-14,2025-07-14
19799,4988,2025-11-26,2025-12-26
19800,4988,2025-12-29,2026-01-28
19801,4988,2026-02-14,2026-03-16
19802,4989,2026-03-11,2026-04-10
19803,4989,2026-04-23,2026-05-23
19804,4990,2025-11-29,2025-12-29
19805,4990,2025-12-31,2026-01-30
19806,4991,2025-07-04,2025-08-03
19807,4991,2025-08-15,2025-09-14
19808,4991,2025-10-03,2025-11-02
19809,4991,2025-11-13,2025-12-13
19810,4991,2026-01-02,2026-02-01
19811,4991,2026-02-02,2026-03-04
19812,4992,2025-06-08,2025-07-08
19813,4992,2025-07-19,2025-08-18
19814,4993,2025-10-14,2025-11-13
19815,4993,2025-11-29,2025-12-29
19816,4993,2026-01-07,2026-02-06
19817,4993,2026-02-09,2026-03-11
19818,4994,2025-10-08,2025-11-07
19819,4994,2025-11-23,2025-12-23
19820,4994,2026-01-08,2026-02-07
19821,4994,2026-03-01,2026-03-31
19822,4995,2025-08-16,2025-09-15
19823,4995,2025-10-06,2025-11-05
19824,4996,2025-05-14,2025-06-13
19825,4996,2025-06-19,2025-07-19
19826,4996,2025-07-27,2025-08-26
19827,4996,2025-08-30,2025-09-29
19828,4996,2025-10-18,2025-11-17
19829,4996,2025-12-02,2026-01-01
19830,4997,2025-06-19,2025-07-19
19831,4997,2025-07-25,2025-08-24
19832,4997,2025-09-05,2025-10-05
19833,4997,2025-10-15,2025-11-14
19834,4998,2025-05-18,2025-06-17
19835,4999,2025-11-03,2025-12-03
19836,4999,2025-12-12,2026-01-11
19837,4999,2026-01-24,2026-02-23
19838,5000,2025-09-10,2025-10-10
19839,5000,2025-10-22,2025-11-21
19840,5000,2025-12-12,2026-01-11
19841,5000,2026-01-28,2026-02-27
