log_id,user_id,session_id,started_at,watched_duration_sec
0,488,339,2025-05-05 12:22:43,2307
1,146,635,2025-05-05 12:37:23,114
2,169,632,2025-05-05 13:05:16,730
3,291,374,2025-05-05 13:09:22,1762
4,161,253,2025-05-05 14:16:35,1314
5,142,369,2025-05-05 14:35:28,1652
6,237,457,2025-05-05 14:48:49,2853
7,90,662,2025-05-05 15:35:10,2441
8,72,552,2025-05-05 16:37:09,1415
9,373,78,2025-05-05 16:54:18,1169
10,417,596,2025-05-05 17:17:07,2542
11,19,565,2025-05-05 17:34:29,846
12,335,794,2025-05-05 17:38:04,1618
13,302,751,2025-05-05 17:50:47,1255
14,47,407,2025-05-05 18:16:17,1236
15,494,629,2025-05-05 18:23:30,1171
16,82,184,2025-05-05 19:00:58,1338
17,75,754,2025-05-05 20:08:58,2834
18,390,500,2025-05-05 21:24:27,394
19,343,212,2025-05-05 21:40:16,1913
20,470,466,2025-05-05 23:34:19,2272
21,53,721,2025-05-05 23:48:40,2975
22,380,270,2025-05-06 01:20:19,2817
23,194,375,2025-05-06 01:49:47,950
24,129,386,2025-05-06 01:54:11,1829
25,419,354,2025-05-06 03:00:13,1394
26,257,143,2025-05-06 03:07:28,1265
27,144,217,2025-05-06 03:56:05,993
28,419,122,2025-05-06 04:24:17,530
29,59,494,2025-05-06 06:27:08,1375
30,332,421,2025-05-06 07:44:41,31
31,83,138,2025-05-06 08:35:52,2861
32,29,171,2025-05-06 09:06:55,1160
33,307,578,2025-05-06 09:15:56,3081
34,421,291,2025-05-06 09:16:31,1423
35,242,494,2025-05-06 13:11:01,970
36,407,597,2025-05-06 13:20:42,635
37,136,172,2025-05-06 13:45:16,1305
38,303,71,2025-05-06 13:48:13,515
39,104,536,2025-05-06 14:20:49,1547
40,77,621,2025-05-06 14:33:10,200
41,20,545,2025-05-06 15:00:15,1355
42,67,618,2025-05-06 16:44:54,2677
43,348,665,2025-05-06 16:47:14,1071
44,358,543,2025-05-06 16:55:32,623
45,394,391,2025-05-06 16:56:34,613
46,429,714,2025-05-06 17:02:29,1641
47,393,239,2025-05-06 17:14:54,2803
48,279,419,2025-05-06 17:27:20,344
49,4,592,2025-05-06 17:49:17,1731
50,106,705,2025-05-06 18:05:42,1973
51,219,668,2025-05-06 18:20:37,1340
52,290,375,2025-05-06 18:44:29,968
53,105,424,2025-05-06 19:18:41,827
54,287,569,2025-05-06 19:23:48,3235
55,397,723,2025-05-06 19:42:31,1038
56,61,766,2025-05-06 20:10:33,1454
57,52,220,2025-05-06 21:50:59,3440
58,315,714,2025-05-06 22:33:40,1503
59,326,6,2025-05-06 22:58:45,1538
60,308,446,2025-05-07 00:05:32,180
61,312,39,2025-05-07 01:39:39,1541
62,336,534,2025-05-07 01:57:01,2269
63,397,180,2025-05-07 03:02:29,2943
64,337,531,2025-05-07 04:13:46,255
65,265,716,2025-05-07 07:36:12,1259
66,123,671,2025-05-07 07:44:03,37
67,400,410,2025-05-07 08:27:32,2967
68,266,16,2025-05-07 10:04:40,955
69,146,744,2025-05-07 10:20:49,942
70,494,284,2025-05-07 10:22:44,1219
71,207,589,2025-05-07 10:30:41,128
72,287,75,2025-05-07 10:37:48,788
73,263,264,2025-05-07 11:01:45,834
74,356,454,2025-05-07 11:22:10,2957
75,388,348,2025-05-07 11:44:05,1077
76,301,29,2025-05-07 12:19:58,2208
77,404,226,2025-05-07 13:05:45,606
78,490,362,2025-05-07 13:33:50,2208
79,128,295,2025-05-07 13:54:48,153
80,39,568,2025-05-07 16:12:13,1818
81,458,588,2025-05-07 16:13:22,1816
82,466,195,2025-05-07 16:30:31,2807
83,447,272,2025-05-07 16:37:17,1044
84,317,365,2025-05-07 17:09:43,864
85,347,680,2025-05-07 17:20:53,702
86,491,44,2025-05-07 18:26:43,1656
87,460,589,2025-05-07 19:11:57,2940
88,469,524,2025-05-07 19:17:50,871
89,28,539,2025-05-07 19:46:29,3024
90,258,356,2025-05-07 22:36:53,2377
91,500,124,2025-05-07 23:08:07,2653
92,7,691,2025-05-07 23:30:48,1720
93,314,266,2025-05-07 23:32:17,1381
94,491,628,2025-05-07 23:37:11,950
95,215,718,2025-05-08 00:07:54,1784
96,231,185,2025-05-08 00:24:57,1973
97,417,103,2025-05-08 00:59:56,1936
98,439,391,2025-05-08 01:02:08,395
99,243,10,2025-05-08 02:24:48,1380
100,435,646,2025-05-08 02:59:09,2561
101,154,257,2025-05-08 03:26:27,751
102,354,168,2025-05-08 04:26:50,486
103,323,99,2025-05-08 04:42:01,2423
104,287,571,2025-05-08 05:07:54,1198
105,63,360,2025-05-08 05:22:37,2994
106,295,666,2025-05-08 06:19:14,2582
107,182,333,2025-05-08 06:57:18,1364
108,456,81,2025-05-08 07:38:51,2908
109,75,172,2025-05-08 07:55:02,1481
110,314,586,2025-05-08 07:58:35,1742
111,176,234,2025-05-08 08:14:25,2420
112,310,661,2025-05-08 08:47:48,1141
113,481,372,2025-05-08 09:36:56,2829
114,86,189,2025-05-08 09:37:26,2317
115,129,762,2025-05-08 10:55:02,1993
116,53,98,2025-05-08 11:08:56,395
117,14,790,2025-05-08 11:10:30,3259
118,135,633,2025-05-08 11:20:23,1893
119,159,235,2025-05-08 12:50:24,655
120,68,540,2025-05-08 13:54:28,2089
121,441,334,2025-05-08 14:19:26,965
122,479,279,2025-05-08 14:34:53,1027
123,277,182,2025-05-08 15:07:29,2220
124,450,578,2025-05-08 15:55:34,2930
125,466,356,2025-05-08 17:58:37,2144
126,158,375,2025-05-08 18:24:56,806
127,268,777,2025-05-08 19:19:03,2627
128,5,705,2025-05-08 19:25:17,2214
129,5,785,2025-05-08 19:52:09,2762
130,4,562,2025-05-08 21:05:17,2422
131,203,256,2025-05-08 21:46:23,665
132,194,226,2025-05-08 21:48:48,336
133,392,628,2025-05-08 22:50:53,1064
134,381,545,2025-05-08 22:53:01,1452
135,94,140,2025-05-08 22:54:22,667
136,140,718,2025-05-08 22:58:16,1711
137,26,548,2025-05-09 01:17:43,420
138,65,733,2025-05-09 01:24:41,1685
139,8,506,2025-05-09 01:56:00,1556
140,256,381,2025-05-09 02:16:29,2045
141,432,769,2025-05-09 02:35:09,1024
142,37,557,2025-05-09 02:43:47,574
143,419,391,2025-05-09 03:52:08,525
144,128,395,2025-05-09 04:48:47,2858
145,18,204,2025-05-09 04:53:52,1347
146,107,485,2025-05-09 05:47:30,1712
147,82,645,2025-05-09 06:04:34,967
148,63,260,2025-05-09 06:11:25,558
149,27,683,2025-05-09 07:00:59,871
150,167,16,2025-05-09 07:49:49,481
151,405,249,2025-05-09 08:09:20,24
152,244,705,2025-05-09 08:13:23,1956
153,81,512,2025-05-09 08:51:31,133
154,389,641,2025-05-09 09:57:35,179
155,275,110,2025-05-09 10:48:16,1446
156,404,661,2025-05-09 11:36:59,1122
157,99,22,2025-05-09 12:14:12,1366
158,461,41,2025-05-09 13:11:17,2693
159,357,502,2025-05-09 13:18:05,796
160,375,480,2025-05-09 13:30:07,1420
161,284,165,2025-05-09 13:35:09,33
162,135,555,2025-05-09 14:47:43,2805
163,195,752,2025-05-09 15:28:30,359
164,398,636,2025-05-09 15:45:35,929
165,276,397,2025-05-09 15:45:52,1053
166,79,628,2025-05-09 15:48:55,527
167,50,536,2025-05-09 15:58:18,1389
168,92,33,2025-05-09 16:39:53,412
169,293,658,2025-05-09 17:35:00,1838
170,360,605,2025-05-09 17:53:42,440
171,37,14,2025-05-09 18:00:58,881
172,456,82,2025-05-09 18:36:12,947
173,381,426,2025-05-09 19:00:02,3223
174,316,273,2025-05-09 19:20:28,2284
175,40,222,2025-05-09 20:37:20,781
176,273,395,2025-05-09 20:47:34,1642
177,321,184,2025-05-09 23:45:14,1336
178,393,654,2025-05-09 23:50:00,1992
179,219,107,2025-05-10 00:18:15,290
180,173,674,2025-05-10 00:25:57,2066
181,181,323,2025-05-10 01:19:18,2079
182,212,783,2025-05-10 01:27:31,1625
183,124,577,2025-05-10 02:10:02,2548
184,382,261,2025-05-10 04:07:42,2469
185,1,744,2025-05-10 04:45:36,61
186,70,310,2025-05-10 05:12:27,515
187,162,23,2025-05-10 05:40:48,2559
188,471,567,2025-05-10 06:00:35,2457
189,49,39,2025-05-10 06:13:50,1299
190,456,597,2025-05-10 07:17:57,305
191,293,410,2025-05-10 07:29:49,2847
192,167,495,2025-05-10 08:02:15,1548
193,296,98,2025-05-10 08:35:27,1923
194,296,391,2025-05-10 09:25:31,13
195,179,445,2025-05-10 09:31:48,3360
196,117,766,2025-05-10 10:59:14,2183
197,399,648,2025-05-10 12:46:13,1478
198,277,579,2025-05-10 13:09:25,1587
199,26,690,2025-05-10 13:24:28,1794
200,305,590,2025-05-10 14:34:45,648
201,202,152,2025-05-10 14:39:11,416
202,26,562,2025-05-10 14:39:41,2243
203,397,715,2025-05-10 15:24:39,1252
204,250,405,2025-05-10 15:58:00,671
205,377,537,2025-05-10 17:16:18,886
206,166,702,2025-05-10 17:37:38,650
207,217,375,2025-05-10 18:05:25,838
208,13,789,2025-05-10 18:36:16,1813
209,412,453,2025-05-10 18:41:18,1868
210,120,205,2025-05-10 19:16:48,2849
211,44,116,2025-05-10 19:25:57,1907
212,76,295,2025-05-10 19:30:27,157
213,231,483,2025-05-10 19:37:31,46
214,105,560,2025-05-10 20:32:31,2033
215,374,145,2025-05-10 20:36:49,751
216,464,680,2025-05-10 21:51:00,746
217,103,714,2025-05-10 22:18:54,1503
218,5,69,2025-05-10 22:54:20,1993
219,338,369,2025-05-10 23:59:11,2238
220,333,396,2025-05-11 00:22:31,807
221,51,324,2025-05-11 00:31:14,2428
222,102,513,2025-05-11 00:44:51,2625
223,21,254,2025-05-11 00:44:58,1789
224,382,161,2025-05-11 00:56:51,303
225,155,242,2025-05-11 01:46:42,1999
226,32,641,2025-05-11 01:59:11,1157
227,16,569,2025-05-11 02:14:16,2740
228,202,673,2025-05-11 05:41:37,394
229,348,628,2025-05-11 06:32:09,1064
230,294,157,2025-05-11 07:09:17,790
231,230,556,2025-05-11 07:28:36,1001
232,351,208,2025-05-11 07:31:36,943
233,269,139,2025-05-11 07:33:27,2576
234,336,579,2025-05-11 09:48:35,2736
235,486,737,2025-05-11 12:24:17,933
236,373,31,2025-05-11 12:52:29,2900
237,211,311,2025-05-11 13:02:27,1998
238,478,757,2025-05-11 13:37:19,1141
239,95,27,2025-05-11 13:37:29,2151
240,291,628,2025-05-11 13:59:41,446
241,184,82,2025-05-11 14:03:05,914
242,310,481,2025-05-11 15:18:28,911
243,252,486,2025-05-11 16:01:23,1130
244,392,16,2025-05-11 16:44:37,1162
245,344,208,2025-05-11 17:00:23,890
246,225,632,2025-05-11 17:48:29,672
247,127,438,2025-05-11 17:57:00,2021
248,195,738,2025-05-11 18:31:21,1542
249,305,550,2025-05-11 18:46:36,3253
250,267,112,2025-05-11 18:58:15,1884
251,126,532,2025-05-11 19:12:13,3119
252,199,529,2025-05-11 19:17:49,3528
253,226,408,2025-05-11 19:28:17,1950
254,86,433,2025-05-11 19:57:32,696
255,463,146,2025-05-11 20:37:18,1019
256,257,116,2025-05-11 20:56:40,1200
257,280,139,2025-05-11 21:03:00,2268
258,233,605,2025-05-11 21:23:46,966
259,47,257,2025-05-11 21:26:30,765
260,84,736,2025-05-11 22:54:03,1114
261,325,372,2025-05-11 23:17:45,451
262,500,524,2025-05-11 23:42:26,1864
263,23,787,2025-05-12 00:07:29,1401
264,442,154,2025-05-12 01:02:40,576
265,27,430,2025-05-12 01:18:05,2194
266,148,642,2025-05-12 01:26:17,1027
267,2,638,2025-05-12 02:20:01,2710
268,256,557,2025-05-12 02:41:21,631
269,112,603,2025-05-12 03:34:01,725
270,308,615,2025-05-12 03:48:45,345
271,322,571,2025-05-12 03:52:21,1184
272,29,669,2025-05-12 04:06:01,659
273,296,618,2025-05-12 04:10:59,2235
274,214,183,2025-05-12 04:26:10,688
275,359,610,2025-05-12 04:43:21,1182
276,384,593,2025-05-12 05:13:38,2141
277,166,378,2025-05-12 05:52:58,3318
278,432,564,2025-05-12 06:23:04,149
279,441,282,2025-05-12 06:50:53,3021
280,108,627,2025-05-12 07:02:46,257
281,271,90,2025-05-12 07:23:43,3255
282,362,295,2025-05-12 07:34:44,1075
283,295,639,2025-05-12 08:54:21,2057
284,267,747,2025-05-12 09:21:26,2533
285,313,239,2025-05-12 10:32:11,3418
286,13,477,2025-05-12 11:16:09,2946
287,410,631,2025-05-12 11:46:18,1128
288,287,653,2025-05-12 12:34:02,455
289,131,70,2025-05-12 12:44:31,553
290,4,117,2025-05-12 12:56:47,2491
291,316,30,2025-05-12 14:10:59,1522
292,473,689,2025-05-12 18:45:48,1754
293,70,494,2025-05-12 19:58:14,743
294,459,344,2025-05-12 20:11:12,2579
295,29,534,2025-05-12 23:21:38,1953
296,275,20,2025-05-12 23:46:00,1878
297,455,363,2025-05-13 01:05:10,136
298,174,385,2025-05-13 01:41:37,893
299,200,192,2025-05-13 01:51:12,707
300,362,323,2025-05-13 02:36:20,1777
301,450,244,2025-05-13 02:41:46,3359
302,269,310,2025-05-13 04:20:23,1175
303,104,95,2025-05-13 04:46:39,1796
304,257,158,2025-05-13 05:22:04,1044
305,269,318,2025-05-13 05:57:26,1594
306,421,529,2025-05-13 06:16:34,2938
307,236,397,2025-05-13 06:57:44,1661
308,478,46,2025-05-13 06:58:05,1449
309,240,48,2025-05-13 07:42:16,1108
310,12,592,2025-05-13 08:08:27,1777
311,103,198,2025-05-13 09:29:45,660
312,344,121,2025-05-13 10:26:20,665
313,491,638,2025-05-13 11:18:33,2771
314,282,327,2025-05-13 11:42:52,1204
315,294,251,2025-05-13 13:08:36,1279
316,277,455,2025-05-13 13:18:56,34
317,26,109,2025-05-13 13:22:32,2292
318,361,611,2025-05-13 13:22:35,3043
319,229,632,2025-05-13 13:23:44,674
320,389,687,2025-05-13 13:28:57,2684
321,392,477,2025-05-13 13:55:03,2928
322,358,480,2025-05-13 14:24:38,154
323,393,477,2025-05-13 15:26:18,3540
324,459,632,2025-05-13 16:27:55,346
325,470,682,2025-05-13 17:07:17,663
326,250,31,2025-05-13 17:26:35,93
327,434,175,2025-05-13 17:57:44,1467
328,261,106,2025-05-13 18:23:37,2791
329,285,666,2025-05-13 18:31:44,208
330,303,424,2025-05-13 18:34:20,360
331,247,394,2025-05-13 18:43:27,99
332,221,446,2025-05-13 19:23:34,2609
333,89,679,2025-05-13 20:09:21,900
334,429,499,2025-05-13 20:22:06,1837
335,50,456,2025-05-13 20:31:52,750
336,56,702,2025-05-13 21:17:53,758
337,254,661,2025-05-13 22:09:22,955
338,455,595,2025-05-13 22:22:07,1860
339,76,677,2025-05-13 23:00:52,812
340,296,458,2025-05-13 23:57:50,1843
341,292,696,2025-05-14 00:10:44,1408
342,469,353,2025-05-14 00:13:12,1446
343,262,414,2025-05-14 00:56:38,1809
344,462,563,2025-05-14 02:25:07,1496
345,184,113,2025-05-14 03:26:38,3227
346,360,605,2025-05-14 04:53:26,852
347,196,446,2025-05-14 04:55:09,2802
348,97,569,2025-05-14 05:01:20,3194
349,79,296,2025-05-14 05:55:50,1723
350,37,664,2025-05-14 06:24:05,242
351,224,140,2025-05-14 06:33:17,158
352,234,713,2025-05-14 07:57:27,1719
353,261,435,2025-05-14 08:03:05,2580
354,96,435,2025-05-14 08:10:12,2654
355,122,730,2025-05-14 08:11:47,2154
356,188,35,2025-05-14 09:06:54,2535
357,58,595,2025-05-14 09:10:47,1881
358,375,540,2025-05-14 09:54:28,2584
359,239,530,2025-05-14 10:07:55,523
360,242,646,2025-05-14 10:14:15,2691
361,325,553,2025-05-14 10:17:57,791
362,176,548,2025-05-14 10:44:07,1927
363,241,588,2025-05-14 10:54:49,2602
364,409,302,2025-05-14 10:54:54,305
365,384,312,2025-05-14 11:01:17,1747
366,243,593,2025-05-14 11:57:17,935
367,415,756,2025-05-14 11:58:42,2662
368,259,79,2025-05-14 13:07:38,659
369,144,282,2025-05-14 14:28:18,2748
370,90,606,2025-05-14 14:41:30,2034
371,90,268,2025-05-14 14:48:26,803
372,271,34,2025-05-14 15:22:42,2084
373,479,158,2025-05-14 15:26:54,1482
374,197,244,2025-05-14 15:36:32,3287
375,296,752,2025-05-14 16:59:13,947
376,420,119,2025-05-14 16:59:40,331
377,244,765,2025-05-14 17:03:12,1324
378,350,723,2025-05-14 17:22:40,1069
379,223,13,2025-05-14 18:14:20,2216
380,162,543,2025-05-14 18:26:26,509
381,327,363,2025-05-14 18:27:08,3154
382,440,280,2025-05-14 18:49:45,2440
383,336,599,2025-05-14 19:20:51,2616
384,376,689,2025-05-14 19:59:40,1645
385,354,185,2025-05-14 20:15:56,1589
386,35,13,2025-05-14 21:00:18,3241
387,180,225,2025-05-14 21:17:23,2836
388,318,95,2025-05-14 21:19:57,274
389,112,614,2025-05-14 21:55:04,2720
390,439,620,2025-05-14 22:05:07,1049
391,290,190,2025-05-14 22:05:14,1425
392,240,677,2025-05-14 22:15:06,1470
393,142,788,2025-05-14 22:15:50,1572
394,166,264,2025-05-14 22:33:31,285
395,196,398,2025-05-14 23:50:05,2303
396,136,183,2025-05-15 00:27:31,1495
397,313,403,2025-05-15 02:06:15,314
398,394,442,2025-05-15 02:21:26,556
399,367,266,2025-05-15 02:27:38,1122
400,129,796,2025-05-15 04:17:57,2073
401,328,1,2025-05-15 07:57:05,1821
402,359,338,2025-05-15 08:00:32,2356
403,482,790,2025-05-15 08:03:42,3034
404,400,72,2025-05-15 08:11:36,1109
405,419,799,2025-05-15 08:59:44,2229
406,184,342,2025-05-15 09:09:56,1020
407,491,663,2025-05-15 09:15:29,75
408,42,471,2025-05-15 09:38:37,1446
409,284,41,2025-05-15 09:49:50,2829
410,200,110,2025-05-15 10:17:47,2917
411,324,449,2025-05-15 11:16:28,1880
412,369,608,2025-05-15 11:16:39,1397
413,330,316,2025-05-15 11:19:26,2833
414,495,17,2025-05-15 11:27:07,35
415,22,416,2025-05-15 11:38:57,708
416,235,695,2025-05-15 12:33:07,2244
417,120,74,2025-05-15 13:02:37,106
418,242,634,2025-05-15 13:08:53,346
419,89,648,2025-05-15 13:47:15,117
420,234,626,2025-05-15 14:04:23,1478
421,55,117,2025-05-15 14:33:15,2754
422,412,208,2025-05-15 16:00:18,1158
423,348,412,2025-05-15 16:39:31,1154
424,71,330,2025-05-15 16:43:12,1514
425,304,178,2025-05-15 16:55:42,2296
426,213,173,2025-05-15 16:58:14,1563
427,474,596,2025-05-15 17:51:39,77
428,314,386,2025-05-15 17:55:32,1739
429,4,8,2025-05-15 17:58:32,334
430,455,291,2025-05-15 18:08:01,1622
431,355,130,2025-05-15 18:33:44,1774
432,211,245,2025-05-15 19:56:01,1710
433,93,735,2025-05-15 20:38:36,1053
434,401,309,2025-05-15 22:58:54,1910
435,61,543,2025-05-15 23:00:38,582
436,277,520,2025-05-16 00:20:29,813
437,142,55,2025-05-16 02:27:38,770
438,496,486,2025-05-16 02:42:41,2493
439,28,661,2025-05-16 02:56:52,983
440,316,777,2025-05-16 03:00:24,2482
441,276,181,2025-05-16 03:09:55,1007
442,37,241,2025-05-16 03:12:42,2331
443,102,766,2025-05-16 05:19:34,2052
444,167,234,2025-05-16 06:02:24,390
445,193,226,2025-05-16 06:08:56,86
446,224,149,2025-05-16 06:13:14,1311
447,192,140,2025-05-16 07:34:33,1009
448,139,208,2025-05-16 08:55:31,883
449,144,140,2025-05-16 08:59:44,585
450,390,352,2025-05-16 09:18:46,801
451,407,654,2025-05-16 09:43:28,2090
452,284,236,2025-05-16 09:59:58,560
453,111,606,2025-05-16 11:27:59,1948
454,220,754,2025-05-16 12:45:37,2437
455,114,606,2025-05-16 13:43:34,2145
456,214,46,2025-05-16 13:54:01,156
457,18,436,2025-05-16 14:26:37,2775
458,421,101,2025-05-16 14:44:00,2525
459,7,710,2025-05-16 16:53:19,913
460,152,245,2025-05-16 16:55:25,1517
461,157,166,2025-05-16 17:04:13,2254
462,13,466,2025-05-16 18:14:26,2327
463,95,380,2025-05-16 18:58:19,779
464,322,73,2025-05-16 20:03:10,2682
465,152,437,2025-05-16 20:39:25,806
466,295,213,2025-05-16 21:04:27,1893
467,377,57,2025-05-16 21:16:33,3049
468,27,114,2025-05-16 22:18:05,1634
469,188,180,2025-05-16 22:49:20,3119
470,397,210,2025-05-16 22:52:20,1021
471,333,490,2025-05-16 23:08:03,956
472,360,215,2025-05-16 23:13:40,2364
473,460,274,2025-05-16 23:27:13,2662
474,191,354,2025-05-16 23:45:54,1400
475,241,727,2025-05-16 23:51:07,3128
476,232,636,2025-05-17 00:48:12,1475
477,482,68,2025-05-17 01:56:41,528
478,201,184,2025-05-17 02:57:27,1000
479,142,115,2025-05-17 02:57:39,2995
480,267,643,2025-05-17 03:21:01,144
481,478,136,2025-05-17 03:21:03,2179
482,11,299,2025-05-17 03:32:19,941
483,428,533,2025-05-17 03:42:20,824
484,331,335,2025-05-17 03:43:31,1147
485,281,456,2025-05-17 05:38:30,1004
486,157,176,2025-05-17 07:05:42,1907
487,148,789,2025-05-17 07:08:55,1508
488,490,171,2025-05-17 07:20:12,2360
489,94,180,2025-05-17 07:53:08,3111
490,79,166,2025-05-17 08:24:12,734
491,65,452,2025-05-17 08:45:37,779
492,18,682,2025-05-17 09:27:40,593
493,277,167,2025-05-17 09:49:16,2466
494,477,512,2025-05-17 12:12:13,1032
495,80,5,2025-05-17 12:20:33,2671
496,332,723,2025-05-17 12:25:47,908
497,387,588,2025-05-17 13:36:25,2568
498,473,453,2025-05-17 14:08:22,1730
499,21,143,2025-05-17 14:41:54,1231
500,317,226,2025-05-17 15:05:41,586
501,329,200,2025-05-17 16:05:03,1072
502,143,201,2025-05-17 16:14:38,333
503,344,90,2025-05-17 16:42:55,3051
504,309,620,2025-05-17 16:46:06,1512
505,204,152,2025-05-17 17:24:26,1107
506,7,292,2025-05-17 17:25:47,727
507,288,90,2025-05-17 17:48:24,2274
508,213,454,2025-05-17 18:03:34,2217
509,218,747,2025-05-17 18:53:04,2334
510,45,148,2025-05-17 20:10:55,1415
511,172,68,2025-05-17 21:46:53,741
512,4,420,2025-05-17 22:51:58,1793
513,237,728,2025-05-17 23:20:05,2131
514,427,391,2025-05-17 23:39:43,316
515,155,600,2025-05-17 23:49:33,1905
516,14,3,2025-05-18 01:02:09,1087
517,326,484,2025-05-18 01:06:45,683
518,92,504,2025-05-18 01:33:30,2693
519,392,284,2025-05-18 01:58:14,1769
520,186,596,2025-05-18 02:07:17,2365
521,352,488,2025-05-18 03:01:36,2672
522,376,590,2025-05-18 04:08:23,45
523,75,328,2025-05-18 04:28:31,3247
524,28,280,2025-05-18 04:50:23,2916
525,25,297,2025-05-18 04:55:59,952
526,100,785,2025-05-18 05:01:06,3065
527,86,557,2025-05-18 06:23:10,591
528,410,309,2025-05-18 08:51:42,1381
529,274,594,2025-05-18 10:06:07,2026
530,145,382,2025-05-18 12:47:44,1411
531,84,105,2025-05-18 12:52:35,1350
532,408,573,2025-05-18 14:55:14,3173
533,273,730,2025-05-18 14:57:22,2322
534,236,79,2025-05-18 15:07:27,271
535,179,320,2025-05-18 15:13:45,499
536,306,536,2025-05-18 15:39:57,1491
537,15,763,2025-05-18 15:47:35,2296
538,73,705,2025-05-18 16:21:50,783
539,41,436,2025-05-18 17:07:35,2964
540,397,496,2025-05-18 17:53:54,2900
541,407,676,2025-05-18 17:58:18,491
542,130,45,2025-05-18 18:15:22,457
543,401,127,2025-05-18 19:16:10,2265
544,95,687,2025-05-18 19:17:35,2692
545,483,285,2025-05-18 20:22:56,3025
546,257,800,2025-05-18 20:23:53,844
547,51,593,2025-05-18 22:10:13,2403
548,494,289,2025-05-19 00:15:12,643
549,372,102,2025-05-19 00:53:53,1027
550,244,376,2025-05-19 02:26:46,2674
551,55,186,2025-05-19 02:33:47,2143
552,264,234,2025-05-19 03:43:15,2476
553,239,113,2025-05-19 04:18:18,2982
554,148,571,2025-05-19 04:20:00,1149
555,198,291,2025-05-19 05:19:31,1598
556,431,455,2025-05-19 05:53:19,1135
557,220,194,2025-05-19 06:30:49,1543
558,481,696,2025-05-19 08:06:25,1143
559,345,108,2025-05-19 08:14:48,548
560,62,147,2025-05-19 08:26:36,2585
561,380,173,2025-05-19 08:55:34,335
562,305,414,2025-05-19 08:59:36,1184
563,143,784,2025-05-19 09:27:16,2696
564,405,660,2025-05-19 09:57:56,2208
565,487,415,2025-05-19 10:36:04,2682
566,233,111,2025-05-19 11:40:39,1172
567,483,138,2025-05-19 11:53:12,531
568,256,695,2025-05-19 12:32:00,108
569,168,157,2025-05-19 13:17:16,847
570,339,770,2025-05-19 14:34:06,3149
571,151,678,2025-05-19 15:22:17,1231
572,415,554,2025-05-19 15:43:05,2335
573,221,122,2025-05-19 16:20:06,518
574,236,37,2025-05-19 16:21:51,157
575,156,724,2025-05-19 16:35:07,1458
576,200,500,2025-05-19 17:32:31,889
577,284,702,2025-05-19 17:34:29,710
578,81,519,2025-05-19 18:38:55,206
579,194,632,2025-05-19 18:40:31,741
580,32,29,2025-05-19 19:16:09,2140
581,415,760,2025-05-19 21:11:25,2815
582,195,100,2025-05-19 21:13:53,1070
583,29,678,2025-05-19 21:22:11,538
584,44,705,2025-05-19 22:39:26,152
585,11,552,2025-05-19 23:43:47,2128
586,291,528,2025-05-20 00:57:38,1061
587,302,23,2025-05-20 01:03:13,2266
588,294,101,2025-05-20 01:27:07,2441
589,173,509,2025-05-20 02:11:51,975
590,315,307,2025-05-20 03:16:47,2899
591,434,78,2025-05-20 03:35:29,1094
592,25,305,2025-05-20 04:30:04,672
593,381,95,2025-05-20 06:46:02,2043
594,140,69,2025-05-20 08:09:10,2115
595,178,79,2025-05-20 08:16:49,663
596,222,680,2025-05-20 09:06:27,736
597,320,528,2025-05-20 09:09:16,1185
598,10,643,2025-05-20 09:25:09,1579
599,110,677,2025-05-20 09:48:07,1503
600,480,654,2025-05-20 09:53:28,1966
601,223,580,2025-05-20 10:29:02,1949
602,237,152,2025-05-20 10:39:42,748
603,433,446,2025-05-20 11:09:10,2920
604,325,209,2025-05-20 12:07:34,655
605,83,263,2025-05-20 12:44:07,1384
606,77,197,2025-05-20 13:05:52,266
607,249,574,2025-05-20 13:17:01,2805
608,104,164,2025-05-20 13:41:33,879
609,143,675,2025-05-20 14:03:04,1103
610,370,498,2025-05-20 15:13:33,1333
611,161,617,2025-05-20 15:15:29,985
612,460,373,2025-05-20 15:42:39,3112
613,430,742,2025-05-20 16:22:26,978
614,257,124,2025-05-20 16:38:30,2873
615,477,538,2025-05-20 16:55:02,1543
616,63,792,2025-05-20 17:07:51,2166
617,200,767,2025-05-20 17:45:52,815
618,55,180,2025-05-20 19:18:04,1358
619,442,604,2025-05-20 19:19:23,219
620,58,325,2025-05-20 19:21:07,725
621,143,149,2025-05-20 19:32:43,2274
622,11,661,2025-05-20 19:45:36,1075
623,340,56,2025-05-20 19:50:57,2705
624,283,394,2025-05-20 20:00:54,1998
625,416,702,2025-05-20 20:35:05,514
626,199,9,2025-05-20 21:19:13,1981
627,131,309,2025-05-20 22:44:27,396
628,108,165,2025-05-20 22:50:27,791
629,393,660,2025-05-20 23:24:24,2045
630,422,799,2025-05-20 23:40:02,2182
631,431,341,2025-05-20 23:51:29,2979
632,423,165,2025-05-21 00:14:43,770
633,309,747,2025-05-21 00:32:01,2672
634,15,781,2025-05-21 00:38:15,94
635,406,657,2025-05-21 01:14:15,462
636,161,590,2025-05-21 02:19:09,30
637,497,787,2025-05-21 02:19:45,3076
638,352,421,2025-05-21 03:02:21,1482
639,377,137,2025-05-21 03:17:13,1827
640,410,289,2025-05-21 03:30:22,498
641,449,387,2025-05-21 04:18:12,1549
642,486,24,2025-05-21 04:41:19,2083
643,465,92,2025-05-21 05:07:25,1189
644,87,51,2025-05-21 05:11:52,797
645,46,377,2025-05-21 05:21:54,532
646,270,446,2025-05-21 06:00:18,2961
647,254,122,2025-05-21 06:11:20,229
648,417,273,2025-05-21 06:21:22,1200
649,439,212,2025-05-21 07:05:30,1995
650,347,194,2025-05-21 07:59:26,1390
651,149,269,2025-05-21 08:19:14,1385
652,299,701,2025-05-21 08:22:36,1129
653,447,332,2025-05-21 09:24:16,2517
654,197,726,2025-05-21 10:00:02,804
655,286,61,2025-05-21 10:10:24,214
656,182,621,2025-05-21 10:45:38,1985
657,384,47,2025-05-21 10:48:03,120
658,203,688,2025-05-21 10:55:18,2963
659,298,184,2025-05-21 11:22:11,735
660,450,480,2025-05-21 15:56:26,958
661,73,267,2025-05-21 16:20:01,384
662,447,288,2025-05-21 16:35:25,3259
663,449,270,2025-05-21 17:20:39,2935
664,161,447,2025-05-21 17:53:18,1169
665,392,155,2025-05-21 18:22:15,2692
666,226,55,2025-05-21 18:26:51,400
667,241,267,2025-05-21 18:34:34,589
668,459,507,2025-05-21 18:35:32,276
669,249,469,2025-05-21 18:44:55,2003
670,64,358,2025-05-21 19:08:50,572
671,87,768,2025-05-21 19:20:40,1047
672,300,218,2025-05-21 19:25:44,3104
673,293,185,2025-05-21 19:33:27,1616
674,347,97,2025-05-21 19:59:45,1640
675,349,125,2025-05-21 20:42:07,1937
676,429,332,2025-05-21 21:14:10,951
677,338,492,2025-05-21 21:23:52,2832
678,3,338,2025-05-21 22:18:29,2637
679,167,750,2025-05-21 22:24:59,1288
680,67,217,2025-05-21 22:44:01,2628
681,409,57,2025-05-21 23:04:35,2823
682,48,409,2025-05-21 23:26:19,545
683,205,92,2025-05-21 23:57:31,70
684,207,292,2025-05-22 00:02:40,836
685,153,503,2025-05-22 00:39:02,800
686,463,702,2025-05-22 00:55:50,693
687,189,525,2025-05-22 01:34:10,1526
688,138,577,2025-05-22 01:38:50,2382
689,189,629,2025-05-22 02:03:19,679
690,263,350,2025-05-22 02:16:41,2674
691,366,159,2025-05-22 02:48:09,1728
692,43,298,2025-05-22 03:42:47,2139
693,154,153,2025-05-22 03:54:49,2383
694,128,536,2025-05-22 04:13:48,1569
695,470,47,2025-05-22 05:05:27,1024
696,238,677,2025-05-22 05:47:21,1525
697,300,84,2025-05-22 08:18:43,990
698,237,184,2025-05-22 11:47:05,1419
699,214,722,2025-05-22 11:58:37,1444
700,344,461,2025-05-22 12:08:36,826
701,447,192,2025-05-22 12:38:21,264
702,133,690,2025-05-22 13:13:54,1049
703,60,14,2025-05-22 13:15:04,513
704,445,674,2025-05-22 13:37:47,2719
705,317,632,2025-05-22 14:31:30,727
706,203,310,2025-05-22 14:34:22,93
707,418,17,2025-05-22 14:42:51,1457
708,247,665,2025-05-22 15:32:50,480
709,440,552,2025-05-22 15:33:07,1002
710,243,433,2025-05-22 15:45:52,43
711,360,456,2025-05-22 15:59:22,983
712,300,249,2025-05-22 16:42:38,716
713,27,342,2025-05-22 18:16:23,150
714,213,508,2025-05-22 18:44:23,2811
715,149,38,2025-05-22 19:08:20,787
716,314,695,2025-05-22 19:11:15,2408
717,32,541,2025-05-22 19:18:04,222
718,138,664,2025-05-22 20:05:27,1474
719,481,662,2025-05-22 21:07:02,2368
720,148,744,2025-05-22 21:13:57,419
721,113,602,2025-05-22 21:15:21,1722
722,432,733,2025-05-22 21:27:13,1737
723,365,400,2025-05-22 22:33:04,2855
724,377,369,2025-05-22 23:03:36,2673
725,319,213,2025-05-23 01:21:57,1391
726,67,178,2025-05-23 01:37:25,1511
727,213,506,2025-05-23 01:54:02,2799
728,10,368,2025-05-23 01:56:10,1694
729,424,516,2025-05-23 03:09:52,69
730,317,233,2025-05-23 03:52:13,618
731,175,364,2025-05-23 05:25:45,3130
732,459,155,2025-05-23 05:34:44,2665
733,54,724,2025-05-23 06:03:52,586
734,493,774,2025-05-23 06:38:17,380
735,401,105,2025-05-23 06:45:03,2177
736,323,121,2025-05-23 06:59:17,1799
737,150,726,2025-05-23 07:06:15,788
738,51,158,2025-05-23 07:12:33,1352
739,435,207,2025-05-23 09:02:27,1620
740,126,486,2025-05-23 10:09:54,2700
741,191,733,2025-05-23 10:35:27,1834
742,78,772,2025-05-23 12:22:54,816
743,411,440,2025-05-23 13:41:47,1033
744,437,529,2025-05-23 14:18:00,3101
745,75,789,2025-05-23 16:25:18,296
746,44,347,2025-05-23 17:20:06,3291
747,32,403,2025-05-23 18:14:13,589
748,463,589,2025-05-23 18:19:02,387
749,339,533,2025-05-23 19:02:25,825
750,359,567,2025-05-23 20:17:47,2538
751,177,9,2025-05-23 21:06:26,2010
752,76,718,2025-05-23 22:56:27,1898
753,320,634,2025-05-23 23:32:52,2272
754,401,665,2025-05-24 00:50:27,1017
755,19,551,2025-05-24 01:28:50,2103
756,65,533,2025-05-24 01:41:04,800
757,283,320,2025-05-24 01:48:12,574
758,15,553,2025-05-24 01:48:37,778
759,372,433,2025-05-24 02:08:15,857
760,191,266,2025-05-24 02:54:04,2970
761,334,128,2025-05-24 03:16:22,1184
762,174,242,2025-05-24 03:20:25,2003
763,458,643,2025-05-24 03:28:57,1573
764,154,292,2025-05-24 03:42:51,812
765,72,732,2025-05-24 03:51:16,2795
766,265,597,2025-05-24 03:58:20,464
767,76,729,2025-05-24 04:08:18,2716
768,218,134,2025-05-24 06:21:59,701
769,270,413,2025-05-24 06:45:41,2865
770,136,599,2025-05-24 06:53:36,2424
771,477,502,2025-05-24 07:33:51,1878
772,259,131,2025-05-24 08:44:57,962
773,263,542,2025-05-24 10:20:45,854
774,383,161,2025-05-24 11:25:48,2083
775,309,419,2025-05-24 11:38:04,510
776,268,157,2025-05-24 12:11:05,386
777,151,498,2025-05-24 12:11:05,61
778,216,50,2025-05-24 12:22:58,2707
779,94,758,2025-05-24 12:59:02,2921
780,446,46,2025-05-24 13:44:13,1442
781,461,346,2025-05-24 14:15:21,1630
782,311,136,2025-05-24 14:43:13,2220
783,231,684,2025-05-24 15:00:02,2125
784,410,640,2025-05-24 15:00:33,1908
785,203,348,2025-05-24 18:24:22,1197
786,377,285,2025-05-24 19:09:09,3385
787,293,646,2025-05-24 21:07:33,2554
788,64,660,2025-05-24 21:24:39,2125
789,296,776,2025-05-24 22:18:40,314
790,244,515,2025-05-24 22:35:07,1942
791,93,20,2025-05-24 22:55:50,1250
792,430,594,2025-05-24 23:00:33,2350
793,206,604,2025-05-25 01:06:45,342
794,224,185,2025-05-25 05:23:26,1926
795,132,94,2025-05-25 06:34:46,236
796,74,188,2025-05-25 06:46:25,314
797,209,695,2025-05-25 06:51:54,1350
798,14,731,2025-05-25 07:13:43,203
799,212,332,2025-05-25 07:34:47,1936
800,27,208,2025-05-25 08:24:59,589
801,261,771,2025-05-25 09:28:07,2697
802,163,476,2025-05-25 10:18:56,1225
803,325,240,2025-05-25 10:52:19,2667
804,301,692,2025-05-25 10:58:46,2060
805,65,312,2025-05-25 11:39:59,1702
806,257,209,2025-05-25 12:06:33,636
807,87,252,2025-05-25 12:29:28,2693
808,232,43,2025-05-25 13:03:35,293
809,149,669,2025-05-25 13:45:15,636
810,247,280,2025-05-25 14:37:28,2768
811,180,648,2025-05-25 15:46:21,1092
812,83,757,2025-05-25 17:04:06,1518
813,358,126,2025-05-25 17:20:12,2505
814,450,443,2025-05-25 17:27:02,1405
815,453,699,2025-05-25 17:27:49,2878
816,363,464,2025-05-25 18:10:58,680
817,108,471,2025-05-25 18:16:27,1459
818,69,662,2025-05-25 18:19:52,2323
819,5,689,2025-05-25 18:43:43,1024
820,251,781,2025-05-25 19:23:07,584
821,334,80,2025-05-25 20:54:45,746
822,228,689,2025-05-25 21:01:20,1350
823,308,367,2025-05-25 21:21:57,3156
824,5,128,2025-05-25 21:28:05,1278
825,114,761,2025-05-25 21:32:30,120
826,184,197,2025-05-25 22:14:37,208
827,368,227,2025-05-25 23:58:52,960
828,144,505,2025-05-26 00:43:02,1035
829,101,654,2025-05-26 01:01:27,2075
830,253,175,2025-05-26 01:21:18,3111
831,350,618,2025-05-26 02:00:54,2720
832,34,131,2025-05-26 02:28:29,518
833,268,747,2025-05-26 02:37:42,2364
834,497,710,2025-05-26 03:11:06,851
835,453,465,2025-05-26 03:23:54,158
836,333,54,2025-05-26 03:34:12,1383
837,209,281,2025-05-26 03:45:00,309
838,265,778,2025-05-26 04:05:15,191
839,471,431,2025-05-26 04:09:49,2894
840,172,84,2025-05-26 05:24:40,1303
841,116,707,2025-05-26 06:01:03,2144
842,85,338,2025-05-26 06:58:43,2383
843,246,443,2025-05-26 07:16:55,2572
844,172,257,2025-05-26 07:17:56,442
845,427,56,2025-05-26 09:12:16,2553
846,38,795,2025-05-26 09:40:11,1787
847,229,593,2025-05-26 09:44:36,1830
848,194,321,2025-05-26 09:53:10,2648
849,32,453,2025-05-26 10:31:01,265
850,53,694,2025-05-26 11:35:01,22
851,206,99,2025-05-26 12:19:45,2466
852,404,676,2025-05-26 12:23:00,539
853,220,636,2025-05-26 12:45:21,1370
854,401,27,2025-05-26 14:18:55,2018
855,53,13,2025-05-26 14:37:20,2913
856,100,587,2025-05-26 14:50:02,487
857,247,743,2025-05-26 15:01:57,1094
858,23,62,2025-05-26 16:17:13,554
859,334,773,2025-05-26 16:22:20,2934
860,75,151,2025-05-26 17:30:36,2618
861,497,9,2025-05-26 17:52:01,1910
862,122,520,2025-05-26 18:03:49,1220
863,177,201,2025-05-26 18:48:25,2756
864,36,350,2025-05-26 20:06:59,1402
865,240,615,2025-05-26 22:00:15,1887
866,172,631,2025-05-26 22:20:02,551
867,449,44,2025-05-26 23:47:34,1864
868,355,236,2025-05-27 00:15:02,2734
869,394,340,2025-05-27 00:32:19,1900
870,423,7,2025-05-27 01:00:19,1847
871,59,146,2025-05-27 03:00:55,414
872,392,369,2025-05-27 04:56:08,43
873,90,225,2025-05-27 04:59:45,3148
874,284,252,2025-05-27 05:05:15,939
875,467,104,2025-05-27 06:00:47,261
876,404,114,2025-05-27 06:07:11,1540
877,190,382,2025-05-27 06:13:06,1739
878,320,445,2025-05-27 06:41:43,2806
879,474,134,2025-05-27 07:18:57,661
880,192,326,2025-05-27 07:47:57,2835
881,24,782,2025-05-27 09:20:16,2703
882,405,153,2025-05-27 10:14:19,2062
883,447,130,2025-05-27 11:02:26,3171
884,108,745,2025-05-27 12:17:23,189
885,34,172,2025-05-27 12:19:48,1428
886,261,384,2025-05-27 12:20:57,1193
887,192,539,2025-05-27 12:40:00,3184
888,138,596,2025-05-27 12:53:41,2623
889,19,213,2025-05-27 14:10:16,884
890,203,224,2025-05-27 14:29:03,2447
891,479,384,2025-05-27 14:39:54,446
892,152,456,2025-05-27 16:06:56,930
893,263,637,2025-05-27 16:40:26,2244
894,189,510,2025-05-27 17:41:04,1289
895,120,272,2025-05-27 17:49:12,2388
896,432,514,2025-05-27 17:52:34,1616
897,475,234,2025-05-27 18:01:26,61
898,103,342,2025-05-27 19:24:16,500
899,418,787,2025-05-27 20:11:55,2760
900,71,771,2025-05-27 20:26:50,2476
901,395,307,2025-05-27 20:39:20,1576
902,485,416,2025-05-28 00:10:01,1082
903,335,525,2025-05-28 00:22:38,3162
904,117,233,2025-05-28 02:35:08,1337
905,301,566,2025-05-28 04:19:48,3015
906,406,88,2025-05-28 04:46:52,2799
907,358,428,2025-05-28 06:20:25,1063
908,192,143,2025-05-28 06:42:26,1235
909,5,512,2025-05-28 06:55:38,1008
910,215,436,2025-05-28 07:51:43,2728
911,276,307,2025-05-28 08:27:47,2629
912,473,143,2025-05-28 09:35:06,1018
913,323,618,2025-05-28 10:02:34,3060
914,196,210,2025-05-28 10:03:56,1913
915,244,112,2025-05-28 10:24:29,1937
916,156,96,2025-05-28 11:34:22,503
917,424,706,2025-05-28 12:16:53,1758
918,467,396,2025-05-28 13:09:47,638
919,36,466,2025-05-28 13:40:27,305
920,441,421,2025-05-28 13:51:48,1712
921,215,490,2025-05-28 13:55:27,883
922,106,134,2025-05-28 15:35:30,680
923,341,487,2025-05-28 15:43:51,1023
924,104,515,2025-05-28 16:28:59,2101
925,74,457,2025-05-28 16:55:17,284
926,270,337,2025-05-28 17:17:51,3404
927,295,41,2025-05-28 17:32:19,2602
928,234,356,2025-05-28 18:24:40,2390
929,314,180,2025-05-28 18:28:38,2771
930,222,469,2025-05-28 19:28:29,1926
931,49,403,2025-05-28 19:32:17,511
932,81,281,2025-05-28 20:51:26,553
933,35,715,2025-05-28 22:01:07,3469
934,211,781,2025-05-28 22:11:59,715
935,54,517,2025-05-28 22:24:38,2796
936,130,213,2025-05-28 23:17:46,2070
937,356,692,2025-05-29 00:46:40,2982
938,439,200,2025-05-29 02:09:53,1018
939,470,140,2025-05-29 02:55:32,1143
940,35,85,2025-05-29 03:00:36,1180
941,72,483,2025-05-29 03:01:03,900
942,10,622,2025-05-29 03:06:26,578
943,201,173,2025-05-29 03:35:27,266
944,79,452,2025-05-29 03:35:39,1758
945,346,546,2025-05-29 03:44:32,631
946,416,536,2025-05-29 03:55:39,1620
947,200,707,2025-05-29 05:22:40,2133
948,396,387,2025-05-29 05:40:49,1563
949,123,205,2025-05-29 05:51:22,338
950,173,197,2025-05-29 06:32:34,1474
951,50,681,2025-05-29 07:20:02,982
952,56,335,2025-05-29 07:24:58,1138
953,479,555,2025-05-29 08:06:40,3104
954,55,366,2025-05-29 08:37:21,2531
955,7,399,2025-05-29 09:21:25,838
956,143,666,2025-05-29 09:41:05,2501
957,211,309,2025-05-29 09:47:31,2360
958,365,550,2025-05-29 10:37:34,3284
959,129,98,2025-05-29 13:05:58,2228
960,348,790,2025-05-29 13:29:18,2963
961,453,705,2025-05-29 15:34:28,2171
962,172,19,2025-05-29 17:12:20,2617
963,328,760,2025-05-29 17:14:02,1738
964,120,22,2025-05-29 17:54:10,1535
965,378,439,2025-05-29 19:48:38,3011
966,192,511,2025-05-29 21:18:34,928
967,20,244,2025-05-29 21:28:12,3198
968,379,337,2025-05-29 21:36:51,1489
969,21,534,2025-05-29 22:42:21,2923
970,385,25,2025-05-29 22:52:52,1276
971,106,553,2025-05-29 23:11:32,185
972,411,704,2025-05-29 23:35:17,1779
973,267,330,2025-05-30 00:35:25,872
974,252,72,2025-05-30 00:39:28,1123
975,481,210,2025-05-30 01:59:26,869
976,408,210,2025-05-30 02:08:18,779
977,160,169,2025-05-30 02:29:36,529
978,128,311,2025-05-30 03:31:42,970
979,140,493,2025-05-30 03:49:29,288
980,86,483,2025-05-30 03:58:36,837
981,390,160,2025-05-30 04:08:14,1117
982,196,438,2025-05-30 05:21:11,2380
983,305,551,2025-05-30 05:32:43,1314
984,238,314,2025-05-30 05:43:39,3010
985,37,342,2025-05-30 06:13:35,565
986,98,5,2025-05-30 06:44:00,308
987,252,415,2025-05-30 07:40:31,3230
988,192,394,2025-05-30 08:10:35,1870
989,210,40,2025-05-30 09:13:07,2419
990,84,199,2025-05-30 10:21:36,3511
991,385,740,2025-05-30 11:15:34,2925
992,189,714,2025-05-30 11:17:42,154
993,127,249,2025-05-30 12:15:40,1336
994,362,693,2025-05-30 13:12:30,349
995,310,467,2025-05-30 13:36:33,1089
996,297,679,2025-05-30 14:33:34,762
997,330,729,2025-05-30 14:54:11,2707
998,462,83,2025-05-30 14:56:39,2423
999,425,438,2025-05-30 15:01:50,1157
1000,338,392,2025-05-30 15:17:27,1683
1001,474,746,2025-05-30 15:49:41,2881
1002,409,353,2025-05-30 16:23:22,1347
1003,384,408,2025-05-30 16:38:31,1637
1004,252,2,2025-05-30 17:02:16,247
1005,214,671,2025-05-30 17:35:54,404
1006,96,721,2025-05-30 17:42:49,1588
1007,57,462,2025-05-30 17:45:13,1219
1008,384,188,2025-05-30 19:21:30,861
1009,447,419,2025-05-30 19:36:16,1121
1010,326,171,2025-05-30 19:46:06,74
1011,33,351,2025-05-30 20:53:02,117
1012,390,104,2025-05-30 20:58:57,125
1013,341,597,2025-05-30 21:06:32,614
1014,406,8,2025-05-30 21:28:50,991
1015,137,498,2025-05-30 21:58:52,1426
1016,190,699,2025-05-30 22:27:18,2823
1017,482,370,2025-05-30 23:04:45,2773
1018,183,339,2025-05-30 23:20:55,1977
1019,206,743,2025-05-31 02:01:56,1287
1020,63,544,2025-05-31 02:19:31,849
1021,189,463,2025-05-31 03:04:33,1447
1022,212,677,2025-05-31 03:17:22,1210
1023,417,330,2025-05-31 03:36:56,123
1024,414,754,2025-05-31 03:37:07,2550
1025,205,757,2025-05-31 03:40:12,1523
1026,477,488,2025-05-31 03:58:14,2693
1027,376,395,2025-05-31 04:17:06,1216
1028,267,586,2025-05-31 05:31:41,1674
1029,255,90,2025-05-31 05:34:56,3244
1030,448,479,2025-05-31 05:38:47,347
1031,340,554,2025-05-31 06:26:34,907
1032,338,717,2025-05-31 06:29:27,225
1033,83,335,2025-05-31 06:34:03,1172
1034,132,682,2025-05-31 07:15:42,668
1035,70,548,2025-05-31 08:07:05,1937
1036,171,230,2025-05-31 08:32:51,2898
1037,330,352,2025-05-31 10:39:01,1809
1038,196,670,2025-05-31 10:42:53,2935
1039,414,239,2025-05-31 10:51:23,1188
1040,46,349,2025-05-31 11:02:57,2550
1041,60,587,2025-05-31 11:05:14,1034
1042,296,755,2025-05-31 11:50:55,54
1043,434,398,2025-05-31 11:54:00,2228
1044,348,130,2025-05-31 12:04:50,2937
1045,203,10,2025-05-31 12:12:10,2241
1046,483,304,2025-05-31 12:58:45,3017
1047,308,291,2025-05-31 13:13:22,955
1048,360,36,2025-05-31 13:27:55,2539
1049,64,281,2025-05-31 13:47:45,574
1050,425,221,2025-05-31 14:05:58,1806
1051,415,342,2025-05-31 14:13:02,679
1052,479,231,2025-05-31 14:14:56,1402
1053,92,500,2025-05-31 14:37:06,836
1054,468,164,2025-05-31 15:12:38,2566
1055,348,485,2025-05-31 15:28:15,1642
1056,271,745,2025-05-31 15:41:55,1104
1057,439,562,2025-05-31 16:20:13,2268
1058,298,56,2025-05-31 16:30:26,2660
1059,84,592,2025-05-31 18:05:17,1108
1060,75,215,2025-05-31 19:22:45,1488
1061,5,371,2025-05-31 19:49:07,2377
1062,440,152,2025-05-31 21:06:51,1246
1063,87,58,2025-05-31 21:39:23,123
1064,27,121,2025-05-31 21:44:15,1703
1065,497,153,2025-05-31 22:02:25,2240
1066,124,407,2025-05-31 22:07:57,1589
1067,335,764,2025-05-31 23:36:16,2681
1068,338,92,2025-06-01 00:03:16,1378
1069,141,648,2025-06-01 03:35:35,1499
1070,43,125,2025-06-01 04:03:18,1791
1071,12,601,2025-06-01 05:03:50,1607
1072,382,97,2025-06-01 06:23:29,1704
1073,331,720,2025-06-01 08:20:43,762
1074,33,731,2025-06-01 09:40:40,2318
1075,417,718,2025-06-01 09:49:53,236
1076,416,543,2025-06-01 09:54:15,570
1077,366,668,2025-06-01 10:59:08,1039
1078,460,121,2025-06-01 11:02:41,988
1079,285,458,2025-06-01 11:38:58,2654
1080,106,669,2025-06-01 11:38:58,417
1081,18,87,2025-06-01 11:39:15,1766
1082,279,176,2025-06-01 12:47:25,2231
1083,154,48,2025-06-01 12:56:45,1652
1084,338,547,2025-06-01 15:15:36,2163
1085,268,361,2025-06-01 15:16:02,912
1086,340,46,2025-06-01 15:38:31,591
1087,427,221,2025-06-01 19:20:49,1767
1088,184,285,2025-06-01 20:08:43,1909
1089,131,267,2025-06-01 20:18:19,1187
1090,43,261,2025-06-01 20:29:28,2491
1091,105,73,2025-06-01 21:37:29,2441
1092,331,198,2025-06-01 21:41:34,1174
1093,262,620,2025-06-01 21:56:20,1172
1094,404,445,2025-06-01 23:51:00,3427
1095,139,128,2025-06-02 00:49:27,1213
1096,169,656,2025-06-02 01:14:39,130
1097,75,232,2025-06-02 01:17:56,1013
1098,114,388,2025-06-02 02:10:59,2858
1099,270,746,2025-06-02 03:18:23,3217
1100,49,542,2025-06-02 05:11:29,2028
1101,139,623,2025-06-02 05:43:22,23
1102,385,399,2025-06-02 06:06:53,1345
1103,404,545,2025-06-02 08:10:48,1607
1104,304,131,2025-06-02 08:25:37,564
1105,337,130,2025-06-02 09:43:52,1682
1106,471,743,2025-06-02 11:03:13,1142
1107,348,624,2025-06-02 11:49:57,904
1108,182,480,2025-06-02 11:50:50,1919
1109,483,736,2025-06-02 13:14:09,1311
1110,440,90,2025-06-02 13:18:18,3059
1111,47,650,2025-06-02 16:52:44,355
1112,85,590,2025-06-02 17:00:29,116
1113,253,11,2025-06-02 17:20:50,2971
1114,375,140,2025-06-02 17:42:41,1195
1115,455,546,2025-06-02 18:21:08,961
1116,467,764,2025-06-02 18:23:59,259
1117,177,251,2025-06-02 18:52:27,2809
1118,451,541,2025-06-02 19:24:53,1506
1119,87,691,2025-06-02 19:35:48,3079
1120,90,77,2025-06-02 19:52:42,1745
1121,27,433,2025-06-02 20:21:33,955
1122,174,696,2025-06-02 20:30:03,734
1123,61,298,2025-06-02 20:50:12,1094
1124,378,647,2025-06-02 20:56:23,795
1125,478,659,2025-06-02 21:12:28,739
1126,457,633,2025-06-02 21:28:42,2734
1127,236,337,2025-06-02 22:13:01,1196
1128,370,191,2025-06-02 22:41:06,2620
1129,102,87,2025-06-03 00:35:13,1920
1130,468,500,2025-06-03 00:49:14,151
1131,241,405,2025-06-03 01:22:27,698
1132,275,276,2025-06-03 02:04:04,1472
1133,83,144,2025-06-03 03:42:49,3059
1134,446,727,2025-06-03 03:52:45,1218
1135,203,432,2025-06-03 04:59:50,2117
1136,102,491,2025-06-03 05:18:43,3269
1137,251,564,2025-06-03 05:54:55,1411
1138,385,783,2025-06-03 06:40:06,1481
1139,380,399,2025-06-03 06:50:42,1476
1140,65,160,2025-06-03 07:37:55,935
1141,27,695,2025-06-03 09:09:08,2191
1142,5,445,2025-06-03 09:17:08,2956
1143,220,254,2025-06-03 09:22:21,1965
1144,144,786,2025-06-03 09:43:22,1284
1145,342,440,2025-06-03 09:53:05,682
1146,359,748,2025-06-03 09:59:57,1680
1147,303,645,2025-06-03 10:46:13,862
1148,20,281,2025-06-03 13:15:48,601
1149,316,205,2025-06-03 13:42:08,67
1150,157,717,2025-06-03 14:08:01,2057
1151,246,63,2025-06-03 14:13:07,1147
1152,138,373,2025-06-03 14:51:56,1402
1153,164,49,2025-06-03 15:12:21,269
1154,165,218,2025-06-03 15:19:29,1286
1155,221,190,2025-06-03 15:44:02,753
1156,58,100,2025-06-03 15:51:26,1004
1157,67,340,2025-06-03 15:52:11,2088
1158,302,542,2025-06-03 16:22:54,1880
1159,300,394,2025-06-03 16:28:53,60
1160,309,124,2025-06-03 16:41:12,577
1161,419,196,2025-06-03 17:00:19,713
1162,483,560,2025-06-03 18:43:23,2054
1163,390,207,2025-06-03 19:10:36,1524
1164,215,564,2025-06-03 20:29:28,1474
1165,434,574,2025-06-03 22:36:31,3105
1166,368,121,2025-06-04 00:03:32,1490
1167,477,516,2025-06-04 01:35:20,2621
1168,496,133,2025-06-04 01:38:48,965
1169,498,711,2025-06-04 02:45:57,837
1170,273,526,2025-06-04 03:00:35,2309
1171,197,576,2025-06-04 03:09:43,2145
1172,95,4,2025-06-04 03:21:50,441
1173,451,526,2025-06-04 03:34:33,2609
1174,156,226,2025-06-04 04:06:19,292
1175,115,47,2025-06-04 04:11:01,975
1176,483,285,2025-06-04 04:47:52,2971
1177,329,255,2025-06-04 05:34:27,553
1178,333,356,2025-06-04 05:39:31,2522
1179,485,723,2025-06-04 06:17:24,1070
1180,460,627,2025-06-04 06:21:46,1373
1181,6,365,2025-06-04 07:07:22,1731
1182,498,17,2025-06-04 07:36:07,1732
1183,400,598,2025-06-04 08:09:14,1431
1184,335,264,2025-06-04 08:18:38,803
1185,419,453,2025-06-04 08:29:48,857
1186,414,771,2025-06-04 09:46:06,2423
1187,223,378,2025-06-04 10:21:33,1692
1188,236,190,2025-06-04 10:25:29,1267
1189,483,747,2025-06-04 10:35:27,1164
1190,454,182,2025-06-04 11:55:57,2335
1191,74,74,2025-06-04 12:29:43,2581
1192,207,103,2025-06-04 12:53:06,1667
1193,7,618,2025-06-04 13:18:33,277
1194,7,782,2025-06-04 13:32:14,3184
1195,395,86,2025-06-04 14:10:43,1545
1196,406,10,2025-06-04 14:25:12,2063
1197,174,725,2025-06-04 14:26:53,87
1198,457,455,2025-06-04 14:41:02,1921
1199,125,58,2025-06-04 14:52:18,539
1200,11,46,2025-06-04 16:15:56,660
1201,429,426,2025-06-04 17:19:17,2235
1202,219,395,2025-06-04 17:31:07,1808
1203,451,701,2025-06-04 17:31:12,1349
1204,58,504,2025-06-04 19:13:37,997
1205,490,289,2025-06-04 19:27:32,987
1206,473,87,2025-06-04 20:27:13,1804
1207,272,343,2025-06-04 20:38:36,2151
1208,342,704,2025-06-04 21:09:50,2030
1209,54,278,2025-06-04 23:27:01,1569
1210,416,729,2025-06-04 23:27:38,2948
1211,77,797,2025-06-05 00:50:41,893
1212,370,490,2025-06-05 00:58:29,827
1213,373,286,2025-06-05 01:55:03,1465
1214,393,395,2025-06-05 02:19:12,2891
1215,499,424,2025-06-05 02:25:55,842
1216,484,670,2025-06-05 02:30:11,2820
1217,276,547,2025-06-05 03:07:18,2143
1218,43,595,2025-06-05 04:33:40,1816
1219,416,767,2025-06-05 05:14:55,276
1220,105,18,2025-06-05 06:01:46,812
1221,57,62,2025-06-05 07:00:13,905
1222,399,143,2025-06-05 07:15:50,535
1223,498,432,2025-06-05 08:27:48,1363
1224,71,121,2025-06-05 08:47:33,1723
1225,14,713,2025-06-05 08:50:49,1698
1226,340,596,2025-06-05 09:02:59,450
1227,16,151,2025-06-05 09:43:15,2320
1228,292,427,2025-06-05 09:49:38,1074
1229,384,541,2025-06-05 10:16:50,1601
1230,173,455,2025-06-05 10:48:16,2094
1231,80,62,2025-06-05 10:55:57,837
1232,258,165,2025-06-05 11:03:20,143
1233,449,466,2025-06-05 11:13:07,2716
1234,257,314,2025-06-05 11:46:28,3044
1235,499,95,2025-06-05 12:10:17,2222
1236,109,411,2025-06-05 13:29:35,2784
1237,382,573,2025-06-05 13:39:37,2677
1238,245,321,2025-06-05 14:01:45,2486
1239,28,381,2025-06-05 14:55:03,1791
1240,40,372,2025-06-05 15:24:23,3033
1241,145,167,2025-06-05 16:13:13,2432
1242,388,317,2025-06-05 17:11:27,365
1243,124,276,2025-06-05 17:26:31,366
1244,405,496,2025-06-05 18:39:31,250
1245,5,366,2025-06-05 19:28:33,3125
1246,162,770,2025-06-05 19:47:32,3053
1247,346,100,2025-06-05 20:38:09,1049
1248,258,794,2025-06-05 23:51:14,1894
1249,301,39,2025-06-06 00:28:09,563
1250,454,641,2025-06-06 00:42:55,339
1251,414,698,2025-06-06 00:44:39,1783
1252,494,514,2025-06-06 01:15:38,1646
1253,477,788,2025-06-06 01:49:39,1534
1254,185,639,2025-06-06 02:07:57,2207
1255,397,700,2025-06-06 02:42:23,630
1256,39,157,2025-06-06 03:18:46,915
1257,8,147,2025-06-06 03:58:51,2157
1258,409,90,2025-06-06 04:33:46,3093
1259,152,166,2025-06-06 05:52:27,277
1260,37,184,2025-06-06 06:11:38,1437
1261,132,782,2025-06-06 08:33:32,3001
1262,64,583,2025-06-06 08:40:06,1781
1263,210,635,2025-06-06 08:40:39,2013
1264,433,640,2025-06-06 09:28:11,1892
1265,260,461,2025-06-06 10:09:14,572
1266,318,660,2025-06-06 10:20:49,406
1267,288,9,2025-06-06 10:33:28,701
1268,292,409,2025-06-06 11:28:38,1163
1269,343,96,2025-06-06 11:48:31,790
1270,419,477,2025-06-06 12:12:37,1331
1271,492,407,2025-06-06 14:19:00,1295
1272,163,351,2025-06-06 14:28:55,1924
1273,244,118,2025-06-06 14:31:22,732
1274,241,150,2025-06-06 14:33:19,3063
1275,308,793,2025-06-06 14:37:25,3044
1276,221,485,2025-06-06 15:59:19,663
1277,389,701,2025-06-06 16:16:18,1175
1278,73,71,2025-06-06 16:46:21,377
1279,232,430,2025-06-06 17:33:53,1969
1280,426,56,2025-06-06 17:34:37,512
1281,386,305,2025-06-06 17:36:03,335
1282,244,549,2025-06-06 17:42:00,1283
1283,182,710,2025-06-06 18:35:02,890
1284,458,612,2025-06-06 18:45:49,1298
1285,75,332,2025-06-06 18:46:35,2760
1286,423,755,2025-06-06 20:12:02,2018
1287,479,152,2025-06-06 20:16:28,1079
1288,346,417,2025-06-06 20:24:18,1170
1289,483,129,2025-06-06 20:45:34,1634
1290,19,224,2025-06-06 21:30:21,2096
1291,397,171,2025-06-06 22:01:59,2391
1292,98,696,2025-06-06 22:28:42,1144
1293,9,310,2025-06-06 23:11:57,2353
1294,359,512,2025-06-06 23:25:03,929
1295,181,556,2025-06-06 23:27:26,1775
1296,475,181,2025-06-06 23:34:24,2826
1297,84,556,2025-06-06 23:39:50,1529
1298,349,448,2025-06-06 23:48:49,945
1299,464,102,2025-06-06 23:49:14,1003
1300,333,17,2025-06-07 01:15:53,1535
1301,385,639,2025-06-07 01:58:17,2042
1302,298,34,2025-06-07 02:11:25,2476
1303,398,466,2025-06-07 02:56:07,2313
1304,487,128,2025-06-07 03:21:31,1241
1305,465,661,2025-06-07 03:39:49,1107
1306,192,230,2025-06-07 03:50:57,2595
1307,158,425,2025-06-07 06:30:45,1220
1308,17,16,2025-06-07 07:16:53,188
1309,266,760,2025-06-07 07:26:06,2817
1310,221,248,2025-06-07 07:49:29,2453
1311,202,53,2025-06-07 08:40:50,1857
1312,326,400,2025-06-07 08:53:00,2465
1313,265,163,2025-06-07 08:54:56,1884
1314,259,122,2025-06-07 09:22:12,575
1315,322,267,2025-06-07 10:09:34,1007
1316,48,96,2025-06-07 10:38:23,10
1317,79,29,2025-06-07 10:43:25,2591
1318,293,392,2025-06-07 10:56:17,291
1319,325,647,2025-06-07 11:04:52,789
1320,114,305,2025-06-07 11:46:14,486
1321,414,388,2025-06-07 12:13:23,2784
1322,479,148,2025-06-07 12:38:44,2680
1323,53,114,2025-06-07 12:54:52,1682
1324,145,269,2025-06-07 12:55:28,2361
1325,186,213,2025-06-07 14:38:50,2083
1326,38,499,2025-06-07 16:01:47,2782
1327,193,322,2025-06-07 17:33:05,731
1328,153,11,2025-06-07 18:07:14,3129
1329,438,33,2025-06-07 19:08:16,364
1330,315,615,2025-06-07 19:32:19,1617
1331,475,125,2025-06-07 20:12:51,598
1332,263,780,2025-06-07 21:54:02,1880
1333,112,31,2025-06-07 21:57:47,2508
1334,482,130,2025-06-07 22:02:20,1729
1335,179,726,2025-06-07 22:45:21,751
1336,254,447,2025-06-07 22:45:22,1084
1337,89,203,2025-06-07 23:37:52,2088
1338,202,106,2025-06-08 01:23:13,2822
1339,407,211,2025-06-08 01:45:40,791
1340,217,611,2025-06-08 01:49:19,3165
1341,311,393,2025-06-08 02:01:16,1139
1342,324,66,2025-06-08 02:33:26,3438
1343,130,601,2025-06-08 05:35:30,1618
1344,487,544,2025-06-08 05:55:11,1180
1345,166,440,2025-06-08 06:39:03,1021
1346,337,381,2025-06-08 08:01:36,2040
1347,164,705,2025-06-08 08:02:43,162
1348,408,330,2025-06-08 08:27:58,1441
1349,309,218,2025-06-08 08:45:07,2561
1350,312,688,2025-06-08 09:20:37,535
1351,388,446,2025-06-08 09:27:12,2596
1352,411,506,2025-06-08 09:31:16,3318
1353,64,464,2025-06-08 10:47:48,518
1354,296,22,2025-06-08 12:02:15,874
1355,3,473,2025-06-08 12:58:10,547
1356,459,547,2025-06-08 13:31:49,1908
1357,36,482,2025-06-08 13:59:43,392
1358,141,325,2025-06-08 14:50:26,713
1359,161,506,2025-06-08 16:33:28,2921
1360,233,506,2025-06-08 16:39:56,3303
1361,192,633,2025-06-08 18:01:09,1312
1362,72,108,2025-06-08 18:26:29,589
1363,116,175,2025-06-08 18:40:09,492
1364,418,551,2025-06-08 20:02:57,2196
1365,133,45,2025-06-08 20:23:13,2269
1366,169,705,2025-06-08 20:30:29,2154
1367,88,142,2025-06-08 21:51:00,853
1368,76,772,2025-06-08 22:55:39,895
1369,327,458,2025-06-08 23:07:44,2911
1370,245,678,2025-06-08 23:08:35,1170
1371,248,232,2025-06-09 00:36:49,422
1372,181,572,2025-06-09 00:39:02,1040
1373,439,211,2025-06-09 01:35:22,718
1374,109,14,2025-06-09 02:48:57,935
1375,250,108,2025-06-09 03:07:47,583
1376,264,321,2025-06-09 03:34:18,2433
1377,79,517,2025-06-09 03:34:40,1137
1378,198,464,2025-06-09 03:58:01,1086
1379,97,71,2025-06-09 04:02:08,415
1380,446,592,2025-06-09 04:23:02,1589
1381,382,113,2025-06-09 05:24:03,2181
1382,15,488,2025-06-09 05:51:18,2469
1383,475,564,2025-06-09 06:07:34,138
1384,258,442,2025-06-09 06:14:44,809
1385,51,51,2025-06-09 07:31:36,851
1386,151,194,2025-06-09 07:46:35,1448
1387,253,532,2025-06-09 07:55:56,2930
1388,491,114,2025-06-09 09:45:43,587
1389,137,245,2025-06-09 10:39:24,54
1390,318,717,2025-06-09 10:53:41,2135
1391,376,709,2025-06-09 10:58:15,358
1392,178,653,2025-06-09 11:41:17,440
1393,49,190,2025-06-09 12:05:14,1427
1394,157,705,2025-06-09 12:27:41,953
1395,96,341,2025-06-09 12:42:23,2530
1396,243,439,2025-06-09 13:19:57,2722
1397,40,175,2025-06-09 13:30:23,3240
1398,497,486,2025-06-09 14:52:00,2690
1399,57,47,2025-06-09 15:10:55,1140
1400,428,234,2025-06-09 15:16:06,2167
1401,49,103,2025-06-09 15:19:03,1908
1402,377,360,2025-06-09 16:12:17,2568
1403,187,470,2025-06-09 16:23:12,148
1404,457,531,2025-06-09 17:59:49,791
1405,306,496,2025-06-09 18:12:41,2060
1406,11,152,2025-06-09 18:31:24,1215
1407,73,366,2025-06-09 19:52:11,2675
1408,499,442,2025-06-09 20:02:17,946
1409,489,387,2025-06-09 20:09:32,1575
1410,348,558,2025-06-09 20:21:25,3064
1411,270,180,2025-06-09 20:42:08,1894
1412,201,604,2025-06-09 22:07:42,1967
1413,22,594,2025-06-09 23:37:28,2123
1414,222,466,2025-06-09 23:49:10,2695
1415,57,9,2025-06-10 00:22:27,1922
1416,77,536,2025-06-10 01:55:58,1588
1417,156,499,2025-06-10 02:40:35,2115
1418,21,223,2025-06-10 03:01:56,1314
1419,157,6,2025-06-10 03:55:20,1486
1420,129,142,2025-06-10 04:28:55,887
1421,341,788,2025-06-10 05:12:02,1588
1422,74,751,2025-06-10 05:30:40,810
1423,113,33,2025-06-10 05:42:24,726
1424,327,396,2025-06-10 06:04:22,1613
1425,134,310,2025-06-10 06:14:51,2181
1426,449,331,2025-06-10 06:26:25,1549
1427,129,139,2025-06-10 06:56:50,2203
1428,153,581,2025-06-10 07:07:48,2151
1429,401,448,2025-06-10 07:53:13,110
1430,258,702,2025-06-10 08:17:43,710
1431,216,421,2025-06-10 08:19:05,1685
1432,393,432,2025-06-10 08:38:33,79
1433,403,249,2025-06-10 08:43:43,1187
1434,461,580,2025-06-10 09:18:15,1946
1435,65,413,2025-06-10 09:37:59,2829
1436,266,472,2025-06-10 09:54:18,1898
1437,333,110,2025-06-10 10:13:13,2741
1438,247,708,2025-06-10 11:25:22,1708
1439,346,524,2025-06-10 13:02:09,1816
1440,74,576,2025-06-10 13:43:05,2191
1441,346,656,2025-06-10 13:43:54,615
1442,480,7,2025-06-10 14:27:12,2096
1443,35,1,2025-06-10 14:48:35,1273
1444,127,210,2025-06-10 15:41:40,729
1445,201,57,2025-06-10 15:49:25,2670
1446,95,241,2025-06-10 16:52:49,2307
1447,349,450,2025-06-10 17:04:44,3164
1448,326,23,2025-06-10 17:07:46,1624
1449,88,524,2025-06-10 17:29:04,2037
1450,149,297,2025-06-10 17:35:12,1700
1451,342,282,2025-06-10 17:49:26,3216
1452,214,436,2025-06-10 18:30:10,1280
1453,200,12,2025-06-10 19:36:52,809
1454,337,635,2025-06-10 19:44:56,2393
1455,72,480,2025-06-10 19:48:09,2001
1456,82,367,2025-06-10 19:52:05,3170
1457,463,724,2025-06-10 20:06:50,2787
1458,78,361,2025-06-10 20:25:07,922
1459,440,144,2025-06-10 21:01:07,2087
1460,202,70,2025-06-10 21:33:15,570
1461,242,621,2025-06-10 23:00:56,1829
1462,398,675,2025-06-10 23:35:45,981
1463,490,595,2025-06-11 00:29:10,1852
1464,24,31,2025-06-11 00:41:37,2472
1465,55,512,2025-06-11 01:26:41,933
1466,396,751,2025-06-11 01:29:46,1246
1467,373,394,2025-06-11 01:56:18,1781
1468,314,257,2025-06-11 02:41:40,525
1469,391,384,2025-06-11 03:22:10,1294
1470,165,111,2025-06-11 05:14:43,2278
1471,294,570,2025-06-11 05:35:25,409
1472,147,231,2025-06-11 05:43:39,631
1473,415,197,2025-06-11 05:46:14,26
1474,50,209,2025-06-11 05:47:31,28
1475,397,418,2025-06-11 05:52:21,2238
1476,350,748,2025-06-11 07:05:38,1728
1477,98,213,2025-06-11 07:47:22,2075
1478,317,573,2025-06-11 08:19:15,3153
1479,321,386,2025-06-11 08:56:55,1979
1480,265,306,2025-06-11 09:19:24,657
1481,277,339,2025-06-11 10:52:16,410
1482,425,258,2025-06-11 11:13:12,3012
1483,81,295,2025-06-11 12:37:23,132
1484,478,626,2025-06-11 13:22:49,2424
1485,358,114,2025-06-11 14:19:28,1986
1486,335,31,2025-06-11 14:47:34,267
1487,455,784,2025-06-11 14:56:34,143
1488,169,776,2025-06-11 15:11:06,2593
1489,38,578,2025-06-11 16:07:35,2970
1490,19,355,2025-06-11 17:26:33,770
1491,314,83,2025-06-11 17:48:03,2591
1492,371,43,2025-06-11 18:03:20,1490
1493,180,442,2025-06-11 18:51:05,954
1494,117,22,2025-06-11 18:51:50,1262
1495,101,548,2025-06-11 18:56:18,1889
1496,10,566,2025-06-11 19:28:09,2801
1497,65,441,2025-06-11 19:31:12,1679
1498,61,631,2025-06-11 19:54:48,1116
1499,224,60,2025-06-11 20:11:43,1117
1500,212,766,2025-06-11 20:59:46,2280
1501,24,16,2025-06-11 22:47:14,997
1502,30,130,2025-06-11 23:46:02,2734
1503,309,671,2025-06-12 00:02:42,856
1504,204,491,2025-06-12 00:06:44,3055
1505,481,557,2025-06-12 00:32:54,398
1506,460,226,2025-06-12 00:52:01,617
1507,283,300,2025-06-12 02:55:18,2010
1508,164,715,2025-06-12 03:03:19,2905
1509,211,723,2025-06-12 03:07:29,1126
1510,467,141,2025-06-12 03:11:25,562
1511,284,216,2025-06-12 03:20:40,1405
1512,19,241,2025-06-12 03:27:02,2360
1513,59,22,2025-06-12 04:04:36,1264
1514,197,308,2025-06-12 04:12:27,1420
1515,313,394,2025-06-12 04:59:52,1959
1516,23,230,2025-06-12 05:02:17,1136
1517,27,677,2025-06-12 05:34:02,1439
1518,14,624,2025-06-12 05:46:20,879
1519,135,772,2025-06-12 05:57:44,878
1520,425,637,2025-06-12 06:33:52,2232
1521,377,771,2025-06-12 07:22:27,83
1522,370,695,2025-06-12 07:55:04,1722
1523,218,587,2025-06-12 07:56:10,924
1524,492,391,2025-06-12 08:06:55,637
1525,465,16,2025-06-12 08:10:49,672
1526,128,790,2025-06-12 08:23:17,2966
1527,316,281,2025-06-12 08:33:12,568
1528,415,791,2025-06-12 08:49:38,1979
1529,165,271,2025-06-12 09:09:37,2784
1530,5,478,2025-06-12 10:01:42,143
1531,285,224,2025-06-12 11:58:14,2292
1532,460,625,2025-06-12 13:13:16,2783
1533,133,785,2025-06-12 13:46:48,2740
1534,117,646,2025-06-12 15:00:33,1759
1535,120,118,2025-06-12 16:04:21,1943
1536,226,594,2025-06-12 16:08:43,2226
1537,488,732,2025-06-12 16:14:06,2935
1538,433,362,2025-06-12 16:43:40,2227
1539,56,80,2025-06-12 18:54:09,627
1540,105,334,2025-06-12 19:05:31,1044
1541,37,658,2025-06-12 19:16:59,1690
1542,311,369,2025-06-12 19:39:27,2455
1543,241,302,2025-06-12 19:46:54,810
1544,477,154,2025-06-12 20:59:24,1297
1545,414,321,2025-06-12 21:12:43,2698
1546,298,730,2025-06-12 21:29:43,2058
1547,17,673,2025-06-12 21:32:45,642
1548,41,80,2025-06-12 23:07:20,761
1549,295,646,2025-06-12 23:28:31,2397
1550,434,541,2025-06-12 23:39:13,1716
1551,267,452,2025-06-13 01:08:05,1749
1552,467,250,2025-06-13 03:08:59,2726
1553,119,467,2025-06-13 03:19:26,1306
1554,228,751,2025-06-13 03:23:08,1338
1555,287,518,2025-06-13 04:25:25,243
1556,118,460,2025-06-13 05:22:04,943
1557,65,551,2025-06-13 05:34:51,1477
1558,341,142,2025-06-13 05:45:45,993
1559,61,84,2025-06-13 05:50:26,1110
1560,254,648,2025-06-13 07:12:04,1441
1561,233,16,2025-06-13 07:33:04,548
1562,365,482,2025-06-13 07:51:07,1993
1563,221,25,2025-06-13 08:05:25,2147
1564,444,543,2025-06-13 08:17:15,618
1565,206,714,2025-06-13 08:32:28,1748
1566,460,345,2025-06-13 08:58:23,619
1567,24,76,2025-06-13 09:13:47,1053
1568,210,646,2025-06-13 09:25:55,2623
1569,245,717,2025-06-13 09:30:02,907
1570,470,522,2025-06-13 09:38:41,112
1571,190,691,2025-06-13 10:00:39,2830
1572,261,740,2025-06-13 10:17:37,3071
1573,153,506,2025-06-13 10:32:13,3035
1574,297,521,2025-06-13 11:46:29,1651
1575,164,776,2025-06-13 11:48:02,949
1576,377,749,2025-06-13 11:52:24,1779
1577,316,322,2025-06-13 12:25:08,52
1578,141,499,2025-06-13 12:26:51,3334
1579,470,266,2025-06-13 12:36:19,3242
1580,342,286,2025-06-13 12:37:58,1307
1581,387,173,2025-06-13 14:30:28,342
1582,277,551,2025-06-13 14:37:07,1783
1583,14,379,2025-06-13 15:27:26,485
1584,375,456,2025-06-13 15:53:58,1062
1585,57,734,2025-06-13 15:54:28,3158
1586,222,506,2025-06-13 16:42:49,2361
1587,375,685,2025-06-13 16:52:03,294
1588,407,228,2025-06-13 17:38:07,1270
1589,142,465,2025-06-13 17:42:19,1565
1590,362,705,2025-06-13 17:58:36,2204
1591,478,723,2025-06-13 18:49:20,1083
1592,339,642,2025-06-13 18:53:57,184
1593,71,601,2025-06-13 20:20:00,1738
1594,136,482,2025-06-13 20:27:27,1511
1595,145,135,2025-06-13 20:30:00,2219
1596,439,741,2025-06-13 20:30:52,2090
1597,286,626,2025-06-13 20:49:36,1023
1598,135,629,2025-06-13 21:27:15,1128
1599,248,544,2025-06-13 21:46:43,1224
1600,119,300,2025-06-13 22:20:02,2127
1601,307,366,2025-06-13 22:26:05,2707
1602,494,774,2025-06-13 22:41:25,982
1603,127,679,2025-06-13 23:24:53,872
1604,339,117,2025-06-13 23:47:53,2524
1605,452,496,2025-06-13 23:53:24,3490
1606,352,241,2025-06-14 00:32:27,154
1607,436,419,2025-06-14 02:30:46,178
1608,163,422,2025-06-14 03:35:56,2285
1609,468,56,2025-06-14 04:38:11,1670
1610,420,47,2025-06-14 05:03:23,1001
1611,86,549,2025-06-14 05:19:43,848
1612,315,626,2025-06-14 05:21:33,2538
1613,370,22,2025-06-14 06:00:05,1282
1614,468,362,2025-06-14 06:08:57,2507
1615,266,216,2025-06-14 07:25:26,2000
1616,275,406,2025-06-14 07:51:09,2228
1617,467,383,2025-06-14 08:16:31,2460
1618,482,14,2025-06-14 08:42:19,14
1619,53,514,2025-06-14 08:43:58,1561
1620,155,25,2025-06-14 09:55:48,1310
1621,140,768,2025-06-14 10:35:54,752
1622,68,759,2025-06-14 11:20:14,2219
1623,259,740,2025-06-14 11:32:50,2939
1624,381,555,2025-06-14 11:34:33,2911
1625,406,401,2025-06-14 11:47:51,980
1626,166,436,2025-06-14 12:05:55,2492
1627,104,103,2025-06-14 12:47:14,1133
1628,150,440,2025-06-14 12:55:28,227
1629,248,292,2025-06-14 13:16:34,765
1630,9,509,2025-06-14 14:06:47,1014
1631,366,111,2025-06-14 16:13:38,2166
1632,395,238,2025-06-14 17:37:36,1616
1633,160,341,2025-06-14 17:58:39,1686
1634,288,174,2025-06-14 18:07:36,485
1635,43,145,2025-06-14 18:09:17,778
1636,430,581,2025-06-14 18:11:16,1957
1637,211,319,2025-06-14 18:36:50,2180
1638,353,579,2025-06-14 19:42:26,3087
1639,108,774,2025-06-14 19:53:19,998
1640,492,668,2025-06-14 19:55:08,762
1641,285,758,2025-06-14 20:27:51,2892
1642,359,80,2025-06-14 20:35:23,725
1643,384,125,2025-06-14 20:55:07,1002
1644,20,435,2025-06-14 21:19:06,2682
1645,72,767,2025-06-14 22:12:40,729
1646,61,446,2025-06-14 22:30:22,2836
1647,139,536,2025-06-15 00:36:33,1680
1648,85,145,2025-06-15 01:09:55,462
1649,488,732,2025-06-15 01:22:09,2716
1650,108,339,2025-06-15 02:21:08,2331
1651,70,169,2025-06-15 02:37:28,602
1652,214,184,2025-06-15 03:12:26,526
1653,160,719,2025-06-15 03:21:13,995
1654,170,97,2025-06-15 05:10:05,201
1655,180,652,2025-06-15 06:02:15,1716
1656,476,198,2025-06-15 06:59:11,808
1657,300,747,2025-06-15 07:22:12,2608
1658,131,575,2025-06-15 08:13:33,2710
1659,79,106,2025-06-15 08:43:58,2534
1660,53,130,2025-06-15 09:05:17,2928
1661,170,590,2025-06-15 09:44:19,705
1662,414,755,2025-06-15 10:59:09,2347
1663,87,3,2025-06-15 11:20:20,2582
1664,412,630,2025-06-15 12:54:54,1257
1665,166,80,2025-06-15 13:07:02,618
1666,226,436,2025-06-15 14:43:22,2681
1667,61,247,2025-06-15 14:59:17,1656
1668,243,364,2025-06-15 16:22:24,2967
1669,453,620,2025-06-15 16:23:20,1848
1670,427,285,2025-06-15 17:23:42,3367
1671,251,712,2025-06-15 18:14:42,1794
1672,223,668,2025-06-15 18:20:11,1266
1673,239,790,2025-06-15 18:26:42,3234
1674,287,196,2025-06-15 19:20:24,1247
1675,6,201,2025-06-15 19:26:27,2688
1676,159,337,2025-06-15 19:41:19,279
1677,472,14,2025-06-15 20:14:36,844
1678,246,408,2025-06-15 20:15:30,290
1679,321,59,2025-06-15 20:17:41,2769
1680,475,483,2025-06-15 20:24:30,861
1681,243,768,2025-06-15 20:36:42,1164
1682,20,379,2025-06-15 20:54:44,129
1683,377,182,2025-06-15 21:38:03,2058
1684,434,123,2025-06-15 21:44:35,191
1685,50,558,2025-06-15 23:04:56,2007
1686,378,18,2025-06-15 23:13:59,848
1687,460,727,2025-06-16 00:00:21,2251
1688,188,529,2025-06-16 00:03:38,484
1689,342,686,2025-06-16 00:35:09,40
1690,76,747,2025-06-16 01:10:14,1040
1691,312,204,2025-06-16 01:58:20,1245
1692,432,4,2025-06-16 02:03:30,1040
1693,239,582,2025-06-16 02:03:53,1409
1694,46,120,2025-06-16 02:19:01,1097
1695,163,606,2025-06-16 02:42:47,1755
1696,6,223,2025-06-16 03:07:54,2182
1697,483,253,2025-06-16 03:13:07,1305
1698,443,196,2025-06-16 03:40:25,1413
1699,195,723,2025-06-16 04:02:26,516
1700,212,232,2025-06-16 04:43:58,2320
1701,152,266,2025-06-16 05:12:31,2909
1702,297,373,2025-06-16 05:21:03,2956
1703,324,704,2025-06-16 05:54:18,1701
1704,198,160,2025-06-16 06:28:25,981
1705,178,662,2025-06-16 06:37:17,2418
1706,359,516,2025-06-16 06:48:49,2984
1707,263,792,2025-06-16 07:45:48,969
1708,473,119,2025-06-16 07:53:21,3125
1709,240,601,2025-06-16 08:32:42,1604
1710,462,35,2025-06-16 08:47:46,2278
1711,462,9,2025-06-16 08:49:31,1005
1712,463,103,2025-06-16 09:02:14,893
1713,280,191,2025-06-16 09:04:01,2902
1714,304,590,2025-06-16 09:34:28,726
1715,125,259,2025-06-16 09:48:03,2401
1716,206,308,2025-06-16 10:17:10,324
1717,479,520,2025-06-16 11:39:40,629
1718,296,411,2025-06-16 12:36:57,2748
1719,154,612,2025-06-16 13:33:26,2179
1720,498,582,2025-06-16 13:45:34,1424
1721,492,56,2025-06-16 14:10:11,2434
1722,411,355,2025-06-16 14:13:51,648
1723,76,206,2025-06-16 14:39:35,874
1724,121,209,2025-06-16 15:01:18,725
1725,285,795,2025-06-16 15:16:07,1803
1726,242,564,2025-06-16 15:30:34,1416
1727,343,386,2025-06-16 15:48:40,2038
1728,50,397,2025-06-16 16:59:00,1111
1729,396,335,2025-06-16 17:24:03,1185
1730,218,612,2025-06-16 17:33:24,1795
1731,380,601,2025-06-16 17:34:17,313
1732,121,378,2025-06-16 18:08:04,3098
1733,307,770,2025-06-16 18:54:10,2858
1734,256,193,2025-06-16 19:45:48,46
1735,197,670,2025-06-16 19:55:09,1159
1736,346,493,2025-06-16 21:13:11,284
1737,84,408,2025-06-16 21:21:12,1975
1738,43,355,2025-06-16 21:46:03,638
1739,412,13,2025-06-16 21:57:50,1259
1740,352,466,2025-06-16 22:03:56,377
1741,217,790,2025-06-16 22:12:11,310
1742,60,619,2025-06-16 22:47:54,2043
1743,400,485,2025-06-16 23:26:57,1839
1744,58,184,2025-06-16 23:50:30,1328
1745,346,82,2025-06-16 23:53:37,443
1746,303,265,2025-06-17 00:43:32,564
1747,233,446,2025-06-17 01:58:29,190
1748,251,472,2025-06-17 02:31:52,2272
1749,130,436,2025-06-17 03:04:26,2661
1750,278,274,2025-06-17 03:55:40,1332
1751,167,305,2025-06-17 04:24:37,702
1752,19,545,2025-06-17 05:28:21,1398
1753,49,130,2025-06-17 05:53:44,2957
1754,141,354,2025-06-17 06:04:36,1459
1755,423,751,2025-06-17 06:49:44,1387
1756,168,382,2025-06-17 07:01:17,201
1757,416,104,2025-06-17 07:20:27,1876
1758,475,653,2025-06-17 07:25:15,723
1759,487,765,2025-06-17 07:47:06,754
1760,429,444,2025-06-17 08:30:22,2356
1761,156,631,2025-06-17 09:26:47,1240
1762,410,51,2025-06-17 10:47:10,805
1763,224,282,2025-06-17 11:27:44,3271
1764,344,47,2025-06-17 11:46:07,1115
1765,140,6,2025-06-17 12:46:54,1281
1766,67,282,2025-06-17 13:03:16,2031
1767,163,100,2025-06-17 13:42:54,329
1768,33,627,2025-06-17 14:14:49,1157
1769,302,431,2025-06-17 14:37:21,2902
1770,477,572,2025-06-17 15:10:20,91
1771,228,156,2025-06-17 15:39:25,1497
1772,358,175,2025-06-17 16:09:42,2841
1773,437,586,2025-06-17 16:21:04,1644
1774,177,86,2025-06-17 17:22:14,1587
1775,150,769,2025-06-17 18:17:41,1180
1776,320,599,2025-06-17 18:27:02,1207
1777,392,24,2025-06-17 18:40:31,1920
1778,121,385,2025-06-17 18:54:43,762
1779,436,127,2025-06-17 19:15:59,151
1780,293,297,2025-06-17 19:21:53,623
1781,377,411,2025-06-17 19:46:06,2872
1782,462,614,2025-06-17 19:48:44,1757
1783,341,704,2025-06-17 21:09:00,2006
1784,275,546,2025-06-17 21:15:14,1060
1785,238,294,2025-06-17 22:11:24,2608
1786,91,410,2025-06-17 23:05:13,1732
1787,238,672,2025-06-18 00:08:04,1754
1788,335,429,2025-06-18 00:20:32,2467
1789,317,230,2025-06-18 03:19:39,1832
1790,307,585,2025-06-18 03:37:49,745
1791,128,171,2025-06-18 04:00:54,2536
1792,190,24,2025-06-18 04:01:58,2189
1793,283,524,2025-06-18 04:59:17,2173
1794,189,741,2025-06-18 05:40:30,2180
1795,472,205,2025-06-18 05:55:28,2943
1796,106,592,2025-06-18 05:59:06,1626
1797,124,182,2025-06-18 06:40:11,2242
1798,310,340,2025-06-18 06:49:11,2131
1799,370,72,2025-06-18 07:13:13,20
1800,444,533,2025-06-18 07:17:58,908
1801,214,267,2025-06-18 08:00:45,1098
1802,311,663,2025-06-18 11:03:19,585
1803,424,744,2025-06-18 11:03:48,157
1804,372,788,2025-06-18 11:13:41,137
1805,323,666,2025-06-18 11:21:42,2961
1806,434,269,2025-06-18 11:42:11,2642
1807,370,174,2025-06-18 12:53:10,668
1808,125,495,2025-06-18 12:58:56,832
1809,38,470,2025-06-18 13:00:51,1730
1810,134,351,2025-06-18 13:04:06,1025
1811,359,265,2025-06-18 14:25:21,829
1812,76,535,2025-06-18 14:31:30,1198
1813,186,731,2025-06-18 15:10:59,1639
1814,325,313,2025-06-18 15:43:15,1117
1815,381,712,2025-06-18 21:03:23,1039
1816,132,653,2025-06-18 21:04:17,523
1817,76,599,2025-06-18 21:53:23,217
1818,446,530,2025-06-18 22:23:33,2700
1819,177,660,2025-06-18 23:00:34,1625
1820,192,388,2025-06-18 23:15:47,2680
1821,269,494,2025-06-18 23:31:04,1011
1822,485,67,2025-06-19 00:32:22,2241
1823,143,624,2025-06-19 00:54:19,971
1824,183,511,2025-06-19 01:27:15,2530
1825,431,765,2025-06-19 02:11:46,1286
1826,117,760,2025-06-19 04:01:56,1671
1827,51,338,2025-06-19 04:21:15,2420
1828,434,760,2025-06-19 05:38:11,2410
1829,229,581,2025-06-19 05:42:51,2046
1830,94,707,2025-06-19 05:45:13,2556
1831,368,468,2025-06-19 05:55:09,487
1832,143,94,2025-06-19 06:29:24,658
1833,464,136,2025-06-19 06:45:46,2002
1834,300,780,2025-06-19 06:56:50,2596
1835,401,53,2025-06-19 07:24:25,1880
1836,60,453,2025-06-19 08:03:14,99
1837,111,613,2025-06-19 09:09:56,3201
1838,441,115,2025-06-19 09:23:01,2959
1839,302,651,2025-06-19 09:36:13,1344
1840,387,417,2025-06-19 10:29:36,1624
1841,260,495,2025-06-19 10:35:56,2433
1842,445,545,2025-06-19 11:00:18,675
1843,159,641,2025-06-19 11:48:11,2303
1844,250,7,2025-06-19 11:53:26,2255
1845,84,184,2025-06-19 12:05:20,134
1846,474,454,2025-06-19 12:17:32,3038
1847,100,798,2025-06-19 12:52:21,985
1848,157,328,2025-06-19 13:06:03,3094
1849,475,625,2025-06-19 14:19:23,1598
1850,99,785,2025-06-19 14:28:43,2684
1851,340,161,2025-06-19 15:12:41,1958
1852,305,427,2025-06-19 15:55:39,2460
1853,242,311,2025-06-19 16:34:26,1744
1854,425,764,2025-06-19 17:02:44,2462
1855,391,428,2025-06-19 17:16:35,417
1856,210,363,2025-06-19 17:27:14,2946
1857,141,20,2025-06-19 17:48:02,2749
1858,132,302,2025-06-19 17:57:08,783
1859,196,334,2025-06-19 18:05:31,1024
1860,317,516,2025-06-19 18:16:00,2689
1861,83,334,2025-06-19 19:20:19,1068
1862,488,48,2025-06-19 20:17:55,1765
1863,362,499,2025-06-19 20:47:43,2371
1864,31,104,2025-06-19 22:04:34,141
1865,225,292,2025-06-20 00:44:23,298
1866,167,794,2025-06-20 00:46:25,3417
1867,302,307,2025-06-20 01:00:25,2981
1868,168,587,2025-06-20 01:31:51,903
1869,419,299,2025-06-20 01:34:22,2524
1870,446,717,2025-06-20 01:50:54,2097
1871,464,792,2025-06-20 02:02:31,2444
1872,240,234,2025-06-20 02:48:26,2254
1873,361,266,2025-06-20 03:13:16,2043
1874,62,658,2025-06-20 04:14:45,1734
1875,25,542,2025-06-20 05:02:26,439
1876,290,448,2025-06-20 05:28:10,996
1877,168,552,2025-06-20 05:29:20,2183
1878,377,78,2025-06-20 05:30:10,1199
1879,273,163,2025-06-20 06:18:54,2228
1880,473,480,2025-06-20 06:26:38,2241
1881,393,701,2025-06-20 06:52:31,1182
1882,451,757,2025-06-20 06:58:34,806
1883,295,348,2025-06-20 07:27:15,1155
1884,486,443,2025-06-20 07:47:40,2465
1885,320,400,2025-06-20 08:03:38,155
1886,133,229,2025-06-20 08:52:05,1580
1887,335,682,2025-06-20 10:14:24,429
1888,458,733,2025-06-20 11:10:13,1746
1889,106,316,2025-06-20 11:24:04,885
1890,433,41,2025-06-20 11:36:14,3030
1891,168,323,2025-06-20 12:14:07,1938
1892,84,435,2025-06-20 12:52:46,2454
1893,396,364,2025-06-20 13:15:59,579
1894,64,385,2025-06-20 14:11:29,161
1895,107,390,2025-06-20 14:15:39,231
1896,395,390,2025-06-20 15:23:30,2251
1897,260,593,2025-06-20 15:30:53,2186
1898,62,501,2025-06-20 15:36:36,2270
1899,213,196,2025-06-20 17:00:43,501
1900,245,262,2025-06-20 17:24:13,1973
1901,195,431,2025-06-20 17:43:37,3257
1902,485,318,2025-06-20 18:24:51,1706
1903,154,235,2025-06-20 19:00:48,1293
1904,200,483,2025-06-20 19:13:32,179
1905,460,332,2025-06-20 19:51:53,489
1906,5,132,2025-06-20 21:11:07,2778
1907,20,63,2025-06-20 21:25:42,1040
1908,151,381,2025-06-20 21:35:46,2059
1909,90,532,2025-06-20 22:06:42,2968
1910,93,374,2025-06-20 22:57:47,1460
1911,255,209,2025-06-20 23:26:07,710
1912,136,637,2025-06-20 23:49:12,2411
1913,456,482,2025-06-20 23:59:02,424
1914,24,553,2025-06-21 00:28:10,844
1915,81,103,2025-06-21 01:51:09,363
1916,34,116,2025-06-21 02:13:03,2007
1917,460,550,2025-06-21 02:33:32,3240
1918,1,319,2025-06-21 02:33:51,2209
1919,166,673,2025-06-21 02:46:29,661
1920,50,490,2025-06-21 03:29:04,972
1921,65,225,2025-06-21 03:57:01,3206
1922,338,85,2025-06-21 04:30:15,1193
1923,315,108,2025-06-21 05:00:23,242
1924,155,337,2025-06-21 05:21:26,3113
1925,265,592,2025-06-21 05:21:36,1635
1926,168,433,2025-06-21 05:24:35,864
1927,436,36,2025-06-21 05:48:02,2572
1928,407,203,2025-06-21 06:04:26,1715
1929,428,244,2025-06-21 06:06:40,1492
1930,248,353,2025-06-21 06:08:57,1124
1931,208,463,2025-06-21 07:04:11,1384
1932,226,121,2025-06-21 10:07:26,1705
1933,173,346,2025-06-21 11:26:14,1525
1934,447,500,2025-06-21 11:41:21,867
1935,439,351,2025-06-21 11:55:26,1828
1936,219,658,2025-06-21 12:11:36,223
1937,500,469,2025-06-21 12:24:46,1703
1938,65,356,2025-06-21 12:47:45,2475
1939,43,517,2025-06-21 14:21:03,2029
1940,262,200,2025-06-21 14:33:16,726
1941,102,752,2025-06-21 15:56:27,1057
1942,289,544,2025-06-21 16:11:03,1406
1943,118,711,2025-06-21 16:12:04,1213
1944,52,697,2025-06-21 16:13:05,784
1945,432,770,2025-06-21 16:32:39,3501
1946,218,208,2025-06-21 17:13:54,748
1947,152,400,2025-06-21 17:37:29,2937
1948,240,330,2025-06-21 18:39:05,1066
1949,129,726,2025-06-21 19:39:17,754
1950,314,609,2025-06-21 19:59:24,757
1951,74,493,2025-06-21 21:12:40,1410
1952,487,249,2025-06-21 21:32:25,1129
1953,303,199,2025-06-21 21:53:35,1559
1954,486,283,2025-06-21 22:19:17,825
1955,300,689,2025-06-21 22:52:18,936
1956,390,336,2025-06-21 23:05:39,114
1957,53,791,2025-06-22 00:14:33,2146
1958,153,128,2025-06-22 00:53:31,1193
1959,451,773,2025-06-22 00:55:14,2779
1960,21,391,2025-06-22 01:14:18,542
1961,219,600,2025-06-22 03:10:39,1220
1962,250,777,2025-06-22 03:20:53,1539
1963,375,618,2025-06-22 03:47:27,3255
1964,436,681,2025-06-22 04:23:06,2518
1965,30,654,2025-06-22 05:45:01,1295
1966,376,283,2025-06-22 05:57:21,1663
1967,342,258,2025-06-22 06:11:45,2822
1968,413,498,2025-06-22 06:22:20,818
1969,341,273,2025-06-22 07:09:20,1477
1970,288,622,2025-06-22 07:26:14,1212
1971,474,684,2025-06-22 07:38:52,2010
1972,407,659,2025-06-22 07:45:34,691
1973,392,245,2025-06-22 07:47:06,1733
1974,216,404,2025-06-22 08:21:06,2754
1975,226,472,2025-06-22 08:33:54,2102
1976,417,644,2025-06-22 09:00:32,2276
1977,111,581,2025-06-22 09:30:32,1331
1978,150,423,2025-06-22 10:47:42,1879
1979,130,368,2025-06-22 11:03:29,1857
1980,128,284,2025-06-22 11:07:38,1441
1981,326,270,2025-06-22 11:20:16,2565
1982,443,561,2025-06-22 11:25:34,2260
1983,400,177,2025-06-22 12:43:29,2441
1984,316,552,2025-06-22 13:30:33,2307
1985,425,314,2025-06-22 13:59:32,2025
1986,161,637,2025-06-22 14:35:14,2110
1987,136,725,2025-06-22 15:15:40,2076
1988,186,773,2025-06-22 15:44:21,1176
1989,98,596,2025-06-22 16:09:00,2402
1990,152,775,2025-06-22 16:35:02,2603
1991,39,204,2025-06-22 16:53:11,205
1992,340,415,2025-06-22 16:55:04,2465
1993,182,407,2025-06-22 17:19:55,700
1994,377,301,2025-06-22 17:20:00,3054
1995,116,454,2025-06-22 18:31:08,2752
1996,141,27,2025-06-22 18:54:36,2479
1997,126,232,2025-06-22 20:03:18,2613
1998,152,250,2025-06-22 20:09:37,2509
1999,225,425,2025-06-22 21:18:15,1523
2000,96,532,2025-06-22 21:50:39,2896
2001,199,765,2025-06-22 22:06:04,832
2002,411,270,2025-06-22 22:06:22,2691
2003,121,328,2025-06-22 22:24:24,2821
2004,165,720,2025-06-22 22:30:00,429
2005,470,520,2025-06-22 22:31:44,1213
2006,424,619,2025-06-22 22:44:17,914
2007,500,568,2025-06-22 23:00:04,1715
2008,429,55,2025-06-22 23:44:53,1105
2009,34,176,2025-06-23 00:06:42,214
2010,459,356,2025-06-23 01:36:01,2387
2011,182,67,2025-06-23 02:37:03,2224
2012,460,746,2025-06-23 03:34:42,433
2013,392,137,2025-06-23 03:35:14,2680
2014,276,714,2025-06-23 03:59:46,1606
2015,449,521,2025-06-23 08:03:34,1545
2016,349,601,2025-06-23 08:31:14,1408
2017,365,773,2025-06-23 09:08:19,2900
2018,315,66,2025-06-23 10:05:50,3024
2019,128,616,2025-06-23 11:12:16,3470
2020,16,665,2025-06-23 11:43:05,1146
2021,49,414,2025-06-23 11:50:50,1845
2022,209,391,2025-06-23 12:21:39,528
2023,50,319,2025-06-23 12:49:19,2122
2024,256,93,2025-06-23 12:55:51,852
2025,332,649,2025-06-23 13:23:10,258
2026,132,21,2025-06-23 13:26:56,536
2027,350,383,2025-06-23 13:29:04,33
2028,7,5,2025-06-23 13:33:36,2530
2029,291,577,2025-06-23 13:46:25,2370
2030,326,636,2025-06-23 14:07:43,1575
2031,50,700,2025-06-23 14:24:16,689
2032,457,452,2025-06-23 14:40:33,2034
2033,77,456,2025-06-23 15:11:42,19
2034,491,124,2025-06-23 16:06:13,2565
2035,179,700,2025-06-23 16:51:37,380
2036,255,198,2025-06-23 17:15:28,1286
2037,481,466,2025-06-23 17:22:04,2557
2038,230,120,2025-06-23 17:57:20,1066
2039,73,246,2025-06-23 18:50:32,982
2040,22,367,2025-06-23 19:36:07,641
2041,432,676,2025-06-23 21:05:17,586
2042,267,94,2025-06-23 21:15:15,601
2043,295,720,2025-06-23 21:48:33,732
2044,103,290,2025-06-23 22:05:23,2892
2045,484,642,2025-06-23 22:34:40,1256
2046,13,504,2025-06-23 22:38:56,1521
2047,157,510,2025-06-23 23:01:54,1403
2048,358,57,2025-06-23 23:03:28,2509
2049,158,602,2025-06-23 23:54:25,1814
2050,161,757,2025-06-23 23:57:01,30
2051,198,193,2025-06-24 00:03:40,619
2052,351,445,2025-06-24 00:14:17,3123
2053,190,698,2025-06-24 01:00:34,1836
2054,487,191,2025-06-24 01:20:57,3080
2055,105,508,2025-06-24 03:46:13,1701
2056,473,391,2025-06-24 04:02:40,367
2057,3,247,2025-06-24 04:28:12,1859
2058,91,400,2025-06-24 04:51:17,2582
2059,23,160,2025-06-24 05:52:33,464
2060,452,433,2025-06-24 06:34:52,982
2061,159,210,2025-06-24 07:07:02,2190
2062,210,707,2025-06-24 07:11:16,438
2063,432,195,2025-06-24 07:13:54,2999
2064,321,710,2025-06-24 08:55:02,866
2065,340,707,2025-06-24 09:55:24,1460
2066,462,501,2025-06-24 10:01:09,265
2067,379,263,2025-06-24 10:14:16,1540
2068,146,550,2025-06-24 10:19:46,2142
2069,390,123,2025-06-24 10:29:30,1426
2070,45,569,2025-06-24 12:13:46,2724
2071,19,481,2025-06-24 12:27:50,856
2072,199,189,2025-06-24 12:40:01,398
2073,224,631,2025-06-24 12:51:44,1211
2074,394,43,2025-06-24 12:56:32,2962
2075,394,216,2025-06-24 13:27:00,1927
2076,79,350,2025-06-24 13:36:56,2431
2077,237,206,2025-06-24 13:41:45,825
2078,485,299,2025-06-24 14:02:40,2576
2079,172,674,2025-06-24 14:30:37,2378
2080,432,252,2025-06-24 16:39:52,2610
2081,281,326,2025-06-24 18:35:25,399
2082,274,18,2025-06-24 18:38:50,757
2083,190,40,2025-06-24 18:59:15,1001
2084,196,4,2025-06-24 19:12:05,1098
2085,62,230,2025-06-24 19:20:27,2454
2086,11,665,2025-06-24 19:28:30,1085
2087,198,290,2025-06-24 21:19:59,2853
2088,122,700,2025-06-24 21:31:21,699
2089,326,466,2025-06-24 21:48:21,2754
2090,451,369,2025-06-24 21:53:21,1155
2091,494,398,2025-06-24 22:11:05,2518
2092,11,443,2025-06-24 22:50:09,2321
2093,364,555,2025-06-24 22:57:37,3497
2094,321,362,2025-06-24 23:51:45,1273
2095,236,752,2025-06-24 23:52:04,1156
2096,173,334,2025-06-25 00:14:46,893
2097,126,223,2025-06-25 00:28:01,2234
2098,374,676,2025-06-25 00:32:31,528
2099,442,783,2025-06-25 02:50:58,1473
2100,202,145,2025-06-25 03:05:15,731
2101,464,794,2025-06-25 03:50:16,3125
2102,173,565,2025-06-25 04:30:08,1200
2103,222,185,2025-06-25 04:44:06,1595
2104,291,684,2025-06-25 05:05:09,1514
2105,394,160,2025-06-25 05:09:06,1066
2106,78,422,2025-06-25 06:02:06,2184
2107,391,499,2025-06-25 06:12:26,3367
2108,377,644,2025-06-25 08:22:23,2401
2109,44,22,2025-06-25 09:50:23,272
2110,437,93,2025-06-25 10:29:27,1813
2111,78,219,2025-06-25 11:05:57,2098
2112,162,598,2025-06-25 11:08:25,2128
2113,90,297,2025-06-25 13:11:30,1647
2114,451,156,2025-06-25 15:12:42,548
2115,210,163,2025-06-25 15:20:25,2128
2116,144,707,2025-06-25 15:47:56,2236
2117,485,151,2025-06-25 15:53:21,2330
2118,451,391,2025-06-25 16:40:48,571
2119,301,705,2025-06-25 17:22:39,1952
2120,293,187,2025-06-25 17:25:58,1870
2121,344,581,2025-06-25 18:36:36,2092
2122,190,71,2025-06-25 20:17:17,623
2123,470,154,2025-06-25 21:19:53,1194
2124,101,650,2025-06-25 21:22:35,2252
2125,43,364,2025-06-25 21:47:22,3149
2126,457,605,2025-06-25 21:56:24,822
2127,99,526,2025-06-25 22:08:25,1408
2128,251,327,2025-06-25 22:48:01,1441
2129,157,270,2025-06-25 23:44:09,2733
2130,384,778,2025-06-26 00:28:27,1212
2131,17,134,2025-06-26 00:40:42,777
2132,294,20,2025-06-26 00:49:26,2747
2133,199,37,2025-06-26 01:28:06,1162
2134,188,525,2025-06-26 03:02:18,3055
2135,176,136,2025-06-26 03:23:59,2326
2136,251,289,2025-06-26 03:35:11,711
2137,44,683,2025-06-26 03:40:24,2455
2138,12,132,2025-06-26 04:14:27,2755
2139,192,67,2025-06-26 04:51:09,1614
2140,443,78,2025-06-26 05:00:32,15
2141,446,633,2025-06-26 05:56:32,446
2142,497,472,2025-06-26 05:57:33,2013
2143,314,125,2025-06-26 06:54:41,69
2144,475,84,2025-06-26 07:15:56,724
2145,222,703,2025-06-26 08:26:41,550
2146,165,641,2025-06-26 08:28:36,2071
2147,254,620,2025-06-26 08:50:43,1667
2148,304,63,2025-06-26 09:27:51,1114
2149,499,203,2025-06-26 09:38:26,1391
2150,97,717,2025-06-26 10:16:52,1469
2151,435,330,2025-06-26 10:42:17,1335
2152,429,607,2025-06-26 12:34:25,1656
2153,112,437,2025-06-26 14:00:10,375
2154,4,671,2025-06-26 15:11:58,802
2155,83,67,2025-06-26 15:37:36,270
2156,31,635,2025-06-26 15:54:52,2160
2157,461,734,2025-06-26 16:21:21,3245
2158,164,603,2025-06-26 17:02:21,800
2159,311,695,2025-06-26 17:51:14,2260
2160,164,462,2025-06-26 18:03:40,1393
2161,154,782,2025-06-26 18:54:17,2933
2162,117,602,2025-06-26 19:10:20,1144
2163,451,473,2025-06-26 19:51:00,824
2164,207,475,2025-06-26 19:56:13,933
2165,378,769,2025-06-26 22:03:14,1250
2166,404,325,2025-06-26 22:06:25,789
2167,188,15,2025-06-27 00:36:53,1328
2168,78,608,2025-06-27 01:44:36,2587
2169,242,154,2025-06-27 03:00:54,611
2170,82,311,2025-06-27 04:09:43,1965
2171,98,499,2025-06-27 04:47:42,3071
2172,437,164,2025-06-27 05:01:11,2633
2173,55,69,2025-06-27 05:18:14,2196
2174,73,241,2025-06-27 05:37:54,2281
2175,252,14,2025-06-27 05:45:40,969
2176,160,701,2025-06-27 07:00:35,1274
2177,272,289,2025-06-27 07:46:43,935
2178,66,379,2025-06-27 09:01:10,642
2179,190,428,2025-06-27 09:04:11,1502
2180,466,321,2025-06-27 09:34:45,2766
2181,144,569,2025-06-27 09:51:51,3109
2182,462,131,2025-06-27 11:39:21,939
2183,467,235,2025-06-27 11:53:41,1460
2184,128,501,2025-06-27 12:31:06,2316
2185,451,98,2025-06-27 15:31:36,1855
2186,271,503,2025-06-27 15:49:21,828
2187,373,273,2025-06-27 15:54:36,202
2188,395,283,2025-06-27 16:03:16,1563
2189,243,253,2025-06-27 16:12:46,420
2190,318,495,2025-06-27 16:28:20,2585
2191,249,322,2025-06-27 16:59:20,745
2192,331,193,2025-06-27 17:10:59,628
2193,376,63,2025-06-27 17:47:55,1036
2194,145,255,2025-06-27 18:26:54,581
2195,6,306,2025-06-27 19:01:21,470
2196,334,660,2025-06-27 19:42:52,2067
2197,466,152,2025-06-27 19:56:16,1096
2198,228,777,2025-06-27 20:07:56,2985
2199,102,724,2025-06-27 21:10:53,2646
2200,166,18,2025-06-27 22:08:14,587
2201,189,146,2025-06-27 22:27:04,1035
2202,322,445,2025-06-27 23:12:07,3034
2203,429,779,2025-06-27 23:29:48,226
2204,292,41,2025-06-27 23:55:20,2461
2205,68,509,2025-06-28 00:20:15,23
2206,268,168,2025-06-28 00:24:13,2505
2207,498,366,2025-06-28 00:41:29,2781
2208,253,411,2025-06-28 01:21:53,2986
2209,203,712,2025-06-28 03:17:17,1204
2210,230,163,2025-06-28 03:50:59,1527
2211,123,58,2025-06-28 04:35:07,576
2212,432,715,2025-06-28 04:36:21,1121
2213,120,157,2025-06-28 05:06:36,758
2214,199,775,2025-06-28 07:17:32,2739
2215,149,505,2025-06-28 07:25:07,160
2216,35,42,2025-06-28 07:48:35,293
2217,252,8,2025-06-28 07:52:31,813
2218,261,169,2025-06-28 08:13:40,518
2219,322,763,2025-06-28 08:17:06,2319
2220,199,164,2025-06-28 09:12:26,2683
2221,101,335,2025-06-28 09:23:19,1080
2222,232,30,2025-06-28 09:28:44,1803
2223,395,416,2025-06-28 10:35:15,392
2224,55,761,2025-06-28 13:30:28,1596
2225,377,766,2025-06-28 13:46:40,1366
2226,304,311,2025-06-28 14:00:31,1642
2227,291,259,2025-06-28 14:27:08,807
2228,425,186,2025-06-28 14:33:15,1810
2229,199,738,2025-06-28 14:36:04,1666
2230,85,504,2025-06-28 14:41:35,2666
2231,342,255,2025-06-28 15:07:10,19
2232,16,635,2025-06-28 15:53:27,29
2233,1,311,2025-06-28 16:43:22,2106
2234,50,55,2025-06-28 16:58:59,1272
2235,380,382,2025-06-28 17:46:59,142
2236,395,36,2025-06-28 18:30:16,2305
2237,477,210,2025-06-28 18:38:37,1435
2238,406,32,2025-06-28 18:40:22,837
2239,58,89,2025-06-28 19:27:47,1439
2240,356,571,2025-06-28 19:44:28,435
2241,33,749,2025-06-28 19:50:01,2955
2242,194,31,2025-06-28 19:55:48,273
2243,90,14,2025-06-28 20:00:51,846
2244,395,288,2025-06-28 20:21:33,3122
2245,137,25,2025-06-28 20:32:06,2136
2246,354,459,2025-06-28 21:22:49,806
2247,289,446,2025-06-28 21:33:04,2826
2248,367,761,2025-06-28 22:13:56,150
2249,234,484,2025-06-28 23:14:19,1055
2250,372,565,2025-06-28 23:42:03,1113
2251,209,179,2025-06-29 00:00:41,2128
2252,393,300,2025-06-29 00:21:47,1348
2253,346,556,2025-06-29 00:29:09,1771
2254,130,141,2025-06-29 01:09:22,542
2255,386,553,2025-06-29 01:17:20,764
2256,260,641,2025-06-29 01:21:12,1010
2257,382,164,2025-06-29 01:32:34,2839
2258,406,211,2025-06-29 02:25:42,775
2259,451,115,2025-06-29 02:38:34,3027
2260,295,5,2025-06-29 02:52:54,1528
2261,379,233,2025-06-29 03:41:21,1520
2262,167,750,2025-06-29 04:02:35,1148
2263,268,673,2025-06-29 05:04:06,562
2264,209,705,2025-06-29 05:07:04,1838
2265,233,160,2025-06-29 05:13:30,1141
2266,1,517,2025-06-29 06:32:04,2905
2267,356,314,2025-06-29 09:05:31,1591
2268,278,654,2025-06-29 09:13:45,351
2269,16,303,2025-06-29 09:35:11,1106
2270,37,69,2025-06-29 09:35:42,1588
2271,184,678,2025-06-29 10:03:36,1284
2272,199,384,2025-06-29 10:23:01,630
2273,245,651,2025-06-29 10:48:06,1219
2274,17,512,2025-06-29 10:57:32,840
2275,441,393,2025-06-29 11:10:29,1189
2276,301,636,2025-06-29 11:19:47,1562
2277,14,390,2025-06-29 12:24:24,254
2278,244,259,2025-06-29 12:24:54,2131
2279,367,647,2025-06-29 12:43:31,840
2280,124,619,2025-06-29 12:44:41,1679
2281,398,721,2025-06-29 12:54:04,2707
2282,6,701,2025-06-29 13:06:30,891
2283,479,519,2025-06-29 13:22:59,3097
2284,357,579,2025-06-29 13:31:21,3121
2285,25,260,2025-06-29 13:42:45,610
2286,462,463,2025-06-29 14:16:32,567
2287,170,437,2025-06-29 14:17:18,310
2288,102,494,2025-06-29 14:17:30,1229
2289,414,670,2025-06-29 14:19:01,3070
2290,94,229,2025-06-29 14:41:54,1552
2291,118,731,2025-06-29 15:21:39,2273
2292,52,169,2025-06-29 15:27:53,371
2293,289,25,2025-06-29 16:35:55,1879
2294,11,726,2025-06-29 17:47:42,821
2295,55,429,2025-06-29 18:45:55,2393
2296,217,69,2025-06-29 19:37:59,139
2297,184,487,2025-06-29 19:58:51,1899
2298,449,141,2025-06-29 20:04:44,226
2299,341,202,2025-06-29 21:22:37,1875
2300,135,490,2025-06-29 21:22:45,161
2301,212,119,2025-06-29 21:37:42,2855
2302,69,765,2025-06-29 21:45:01,1079
2303,404,13,2025-06-29 21:49:51,2028
2304,5,311,2025-06-29 22:04:20,1675
2305,441,492,2025-06-29 22:28:34,2394
2306,246,220,2025-06-29 22:53:52,300
2307,278,73,2025-06-30 00:03:56,1002
2308,441,779,2025-06-30 00:43:20,419
2309,290,169,2025-06-30 01:51:38,375
2310,186,231,2025-06-30 01:53:15,1525
2311,22,329,2025-06-30 01:55:25,578
2312,477,383,2025-06-30 02:39:05,2688
2313,384,131,2025-06-30 02:58:44,972
2314,209,662,2025-06-30 03:07:42,2337
2315,267,295,2025-06-30 03:25:14,903
2316,214,68,2025-06-30 04:15:13,760
2317,396,657,2025-06-30 04:32:04,63
2318,333,350,2025-06-30 05:40:52,2594
2319,158,482,2025-06-30 06:00:56,2119
2320,353,604,2025-06-30 07:00:50,1939
2321,339,588,2025-06-30 07:11:16,1163
2322,500,351,2025-06-30 08:19:09,1980
2323,323,275,2025-06-30 08:20:07,2855
2324,117,321,2025-06-30 08:31:29,2440
2325,98,357,2025-06-30 09:17:00,1811
2326,347,422,2025-06-30 09:28:05,1387
2327,97,787,2025-06-30 10:00:55,3091
2328,353,303,2025-06-30 10:18:58,1697
2329,284,329,2025-06-30 11:01:23,348
2330,61,742,2025-06-30 11:08:31,991
2331,307,649,2025-06-30 11:46:28,2260
2332,255,384,2025-06-30 11:53:00,660
2333,291,471,2025-06-30 12:38:23,1398
2334,130,128,2025-06-30 13:38:38,1370
2335,2,69,2025-06-30 13:46:53,1572
2336,233,564,2025-06-30 14:02:38,1289
2337,102,273,2025-06-30 14:15:53,242
2338,305,111,2025-06-30 15:16:28,2075
2339,93,126,2025-06-30 16:13:14,2315
2340,434,72,2025-06-30 16:28:22,654
2341,402,99,2025-06-30 16:41:31,2620
2342,457,677,2025-06-30 16:55:08,1271
2343,320,737,2025-06-30 16:59:57,1031
2344,317,619,2025-06-30 18:08:14,1776
2345,431,243,2025-06-30 19:39:45,1488
2346,113,176,2025-06-30 20:09:28,2177
2347,316,18,2025-06-30 20:15:31,742
2348,499,277,2025-06-30 21:28:32,1196
2349,209,227,2025-06-30 21:30:13,1050
2350,470,226,2025-06-30 21:50:53,216
2351,223,594,2025-06-30 23:17:57,2371
2352,119,103,2025-06-30 23:32:27,1776
2353,77,757,2025-07-01 00:34:37,1810
2354,12,555,2025-07-01 00:47:52,2948
2355,224,537,2025-07-01 01:02:35,2169
2356,199,453,2025-07-01 02:16:21,1840
2357,308,716,2025-07-01 02:28:34,2855
2358,112,322,2025-07-01 02:55:21,702
2359,461,237,2025-07-01 03:21:55,2612
2360,352,577,2025-07-01 03:54:13,1686
2361,410,23,2025-07-01 04:19:16,2249
2362,252,447,2025-07-01 04:32:26,1209
2363,131,357,2025-07-01 04:57:26,1061
2364,246,162,2025-07-01 06:09:23,2240
2365,307,544,2025-07-01 06:13:45,1560
2366,187,50,2025-07-01 07:03:29,2571
2367,48,631,2025-07-01 07:24:18,1035
2368,478,262,2025-07-01 08:10:52,1712
2369,143,191,2025-07-01 08:16:37,1388
2370,119,95,2025-07-01 09:41:29,2041
2371,447,759,2025-07-01 10:00:46,1184
2372,459,172,2025-07-01 10:10:51,936
2373,365,79,2025-07-01 10:32:32,22
2374,92,547,2025-07-01 10:35:58,1146
2375,371,184,2025-07-01 10:48:56,986
2376,5,334,2025-07-01 11:07:57,1030
2377,11,513,2025-07-01 12:06:12,2335
2378,25,481,2025-07-01 13:22:23,367
2379,428,377,2025-07-01 13:30:50,865
2380,90,728,2025-07-01 13:47:39,865
2381,387,44,2025-07-01 14:18:48,154
2382,236,542,2025-07-01 15:39:05,2074
2383,278,744,2025-07-01 16:00:56,953
2384,483,533,2025-07-01 16:41:19,860
2385,384,415,2025-07-01 17:07:48,2689
2386,258,512,2025-07-01 17:56:20,328
2387,189,306,2025-07-01 18:02:19,871
2388,154,383,2025-07-01 18:23:39,299
2389,111,446,2025-07-01 18:57:53,2854
2390,303,777,2025-07-01 19:00:22,2811
2391,126,146,2025-07-01 19:13:11,58
2392,250,409,2025-07-01 20:04:22,1230
2393,238,134,2025-07-01 20:09:33,639
2394,460,656,2025-07-01 20:19:52,614
2395,239,396,2025-07-01 20:46:02,1582
2396,151,364,2025-07-01 21:42:05,2986
2397,445,491,2025-07-01 21:56:26,239
2398,260,170,2025-07-01 22:05:35,64
2399,288,277,2025-07-01 22:37:58,154
2400,191,25,2025-07-01 22:39:12,1865
2401,178,637,2025-07-01 22:49:18,2202
2402,300,127,2025-07-01 23:13:28,2562
2403,264,38,2025-07-01 23:29:20,798
2404,260,69,2025-07-01 23:45:50,1938
2405,170,677,2025-07-01 23:58:25,1499
2406,74,146,2025-07-02 00:58:54,920
2407,142,404,2025-07-02 01:03:00,1082
2408,69,200,2025-07-02 01:18:08,1065
2409,453,156,2025-07-02 01:18:50,1586
2410,108,1,2025-07-02 02:23:43,1626
2411,373,495,2025-07-02 02:51:54,2073
2412,85,689,2025-07-02 03:03:48,1600
2413,461,351,2025-07-02 03:08:13,2136
2414,490,265,2025-07-02 03:27:54,821
2415,380,339,2025-07-02 05:02:50,2137
2416,350,734,2025-07-02 05:44:34,3053
2417,399,252,2025-07-02 06:28:10,940
2418,169,522,2025-07-02 06:31:04,683
2419,27,606,2025-07-02 07:40:13,2123
2420,76,569,2025-07-02 08:37:26,1989
2421,128,476,2025-07-02 09:20:39,1484
2422,259,372,2025-07-02 09:58:06,2753
2423,154,84,2025-07-02 11:04:42,677
2424,340,68,2025-07-02 11:18:14,796
2425,208,443,2025-07-02 11:36:57,1370
2426,481,380,2025-07-02 12:07:01,326
2427,252,406,2025-07-02 12:38:57,2320
2428,147,250,2025-07-02 13:36:02,2151
2429,168,608,2025-07-02 14:57:34,2505
2430,408,756,2025-07-02 15:28:10,349
2431,48,715,2025-07-02 15:38:20,3533
2432,91,34,2025-07-02 15:45:21,1769
2433,352,717,2025-07-02 16:17:48,2222
2434,458,318,2025-07-02 17:27:28,1554
2435,21,630,2025-07-02 17:37:07,636
2436,460,401,2025-07-02 18:00:20,1624
2437,150,631,2025-07-02 18:49:21,1040
2438,71,67,2025-07-02 18:58:52,2524
2439,398,717,2025-07-02 19:05:15,2186
2440,146,33,2025-07-02 19:13:00,723
2441,243,464,2025-07-02 19:35:07,1085
2442,362,411,2025-07-02 20:07:53,3254
2443,434,317,2025-07-02 20:26:32,808
2444,361,159,2025-07-02 20:30:51,40
2445,76,111,2025-07-02 21:33:55,1952
2446,145,789,2025-07-02 21:38:42,1570
2447,247,446,2025-07-02 21:59:06,2962
2448,344,566,2025-07-02 22:00:02,2747
2449,459,485,2025-07-02 22:18:08,1506
2450,177,68,2025-07-02 23:00:16,137
2451,200,192,2025-07-02 23:06:37,712
2452,402,727,2025-07-02 23:46:19,2885
2453,382,725,2025-07-03 00:00:40,2065
2454,291,717,2025-07-03 00:05:44,1574
2455,129,426,2025-07-03 00:10:15,592
2456,22,144,2025-07-03 00:45:36,2054
2457,465,208,2025-07-03 01:21:34,967
2458,324,370,2025-07-03 03:04:33,3040
2459,2,108,2025-07-03 04:04:21,584
2460,109,152,2025-07-03 04:40:19,1165
2461,259,281,2025-07-03 07:15:31,655
2462,314,627,2025-07-03 07:27:57,1203
2463,21,466,2025-07-03 07:44:56,2581
2464,387,468,2025-07-03 08:43:30,51
2465,322,65,2025-07-03 09:01:27,1955
2466,469,624,2025-07-03 09:44:15,998
2467,115,461,2025-07-03 10:15:49,578
2468,419,235,2025-07-03 10:54:01,1450
2469,3,544,2025-07-03 10:54:47,569
2470,123,407,2025-07-03 10:58:10,29
2471,412,281,2025-07-03 11:03:04,597
2472,9,514,2025-07-03 11:35:58,1647
2473,404,314,2025-07-03 11:36:43,3209
2474,298,219,2025-07-03 11:59:09,2349
2475,438,241,2025-07-03 13:11:25,2227
2476,91,559,2025-07-03 13:30:32,2748
2477,169,663,2025-07-03 14:56:47,305
2478,477,768,2025-07-03 15:25:03,1022
2479,132,426,2025-07-03 15:25:21,1582
2480,186,100,2025-07-03 16:15:29,1010
2481,355,562,2025-07-03 16:46:27,2238
2482,63,4,2025-07-03 16:57:52,927
2483,389,277,2025-07-03 17:39:12,1193
2484,63,513,2025-07-03 18:40:11,2751
2485,63,493,2025-07-03 18:54:42,1266
2486,404,95,2025-07-03 19:24:58,1958
2487,484,257,2025-07-03 19:34:41,808
2488,497,785,2025-07-03 19:39:20,70
2489,83,535,2025-07-03 19:43:51,2798
2490,474,776,2025-07-03 22:33:34,2142
2491,406,775,2025-07-03 22:41:46,2995
2492,207,218,2025-07-03 22:48:24,1712
2493,301,766,2025-07-03 23:15:45,2360
2494,428,673,2025-07-03 23:38:20,637
2495,235,397,2025-07-04 00:08:27,1605
2496,19,464,2025-07-04 00:45:38,636
2497,341,382,2025-07-04 01:06:06,1412
2498,497,323,2025-07-04 01:25:46,1700
2499,305,534,2025-07-04 01:51:07,2725
2500,254,567,2025-07-04 02:56:02,2540
2501,320,34,2025-07-04 04:37:13,2367
2502,275,436,2025-07-04 04:39:36,1993
2503,154,681,2025-07-04 04:58:39,2215
2504,195,157,2025-07-04 05:14:53,644
2505,500,544,2025-07-04 06:53:06,1317
2506,209,24,2025-07-04 07:01:01,143
2507,48,141,2025-07-04 07:35:52,572
2508,186,117,2025-07-04 07:39:51,172
2509,455,127,2025-07-04 07:43:53,1036
2510,119,51,2025-07-04 08:06:09,572
2511,278,82,2025-07-04 08:57:35,928
2512,354,560,2025-07-04 11:47:14,1244
2513,459,414,2025-07-04 12:27:31,1507
2514,216,96,2025-07-04 12:54:52,754
2515,36,97,2025-07-04 13:14:41,1870
2516,245,44,2025-07-04 13:55:48,1652
2517,136,163,2025-07-04 14:42:38,2097
2518,42,343,2025-07-04 14:54:08,1286
2519,444,107,2025-07-04 15:05:43,627
2520,363,130,2025-07-04 15:41:55,2179
2521,261,245,2025-07-04 16:50:45,1485
2522,140,591,2025-07-04 17:00:09,2809
2523,281,244,2025-07-04 17:06:18,174
2524,99,541,2025-07-04 17:20:23,726
2525,211,593,2025-07-04 18:46:52,1060
2526,64,724,2025-07-04 19:02:13,2870
2527,59,416,2025-07-04 19:20:58,1080
2528,296,189,2025-07-04 21:34:26,2830
2529,128,136,2025-07-04 22:02:48,2085
2530,24,749,2025-07-04 22:17:41,326
2531,142,116,2025-07-04 22:34:18,2091
2532,425,713,2025-07-04 22:52:14,58
2533,74,151,2025-07-04 22:58:26,2722
2534,167,421,2025-07-04 23:31:49,1550
2535,340,207,2025-07-04 23:33:31,1521
2536,97,682,2025-07-04 23:54:09,636
2537,486,281,2025-07-05 00:03:46,518
2538,82,63,2025-07-05 00:58:13,1194
2539,269,297,2025-07-05 01:10:04,590
2540,146,287,2025-07-05 01:15:56,1022
2541,391,543,2025-07-05 01:23:17,60
2542,115,461,2025-07-05 01:28:16,568
2543,494,400,2025-07-05 01:39:13,1453
2544,69,18,2025-07-05 01:47:08,843
2545,486,565,2025-07-05 03:54:19,1270
2546,370,380,2025-07-05 04:35:16,777
2547,338,529,2025-07-05 05:55:46,3374
2548,291,110,2025-07-05 06:32:17,1382
2549,388,685,2025-07-05 07:15:52,646
2550,474,543,2025-07-05 08:34:45,641
2551,2,153,2025-07-05 09:01:13,2201
2552,284,430,2025-07-05 09:05:36,1687
2553,56,751,2025-07-05 09:46:41,1446
2554,412,279,2025-07-05 11:07:42,1150
2555,492,617,2025-07-05 11:12:32,2401
2556,320,201,2025-07-05 11:20:10,2568
2557,183,483,2025-07-05 11:26:06,843
2558,221,576,2025-07-05 11:34:12,59
2559,71,237,2025-07-05 12:52:22,1969
2560,274,757,2025-07-05 14:17:38,286
2561,226,736,2025-07-05 15:18:32,810
2562,50,38,2025-07-05 15:20:17,585
2563,144,659,2025-07-05 15:24:25,672
2564,175,243,2025-07-05 16:08:07,2336
2565,307,550,2025-07-05 16:36:59,3294
2566,244,706,2025-07-05 17:57:24,800
2567,374,7,2025-07-05 19:40:48,2238
2568,408,422,2025-07-05 20:25:38,2109
2569,118,590,2025-07-05 21:52:20,361
2570,183,772,2025-07-05 22:33:56,866
2571,50,643,2025-07-05 22:34:16,1515
2572,422,161,2025-07-05 22:52:30,689
2573,424,215,2025-07-05 23:02:38,1037
2574,231,232,2025-07-05 23:34:14,2189
2575,371,210,2025-07-05 23:46:33,2239
2576,428,704,2025-07-05 23:53:19,1975
2577,82,486,2025-07-05 23:54:19,2500
2578,90,701,2025-07-06 00:05:51,1221
2579,81,217,2025-07-06 00:34:33,243
2580,359,171,2025-07-06 01:05:31,1440
2581,347,544,2025-07-06 02:28:58,1445
2582,470,600,2025-07-06 02:32:05,2042
2583,305,546,2025-07-06 02:34:18,919
2584,89,626,2025-07-06 02:35:49,2450
2585,311,220,2025-07-06 03:56:44,3449
2586,101,416,2025-07-06 03:57:07,693
2587,47,596,2025-07-06 03:58:54,1540
2588,118,755,2025-07-06 04:28:41,2488
2589,246,405,2025-07-06 05:34:03,732
2590,70,55,2025-07-06 06:46:23,1131
2591,65,247,2025-07-06 06:50:28,1705
2592,453,76,2025-07-06 06:55:10,630
2593,276,96,2025-07-06 07:22:22,382
2594,92,46,2025-07-06 07:57:08,1529
2595,412,226,2025-07-06 08:04:02,586
2596,227,74,2025-07-06 08:04:43,2684
2597,390,330,2025-07-06 08:18:06,1626
2598,173,31,2025-07-06 08:18:13,36
2599,341,708,2025-07-06 08:45:44,344
2600,166,169,2025-07-06 08:50:08,600
2601,43,705,2025-07-06 09:21:06,1524
2602,402,552,2025-07-06 10:15:59,1936
2603,496,620,2025-07-06 10:24:24,71
2604,195,689,2025-07-06 10:49:07,1305
2605,386,300,2025-07-06 13:50:59,791
2606,308,685,2025-07-06 13:55:36,596
2607,467,787,2025-07-06 14:19:27,140
2608,257,637,2025-07-06 15:37:36,2175
2609,260,446,2025-07-06 17:00:14,2430
2610,339,268,2025-07-06 17:47:28,830
2611,46,371,2025-07-06 17:57:21,2221
2612,194,577,2025-07-06 18:30:39,1354
2613,262,234,2025-07-06 18:30:50,2273
2614,159,175,2025-07-06 18:32:59,2921
2615,366,41,2025-07-06 18:45:56,2460
2616,211,617,2025-07-06 18:50:57,2512
2617,403,18,2025-07-06 19:17:14,953
2618,439,539,2025-07-06 19:29:38,1100
2619,25,126,2025-07-06 19:52:11,2050
2620,456,570,2025-07-06 21:07:02,967
2621,376,265,2025-07-06 22:01:18,838
2622,243,511,2025-07-06 23:50:08,2188
2623,368,783,2025-07-07 00:39:22,941
2624,125,159,2025-07-07 01:21:26,1581
2625,348,303,2025-07-07 01:49:56,2673
2626,342,749,2025-07-07 01:53:06,3013
2627,451,430,2025-07-07 02:51:01,1742
2628,433,542,2025-07-07 02:52:43,2002
2629,129,85,2025-07-07 02:59:51,1022
2630,485,647,2025-07-07 03:22:52,821
2631,388,298,2025-07-07 04:27:14,2119
2632,118,739,2025-07-07 04:41:10,3023
2633,151,197,2025-07-07 05:19:22,1619
2634,44,482,2025-07-07 05:21:51,2131
2635,149,526,2025-07-07 06:09:15,2669
2636,471,24,2025-07-07 08:41:43,2121
2637,285,715,2025-07-07 08:56:54,3252
2638,170,743,2025-07-07 09:04:07,1167
2639,32,690,2025-07-07 09:10:11,1649
2640,30,299,2025-07-07 09:48:34,2032
2641,392,364,2025-07-07 10:11:46,1674
2642,453,726,2025-07-07 11:02:58,517
2643,413,105,2025-07-07 11:04:28,391
2644,239,739,2025-07-07 11:04:28,2872
2645,500,204,2025-07-07 11:06:27,475
2646,253,222,2025-07-07 12:57:45,584
2647,21,417,2025-07-07 13:09:01,1877
2648,471,769,2025-07-07 13:43:22,1137
2649,168,399,2025-07-07 14:11:15,416
2650,399,566,2025-07-07 14:23:30,2889
2651,467,190,2025-07-07 15:21:19,471
2652,301,110,2025-07-07 15:53:44,2954
2653,429,612,2025-07-07 16:21:52,1769
2654,171,484,2025-07-07 17:11:22,1085
2655,422,611,2025-07-07 17:11:40,1939
2656,2,636,2025-07-07 17:19:37,1386
2657,178,138,2025-07-07 17:35:54,2887
2658,414,127,2025-07-07 17:45:25,2498
2659,56,553,2025-07-07 18:28:11,360
2660,176,28,2025-07-07 18:38:18,2735
2661,88,741,2025-07-07 18:48:07,1008
2662,76,76,2025-07-07 19:36:16,496
2663,40,95,2025-07-07 20:46:48,702
2664,375,302,2025-07-07 20:54:24,501
2665,22,376,2025-07-07 21:57:12,3053
2666,253,405,2025-07-07 22:15:11,794
2667,266,711,2025-07-07 22:32:13,203
2668,434,19,2025-07-07 23:07:06,2821
2669,29,533,2025-07-07 23:07:42,814
2670,312,91,2025-07-07 23:12:31,722
2671,351,467,2025-07-08 00:37:13,247
2672,488,180,2025-07-08 02:01:59,2820
2673,27,441,2025-07-08 03:53:59,1544
2674,249,642,2025-07-08 04:01:01,1253
2675,463,147,2025-07-08 05:07:23,2494
2676,149,768,2025-07-08 05:16:57,1009
2677,284,6,2025-07-08 06:33:02,1590
2678,176,306,2025-07-08 06:33:04,849
2679,378,542,2025-07-08 06:42:39,706
2680,192,630,2025-07-08 07:06:04,2786
2681,232,708,2025-07-08 07:10:08,1938
2682,189,579,2025-07-08 07:25:27,2576
2683,294,187,2025-07-08 07:27:17,2193
2684,131,597,2025-07-08 07:37:28,669
2685,294,639,2025-07-08 08:48:36,2202
2686,414,385,2025-07-08 08:55:10,859
2687,329,620,2025-07-08 09:51:05,1770
2688,390,468,2025-07-08 10:47:46,77
2689,402,375,2025-07-08 11:25:23,899
2690,76,339,2025-07-08 11:42:37,2121
2691,455,318,2025-07-08 12:28:35,1844
2692,489,180,2025-07-08 12:30:32,2723
2693,414,229,2025-07-08 12:33:52,650
2694,207,578,2025-07-08 13:13:03,3118
2695,359,24,2025-07-08 13:29:33,2005
2696,61,469,2025-07-08 14:45:10,2055
2697,227,179,2025-07-08 15:15:22,1907
2698,371,234,2025-07-08 16:16:00,2195
2699,309,371,2025-07-08 16:35:59,2545
2700,337,575,2025-07-08 17:23:24,3094
2701,424,4,2025-07-08 19:01:54,1131
2702,61,146,2025-07-08 19:43:28,1001
2703,16,563,2025-07-08 19:48:13,1789
2704,391,368,2025-07-08 19:49:50,1613
2705,48,564,2025-07-08 20:07:30,1319
2706,38,222,2025-07-08 20:11:26,96
2707,345,703,2025-07-08 20:17:21,1638
2708,161,586,2025-07-08 21:52:41,1747
2709,432,197,2025-07-08 23:00:48,1450
2710,301,792,2025-07-08 23:00:57,2256
2711,21,31,2025-07-09 00:27:50,2475
2712,1,7,2025-07-09 00:36:23,2046
2713,465,399,2025-07-09 00:41:53,44
2714,391,397,2025-07-09 01:17:08,1497
2715,417,627,2025-07-09 01:21:30,1966
2716,25,68,2025-07-09 02:48:06,655
2717,42,301,2025-07-09 03:06:30,2502
2718,28,465,2025-07-09 03:47:57,1449
2719,101,597,2025-07-09 04:30:37,705
2720,26,748,2025-07-09 04:46:39,1695
2721,459,508,2025-07-09 05:22:59,2813
2722,30,732,2025-07-09 05:32:18,2882
2723,391,422,2025-07-09 06:21:59,2365
2724,285,95,2025-07-09 06:32:42,2005
2725,243,394,2025-07-09 06:42:29,2007
2726,478,617,2025-07-09 07:44:33,434
2727,480,537,2025-07-09 07:52:09,2530
2728,102,208,2025-07-09 08:14:18,895
2729,477,322,2025-07-09 08:14:35,810
2730,469,411,2025-07-09 08:51:17,1708
2731,6,210,2025-07-09 09:11:41,2306
2732,53,81,2025-07-09 11:09:51,2714
2733,385,433,2025-07-09 11:41:00,527
2734,68,479,2025-07-09 12:15:40,664
2735,63,195,2025-07-09 12:26:03,1101
2736,152,315,2025-07-09 13:19:03,1164
2737,443,593,2025-07-09 13:43:04,2197
2738,262,45,2025-07-09 14:20:27,2737
2739,28,243,2025-07-09 15:10:29,2672
2740,204,482,2025-07-09 15:27:03,2381
2741,380,512,2025-07-09 17:24:53,869
2742,8,166,2025-07-09 17:28:33,2263
2743,302,550,2025-07-09 18:39:22,2737
2744,266,430,2025-07-09 19:05:24,1093
2745,252,749,2025-07-09 20:14:29,3111
2746,444,238,2025-07-09 21:42:13,1638
2747,435,528,2025-07-09 21:43:15,712
2748,15,347,2025-07-09 21:52:47,2180
2749,12,505,2025-07-09 22:24:50,1009
2750,220,413,2025-07-09 22:56:46,3166
2751,359,63,2025-07-09 23:07:31,1220
2752,208,531,2025-07-09 23:12:44,675
2753,187,783,2025-07-09 23:13:36,189
2754,431,176,2025-07-10 00:37:42,1244
2755,82,89,2025-07-10 02:06:32,1512
2756,8,796,2025-07-10 03:03:02,2112
2757,352,272,2025-07-10 03:41:43,2274
2758,334,789,2025-07-10 04:02:42,1480
2759,168,582,2025-07-10 04:36:39,1537
2760,21,571,2025-07-10 05:28:29,1343
2761,221,639,2025-07-10 05:52:04,2136
2762,9,163,2025-07-10 06:28:27,1534
2763,409,35,2025-07-10 06:36:52,2603
2764,431,556,2025-07-10 06:55:45,1684
2765,129,520,2025-07-10 08:41:42,1243
2766,311,346,2025-07-10 10:10:23,1679
2767,34,663,2025-07-10 10:23:02,47
2768,260,469,2025-07-10 12:00:54,1964
2769,336,452,2025-07-10 12:11:36,386
2770,279,412,2025-07-10 12:55:48,1038
2771,498,673,2025-07-10 14:35:22,449
2772,195,799,2025-07-10 14:58:22,309
2773,340,473,2025-07-10 15:00:05,779
2774,77,639,2025-07-10 15:46:15,2210
2775,433,158,2025-07-10 15:57:40,1288
2776,101,506,2025-07-10 16:37:39,2685
2777,163,698,2025-07-10 16:38:00,1645
2778,321,244,2025-07-10 16:50:27,3266
2779,340,370,2025-07-10 17:04:24,2780
2780,170,703,2025-07-10 17:13:44,1388
2781,86,287,2025-07-10 17:18:57,1405
2782,437,384,2025-07-10 17:57:32,498
2783,236,608,2025-07-10 18:24:14,2540
2784,314,302,2025-07-10 18:43:00,426
2785,350,546,2025-07-10 19:32:07,1057
2786,426,228,2025-07-10 19:33:49,1354
2787,473,587,2025-07-10 19:46:17,841
2788,41,701,2025-07-10 20:01:59,1196
2789,173,740,2025-07-10 20:55:28,2785
2790,176,399,2025-07-10 21:34:08,1146
2791,302,227,2025-07-10 22:23:49,1630
2792,401,703,2025-07-10 23:08:33,1597
2793,259,109,2025-07-10 23:25:41,2463
2794,488,662,2025-07-10 23:55:14,2149
2795,436,573,2025-07-11 00:26:30,3027
2796,396,697,2025-07-11 01:18:21,573
2797,157,644,2025-07-11 01:37:20,2505
2798,423,591,2025-07-11 03:44:52,494
2799,307,496,2025-07-11 03:54:03,1362
2800,171,596,2025-07-11 05:22:14,1645
2801,187,216,2025-07-11 05:31:53,1948
2802,56,335,2025-07-11 05:58:36,1033
2803,89,375,2025-07-11 06:06:55,817
2804,373,538,2025-07-11 07:59:13,381
2805,163,47,2025-07-11 08:04:56,159
2806,77,714,2025-07-11 08:05:03,1781
2807,395,90,2025-07-11 08:42:17,268
2808,316,542,2025-07-11 09:58:09,1828
2809,243,575,2025-07-11 10:37:22,433
2810,245,7,2025-07-11 11:06:32,797
2811,270,572,2025-07-11 11:20:32,1066
2812,71,339,2025-07-11 11:21:39,2426
2813,214,60,2025-07-11 11:56:37,3226
2814,213,773,2025-07-11 11:59:08,2843
2815,86,142,2025-07-11 12:30:56,898
2816,380,686,2025-07-11 12:54:04,484
2817,217,373,2025-07-11 14:42:58,2750
2818,315,295,2025-07-11 15:35:30,427
2819,467,122,2025-07-11 16:23:23,578
2820,171,27,2025-07-11 16:28:15,1493
2821,22,160,2025-07-11 19:14:58,1019
2822,332,238,2025-07-11 19:34:54,99
2823,423,119,2025-07-11 20:06:39,3285
2824,3,332,2025-07-11 20:38:27,2308
2825,325,436,2025-07-11 21:31:03,2591
2826,156,292,2025-07-11 21:49:45,763
2827,301,635,2025-07-11 22:10:30,2189
2828,436,707,2025-07-11 23:27:09,2222
2829,327,452,2025-07-11 23:57:11,1790
2830,383,7,2025-07-12 01:17:31,1591
2831,361,172,2025-07-12 01:19:47,1288
2832,36,539,2025-07-12 01:44:25,2112
2833,414,109,2025-07-12 02:04:07,2350
2834,103,622,2025-07-12 02:42:52,882
2835,157,640,2025-07-12 04:05:21,176
2836,47,533,2025-07-12 05:10:08,378
2837,368,567,2025-07-12 05:22:46,2163
2838,242,414,2025-07-12 06:42:16,1524
2839,403,186,2025-07-12 06:43:08,1928
2840,383,372,2025-07-12 07:30:21,2669
2841,80,585,2025-07-12 08:01:46,652
2842,262,795,2025-07-12 09:40:36,1910
2843,337,568,2025-07-12 10:57:48,692
2844,445,187,2025-07-12 11:37:18,2307
2845,90,65,2025-07-12 12:18:03,1689
2846,368,746,2025-07-12 12:18:38,1843
2847,96,30,2025-07-12 12:33:39,1514
2848,291,630,2025-07-12 12:45:36,1597
2849,52,751,2025-07-12 13:22:30,1313
2850,39,656,2025-07-12 13:26:25,651
2851,460,171,2025-07-12 13:35:10,2722
2852,405,592,2025-07-12 15:01:08,1739
2853,482,316,2025-07-12 16:08:41,995
2854,238,755,2025-07-12 16:20:21,2259
2855,202,297,2025-07-12 16:31:31,527
2856,444,260,2025-07-12 18:09:56,643
2857,367,743,2025-07-12 18:13:31,859
2858,435,597,2025-07-12 18:59:37,636
2859,36,166,2025-07-12 19:20:22,131
2860,240,778,2025-07-12 19:51:51,1170
2861,252,725,2025-07-12 20:12:23,2071
2862,286,532,2025-07-12 21:42:49,1125
2863,386,101,2025-07-12 21:45:34,1327
2864,372,56,2025-07-12 22:00:27,2357
2865,136,780,2025-07-12 22:32:29,2679
2866,454,477,2025-07-13 00:26:37,3224
2867,179,701,2025-07-13 00:28:10,823
2868,191,684,2025-07-13 01:41:11,1827
2869,202,63,2025-07-13 02:36:58,1216
2870,417,788,2025-07-13 02:44:31,23
2871,121,398,2025-07-13 03:27:40,2483
2872,294,329,2025-07-13 03:34:55,234
2873,84,216,2025-07-13 04:54:42,2178
2874,48,24,2025-07-13 05:04:21,2081
2875,475,748,2025-07-13 05:11:21,1736
2876,48,311,2025-07-13 05:22:53,832
2877,262,198,2025-07-13 05:30:05,214
2878,296,426,2025-07-13 06:35:17,2745
2879,256,96,2025-07-13 06:36:35,727
2880,325,155,2025-07-13 07:02:57,2251
2881,444,704,2025-07-13 07:05:40,2090
2882,386,677,2025-07-13 07:48:48,548
2883,345,92,2025-07-13 08:04:07,641
2884,468,186,2025-07-13 08:14:40,274
2885,70,741,2025-07-13 08:15:22,2476
2886,225,255,2025-07-13 09:04:36,360
2887,19,301,2025-07-13 09:23:24,2722
2888,275,14,2025-07-13 09:52:48,932
2889,416,309,2025-07-13 10:03:50,1957
2890,145,181,2025-07-13 10:11:53,1337
2891,350,405,2025-07-13 10:38:08,662
2892,5,591,2025-07-13 10:51:01,2930
2893,147,385,2025-07-13 11:23:28,587
2894,359,376,2025-07-13 11:53:25,2779
2895,405,68,2025-07-13 12:53:37,765
2896,477,220,2025-07-13 13:16:27,3284
2897,399,712,2025-07-13 14:25:30,1847
2898,118,465,2025-07-13 14:30:50,711
2899,184,563,2025-07-13 15:21:21,1633
2900,474,134,2025-07-13 15:24:29,245
2901,455,761,2025-07-13 15:29:10,1680
2902,477,56,2025-07-13 16:00:08,2464
2903,119,571,2025-07-13 16:26:33,1143
2904,32,454,2025-07-13 16:51:43,3217
2905,442,605,2025-07-13 18:04:28,52
2906,145,544,2025-07-13 18:15:37,1436
2907,134,163,2025-07-13 18:24:07,2153
2908,114,719,2025-07-13 19:14:46,1477
2909,64,18,2025-07-13 19:36:28,891
2910,255,578,2025-07-13 21:10:19,2930
2911,458,316,2025-07-13 21:40:52,2494
2912,399,357,2025-07-13 22:09:27,1912
2913,127,258,2025-07-13 22:10:48,2838
2914,129,473,2025-07-13 22:40:53,707
2915,394,122,2025-07-13 22:46:55,542
2916,14,755,2025-07-13 23:10:42,2289
2917,205,283,2025-07-13 23:11:44,1465
2918,265,44,2025-07-13 23:58:57,1711
2919,344,376,2025-07-14 00:24:57,2650
2920,369,111,2025-07-14 00:44:36,2226
2921,101,521,2025-07-14 00:52:47,179
2922,237,730,2025-07-14 01:05:07,810
2923,446,295,2025-07-14 02:25:37,1004
2924,154,205,2025-07-14 02:47:44,2862
2925,13,18,2025-07-14 03:52:04,759
2926,271,693,2025-07-14 04:20:27,2266
2927,130,509,2025-07-14 05:31:08,33
2928,102,688,2025-07-14 06:35:24,2849
2929,81,451,2025-07-14 08:04:43,2337
2930,224,153,2025-07-14 08:11:03,308
2931,426,142,2025-07-14 08:12:27,927
2932,137,413,2025-07-14 08:51:10,2858
2933,321,604,2025-07-14 09:07:09,45
2934,229,603,2025-07-14 09:13:34,727
2935,20,21,2025-07-14 09:25:47,562
2936,394,566,2025-07-14 10:36:41,465
2937,440,725,2025-07-14 12:33:35,2044
2938,128,684,2025-07-14 12:57:00,1775
2939,22,262,2025-07-14 13:30:10,1796
2940,153,663,2025-07-14 13:48:07,598
2941,203,621,2025-07-14 13:53:46,1796
2942,34,204,2025-07-14 14:11:47,1253
2943,213,392,2025-07-14 14:18:13,1689
2944,465,392,2025-07-14 14:47:33,1475
2945,488,51,2025-07-14 15:32:36,822
2946,426,179,2025-07-14 15:51:44,1963
2947,353,528,2025-07-14 16:12:08,1143
2948,467,117,2025-07-14 16:12:43,2552
2949,365,271,2025-07-14 16:16:47,1626
2950,339,143,2025-07-14 16:36:05,147
2951,420,554,2025-07-14 16:53:15,1936
2952,431,163,2025-07-14 18:34:44,2142
2953,339,643,2025-07-14 20:13:58,1039
2954,280,86,2025-07-14 20:18:31,1312
2955,293,526,2025-07-14 21:05:13,2708
2956,230,151,2025-07-14 21:30:24,2322
2957,12,749,2025-07-14 21:33:06,3157
2958,149,678,2025-07-14 21:45:35,1316
2959,497,560,2025-07-14 22:44:20,2337
2960,71,165,2025-07-15 00:07:08,761
2961,183,535,2025-07-15 00:48:04,3041
2962,226,520,2025-07-15 01:03:42,1319
2963,32,27,2025-07-15 01:24:51,743
2964,243,683,2025-07-15 01:36:46,429
2965,195,577,2025-07-15 02:20:17,358
2966,332,685,2025-07-15 02:35:03,26
2967,346,605,2025-07-15 02:39:54,361
2968,287,517,2025-07-15 02:41:20,1908
2969,483,687,2025-07-15 03:06:10,2946
2970,137,45,2025-07-15 03:27:47,2827
2971,464,91,2025-07-15 04:30:25,670
2972,23,507,2025-07-15 06:02:32,3298
2973,146,691,2025-07-15 06:15:38,3032
2974,171,741,2025-07-15 06:20:00,2144
2975,298,675,2025-07-15 06:20:59,1045
2976,24,620,2025-07-15 08:18:25,1753
2977,313,386,2025-07-15 08:36:35,1840
2978,314,440,2025-07-15 09:19:21,112
2979,34,455,2025-07-15 09:50:09,259
2980,73,164,2025-07-15 10:21:39,2458
2981,423,646,2025-07-15 10:25:20,2464
2982,258,588,2025-07-15 10:45:52,2557
2983,205,546,2025-07-15 10:58:14,922
2984,224,141,2025-07-15 11:02:04,546
2985,386,540,2025-07-15 11:27:06,2372
2986,320,65,2025-07-15 13:28:55,52
2987,58,601,2025-07-15 13:52:37,1755
2988,339,774,2025-07-15 14:41:57,1031
2989,421,210,2025-07-15 14:56:53,1934
2990,369,418,2025-07-15 17:18:57,2197
2991,23,261,2025-07-15 17:26:34,2275
2992,400,718,2025-07-15 17:44:18,84
2993,143,769,2025-07-15 18:10:31,1046
2994,50,440,2025-07-15 20:26:25,944
2995,149,281,2025-07-15 22:27:07,71
2996,33,482,2025-07-15 22:38:43,2166
2997,383,67,2025-07-15 22:56:21,2146
2998,276,587,2025-07-15 22:57:04,897
2999,490,747,2025-07-15 23:42:14,242
3000,75,100,2025-07-15 23:54:46,511
3001,435,108,2025-07-16 00:01:27,586
3002,471,404,2025-07-16 00:35:59,3372
3003,316,680,2025-07-16 01:40:33,842
3004,500,596,2025-07-16 02:37:50,2462
3005,477,519,2025-07-16 03:16:21,2966
3006,47,336,2025-07-16 03:45:10,3012
3007,338,51,2025-07-16 04:34:25,490
3008,348,185,2025-07-16 04:49:40,278
3009,185,253,2025-07-16 05:08:10,1222
3010,180,117,2025-07-16 05:24:39,71
3011,32,233,2025-07-16 06:26:17,1441
3012,414,405,2025-07-16 06:31:43,340
3013,364,664,2025-07-16 06:49:27,833
3014,191,614,2025-07-16 07:01:10,295
3015,305,672,2025-07-16 07:02:59,2277
3016,272,595,2025-07-16 07:07:26,639
3017,193,699,2025-07-16 07:35:18,2702
3018,286,629,2025-07-16 07:56:33,1107
3019,405,447,2025-07-16 08:11:31,376
3020,160,323,2025-07-16 08:52:35,1816
3021,175,551,2025-07-16 09:20:59,2035
3022,158,787,2025-07-16 09:49:10,2725
3023,413,624,2025-07-16 11:27:07,35
3024,190,265,2025-07-16 13:22:13,880
3025,438,649,2025-07-16 13:58:22,1263
3026,28,112,2025-07-16 14:33:44,1691
3027,118,55,2025-07-16 14:45:23,233
3028,439,192,2025-07-16 15:02:10,262
3029,391,463,2025-07-16 15:11:23,1517
3030,243,319,2025-07-16 15:15:55,2148
3031,200,29,2025-07-16 15:16:16,961
3032,52,95,2025-07-16 17:08:33,2219
3033,490,258,2025-07-16 18:07:22,3122
3034,31,7,2025-07-16 18:28:36,2257
3035,243,603,2025-07-16 18:32:26,715
3036,287,131,2025-07-16 19:19:10,325
3037,452,367,2025-07-16 19:24:21,3121
3038,411,280,2025-07-16 19:26:02,2856
3039,135,169,2025-07-16 19:43:36,552
3040,57,169,2025-07-16 20:08:47,68
3041,389,491,2025-07-16 20:54:46,2907
3042,374,396,2025-07-16 21:39:52,1472
3043,180,651,2025-07-16 21:54:07,1046
3044,90,318,2025-07-16 23:06:37,1094
3045,120,516,2025-07-16 23:10:43,2676
3046,487,275,2025-07-16 23:25:35,405
3047,157,669,2025-07-16 23:32:42,739
3048,75,202,2025-07-16 23:58:43,1530
3049,100,158,2025-07-17 01:01:45,1555
3050,276,630,2025-07-17 01:18:21,3252
3051,482,636,2025-07-17 01:20:35,1573
3052,462,793,2025-07-17 01:27:18,2594
3053,331,657,2025-07-17 01:57:14,837
3054,99,569,2025-07-17 02:50:24,3038
3055,460,487,2025-07-17 03:32:02,1549
3056,411,69,2025-07-17 03:42:16,2047
3057,22,262,2025-07-17 04:14:02,1849
3058,312,236,2025-07-17 04:17:45,2949
3059,137,640,2025-07-17 06:28:00,1874
3060,157,13,2025-07-17 06:43:21,662
3061,325,759,2025-07-17 08:22:57,747
3062,226,486,2025-07-17 09:22:47,2705
3063,218,354,2025-07-17 09:32:33,1331
3064,344,369,2025-07-17 09:37:55,1311
3065,108,548,2025-07-17 10:11:21,2022
3066,318,223,2025-07-17 10:13:51,2340
3067,329,703,2025-07-17 11:09:38,1688
3068,165,247,2025-07-17 11:48:27,1560
3069,492,515,2025-07-17 11:58:15,2006
3070,198,638,2025-07-17 12:08:37,2989
3071,264,796,2025-07-17 12:18:10,1385
3072,32,314,2025-07-17 12:35:01,2969
3073,69,491,2025-07-17 13:13:40,2086
3074,130,386,2025-07-17 13:15:49,1351
3075,307,554,2025-07-17 13:18:45,2066
3076,138,136,2025-07-17 13:19:40,2381
3077,304,461,2025-07-17 14:02:05,347
3078,53,155,2025-07-17 14:23:43,2726
3079,256,31,2025-07-17 14:25:39,2863
3080,291,216,2025-07-17 14:48:18,2152
3081,26,729,2025-07-17 14:51:48,3031
3082,63,46,2025-07-17 15:39:49,1266
3083,456,3,2025-07-17 15:44:52,365
3084,223,389,2025-07-17 15:51:55,1652
3085,324,612,2025-07-17 16:40:57,2010
3086,247,733,2025-07-17 17:04:14,1687
3087,152,194,2025-07-17 18:47:39,1512
3088,470,742,2025-07-17 18:48:45,602
3089,333,250,2025-07-17 20:15:01,2110
3090,25,495,2025-07-17 20:28:31,1506
3091,282,657,2025-07-17 20:35:32,428
3092,302,324,2025-07-17 20:43:56,2530
3093,102,751,2025-07-17 21:13:39,1219
3094,207,187,2025-07-17 21:36:46,384
3095,169,761,2025-07-18 00:41:44,1684
3096,11,706,2025-07-18 01:07:08,201
3097,200,433,2025-07-18 02:05:19,343
3098,202,380,2025-07-18 02:31:32,277
3099,431,231,2025-07-18 03:11:00,1385
3100,166,103,2025-07-18 05:15:32,1941
3101,138,791,2025-07-18 05:53:31,1940
3102,189,792,2025-07-18 06:42:57,2099
3103,104,302,2025-07-18 06:54:07,852
3104,290,637,2025-07-18 07:21:02,2212
3105,8,541,2025-07-18 08:29:40,881
3106,460,651,2025-07-18 08:33:28,1483
3107,339,657,2025-07-18 08:56:01,927
3108,190,606,2025-07-18 08:59:53,1904
3109,292,466,2025-07-18 09:52:31,2262
3110,65,23,2025-07-18 09:53:24,2139
3111,392,368,2025-07-18 10:43:14,1930
3112,287,192,2025-07-18 10:49:39,625
3113,438,6,2025-07-18 10:56:04,1588
3114,479,143,2025-07-18 11:09:07,1431
3115,262,322,2025-07-18 11:10:04,676
3116,149,724,2025-07-18 11:15:36,469
3117,198,617,2025-07-18 12:33:22,909
3118,409,661,2025-07-18 14:16:08,999
3119,304,413,2025-07-18 14:32:22,2812
3120,73,618,2025-07-18 15:29:25,2900
3121,231,55,2025-07-18 16:12:49,1216
3122,136,739,2025-07-18 16:21:48,2971
3123,422,567,2025-07-18 16:23:25,2308
3124,428,47,2025-07-18 16:36:02,1085
3125,433,592,2025-07-18 17:20:29,1222
3126,426,1,2025-07-18 18:01:16,1569
3127,33,648,2025-07-18 18:01:39,1691
3128,210,282,2025-07-18 18:04:35,3052
3129,70,286,2025-07-18 19:01:26,3053
3130,84,574,2025-07-18 21:05:36,3100
3131,144,6,2025-07-18 22:32:18,163
3132,468,530,2025-07-18 22:48:11,1682
3133,124,93,2025-07-18 23:07:35,865
3134,479,556,2025-07-19 00:25:46,1711
3135,247,68,2025-07-19 00:47:11,62
3136,358,772,2025-07-19 00:57:56,755
3137,500,2,2025-07-19 02:04:32,1524
3138,56,673,2025-07-19 02:14:28,30
3139,451,45,2025-07-19 03:30:48,2826
3140,407,452,2025-07-19 04:05:19,246
3141,17,474,2025-07-19 04:10:22,190
3142,8,5,2025-07-19 04:37:01,2501
3143,335,89,2025-07-19 06:00:13,1478
3144,365,336,2025-07-19 06:15:26,2988
3145,409,582,2025-07-19 06:56:10,1522
3146,110,423,2025-07-19 07:30:19,1826
3147,242,785,2025-07-19 07:42:28,2041
3148,320,739,2025-07-19 07:48:43,2884
3149,413,319,2025-07-19 07:49:53,1841
3150,372,793,2025-07-19 08:00:55,181
3151,181,794,2025-07-19 09:44:18,3266
3152,94,71,2025-07-19 09:47:40,1072
3153,402,746,2025-07-19 10:16:50,2984
3154,422,248,2025-07-19 10:30:17,2748
3155,31,416,2025-07-19 10:36:29,1133
3156,382,440,2025-07-19 10:37:14,1075
3157,368,258,2025-07-19 11:28:29,3408
3158,281,311,2025-07-19 11:41:10,1748
3159,472,646,2025-07-19 12:40:08,2332
3160,277,49,2025-07-19 12:52:27,727
3161,475,284,2025-07-19 14:17:00,1564
3162,172,361,2025-07-19 14:38:29,194
3163,290,188,2025-07-19 14:46:22,749
3164,480,342,2025-07-19 15:05:14,1002
3165,323,717,2025-07-19 15:38:53,2153
3166,53,240,2025-07-19 16:43:52,85
3167,399,520,2025-07-19 17:11:54,1204
3168,10,146,2025-07-19 17:16:31,942
3169,350,399,2025-07-19 17:22:19,310
3170,13,416,2025-07-19 18:54:24,994
3171,419,275,2025-07-19 19:01:46,2391
3172,1,85,2025-07-19 19:09:39,1058
3173,402,580,2025-07-19 19:51:50,2382
3174,441,428,2025-07-19 21:08:46,2082
3175,164,114,2025-07-19 21:59:18,1779
3176,465,356,2025-07-19 22:05:23,2361
3177,133,451,2025-07-19 22:12:04,2231
3178,145,45,2025-07-19 23:08:56,3003
3179,361,196,2025-07-19 23:34:01,1331
3180,477,363,2025-07-19 23:39:42,3267
3181,15,237,2025-07-20 00:01:20,2351
3182,202,295,2025-07-20 00:42:17,1127
3183,396,739,2025-07-20 01:06:02,491
3184,2,285,2025-07-20 01:47:37,3435
3185,220,47,2025-07-20 02:06:42,1067
3186,33,74,2025-07-20 02:16:13,2680
3187,490,227,2025-07-20 03:04:51,1674
3188,457,179,2025-07-20 03:18:39,1929
3189,125,383,2025-07-20 03:56:46,2533
3190,199,73,2025-07-20 04:41:05,249
3191,482,592,2025-07-20 04:44:17,26
3192,483,561,2025-07-20 04:47:01,271
3193,245,270,2025-07-20 05:17:29,438
3194,246,513,2025-07-20 06:02:30,1646
3195,490,224,2025-07-20 06:32:21,2287
3196,298,716,2025-07-20 06:40:52,2996
3197,2,403,2025-07-20 07:03:30,554
3198,81,343,2025-07-20 08:19:29,1939
3199,425,12,2025-07-20 09:24:37,50
3200,131,134,2025-07-20 10:20:58,660
3201,276,261,2025-07-20 11:02:37,818
3202,485,587,2025-07-20 11:55:39,804
3203,158,339,2025-07-20 12:08:39,2010
3204,17,586,2025-07-20 12:27:37,319
3205,347,48,2025-07-20 12:30:49,1464
3206,277,570,2025-07-20 13:01:17,921
3207,78,120,2025-07-20 13:36:53,110
3208,70,632,2025-07-20 13:48:03,666
3209,491,468,2025-07-20 14:12:21,687
3210,405,557,2025-07-20 15:02:16,665
3211,45,176,2025-07-20 16:08:32,2072
3212,86,405,2025-07-20 16:34:27,152
3213,344,184,2025-07-20 16:46:01,1432
3214,190,363,2025-07-20 17:38:51,2902
3215,238,26,2025-07-20 17:39:21,1391
3216,59,94,2025-07-20 17:49:07,673
3217,385,564,2025-07-20 18:14:34,69
3218,87,102,2025-07-20 18:15:29,962
3219,35,362,2025-07-20 19:06:42,2492
3220,294,501,2025-07-20 19:57:42,2219
3221,223,109,2025-07-20 21:18:13,2526
3222,191,341,2025-07-20 21:55:21,2493
3223,161,583,2025-07-20 23:55:28,1914
3224,361,708,2025-07-21 01:36:43,243
3225,26,769,2025-07-21 01:41:31,1096
3226,274,784,2025-07-21 03:15:26,2709
3227,281,385,2025-07-21 03:53:23,766
3228,246,177,2025-07-21 04:09:23,2365
3229,160,55,2025-07-21 05:32:16,1244
3230,370,773,2025-07-21 06:10:38,2561
3231,110,630,2025-07-21 06:28:19,1206
3232,118,139,2025-07-21 07:10:44,2180
3233,143,286,2025-07-21 07:30:51,2922
3234,68,768,2025-07-21 07:44:23,1164
3235,499,369,2025-07-21 08:00:38,2623
3236,345,130,2025-07-21 08:37:56,3022
3237,325,213,2025-07-21 08:48:57,1984
3238,77,225,2025-07-21 09:19:49,2755
3239,184,131,2025-07-21 09:41:32,805
3240,100,43,2025-07-21 09:58:31,2846
3241,214,344,2025-07-21 10:10:15,2361
3242,2,699,2025-07-21 10:45:19,2291
3243,305,237,2025-07-21 11:11:09,2162
3244,204,599,2025-07-21 12:46:39,307
3245,37,701,2025-07-21 13:37:42,56
3246,213,700,2025-07-21 13:52:41,701
3247,241,306,2025-07-21 13:53:00,1213
3248,82,597,2025-07-21 14:05:29,688
3249,403,30,2025-07-21 14:06:52,1155
3250,421,283,2025-07-21 15:00:12,149
3251,291,84,2025-07-21 15:07:28,1036
3252,250,15,2025-07-21 15:25:33,1204
3253,189,428,2025-07-21 15:33:08,2174
3254,386,42,2025-07-21 15:33:33,878
3255,44,585,2025-07-21 15:43:41,662
3256,156,596,2025-07-21 16:05:42,1613
3257,336,38,2025-07-21 16:09:13,855
3258,351,314,2025-07-21 16:20:06,2882
3259,214,353,2025-07-21 17:36:31,209
3260,233,195,2025-07-21 18:57:59,1228
3261,452,121,2025-07-21 19:01:45,355
3262,403,421,2025-07-21 20:09:31,1688
3263,482,671,2025-07-21 20:15:06,740
3264,52,696,2025-07-21 20:28:56,1286
3265,21,547,2025-07-21 20:52:32,2338
3266,352,633,2025-07-21 21:11:54,432
3267,328,246,2025-07-21 21:19:07,1073
3268,337,616,2025-07-21 21:35:57,3046
3269,287,347,2025-07-21 22:55:25,3228
3270,493,289,2025-07-21 23:19:08,1064
3271,188,683,2025-07-21 23:27:17,280
3272,134,208,2025-07-21 23:29:41,883
3273,40,81,2025-07-21 23:49:37,2962
3274,256,416,2025-07-21 23:57:49,223
3275,443,479,2025-07-21 23:58:51,638
3276,346,276,2025-07-22 01:05:32,2970
3277,365,738,2025-07-22 01:06:09,1427
3278,462,651,2025-07-22 01:49:22,1393
3279,224,380,2025-07-22 01:57:00,827
3280,198,746,2025-07-22 02:25:27,3472
3281,33,442,2025-07-22 04:22:20,411
3282,176,293,2025-07-22 04:58:08,1686
3283,294,341,2025-07-22 05:35:05,3016
3284,157,521,2025-07-22 05:45:17,139
3285,306,147,2025-07-22 06:06:47,2472
3286,204,310,2025-07-22 06:49:17,2186
3287,123,14,2025-07-22 07:30:56,1042
3288,189,796,2025-07-22 07:41:50,2111
3289,198,126,2025-07-22 08:12:52,2272
3290,489,272,2025-07-22 09:11:26,2511
3291,460,162,2025-07-22 10:05:08,3364
3292,163,317,2025-07-22 10:28:38,598
3293,212,226,2025-07-22 10:56:55,639
3294,465,698,2025-07-22 11:46:18,1507
3295,375,125,2025-07-22 13:02:15,1738
3296,86,146,2025-07-22 13:06:47,895
3297,229,95,2025-07-22 13:11:41,2034
3298,108,372,2025-07-22 15:32:33,2914
3299,91,444,2025-07-22 18:51:45,2214
3300,137,697,2025-07-22 19:12:25,1325
3301,255,199,2025-07-22 20:17:01,2949
3302,418,693,2025-07-22 20:23:37,282
3303,449,760,2025-07-22 20:30:43,2494
3304,232,136,2025-07-22 23:01:19,2169
3305,97,200,2025-07-22 23:03:30,1044
3306,331,48,2025-07-22 23:36:49,1692
3307,79,450,2025-07-23 00:14:31,2784
3308,189,334,2025-07-23 00:27:23,1007
3309,13,156,2025-07-23 00:53:41,1478
3310,34,317,2025-07-23 01:03:10,465
3311,100,123,2025-07-23 01:26:49,1344
3312,294,709,2025-07-23 01:50:12,894
3313,204,542,2025-07-23 02:03:52,2082
3314,85,36,2025-07-23 03:14:08,1016
3315,180,727,2025-07-23 04:00:23,1978
3316,370,28,2025-07-23 04:32:54,2408
3317,439,497,2025-07-23 04:49:56,2039
3318,495,631,2025-07-23 05:16:42,1250
3319,110,241,2025-07-23 05:16:50,914
3320,418,454,2025-07-23 05:34:42,1770
3321,309,623,2025-07-23 08:27:11,512
3322,354,711,2025-07-23 08:34:50,1280
3323,182,231,2025-07-23 09:42:03,812
3324,180,36,2025-07-23 09:42:12,2193
3325,500,471,2025-07-23 10:05:08,76
3326,404,124,2025-07-23 10:07:32,2860
3327,103,391,2025-07-23 10:59:38,8
3328,203,103,2025-07-23 11:23:18,1952
3329,284,228,2025-07-23 13:25:01,1338
3330,493,188,2025-07-23 13:33:35,928
3331,407,646,2025-07-23 13:45:04,2554
3332,441,265,2025-07-23 14:03:23,808
3333,386,269,2025-07-23 15:29:42,1217
3334,111,708,2025-07-23 15:29:53,1742
3335,365,521,2025-07-23 16:12:56,56
3336,130,158,2025-07-23 16:56:58,1557
3337,290,158,2025-07-23 17:18:27,1455
3338,441,189,2025-07-23 18:05:55,1919
3339,194,188,2025-07-23 18:25:29,949
3340,109,381,2025-07-23 18:33:31,2092
3341,460,651,2025-07-23 18:34:40,1351
3342,35,664,2025-07-23 19:13:58,530
3343,407,504,2025-07-23 19:52:57,1830
3344,343,323,2025-07-23 19:56:43,1089
3345,63,669,2025-07-23 20:26:42,659
3346,37,226,2025-07-23 22:00:45,598
3347,261,294,2025-07-23 22:02:14,2479
3348,243,673,2025-07-23 23:12:28,542
3349,405,488,2025-07-23 23:40:19,195
3350,410,179,2025-07-23 23:54:55,2062
3351,220,738,2025-07-24 00:09:42,553
3352,345,351,2025-07-24 01:52:32,1832
3353,344,94,2025-07-24 02:00:23,669
3354,303,329,2025-07-24 02:01:44,645
3355,31,489,2025-07-24 02:15:19,2569
3356,87,446,2025-07-24 02:38:59,2804
3357,444,668,2025-07-24 03:37:46,1301
3358,77,315,2025-07-24 04:13:44,160
3359,367,441,2025-07-24 05:49:42,1705
3360,291,663,2025-07-24 07:24:20,551
3361,243,221,2025-07-24 08:27:52,174
3362,119,82,2025-07-24 08:55:18,1017
3363,225,668,2025-07-24 09:36:12,1498
3364,174,713,2025-07-24 09:50:02,1760
3365,333,558,2025-07-24 09:52:06,2653
3366,107,647,2025-07-24 10:36:16,924
3367,159,208,2025-07-24 10:46:30,368
3368,169,317,2025-07-24 10:46:54,654
3369,403,593,2025-07-24 11:03:12,2218
3370,24,163,2025-07-24 11:20:08,753
3371,397,358,2025-07-24 11:33:28,3149
3372,289,656,2025-07-24 12:37:39,703
3373,365,52,2025-07-24 13:41:35,240
3374,203,314,2025-07-24 13:49:53,3210
3375,206,305,2025-07-24 14:13:16,701
3376,454,92,2025-07-24 14:29:32,1190
3377,219,708,2025-07-24 15:12:56,1791
3378,12,417,2025-07-24 15:27:26,770
3379,102,39,2025-07-24 15:38:12,1371
3380,219,632,2025-07-24 16:21:01,377
3381,452,651,2025-07-24 16:34:27,1315
3382,195,229,2025-07-24 19:13:05,1342
3383,239,737,2025-07-24 19:37:59,174
3384,271,165,2025-07-24 20:12:28,799
3385,121,81,2025-07-24 20:40:22,3131
3386,318,574,2025-07-24 20:58:02,3021
3387,179,289,2025-07-24 21:44:16,949
3388,170,772,2025-07-24 22:29:05,609
3389,382,227,2025-07-24 22:53:25,1644
3390,460,313,2025-07-24 22:56:27,1105
3391,302,251,2025-07-24 23:42:56,2557
3392,440,265,2025-07-24 23:57:34,433
3393,452,277,2025-07-25 00:02:34,1237
3394,347,674,2025-07-25 01:50:09,2465
3395,304,337,2025-07-25 01:59:33,2880
3396,371,224,2025-07-25 02:05:43,2337
3397,395,535,2025-07-25 02:48:27,3045
3398,81,107,2025-07-25 04:01:30,780
3399,229,133,2025-07-25 04:29:35,60
3400,390,45,2025-07-25 06:12:45,2875
3401,179,198,2025-07-25 06:44:02,751
3402,173,484,2025-07-25 07:55:53,997
3403,20,251,2025-07-25 10:11:47,202
3404,435,312,2025-07-25 10:44:12,1556
3405,115,581,2025-07-25 11:10:12,36
3406,448,365,2025-07-25 12:05:20,1542
3407,443,473,2025-07-25 12:26:14,755
3408,362,610,2025-07-25 12:40:02,1021
3409,347,483,2025-07-25 13:09:21,847
3410,413,81,2025-07-25 13:32:54,3127
3411,134,723,2025-07-25 14:01:33,1078
3412,168,407,2025-07-25 14:30:53,1259
3413,278,564,2025-07-25 14:38:22,1472
3414,94,196,2025-07-25 14:47:18,1240
3415,70,35,2025-07-25 15:43:33,2328
3416,94,272,2025-07-25 16:58:21,2551
3417,119,680,2025-07-25 17:05:54,803
3418,355,691,2025-07-25 17:43:01,2841
3419,426,29,2025-07-25 18:24:03,456
3420,334,322,2025-07-25 18:35:09,805
3421,144,391,2025-07-25 19:10:12,632
3422,413,670,2025-07-25 19:51:46,437
3423,456,293,2025-07-25 20:33:41,122
3424,155,213,2025-07-25 21:12:35,1883
3425,407,376,2025-07-25 22:15:28,2660
3426,313,288,2025-07-25 23:25:25,2870
3427,173,748,2025-07-25 23:27:15,1799
3428,103,137,2025-07-25 23:30:21,2640
3429,5,140,2025-07-26 00:00:23,87
3430,56,221,2025-07-26 00:08:10,583
3431,102,260,2025-07-26 01:22:29,577
3432,63,687,2025-07-26 01:56:33,3148
3433,418,11,2025-07-26 02:06:40,2973
3434,313,625,2025-07-26 02:25:27,2705
3435,384,59,2025-07-26 03:21:52,1598
3436,41,178,2025-07-26 03:32:33,2639
3437,133,500,2025-07-26 03:40:25,303
3438,470,135,2025-07-26 04:21:11,349
3439,485,596,2025-07-26 04:23:26,2557
3440,9,94,2025-07-26 04:41:03,579
3441,409,136,2025-07-26 05:31:11,1608
3442,417,740,2025-07-26 05:39:09,3001
3443,280,474,2025-07-26 05:57:04,2064
3444,244,658,2025-07-26 06:43:59,1773
3445,212,109,2025-07-26 07:05:29,2710
3446,94,271,2025-07-26 07:20:47,245
3447,275,452,2025-07-26 07:22:24,1190
3448,174,518,2025-07-26 07:23:03,2514
3449,307,42,2025-07-26 07:34:23,857
3450,198,404,2025-07-26 07:48:35,2919
3451,260,743,2025-07-26 07:58:35,1293
3452,322,193,2025-07-26 08:21:41,651
3453,96,103,2025-07-26 08:30:17,673
3454,272,469,2025-07-26 08:48:20,1670
3455,353,567,2025-07-26 08:54:12,2644
3456,343,76,2025-07-26 09:38:05,979
3457,150,711,2025-07-26 11:01:22,173
3458,78,361,2025-07-26 11:31:42,696
3459,356,364,2025-07-26 11:35:23,1402
3460,392,113,2025-07-26 13:07:06,2768
3461,253,398,2025-07-26 13:47:49,2192
3462,94,168,2025-07-26 15:25:24,511
3463,58,385,2025-07-26 15:32:48,527
3464,134,606,2025-07-26 16:55:32,2104
3465,466,200,2025-07-26 17:07:24,1016
3466,101,208,2025-07-26 18:16:16,940
3467,464,19,2025-07-26 19:00:29,2763
3468,307,595,2025-07-26 19:04:20,1609
3469,412,171,2025-07-26 19:26:02,229
3470,393,520,2025-07-26 19:54:27,1089
3471,161,195,2025-07-26 20:03:51,2973
3472,360,187,2025-07-26 20:23:27,2156
3473,486,613,2025-07-26 20:53:20,3092
3474,232,510,2025-07-26 21:54:22,1410
3475,184,581,2025-07-26 23:10:02,1126
3476,179,556,2025-07-26 23:37:43,292
3477,335,378,2025-07-27 00:42:18,3392
3478,147,120,2025-07-27 00:51:29,267
3479,394,421,2025-07-27 01:37:03,618
3480,388,681,2025-07-27 02:11:37,2357
3481,238,685,2025-07-27 03:31:41,553
3482,424,638,2025-07-27 04:13:41,3466
3483,22,442,2025-07-27 05:42:16,865
3484,264,28,2025-07-27 06:12:31,2617
3485,105,742,2025-07-27 07:36:41,648
3486,21,45,2025-07-27 09:12:31,1717
3487,361,161,2025-07-27 09:27:29,286
3488,78,97,2025-07-27 09:30:59,1700
3489,384,304,2025-07-27 09:58:34,3293
3490,191,552,2025-07-27 10:22:55,1131
3491,256,412,2025-07-27 10:49:24,351
3492,57,544,2025-07-27 12:08:06,1334
3493,159,313,2025-07-27 12:47:37,1217
3494,22,398,2025-07-27 12:51:50,1731
3495,255,453,2025-07-27 13:44:36,1885
3496,267,336,2025-07-27 13:58:36,3506
3497,145,409,2025-07-27 15:10:52,1316
3498,223,742,2025-07-27 15:44:47,483
3499,313,145,2025-07-27 15:49:58,714
3500,39,198,2025-07-27 15:53:33,543
3501,146,168,2025-07-27 16:03:23,2681
3502,58,289,2025-07-27 16:17:09,1056
3503,291,792,2025-07-27 16:40:37,2434
3504,442,630,2025-07-27 17:07:32,3316
3505,313,609,2025-07-27 18:06:23,798
3506,50,668,2025-07-27 19:16:23,911
3507,282,21,2025-07-27 19:30:41,116
3508,11,756,2025-07-27 19:53:22,2589
3509,3,357,2025-07-27 20:40:35,2052
3510,100,558,2025-07-27 22:29:27,3051
3511,324,48,2025-07-27 22:42:31,1528
3512,272,241,2025-07-27 23:00:42,2031
3513,353,166,2025-07-28 00:02:51,2246
3514,338,798,2025-07-28 00:10:44,2314
3515,204,547,2025-07-28 00:52:27,1967
3516,224,250,2025-07-28 01:13:30,2157
3517,456,212,2025-07-28 01:57:07,1797
3518,345,209,2025-07-28 02:08:17,378
3519,43,518,2025-07-28 02:11:09,2545
3520,278,769,2025-07-28 02:13:12,1112
3521,54,254,2025-07-28 03:06:44,1789
3522,1,77,2025-07-28 04:40:05,1194
3523,103,232,2025-07-28 05:33:08,2255
3524,435,521,2025-07-28 05:41:37,1575
3525,237,755,2025-07-28 05:42:43,2441
3526,167,726,2025-07-28 05:58:07,828
3527,208,494,2025-07-28 06:16:04,1257
3528,387,645,2025-07-28 06:48:25,984
3529,326,552,2025-07-28 08:41:16,2317
3530,127,789,2025-07-28 09:15:31,62
3531,490,420,2025-07-28 09:55:28,1399
3532,181,608,2025-07-28 09:55:43,2977
3533,278,710,2025-07-28 10:48:00,520
3534,346,18,2025-07-28 10:49:07,875
3535,201,386,2025-07-28 10:50:08,2145
3536,197,783,2025-07-28 12:24:47,1091
3537,49,142,2025-07-28 12:53:53,871
3538,304,580,2025-07-28 13:19:13,1998
3539,309,280,2025-07-28 13:30:14,2647
3540,228,756,2025-07-28 13:40:15,1101
3541,12,456,2025-07-28 13:41:22,539
3542,211,434,2025-07-28 14:37:40,2529
3543,225,588,2025-07-28 14:43:56,2400
3544,284,610,2025-07-28 15:06:36,1104
3545,287,361,2025-07-28 15:26:52,980
3546,142,78,2025-07-28 16:50:50,1011
3547,259,310,2025-07-28 17:04:09,1267
3548,235,532,2025-07-28 18:29:00,2718
3549,298,550,2025-07-28 18:29:51,2740
3550,398,599,2025-07-28 18:49:08,2338
3551,406,620,2025-07-28 20:32:14,1036
3552,449,11,2025-07-28 21:04:29,2801
3553,17,168,2025-07-28 21:23:33,2935
3554,205,297,2025-07-28 21:54:32,1681
3555,279,184,2025-07-28 23:11:38,928
3556,54,789,2025-07-28 23:11:46,949
3557,285,195,2025-07-28 23:46:41,3211
3558,157,683,2025-07-29 01:53:29,2298
3559,378,486,2025-07-29 02:24:19,2115
3560,284,356,2025-07-29 02:43:46,2468
3561,474,458,2025-07-29 03:31:47,3164
3562,109,48,2025-07-29 05:27:43,1725
3563,207,105,2025-07-29 05:28:10,2623
3564,331,209,2025-07-29 06:33:44,148
3565,150,100,2025-07-29 06:34:24,1022
3566,225,555,2025-07-29 06:36:15,3433
3567,230,584,2025-07-29 07:02:38,289
3568,468,20,2025-07-29 07:40:55,2964
3569,450,659,2025-07-29 08:05:32,609
3570,105,438,2025-07-29 08:17:09,2344
3571,139,303,2025-07-29 08:34:57,2937
3572,305,45,2025-07-29 09:49:40,2857
3573,217,573,2025-07-29 10:00:07,2890
3574,85,309,2025-07-29 10:39:51,2088
3575,65,120,2025-07-29 11:30:45,1139
3576,447,490,2025-07-29 12:11:33,677
3577,95,186,2025-07-29 12:16:10,652
3578,478,651,2025-07-29 12:18:59,1296
3579,133,511,2025-07-29 12:20:00,2523
3580,148,702,2025-07-29 12:37:32,695
3581,224,335,2025-07-29 12:38:45,786
3582,274,231,2025-07-29 12:52:14,1554
3583,71,295,2025-07-29 13:02:07,964
3584,360,611,2025-07-29 13:04:33,495
3585,338,190,2025-07-29 13:17:12,1496
3586,368,798,2025-07-29 13:31:35,2471
3587,325,475,2025-07-29 14:11:02,925
3588,329,559,2025-07-29 14:23:54,3162
3589,365,692,2025-07-29 14:47:34,2944
3590,343,313,2025-07-29 16:07:27,800
3591,440,321,2025-07-29 16:25:05,977
3592,251,378,2025-07-29 16:37:52,3062
3593,470,54,2025-07-29 18:55:19,1483
3594,307,95,2025-07-29 20:36:44,1075
3595,118,784,2025-07-29 21:38:55,2480
3596,153,449,2025-07-29 21:47:51,2149
3597,152,115,2025-07-30 00:47:31,3227
3598,298,308,2025-07-30 01:03:10,1732
3599,134,297,2025-07-30 01:13:16,1578
3600,119,501,2025-07-30 01:30:59,1908
3601,272,223,2025-07-30 01:58:25,2384
3602,103,246,2025-07-30 02:01:22,989
3603,94,438,2025-07-30 02:20:37,2257
3604,456,180,2025-07-30 02:32:32,3021
3605,90,492,2025-07-30 02:55:03,2398
3606,285,446,2025-07-30 03:34:19,1723
3607,63,456,2025-07-30 03:35:58,969
3608,109,336,2025-07-30 04:06:40,3169
3609,263,52,2025-07-30 04:47:42,1404
3610,218,703,2025-07-30 05:39:47,1475
3611,255,90,2025-07-30 07:54:44,3085
3612,84,607,2025-07-30 08:21:37,3270
3613,159,230,2025-07-30 08:41:51,1394
3614,295,264,2025-07-30 11:02:57,802
3615,498,350,2025-07-30 11:10:35,347
3616,15,707,2025-07-30 11:46:38,50
3617,175,492,2025-07-30 13:26:44,876
3618,427,701,2025-07-30 14:14:16,1150
3619,277,609,2025-07-30 14:37:42,843
3620,88,667,2025-07-30 15:11:55,433
3621,398,530,2025-07-30 15:23:07,1755
3622,344,630,2025-07-30 15:37:29,3150
3623,288,380,2025-07-30 15:57:36,810
3624,364,585,2025-07-30 16:08:53,681
3625,380,114,2025-07-30 16:21:02,1482
3626,226,764,2025-07-30 18:16:38,2704
3627,460,679,2025-07-30 18:47:58,919
3628,154,542,2025-07-30 19:19:04,2057
3629,232,84,2025-07-30 19:34:57,1214
3630,271,307,2025-07-30 19:50:16,2786
3631,51,273,2025-07-30 20:00:03,2029
3632,448,164,2025-07-30 21:35:52,2478
3633,43,187,2025-07-31 00:00:06,2157
3634,258,350,2025-07-31 01:40:35,2773
3635,42,592,2025-07-31 01:46:31,1330
3636,276,82,2025-07-31 01:51:52,680
3637,455,24,2025-07-31 02:33:50,2070
3638,495,738,2025-07-31 03:03:39,1620
3639,228,480,2025-07-31 03:16:44,1962
3640,442,436,2025-07-31 05:54:27,2840
3641,405,383,2025-07-31 06:44:25,488
3642,259,552,2025-07-31 07:52:02,2268
3643,384,13,2025-07-31 07:56:06,3344
3644,345,405,2025-07-31 07:57:40,121
3645,124,599,2025-07-31 08:37:41,156
3646,65,588,2025-07-31 08:42:15,2305
3647,162,358,2025-07-31 09:38:55,1927
3648,31,707,2025-07-31 10:10:55,2540
3649,439,515,2025-07-31 10:18:55,1905
3650,451,139,2025-07-31 10:37:43,1537
3651,36,352,2025-07-31 11:15:57,1839
3652,106,389,2025-07-31 11:27:50,2059
3653,112,707,2025-07-31 11:31:50,2484
3654,126,215,2025-07-31 11:47:03,2382
3655,4,642,2025-07-31 12:15:19,1224
3656,385,441,2025-07-31 12:19:09,240
3657,341,253,2025-07-31 12:41:19,102
3658,193,246,2025-07-31 13:55:00,999
3659,405,119,2025-07-31 14:02:53,1403
3660,348,629,2025-07-31 15:00:39,43
3661,123,483,2025-07-31 15:02:11,828
3662,279,609,2025-07-31 15:03:52,889
3663,3,352,2025-07-31 16:18:05,1647
3664,194,262,2025-07-31 16:29:21,1250
3665,40,36,2025-07-31 16:57:01,2478
3666,491,332,2025-07-31 16:59:28,2406
3667,419,651,2025-07-31 17:32:13,1330
3668,500,383,2025-07-31 17:35:40,2356
3669,280,2,2025-07-31 18:01:31,1089
3670,74,499,2025-07-31 18:50:32,3018
3671,261,105,2025-07-31 19:48:32,1087
3672,60,542,2025-07-31 19:48:35,1876
3673,109,23,2025-07-31 19:48:46,2369
3674,254,412,2025-07-31 20:50:12,698
3675,441,622,2025-07-31 22:04:53,1300
3676,89,178,2025-07-31 22:06:39,2655
3677,315,522,2025-07-31 22:22:01,533
3678,492,360,2025-07-31 23:35:07,1758
3679,393,337,2025-07-31 23:38:17,3414
3680,252,127,2025-07-31 23:43:34,2632
3681,496,436,2025-08-01 00:37:49,3380
3682,404,109,2025-08-01 02:04:13,2714
3683,398,739,2025-08-01 02:17:16,2810
3684,107,605,2025-08-01 02:35:08,892
3685,253,211,2025-08-01 03:16:09,783
3686,493,525,2025-08-01 04:07:51,1256
3687,390,487,2025-08-01 04:34:37,1865
3688,368,9,2025-08-01 05:02:12,1896
3689,488,358,2025-08-01 05:10:59,2061
3690,497,24,2025-08-01 05:12:11,787
3691,136,171,2025-08-01 05:18:35,2792
3692,434,175,2025-08-01 05:31:03,2826
3693,18,742,2025-08-01 05:41:07,1027
3694,138,777,2025-08-01 06:23:37,931
3695,254,707,2025-08-01 07:02:16,2476
3696,111,164,2025-08-01 07:39:02,1972
3697,283,659,2025-08-01 08:37:00,96
3698,159,102,2025-08-01 08:50:42,1028
3699,142,558,2025-08-01 09:09:46,2522
3700,286,487,2025-08-01 09:36:22,880
3701,478,589,2025-08-01 09:56:37,2490
3702,254,306,2025-08-01 11:05:49,1102
3703,427,711,2025-08-01 12:43:48,1128
3704,56,547,2025-08-01 13:03:20,1914
3705,196,539,2025-08-01 13:45:52,3165
3706,244,13,2025-08-01 14:03:17,1646
3707,87,58,2025-08-01 15:56:58,524
3708,305,344,2025-08-01 16:44:59,2269
3709,213,739,2025-08-01 17:14:57,1840
3710,491,557,2025-08-01 17:15:25,549
3711,310,321,2025-08-01 19:01:05,79
3712,171,577,2025-08-01 19:46:33,2344
3713,316,473,2025-08-01 19:59:17,131
3714,232,176,2025-08-01 21:24:18,775
3715,195,580,2025-08-01 21:28:04,256
3716,336,400,2025-08-01 21:32:52,2472
3717,422,260,2025-08-01 22:26:34,639
3718,381,418,2025-08-01 22:45:10,2300
3719,86,561,2025-08-01 22:58:27,2367
3720,4,466,2025-08-01 23:07:19,1119
3721,75,231,2025-08-01 23:46:04,1486
3722,463,135,2025-08-01 23:56:01,1109
3723,8,148,2025-08-01 23:57:26,2435
3724,387,85,2025-08-02 00:38:25,750
3725,374,18,2025-08-02 00:57:39,781
3726,409,486,2025-08-02 02:25:58,2622
3727,346,188,2025-08-02 02:26:41,864
3728,116,134,2025-08-02 03:16:48,643
3729,419,308,2025-08-02 04:05:08,1538
3730,69,277,2025-08-02 04:34:21,1400
3731,277,360,2025-08-02 04:51:54,949
3732,295,684,2025-08-02 04:52:11,1489
3733,473,94,2025-08-02 06:35:39,328
3734,388,720,2025-08-02 06:48:43,452
3735,212,262,2025-08-02 07:25:00,1766
3736,264,691,2025-08-02 08:08:55,2723
3737,31,10,2025-08-02 08:13:54,2144
3738,13,524,2025-08-02 08:31:34,1989
3739,500,91,2025-08-02 09:27:00,623
3740,150,635,2025-08-02 09:52:12,2014
3741,23,52,2025-08-02 10:02:30,2531
3742,478,787,2025-08-02 11:27:42,3212
3743,493,748,2025-08-02 11:33:05,1767
3744,118,286,2025-08-02 12:29:11,3080
3745,484,41,2025-08-02 12:47:00,2499
3746,271,421,2025-08-02 13:07:17,1520
3747,439,10,2025-08-02 13:47:36,1756
3748,373,504,2025-08-02 13:50:32,2750
3749,184,337,2025-08-02 14:04:10,172
3750,32,22,2025-08-02 14:18:21,170
3751,150,762,2025-08-02 15:07:58,2151
3752,57,627,2025-08-02 15:26:28,213
3753,399,582,2025-08-02 16:04:09,1421
3754,409,3,2025-08-02 17:36:07,495
3755,197,582,2025-08-02 17:50:22,1596
3756,72,702,2025-08-02 18:10:22,784
3757,298,690,2025-08-02 18:16:30,1950
3758,379,734,2025-08-02 18:39:22,2861
3759,376,345,2025-08-02 20:05:40,668
3760,483,561,2025-08-02 20:43:49,2383
3761,21,52,2025-08-02 21:00:49,329
3762,302,528,2025-08-02 21:06:46,482
3763,456,100,2025-08-02 23:18:22,909
3764,476,99,2025-08-02 23:59:36,2284
3765,310,569,2025-08-03 00:35:50,3044
3766,73,778,2025-08-03 01:02:27,1250
3767,10,194,2025-08-03 01:23:28,1515
3768,36,372,2025-08-03 03:33:55,1893
3769,211,31,2025-08-03 04:01:15,2600
3770,306,257,2025-08-03 04:20:51,540
3771,208,443,2025-08-03 04:23:31,2641
3772,282,142,2025-08-03 04:51:21,577
3773,72,724,2025-08-03 05:04:55,3032
3774,78,142,2025-08-03 08:12:13,935
3775,393,296,2025-08-03 08:37:26,1531
3776,73,35,2025-08-03 09:21:08,2497
3777,135,706,2025-08-03 10:12:26,1805
3778,468,368,2025-08-03 10:13:16,1630
3779,487,228,2025-08-03 10:20:55,1307
3780,45,164,2025-08-03 10:40:47,2817
3781,72,565,2025-08-03 11:13:37,1058
3782,215,72,2025-08-03 11:39:14,1327
3783,178,579,2025-08-03 11:55:51,432
3784,59,33,2025-08-03 12:06:23,103
3785,136,437,2025-08-03 12:49:36,695
3786,125,535,2025-08-03 12:50:56,1032
3787,451,764,2025-08-03 12:58:06,2401
3788,291,753,2025-08-03 13:06:43,2427
3789,46,129,2025-08-03 13:41:34,320
3790,367,384,2025-08-03 14:59:54,200
3791,167,230,2025-08-03 15:31:18,2902
3792,499,773,2025-08-03 15:44:28,1449
3793,449,313,2025-08-03 15:45:50,1354
3794,215,225,2025-08-03 16:22:17,2868
3795,13,110,2025-08-03 16:22:32,2899
3796,256,737,2025-08-03 17:00:04,2021
3797,375,317,2025-08-03 17:08:36,796
3798,286,432,2025-08-03 18:41:33,431
3799,84,326,2025-08-03 19:56:49,2706
3800,235,685,2025-08-03 20:44:01,643
3801,261,402,2025-08-03 20:53:28,3100
3802,180,716,2025-08-03 20:57:17,3392
3803,142,79,2025-08-03 23:48:37,712
3804,210,559,2025-08-04 00:42:49,3325
3805,320,301,2025-08-04 03:25:57,2967
3806,297,62,2025-08-04 04:05:36,905
3807,500,112,2025-08-04 05:12:52,1680
3808,155,150,2025-08-04 06:10:39,1508
3809,108,315,2025-08-04 06:58:28,490
3810,386,388,2025-08-04 08:03:55,2956
3811,173,653,2025-08-04 11:22:29,695
3812,183,168,2025-08-04 12:09:10,2706
3813,497,410,2025-08-04 13:15:07,2887
3814,420,91,2025-08-04 15:49:24,621
3815,253,793,2025-08-04 15:54:25,1604
3816,238,256,2025-08-04 15:59:59,153
3817,116,346,2025-08-04 16:01:33,1745
3818,443,515,2025-08-04 16:35:58,2226
3819,142,601,2025-08-04 16:48:40,1754
3820,208,266,2025-08-04 16:57:26,2741
3821,419,104,2025-08-04 17:05:46,1575
3822,450,380,2025-08-04 17:20:40,772
3823,411,744,2025-08-04 17:58:35,618
3824,206,53,2025-08-04 18:44:29,1925
3825,3,246,2025-08-04 18:46:32,897
3826,447,518,2025-08-04 19:37:47,3086
3827,32,716,2025-08-04 19:41:12,1842
3828,304,638,2025-08-04 19:48:53,3349
3829,414,283,2025-08-04 20:04:10,22
3830,480,487,2025-08-04 20:07:04,1637
3831,255,766,2025-08-04 20:26:54,394
3832,285,425,2025-08-04 20:41:31,232
3833,388,398,2025-08-04 21:16:02,2357
3834,182,701,2025-08-05 00:24:06,1512
3835,370,520,2025-08-05 01:00:31,712
3836,326,478,2025-08-05 01:32:24,1588
3837,5,644,2025-08-05 02:07:19,982
3838,115,346,2025-08-05 03:30:10,1714
3839,473,171,2025-08-05 04:08:15,2652
3840,268,763,2025-08-05 05:40:50,98
3841,390,58,2025-08-05 06:15:19,564
3842,55,437,2025-08-05 06:30:19,121
3843,316,482,2025-08-05 06:38:52,2007
3844,347,611,2025-08-05 07:20:48,3317
3845,129,493,2025-08-05 07:53:45,1219
3846,174,233,2025-08-05 07:54:08,280
3847,55,8,2025-08-05 08:12:28,413
3848,371,734,2025-08-05 08:40:33,3119
3849,497,513,2025-08-05 08:42:00,121
3850,445,301,2025-08-05 09:43:20,1865
3851,203,191,2025-08-05 10:34:58,2058
3852,20,394,2025-08-05 11:23:15,1919
3853,434,467,2025-08-05 12:46:50,744
3854,411,454,2025-08-05 13:05:31,2823
3855,354,122,2025-08-05 13:27:25,384
3856,187,714,2025-08-05 14:13:32,1809
3857,165,57,2025-08-05 17:15:28,3004
3858,422,149,2025-08-05 17:46:46,1931
3859,112,203,2025-08-05 19:20:10,2340
3860,333,536,2025-08-05 19:31:34,1681
3861,435,217,2025-08-05 21:01:13,2569
3862,444,228,2025-08-05 21:47:17,1259
3863,258,68,2025-08-05 22:21:33,245
3864,379,436,2025-08-05 23:59:53,2979
3865,162,235,2025-08-06 00:11:51,46
3866,194,488,2025-08-06 00:37:53,2641
3867,199,716,2025-08-06 00:43:33,2004
3868,342,630,2025-08-06 00:57:42,2909
3869,48,4,2025-08-06 04:04:40,1099
3870,142,511,2025-08-06 04:20:12,2455
3871,259,600,2025-08-06 04:23:06,2029
3872,242,253,2025-08-06 05:45:40,1205
3873,443,114,2025-08-06 05:47:41,1112
3874,465,505,2025-08-06 06:06:15,901
3875,191,784,2025-08-06 06:13:37,2652
3876,133,159,2025-08-06 07:44:42,1885
3877,344,613,2025-08-06 08:57:46,2961
3878,79,303,2025-08-06 10:17:58,2622
3879,190,791,2025-08-06 10:24:18,1462
3880,19,367,2025-08-06 10:52:14,95
3881,32,513,2025-08-06 11:47:52,2510
3882,387,668,2025-08-06 12:08:19,1571
3883,247,681,2025-08-06 12:52:15,2258
3884,158,234,2025-08-06 13:04:16,2484
3885,152,75,2025-08-06 13:29:47,817
3886,236,688,2025-08-06 14:39:36,954
3887,171,266,2025-08-06 17:28:13,2997
3888,76,462,2025-08-06 17:35:41,733
3889,24,460,2025-08-06 18:34:46,947
3890,335,387,2025-08-06 20:22:34,1314
3891,441,724,2025-08-06 20:51:47,1344
3892,496,411,2025-08-06 20:53:10,3096
3893,65,224,2025-08-06 21:45:12,2218
3894,244,622,2025-08-06 22:07:52,249
3895,409,270,2025-08-06 22:29:41,3347
3896,303,696,2025-08-06 22:51:08,460
3897,190,797,2025-08-06 23:35:34,312
3898,352,538,2025-08-06 23:36:08,2173
3899,103,592,2025-08-06 23:36:29,1564
3900,306,461,2025-08-07 00:26:08,750
3901,99,699,2025-08-07 00:27:22,2440
3902,378,486,2025-08-07 01:13:31,2926
3903,174,353,2025-08-07 01:39:21,748
3904,361,29,2025-08-07 03:00:22,1588
3905,433,186,2025-08-07 03:24:07,2091
3906,67,467,2025-08-07 03:28:15,1098
3907,90,659,2025-08-07 04:07:51,258
3908,428,476,2025-08-07 04:31:49,1401
3909,311,124,2025-08-07 04:40:38,2443
3910,400,302,2025-08-07 05:18:00,636
3911,148,275,2025-08-07 05:44:51,2579
3912,17,384,2025-08-07 06:06:08,456
3913,297,9,2025-08-07 06:17:11,1317
3914,16,185,2025-08-07 06:37:36,2176
3915,407,563,2025-08-07 06:42:20,372
3916,95,695,2025-08-07 07:11:03,2224
3917,217,560,2025-08-07 07:44:27,56
3918,455,778,2025-08-07 09:34:50,72
3919,205,199,2025-08-07 10:19:10,3385
3920,351,12,2025-08-07 10:20:25,860
3921,95,424,2025-08-07 10:48:33,759
3922,193,592,2025-08-07 11:11:59,661
3923,82,577,2025-08-07 12:07:19,1529
3924,469,569,2025-08-07 12:49:36,169
3925,380,408,2025-08-07 14:00:40,1767
3926,452,359,2025-08-07 15:24:02,761
3927,167,112,2025-08-07 16:12:35,1647
3928,66,474,2025-08-07 16:29:59,2078
3929,277,90,2025-08-07 16:31:47,1836
3930,114,357,2025-08-07 17:54:42,1857
3931,419,440,2025-08-07 18:34:09,196
3932,232,405,2025-08-07 18:48:35,771
3933,86,567,2025-08-07 18:49:49,2341
3934,251,272,2025-08-07 19:03:24,2535
3935,232,741,2025-08-07 20:51:04,452
3936,418,3,2025-08-07 21:28:04,2326
3937,212,23,2025-08-07 21:29:18,1341
3938,473,106,2025-08-07 21:51:16,2867
3939,24,170,2025-08-07 21:53:52,727
3940,423,307,2025-08-07 22:29:56,2770
3941,133,556,2025-08-07 23:22:35,1440
3942,461,161,2025-08-07 23:24:46,1817
3943,4,172,2025-08-08 00:31:57,491
3944,192,668,2025-08-08 02:42:06,1502
3945,59,634,2025-08-08 03:30:59,2044
3946,169,736,2025-08-08 03:33:15,1098
3947,298,517,2025-08-08 04:13:38,3108
3948,402,214,2025-08-08 04:45:12,2258
3949,449,167,2025-08-08 05:58:53,1192
3950,304,437,2025-08-08 06:10:44,536
3951,289,765,2025-08-08 06:48:19,1344
3952,65,276,2025-08-08 07:12:52,2533
3953,30,455,2025-08-08 07:28:25,2119
3954,465,627,2025-08-08 08:27:11,1636
3955,74,249,2025-08-08 08:38:37,1195
3956,236,317,2025-08-08 08:48:45,821
3957,8,394,2025-08-08 09:16:37,1229
3958,48,580,2025-08-08 09:57:47,1150
3959,408,101,2025-08-08 10:07:52,2490
3960,360,235,2025-08-08 11:07:07,127
3961,66,434,2025-08-08 11:23:34,2163
3962,342,521,2025-08-08 12:15:30,1640
3963,460,146,2025-08-08 12:59:14,1072
3964,230,785,2025-08-08 13:19:28,970
3965,338,760,2025-08-08 13:21:45,2896
3966,71,277,2025-08-08 13:30:41,60
3967,182,708,2025-08-08 14:08:53,910
3968,49,278,2025-08-08 14:34:59,1024
3969,328,108,2025-08-08 14:46:30,343
3970,436,453,2025-08-08 15:19:59,1932
3971,134,478,2025-08-08 15:51:54,1514
3972,129,135,2025-08-08 16:16:57,1046
3973,363,261,2025-08-08 16:17:36,2358
3974,277,113,2025-08-08 16:40:01,3455
3975,155,791,2025-08-08 17:58:06,2156
3976,325,392,2025-08-08 18:13:18,1492
3977,121,776,2025-08-08 18:13:37,1424
3978,182,98,2025-08-08 18:37:11,2065
3979,175,479,2025-08-08 18:49:16,745
3980,141,59,2025-08-08 19:08:03,2488
3981,402,368,2025-08-08 19:16:01,1762
3982,278,176,2025-08-08 19:29:10,1949
3983,407,490,2025-08-08 21:24:49,619
3984,261,273,2025-08-08 21:34:04,1990
3985,87,372,2025-08-08 21:45:48,2638
3986,448,327,2025-08-08 21:52:55,1451
3987,87,569,2025-08-08 22:21:57,1211
3988,387,109,2025-08-08 23:05:23,2441
3989,479,651,2025-08-08 23:12:32,1578
3990,229,177,2025-08-09 00:16:40,2106
3991,451,185,2025-08-09 00:19:12,1621
3992,406,167,2025-08-09 00:22:20,1224
3993,294,180,2025-08-09 01:14:34,3174
3994,336,428,2025-08-09 01:31:36,2141
3995,69,420,2025-08-09 02:05:08,1788
3996,176,54,2025-08-09 02:12:01,1395
3997,35,489,2025-08-09 02:47:25,2481
3998,119,630,2025-08-09 02:58:29,515
3999,113,252,2025-08-09 03:14:50,2557
4000,69,165,2025-08-09 05:44:15,415
4001,304,228,2025-08-09 05:51:53,1176
4002,495,22,2025-08-09 06:38:05,1299
4003,20,329,2025-08-09 06:59:59,631
4004,384,429,2025-08-09 08:00:01,2494
4005,446,133,2025-08-09 09:31:18,1193
4006,481,363,2025-08-09 10:12:17,422
4007,89,205,2025-08-09 10:45:00,1151
4008,338,151,2025-08-09 11:07:45,2658
4009,445,203,2025-08-09 11:45:29,1758
4010,406,633,2025-08-09 12:25:04,2168
4011,154,141,2025-08-09 13:22:29,586
4012,142,295,2025-08-09 13:48:00,664
4013,238,482,2025-08-09 14:11:25,2120
4014,487,431,2025-08-09 15:08:09,3186
4015,355,214,2025-08-09 15:15:16,2187
4016,500,47,2025-08-09 15:51:49,1108
4017,243,336,2025-08-09 17:27:44,2898
4018,11,89,2025-08-09 19:33:22,1452
4019,97,177,2025-08-09 21:41:22,937
4020,147,574,2025-08-09 21:49:11,1341
4021,40,788,2025-08-09 21:55:43,1352
4022,400,344,2025-08-09 22:57:34,2411
4023,131,460,2025-08-09 23:00:51,1114
4024,448,301,2025-08-10 00:39:00,2684
4025,432,780,2025-08-10 00:49:44,1523
4026,353,479,2025-08-10 01:09:40,368
4027,137,65,2025-08-10 01:39:33,1995
4028,174,233,2025-08-10 02:05:54,1377
4029,247,760,2025-08-10 02:21:08,2466
4030,143,241,2025-08-10 02:22:37,2329
4031,409,34,2025-08-10 02:36:28,2154
4032,135,689,2025-08-10 02:41:47,1688
4033,326,421,2025-08-10 02:57:15,1473
4034,490,536,2025-08-10 03:05:21,661
4035,373,385,2025-08-10 03:16:11,141
4036,494,360,2025-08-10 04:37:07,2568
4037,240,135,2025-08-10 05:07:15,2723
4038,284,69,2025-08-10 05:12:49,2005
4039,266,382,2025-08-10 05:16:53,1518
4040,481,62,2025-08-10 05:20:36,508
4041,296,113,2025-08-10 05:25:27,359
4042,358,466,2025-08-10 05:32:10,2720
4043,149,242,2025-08-10 06:03:42,1908
4044,173,38,2025-08-10 06:10:44,350
4045,218,607,2025-08-10 08:46:17,3001
4046,331,451,2025-08-10 09:29:21,1943
4047,359,124,2025-08-10 11:38:20,2460
4048,216,421,2025-08-10 12:16:15,1535
4049,144,795,2025-08-10 12:23:50,26
4050,261,663,2025-08-10 13:01:29,537
4051,169,693,2025-08-10 13:44:09,2471
4052,385,211,2025-08-10 13:49:51,741
4053,87,714,2025-08-10 13:54:25,1713
4054,388,494,2025-08-10 14:10:14,1235
4055,409,653,2025-08-10 14:25:17,657
4056,155,585,2025-08-10 14:38:59,476
4057,31,269,2025-08-10 14:51:12,2631
4058,392,80,2025-08-10 15:19:38,671
4059,16,417,2025-08-10 15:37:58,1513
4060,36,412,2025-08-10 15:42:54,1168
4061,459,16,2025-08-10 16:18:45,1160
4062,91,786,2025-08-10 17:01:51,3066
4063,291,550,2025-08-10 17:24:38,2996
4064,215,720,2025-08-10 18:06:16,814
4065,412,239,2025-08-10 18:58:08,3060
4066,4,547,2025-08-10 19:14:35,2282
4067,88,415,2025-08-10 19:29:00,2472
4068,357,606,2025-08-10 20:03:18,2162
4069,453,90,2025-08-10 20:42:38,2942
4070,352,656,2025-08-10 21:38:53,574
4071,397,580,2025-08-10 21:56:09,2121
4072,195,614,2025-08-10 23:18:42,1579
4073,225,195,2025-08-11 00:42:27,197
4074,84,279,2025-08-11 01:20:34,826
4075,143,675,2025-08-11 01:41:50,1143
4076,401,711,2025-08-11 02:00:39,1269
4077,276,115,2025-08-11 02:06:04,2999
4078,198,650,2025-08-11 02:24:03,2219
4079,348,117,2025-08-11 02:50:54,2666
4080,387,777,2025-08-11 03:20:20,2450
4081,436,259,2025-08-11 03:47:09,2391
4082,73,670,2025-08-11 03:49:12,2785
4083,230,794,2025-08-11 05:18:23,355
4084,80,423,2025-08-11 06:00:27,1606
4085,105,32,2025-08-11 06:01:55,770
4086,460,68,2025-08-11 06:44:58,711
4087,308,425,2025-08-11 07:42:06,1417
4088,427,307,2025-08-11 08:27:11,2827
4089,339,20,2025-08-11 09:12:46,2954
4090,495,348,2025-08-11 09:13:56,1010
4091,324,283,2025-08-11 09:19:22,160
4092,480,607,2025-08-11 09:45:53,3363
4093,198,113,2025-08-11 10:01:15,1621
4094,8,571,2025-08-11 10:08:15,49
4095,320,123,2025-08-11 10:33:29,1353
4096,473,432,2025-08-11 10:47:47,1426
4097,138,224,2025-08-11 11:33:08,2300
4098,95,658,2025-08-11 12:08:47,1379
4099,449,497,2025-08-11 12:12:01,1916
4100,383,303,2025-08-11 13:42:49,2914
4101,84,674,2025-08-11 13:59:54,2491
4102,300,93,2025-08-11 14:05:36,1537
4103,187,255,2025-08-11 14:27:27,75
4104,232,415,2025-08-11 15:46:19,2929
4105,313,386,2025-08-11 16:41:52,1927
4106,387,301,2025-08-11 17:13:15,1312
4107,457,707,2025-08-11 17:40:30,2290
4108,392,436,2025-08-11 17:49:35,1863
4109,418,451,2025-08-11 18:46:29,2309
4110,9,249,2025-08-11 19:00:52,1311
4111,450,523,2025-08-11 20:17:17,976
4112,292,463,2025-08-11 20:19:31,1320
4113,481,730,2025-08-11 22:23:13,2027
4114,66,237,2025-08-11 22:27:55,2133
4115,310,795,2025-08-11 23:12:50,1824
4116,38,133,2025-08-11 23:25:29,1219
4117,496,683,2025-08-12 01:30:28,2088
4118,132,191,2025-08-12 02:46:29,2868
4119,211,578,2025-08-12 03:59:33,2533
4120,38,465,2025-08-12 05:03:52,1585
4121,97,354,2025-08-12 05:24:50,1551
4122,486,616,2025-08-12 08:24:42,2889
4123,309,752,2025-08-12 10:25:34,984
4124,377,489,2025-08-12 10:30:21,2349
4125,364,508,2025-08-12 10:43:35,2561
4126,223,13,2025-08-12 11:17:58,3042
4127,26,536,2025-08-12 11:18:09,1651
4128,417,253,2025-08-12 12:22:13,66
4129,98,783,2025-08-12 12:45:30,1399
4130,6,31,2025-08-12 13:03:21,67
4131,335,675,2025-08-12 14:25:01,1171
4132,316,742,2025-08-12 14:26:08,939
4133,380,668,2025-08-12 14:26:27,1526
4134,375,578,2025-08-12 15:20:12,211
4135,265,589,2025-08-12 15:42:48,2472
4136,279,482,2025-08-12 15:42:52,1296
4137,330,336,2025-08-12 16:23:50,3099
4138,403,684,2025-08-12 17:16:44,1806
4139,169,636,2025-08-12 19:31:04,1468
4140,94,240,2025-08-12 20:21:10,2809
4141,249,437,2025-08-12 21:43:28,848
4142,483,268,2025-08-12 22:15:50,876
4143,481,583,2025-08-12 22:37:42,1970
4144,499,35,2025-08-12 23:03:17,2695
4145,68,5,2025-08-13 00:58:35,397
4146,479,3,2025-08-13 02:38:18,2281
4147,270,441,2025-08-13 03:02:08,1837
4148,392,668,2025-08-13 05:28:17,1460
4149,435,7,2025-08-13 06:22:49,2174
4150,132,124,2025-08-13 06:24:50,2825
4151,337,199,2025-08-13 08:33:57,3271
4152,50,14,2025-08-13 09:40:12,107
4153,87,76,2025-08-13 10:33:13,1202
4154,215,89,2025-08-13 10:52:06,1539
4155,24,151,2025-08-13 10:55:15,2749
4156,299,612,2025-08-13 11:51:08,2024
4157,100,216,2025-08-13 13:33:44,1996
4158,415,301,2025-08-13 13:41:25,2648
4159,147,564,2025-08-13 14:23:15,1440
4160,14,455,2025-08-13 14:51:38,2022
4161,397,231,2025-08-13 15:30:04,1547
4162,3,709,2025-08-13 16:17:43,827
4163,388,623,2025-08-13 16:30:12,122
4164,471,705,2025-08-13 17:05:21,2140
4165,248,712,2025-08-13 17:31:52,1078
4166,304,356,2025-08-13 17:48:05,194
4167,131,38,2025-08-13 18:45:05,715
4168,261,2,2025-08-13 18:49:31,1430
4169,378,98,2025-08-13 19:01:04,2163
4170,368,635,2025-08-13 19:38:50,2128
4171,60,408,2025-08-13 23:04:26,211
4172,26,292,2025-08-13 23:11:28,47
4173,7,735,2025-08-14 00:48:13,1041
4174,142,19,2025-08-14 00:58:28,2425
4175,365,560,2025-08-14 02:35:09,794
4176,349,215,2025-08-14 02:51:19,2181
4177,482,757,2025-08-14 02:54:50,1581
4178,421,558,2025-08-14 03:13:15,2933
4179,498,711,2025-08-14 04:27:06,1247
4180,7,156,2025-08-14 05:37:31,1312
4181,47,392,2025-08-14 05:38:44,844
4182,444,209,2025-08-14 05:40:30,667
4183,103,57,2025-08-14 06:16:15,2859
4184,135,22,2025-08-14 06:20:38,1413
4185,394,443,2025-08-14 06:30:49,2776
4186,286,495,2025-08-14 07:23:09,1986
4187,348,733,2025-08-14 08:28:49,1219
4188,430,741,2025-08-14 08:45:17,2658
4189,444,228,2025-08-14 10:21:09,70
4190,75,400,2025-08-14 11:30:00,2420
4191,284,347,2025-08-14 11:39:42,2868
4192,124,191,2025-08-14 11:56:18,2688
4193,17,303,2025-08-14 12:36:16,2837
4194,82,151,2025-08-14 13:47:50,150
4195,348,8,2025-08-14 13:48:38,987
4196,143,304,2025-08-14 14:11:48,3150
4197,443,545,2025-08-14 14:15:57,1540
4198,328,202,2025-08-14 14:50:28,286
4199,382,76,2025-08-14 14:51:07,1106
4200,296,279,2025-08-14 16:08:14,1191
4201,209,136,2025-08-14 16:22:41,2060
4202,389,591,2025-08-14 17:57:07,2354
4203,7,142,2025-08-14 18:11:04,844
4204,9,133,2025-08-14 18:22:07,1362
4205,4,222,2025-08-14 18:27:18,861
4206,476,54,2025-08-14 18:42:00,1293
4207,223,9,2025-08-14 19:09:37,1693
4208,329,90,2025-08-14 19:33:01,3075
4209,320,559,2025-08-14 19:52:42,2746
4210,23,607,2025-08-14 20:45:37,1304
4211,122,655,2025-08-14 20:52:25,74
4212,135,348,2025-08-14 21:10:05,459
4213,388,380,2025-08-14 21:20:24,778
4214,440,115,2025-08-14 21:33:47,3535
4215,22,51,2025-08-14 21:54:12,816
4216,442,475,2025-08-14 22:17:35,1007
4217,152,678,2025-08-14 23:25:06,1446
4218,303,141,2025-08-14 23:38:44,39
4219,310,289,2025-08-15 01:34:29,1054
4220,47,128,2025-08-15 01:38:21,1199
4221,281,610,2025-08-15 02:27:59,1091
4222,146,290,2025-08-15 02:37:40,2860
4223,444,172,2025-08-15 02:39:06,1408
4224,253,632,2025-08-15 03:34:35,671
4225,7,241,2025-08-15 06:15:27,2237
4226,431,143,2025-08-15 09:56:44,1323
4227,152,460,2025-08-15 10:22:59,926
4228,472,416,2025-08-15 10:40:24,53
4229,33,375,2025-08-15 10:57:33,781
4230,102,698,2025-08-15 11:16:21,175
4231,326,93,2025-08-15 13:04:15,1779
4232,28,356,2025-08-15 13:32:10,2319
4233,92,262,2025-08-15 13:45:18,1679
4234,158,453,2025-08-15 13:47:20,1707
4235,136,750,2025-08-15 13:48:25,1106
4236,164,712,2025-08-15 14:01:10,1883
4237,164,741,2025-08-15 14:13:25,2387
4238,389,659,2025-08-15 14:16:49,701
4239,223,762,2025-08-15 14:21:15,2368
4240,110,440,2025-08-15 15:02:47,1145
4241,100,331,2025-08-15 15:41:24,1682
4242,287,472,2025-08-15 16:07:21,2303
4243,240,51,2025-08-15 16:09:17,983
4244,356,490,2025-08-15 16:18:57,966
4245,136,251,2025-08-15 16:41:05,2896
4246,96,168,2025-08-15 17:14:48,231
4247,112,195,2025-08-15 18:03:58,2769
4248,358,491,2025-08-15 19:04:37,1880
4249,441,415,2025-08-15 19:08:01,939
4250,472,137,2025-08-15 20:34:28,3028
4251,479,472,2025-08-15 20:42:57,2258
4252,133,170,2025-08-15 20:49:21,2161
4253,364,164,2025-08-15 22:24:19,1450
4254,73,48,2025-08-15 22:55:35,1050
4255,49,258,2025-08-15 23:11:47,2764
4256,97,234,2025-08-15 23:23:04,2171
4257,71,218,2025-08-15 23:53:48,2806
4258,303,538,2025-08-16 00:06:40,1282
4259,248,340,2025-08-16 01:18:16,2111
4260,138,707,2025-08-16 02:48:40,2577
4261,475,454,2025-08-16 02:48:42,2961
4262,36,207,2025-08-16 03:27:53,1549
4263,367,403,2025-08-16 03:34:45,631
4264,80,189,2025-08-16 05:36:01,2490
4265,399,155,2025-08-16 05:40:50,2457
4266,112,209,2025-08-16 05:46:20,678
4267,359,35,2025-08-16 06:01:47,2443
4268,245,29,2025-08-16 06:31:43,2304
4269,186,54,2025-08-16 07:17:25,990
4270,161,174,2025-08-16 07:28:40,688
4271,148,87,2025-08-16 07:56:47,1582
4272,363,305,2025-08-16 09:25:02,631
4273,10,692,2025-08-16 11:57:34,3018
4274,188,519,2025-08-16 12:56:07,1655
4275,292,3,2025-08-16 13:09:08,2292
4276,432,41,2025-08-16 13:10:23,1401
4277,340,366,2025-08-16 13:40:47,3022
4278,453,269,2025-08-16 14:00:23,2728
4279,230,274,2025-08-16 15:00:04,2700
4280,54,536,2025-08-16 15:39:48,1711
4281,293,696,2025-08-16 16:08:39,1303
4282,143,613,2025-08-16 16:17:49,2982
4283,260,438,2025-08-16 16:48:18,376
4284,417,322,2025-08-16 17:17:55,52
4285,339,213,2025-08-16 17:18:03,1082
4286,152,222,2025-08-16 17:23:02,627
4287,132,391,2025-08-16 17:43:20,217
4288,300,721,2025-08-16 18:03:34,2911
4289,339,107,2025-08-16 18:32:29,669
4290,117,258,2025-08-16 19:39:29,494
4291,231,448,2025-08-16 19:56:57,1002
4292,71,198,2025-08-16 20:20:33,1279
4293,156,510,2025-08-16 20:53:44,1420
4294,83,350,2025-08-16 21:15:04,2551
4295,252,66,2025-08-17 01:31:02,3052
4296,466,132,2025-08-17 01:51:30,1712
4297,248,60,2025-08-17 02:21:20,3016
4298,35,398,2025-08-17 02:26:52,2261
4299,375,205,2025-08-17 02:38:33,2917
4300,206,314,2025-08-17 02:50:38,3426
4301,498,278,2025-08-17 05:20:57,1599
4302,220,704,2025-08-17 05:24:26,1799
4303,199,198,2025-08-17 05:53:50,1285
4304,439,636,2025-08-17 07:06:21,1403
4305,412,123,2025-08-17 07:33:42,165
4306,73,428,2025-08-17 07:59:21,190
4307,215,331,2025-08-17 08:21:30,1616
4308,260,417,2025-08-17 09:10:00,1565
4309,268,409,2025-08-17 09:53:58,1309
4310,253,361,2025-08-17 10:24:53,195
4311,221,282,2025-08-17 10:35:17,68
4312,173,534,2025-08-17 11:01:46,2923
4313,68,299,2025-08-17 11:12:34,2657
4314,181,262,2025-08-17 12:21:43,1657
4315,442,310,2025-08-17 12:28:00,1589
4316,242,304,2025-08-17 13:31:18,544
4317,104,542,2025-08-17 15:34:54,2011
4318,263,795,2025-08-17 16:12:13,860
4319,22,748,2025-08-17 16:43:10,25
4320,100,47,2025-08-17 17:11:17,976
4321,79,218,2025-08-17 17:14:12,2754
4322,409,711,2025-08-17 18:05:34,1084
4323,274,229,2025-08-17 19:01:41,208
4324,383,71,2025-08-17 19:03:16,643
4325,395,444,2025-08-17 21:11:49,2371
4326,249,590,2025-08-17 21:37:38,635
4327,79,569,2025-08-17 23:05:13,1244
4328,139,540,2025-08-17 23:45:03,182
4329,105,363,2025-08-17 23:57:47,3116
4330,154,522,2025-08-18 00:00:04,501
4331,328,655,2025-08-18 00:41:08,854
4332,455,345,2025-08-18 00:47:44,564
4333,72,674,2025-08-18 00:47:56,2364
4334,129,277,2025-08-18 01:07:04,941
4335,411,239,2025-08-18 01:15:18,2989
4336,500,782,2025-08-18 01:50:44,1640
4337,446,18,2025-08-18 01:54:18,879
4338,117,99,2025-08-18 02:36:06,2482
4339,147,546,2025-08-18 02:54:34,951
4340,486,117,2025-08-18 02:54:59,2334
4341,378,274,2025-08-18 03:07:24,2821
4342,104,4,2025-08-18 03:16:38,1085
4343,311,328,2025-08-18 03:22:00,3127
4344,264,284,2025-08-18 04:02:29,833
4345,393,226,2025-08-18 05:13:28,470
4346,330,370,2025-08-18 05:30:45,2772
4347,144,170,2025-08-18 06:20:53,2126
4348,265,215,2025-08-18 07:27:25,488
4349,2,394,2025-08-18 08:03:10,1951
4350,495,658,2025-08-18 08:07:22,1612
4351,416,543,2025-08-18 08:17:22,605
4352,277,513,2025-08-18 08:51:36,1760
4353,422,371,2025-08-18 09:20:56,2371
4354,281,608,2025-08-18 09:29:44,3027
4355,121,137,2025-08-18 10:00:18,2635
4356,61,462,2025-08-18 10:02:23,1432
4357,78,176,2025-08-18 10:30:08,1289
4358,19,726,2025-08-18 11:31:00,833
4359,422,280,2025-08-18 11:39:20,2696
4360,230,57,2025-08-18 12:55:32,2826
4361,229,595,2025-08-18 13:36:40,1708
4362,228,431,2025-08-18 15:06:26,2892
4363,40,558,2025-08-18 15:46:28,2934
4364,384,216,2025-08-18 15:47:59,1938
4365,165,506,2025-08-18 17:10:07,3030
4366,262,624,2025-08-18 18:41:46,938
4367,424,564,2025-08-18 18:55:11,610
4368,211,211,2025-08-18 19:03:45,942
4369,351,491,2025-08-18 19:11:47,2723
4370,349,112,2025-08-18 20:32:04,1316
4371,309,29,2025-08-18 22:36:26,2247
4372,450,560,2025-08-18 22:47:58,445
4373,277,536,2025-08-19 00:28:29,1665
4374,51,524,2025-08-19 00:33:01,2158
4375,424,501,2025-08-19 00:56:06,204
4376,436,611,2025-08-19 01:45:45,106
4377,68,225,2025-08-19 01:54:25,2766
4378,199,567,2025-08-19 02:35:43,2274
4379,362,524,2025-08-19 02:58:09,2173
4380,312,466,2025-08-19 03:09:50,2386
4381,216,503,2025-08-19 04:28:19,762
4382,266,748,2025-08-19 05:16:16,1826
4383,182,708,2025-08-19 06:39:33,2019
4384,379,104,2025-08-19 07:47:06,1823
4385,451,224,2025-08-19 09:00:09,1080
4386,349,787,2025-08-19 09:14:44,3019
4387,66,660,2025-08-19 09:50:47,255
4388,450,757,2025-08-19 10:34:30,764
4389,135,46,2025-08-19 10:57:54,1571
4390,54,79,2025-08-19 11:18:40,664
4391,27,668,2025-08-19 13:05:38,1290
4392,117,664,2025-08-19 14:05:19,1598
4393,275,455,2025-08-19 15:11:34,1228
4394,479,796,2025-08-19 15:45:54,1725
4395,328,449,2025-08-19 15:49:01,2021
4396,28,146,2025-08-19 16:59:31,756
4397,322,274,2025-08-19 17:03:09,2716
4398,500,485,2025-08-19 17:58:48,1482
4399,119,791,2025-08-19 18:45:02,2563
4400,417,23,2025-08-19 18:51:47,133
4401,164,492,2025-08-19 19:02:48,1427
4402,445,122,2025-08-19 19:35:25,594
4403,362,165,2025-08-19 19:56:51,804
4404,225,240,2025-08-19 20:10:55,1518
4405,381,214,2025-08-19 20:44:35,1964
4406,170,573,2025-08-19 20:51:56,3090
4407,84,233,2025-08-19 21:11:58,667
4408,378,382,2025-08-19 21:16:22,121
4409,276,254,2025-08-19 21:26:45,1993
4410,239,213,2025-08-19 21:48:38,1433
4411,364,261,2025-08-19 22:37:08,2384
4412,324,587,2025-08-19 23:28:36,830
4413,322,499,2025-08-19 23:32:26,2296
4414,59,435,2025-08-19 23:46:32,30
4415,83,170,2025-08-20 00:05:15,299
4416,283,74,2025-08-20 00:18:41,2863
4417,51,234,2025-08-20 00:40:15,2236
4418,246,396,2025-08-20 01:49:00,1318
4419,419,576,2025-08-20 02:01:39,1206
4420,14,754,2025-08-20 03:34:01,2634
4421,65,549,2025-08-20 04:25:59,1581
4422,498,207,2025-08-20 04:38:41,1478
4423,493,650,2025-08-20 04:49:48,2358
4424,372,662,2025-08-20 05:03:48,2373
4425,286,194,2025-08-20 05:19:11,1404
4426,383,387,2025-08-20 05:29:18,1540
4427,1,143,2025-08-20 06:32:39,1420
4428,143,179,2025-08-20 07:01:23,2178
4429,435,132,2025-08-20 07:08:53,1944
4430,315,603,2025-08-20 07:39:33,728
4431,372,449,2025-08-20 08:04:41,2068
4432,250,367,2025-08-20 08:12:55,2619
4433,232,630,2025-08-20 09:09:58,132
4434,417,414,2025-08-20 09:29:22,778
4435,109,252,2025-08-20 09:52:48,2648
4436,436,405,2025-08-20 10:09:49,709
4437,445,386,2025-08-20 10:15:45,1780
4438,251,770,2025-08-20 11:07:39,1357
4439,401,769,2025-08-20 11:30:49,1238
4440,314,649,2025-08-20 11:45:31,2476
4441,94,498,2025-08-20 11:46:53,1438
4442,416,95,2025-08-20 11:51:34,709
4443,440,561,2025-08-20 12:22:25,2371
4444,172,352,2025-08-20 12:34:54,282
4445,480,278,2025-08-20 13:12:48,1657
4446,282,409,2025-08-20 14:33:29,1152
4447,118,587,2025-08-20 15:08:48,96
4448,120,68,2025-08-20 15:32:39,359
4449,379,713,2025-08-20 16:06:15,272
4450,425,203,2025-08-20 16:18:08,720
4451,401,603,2025-08-20 16:19:32,735
4452,163,219,2025-08-20 17:13:39,454
4453,8,598,2025-08-20 17:38:20,2031
4454,223,436,2025-08-20 17:48:13,145
4455,412,383,2025-08-20 18:08:31,2369
4456,275,492,2025-08-20 18:22:52,2335
4457,44,333,2025-08-20 18:45:26,33
4458,247,548,2025-08-20 18:49:38,1997
4459,8,498,2025-08-20 19:06:00,1340
4460,24,630,2025-08-20 19:41:52,3183
4461,155,132,2025-08-20 20:57:02,2988
4462,329,562,2025-08-20 21:35:45,2198
4463,421,593,2025-08-20 21:54:51,2252
4464,37,382,2025-08-20 22:41:30,1337
4465,7,414,2025-08-20 23:54:03,84
4466,491,515,2025-08-21 00:45:17,2043
4467,483,344,2025-08-21 00:51:29,2153
4468,426,142,2025-08-21 01:13:22,617
4469,404,158,2025-08-21 02:52:37,136
4470,162,78,2025-08-21 02:58:18,718
4471,10,98,2025-08-21 03:44:14,1969
4472,106,758,2025-08-21 03:50:02,2926
4473,143,39,2025-08-21 04:19:51,110
4474,301,134,2025-08-21 05:26:08,292
4475,72,671,2025-08-21 05:44:49,165
4476,388,48,2025-08-21 05:48:20,1504
4477,274,315,2025-08-21 06:33:33,1757
4478,329,179,2025-08-21 06:34:27,2198
4479,60,220,2025-08-21 08:21:30,2131
4480,427,422,2025-08-21 08:21:42,2229
4481,96,513,2025-08-21 08:59:04,2747
4482,227,439,2025-08-21 09:10:06,2720
4483,221,440,2025-08-21 09:55:55,433
4484,415,598,2025-08-21 10:09:16,2032
4485,326,687,2025-08-21 10:47:34,3228
4486,142,678,2025-08-21 11:08:00,1267
4487,319,484,2025-08-21 11:53:23,1051
4488,48,343,2025-08-21 12:14:45,2526
4489,207,380,2025-08-21 12:39:05,756
4490,250,783,2025-08-21 13:49:34,1670
4491,127,655,2025-08-21 14:14:22,862
4492,154,108,2025-08-21 14:22:45,371
4493,128,415,2025-08-21 14:36:30,2793
4494,450,453,2025-08-21 14:56:02,2082
4495,202,445,2025-08-21 15:21:56,3222
4496,288,595,2025-08-21 15:39:43,1885
4497,391,650,2025-08-21 15:52:33,2188
4498,383,256,2025-08-21 16:13:25,425
4499,387,398,2025-08-21 16:18:17,2368
4500,174,487,2025-08-21 16:38:17,254
4501,358,429,2025-08-21 17:17:53,2654
4502,115,332,2025-08-21 19:38:15,1934
4503,281,337,2025-08-21 19:50:50,3090
4504,14,423,2025-08-21 20:25:03,1745
4505,152,580,2025-08-21 20:25:44,2227
4506,386,778,2025-08-21 21:37:14,1211
4507,182,230,2025-08-21 22:23:36,2736
4508,460,528,2025-08-21 23:03:42,1168
4509,126,24,2025-08-21 23:20:27,1886
4510,31,483,2025-08-21 23:33:03,888
4511,483,98,2025-08-21 23:36:12,1220
4512,491,568,2025-08-21 23:49:00,1632
4513,198,750,2025-08-22 01:06:59,503
4514,63,293,2025-08-22 01:08:45,1560
4515,401,792,2025-08-22 01:46:26,2093
4516,430,148,2025-08-22 02:19:26,2884
4517,199,720,2025-08-22 02:28:45,500
4518,418,196,2025-08-22 03:11:17,1330
4519,300,603,2025-08-22 04:03:53,700
4520,421,587,2025-08-22 04:06:00,618
4521,342,113,2025-08-22 04:13:02,1543
4522,368,300,2025-08-22 05:52:50,1937
4523,345,27,2025-08-22 05:56:40,2280
4524,169,226,2025-08-22 07:10:22,635
4525,56,174,2025-08-22 07:24:31,685
4526,206,795,2025-08-22 07:33:52,1839
4527,300,35,2025-08-22 07:58:36,2265
4528,140,279,2025-08-22 08:22:14,829
4529,247,673,2025-08-22 09:24:53,661
4530,407,103,2025-08-22 09:54:33,1269
4531,354,272,2025-08-22 11:01:54,59
4532,223,506,2025-08-22 11:07:39,2953
4533,466,558,2025-08-22 11:15:40,295
4534,297,671,2025-08-22 12:18:23,799
4535,13,49,2025-08-22 12:36:18,835
4536,458,40,2025-08-22 13:44:58,1539
4537,437,428,2025-08-22 13:50:52,1951
4538,17,766,2025-08-22 16:10:17,2313
4539,127,299,2025-08-22 16:41:38,2079
4540,133,514,2025-08-22 17:35:12,1718
4541,134,160,2025-08-22 19:07:01,981
4542,218,63,2025-08-22 19:17:17,1128
4543,249,606,2025-08-22 19:35:10,403
4544,41,332,2025-08-22 20:04:09,2346
4545,45,508,2025-08-22 20:41:59,1990
4546,51,597,2025-08-22 21:22:33,748
4547,70,311,2025-08-22 22:03:16,1890
4548,497,534,2025-08-22 22:59:22,3082
4549,62,136,2025-08-22 23:12:22,2198
4550,163,140,2025-08-22 23:45:42,1188
4551,476,623,2025-08-23 00:41:24,585
4552,189,503,2025-08-23 01:07:59,821
4553,37,245,2025-08-23 01:08:24,1841
4554,327,512,2025-08-23 02:38:58,1036
4555,195,126,2025-08-23 02:48:09,2410
4556,329,156,2025-08-23 03:30:53,653
4557,364,244,2025-08-23 04:06:51,256
4558,211,612,2025-08-23 04:28:09,2189
4559,35,417,2025-08-23 04:58:24,1740
4560,166,180,2025-08-23 05:02:11,2981
4561,39,3,2025-08-23 05:05:13,1152
4562,415,67,2025-08-23 05:09:01,2323
4563,361,629,2025-08-23 05:57:17,628
4564,219,400,2025-08-23 06:16:32,2928
4565,307,227,2025-08-23 06:18:36,1556
4566,322,718,2025-08-23 06:44:45,1812
4567,340,412,2025-08-23 08:18:05,516
4568,454,150,2025-08-23 09:11:33,2967
4569,45,467,2025-08-23 10:12:09,606
4570,186,415,2025-08-23 10:24:47,2532
4571,244,24,2025-08-23 10:49:41,1830
4572,335,282,2025-08-23 10:52:39,1464
4573,194,522,2025-08-23 11:51:18,620
4574,134,42,2025-08-23 12:21:22,843
4575,53,6,2025-08-23 12:30:59,209
4576,210,555,2025-08-23 13:42:10,3603
4577,412,778,2025-08-23 13:58:36,460
4578,242,418,2025-08-23 14:12:00,1151
4579,180,676,2025-08-23 14:30:15,237
4580,93,180,2025-08-23 15:18:58,2840
4581,242,335,2025-08-23 15:40:30,1113
4582,311,606,2025-08-23 15:46:00,1760
4583,20,744,2025-08-23 16:05:32,818
4584,60,234,2025-08-23 16:32:17,2487
4585,480,253,2025-08-23 17:05:06,1124
4586,397,322,2025-08-23 18:18:54,564
4587,475,150,2025-08-23 18:31:06,1976
4588,473,8,2025-08-23 21:06:37,884
4589,359,681,2025-08-23 21:06:55,2644
4590,307,778,2025-08-23 21:33:20,1103
4591,277,18,2025-08-23 22:44:42,730
4592,319,295,2025-08-23 22:46:18,1045
4593,155,80,2025-08-23 23:18:16,743
4594,391,523,2025-08-23 23:30:30,971
4595,148,481,2025-08-23 23:33:37,1000
4596,453,644,2025-08-23 23:53:20,807
4597,262,691,2025-08-24 01:53:59,2980
4598,114,775,2025-08-24 01:55:53,3104
4599,364,26,2025-08-24 02:27:05,1425
4600,396,119,2025-08-24 02:28:18,2764
4601,318,743,2025-08-24 02:44:03,1161
4602,463,246,2025-08-24 02:52:54,963
4603,164,340,2025-08-24 03:44:54,2152
4604,402,382,2025-08-24 03:52:02,1377
4605,279,778,2025-08-24 04:00:14,690
4606,428,430,2025-08-24 04:20:54,1868
4607,354,306,2025-08-24 04:56:35,1093
4608,279,440,2025-08-24 05:01:36,26
4609,170,431,2025-08-24 05:05:21,2839
4610,191,455,2025-08-24 06:07:46,1821
4611,228,425,2025-08-24 07:04:48,79
4612,36,307,2025-08-24 07:38:13,2975
4613,113,651,2025-08-24 07:52:29,95
4614,205,631,2025-08-24 08:14:26,1186
4615,152,276,2025-08-24 08:26:21,2956
4616,466,185,2025-08-24 08:55:52,1933
4617,145,692,2025-08-24 11:48:27,2034
4618,90,218,2025-08-24 12:36:48,2500
4619,41,466,2025-08-24 14:50:10,2422
4620,176,253,2025-08-24 16:38:42,1227
4621,274,347,2025-08-24 18:05:41,3110
4622,476,30,2025-08-24 18:21:42,1754
4623,194,16,2025-08-24 18:49:23,429
4624,123,782,2025-08-24 19:49:46,1816
4625,174,692,2025-08-24 20:38:55,2967
4626,435,85,2025-08-24 21:10:18,1148
4627,269,397,2025-08-24 21:38:35,756
4628,72,620,2025-08-24 21:47:49,1560
4629,317,615,2025-08-24 21:53:26,77
4630,488,161,2025-08-24 22:03:07,2093
4631,45,418,2025-08-24 22:15:14,2267
4632,62,368,2025-08-24 23:22:33,1785
4633,196,619,2025-08-25 00:02:15,1339
4634,203,227,2025-08-25 01:02:14,1861
4635,498,221,2025-08-25 01:07:54,753
4636,24,310,2025-08-25 01:12:41,2581
4637,95,155,2025-08-25 01:16:51,76
4638,55,591,2025-08-25 01:51:12,1168
4639,116,502,2025-08-25 02:09:52,1736
4640,30,662,2025-08-25 03:13:28,364
4641,221,102,2025-08-25 04:31:01,873
4642,367,736,2025-08-25 05:10:28,1280
4643,379,378,2025-08-25 05:30:05,3166
4644,231,594,2025-08-25 06:05:04,2353
4645,1,293,2025-08-25 06:50:29,1615
4646,112,140,2025-08-25 07:04:21,983
4647,322,480,2025-08-25 07:10:58,2147
4648,146,340,2025-08-25 07:50:11,1928
4649,126,455,2025-08-25 08:26:44,335
4650,484,776,2025-08-25 08:34:31,2486
4651,54,83,2025-08-25 08:56:56,2877
4652,216,729,2025-08-25 09:14:11,2498
4653,242,664,2025-08-25 09:17:16,1456
4654,402,590,2025-08-25 10:54:34,256
4655,165,489,2025-08-25 11:04:04,2353
4656,370,640,2025-08-25 11:48:58,75
4657,59,401,2025-08-25 12:26:45,1645
4658,13,396,2025-08-25 12:27:09,1454
4659,172,252,2025-08-25 12:39:24,1154
4660,277,365,2025-08-25 13:06:27,2054
4661,420,652,2025-08-25 15:04:00,1740
4662,213,226,2025-08-25 15:54:03,585
4663,78,621,2025-08-25 16:08:22,1607
4664,383,251,2025-08-25 17:28:16,2614
4665,292,771,2025-08-25 17:45:10,2674
4666,125,720,2025-08-25 18:38:42,701
4667,177,614,2025-08-25 20:40:44,2601
4668,314,214,2025-08-25 20:57:55,1283
4669,366,265,2025-08-25 21:13:05,508
4670,350,509,2025-08-25 21:13:26,935
4671,175,216,2025-08-25 22:09:02,1972
4672,399,282,2025-08-25 22:18:53,2759
4673,181,168,2025-08-25 23:55:30,2598
4674,228,226,2025-08-26 00:04:59,626
4675,250,188,2025-08-26 00:27:16,807
4676,493,255,2025-08-26 00:52:21,635
4677,161,770,2025-08-26 01:15:07,3132
4678,271,452,2025-08-26 01:49:15,1913
4679,143,592,2025-08-26 01:59:52,856
4680,158,417,2025-08-26 02:19:16,1716
4681,297,133,2025-08-26 02:23:44,1250
4682,476,342,2025-08-26 03:37:24,960
4683,444,432,2025-08-26 03:53:22,2052
4684,365,505,2025-08-26 04:23:56,745
4685,360,23,2025-08-26 05:02:01,2373
4686,351,276,2025-08-26 05:05:15,2522
4687,155,448,2025-08-26 05:07:13,936
4688,96,151,2025-08-26 05:57:28,2441
4689,282,707,2025-08-26 07:01:19,2473
4690,4,294,2025-08-26 07:24:10,2914
4691,238,141,2025-08-26 08:39:48,605
4692,336,54,2025-08-26 08:53:08,1345
4693,272,138,2025-08-26 08:59:21,340
4694,485,148,2025-08-26 09:25:28,2422
4695,451,160,2025-08-26 09:26:36,1148
4696,139,325,2025-08-26 09:36:47,150
4697,393,748,2025-08-26 10:45:41,1606
4698,113,688,2025-08-26 11:07:49,2116
4699,267,437,2025-08-26 11:25:10,325
4700,453,156,2025-08-26 11:57:23,300
4701,455,738,2025-08-26 12:23:16,1435
4702,65,398,2025-08-26 13:22:01,2462
4703,105,210,2025-08-26 13:36:12,1983
4704,346,591,2025-08-26 14:38:29,2909
4705,481,708,2025-08-26 14:49:52,1853
4706,327,88,2025-08-26 16:06:49,2929
4707,328,694,2025-08-26 16:30:56,768
4708,449,614,2025-08-26 16:32:59,1516
4709,215,287,2025-08-26 16:36:00,1627
4710,97,150,2025-08-26 16:37:24,1588
4711,465,578,2025-08-26 16:54:17,2762
4712,497,1,2025-08-26 17:13:17,353
4713,57,487,2025-08-26 18:26:06,1892
4714,459,726,2025-08-26 20:06:56,794
4715,488,537,2025-08-26 20:16:41,2469
4716,377,37,2025-08-26 20:28:01,755
4717,32,279,2025-08-26 20:41:36,546
4718,261,349,2025-08-26 23:00:28,130
4719,268,650,2025-08-26 23:12:47,2044
4720,245,318,2025-08-27 00:11:49,1674
4721,22,640,2025-08-27 00:30:28,1775
4722,477,326,2025-08-27 00:52:43,2534
4723,418,462,2025-08-27 01:01:48,1284
4724,312,39,2025-08-27 01:11:05,758
4725,53,415,2025-08-27 01:46:27,2691
4726,361,210,2025-08-27 02:07:03,1931
4727,188,529,2025-08-27 04:09:19,3145
4728,217,116,2025-08-27 04:17:50,266
4729,198,450,2025-08-27 04:30:38,3245
4730,340,204,2025-08-27 06:52:02,460
4731,369,329,2025-08-27 06:54:14,684
4732,107,384,2025-08-27 07:04:46,591
4733,302,357,2025-08-27 07:34:13,1918
4734,190,253,2025-08-27 07:51:24,1182
4735,336,608,2025-08-27 08:02:11,2766
4736,199,410,2025-08-27 08:25:07,2764
4737,359,494,2025-08-27 08:40:21,1241
4738,277,275,2025-08-27 09:28:56,2593
4739,445,214,2025-08-27 10:26:49,418
4740,78,528,2025-08-27 10:52:42,1034
4741,92,491,2025-08-27 10:54:03,2906
4742,332,228,2025-08-27 10:56:48,481
4743,379,728,2025-08-27 11:27:17,153
4744,190,308,2025-08-27 11:39:43,1727
4745,279,479,2025-08-27 12:19:42,718
4746,470,578,2025-08-27 12:57:16,2605
4747,5,655,2025-08-27 13:18:23,901
4748,367,171,2025-08-27 13:20:13,2718
4749,471,765,2025-08-27 14:49:59,1107
4750,257,300,2025-08-27 15:00:47,832
4751,335,517,2025-08-27 15:17:30,2713
4752,32,9,2025-08-27 15:45:03,1674
4753,424,145,2025-08-27 16:05:16,688
4754,346,298,2025-08-27 16:06:45,2819
4755,179,757,2025-08-27 16:37:25,1809
4756,229,481,2025-08-27 16:43:21,132
4757,365,438,2025-08-27 17:09:23,2339
4758,244,111,2025-08-27 18:05:46,2228
4759,396,409,2025-08-27 18:39:12,1227
4760,311,625,2025-08-27 19:33:34,2460
4761,100,295,2025-08-27 20:22:01,890
4762,188,156,2025-08-27 20:35:31,994
4763,71,691,2025-08-27 23:04:05,3046
4764,235,640,2025-08-27 23:20:33,1250
4765,46,594,2025-08-27 23:59:47,158
4766,361,14,2025-08-28 00:46:03,913
4767,344,250,2025-08-28 00:54:50,2460
4768,404,656,2025-08-28 01:15:32,583
4769,20,764,2025-08-28 01:20:42,2311
4770,425,156,2025-08-28 01:53:21,1272
4771,206,358,2025-08-28 02:01:55,3085
4772,433,480,2025-08-28 03:17:52,2064
4773,471,209,2025-08-28 04:36:42,319
4774,106,367,2025-08-28 05:46:42,2667
4775,146,585,2025-08-28 05:47:11,689
4776,197,249,2025-08-28 06:52:07,1279
4777,325,397,2025-08-28 06:59:34,1718
4778,80,24,2025-08-28 07:33:29,2017
4779,254,710,2025-08-28 07:39:51,519
4780,75,798,2025-08-28 08:32:21,2163
4781,136,607,2025-08-28 09:11:51,3555
4782,66,298,2025-08-28 09:34:42,430
4783,377,692,2025-08-28 12:10:25,2737
4784,26,89,2025-08-28 12:33:23,1533
4785,164,89,2025-08-28 13:06:31,1473
4786,107,147,2025-08-28 13:23:34,2264
4787,104,748,2025-08-28 14:36:00,242
4788,121,328,2025-08-28 15:02:50,3352
4789,196,613,2025-08-28 15:50:14,3385
4790,7,92,2025-08-28 17:54:59,1149
4791,27,539,2025-08-28 17:59:49,3099
4792,228,534,2025-08-28 18:05:36,998
4793,438,545,2025-08-28 18:12:37,1373
4794,486,237,2025-08-28 18:36:10,2411
4795,279,615,2025-08-28 18:53:10,1799
4796,379,236,2025-08-28 19:38:43,194
4797,228,428,2025-08-28 19:48:31,1880
4798,88,547,2025-08-28 22:27:16,1902
4799,43,144,2025-08-28 23:38:43,3225
4800,35,358,2025-08-28 23:46:46,3181
4801,400,470,2025-08-29 00:54:39,1918
4802,434,4,2025-08-29 01:37:14,1120
4803,425,91,2025-08-29 01:59:58,57
4804,109,691,2025-08-29 02:54:00,2743
4805,222,510,2025-08-29 07:07:51,1354
4806,149,143,2025-08-29 07:30:05,181
4807,158,144,2025-08-29 07:58:02,3178
4808,209,752,2025-08-29 08:59:26,1085
4809,54,416,2025-08-29 09:07:11,1007
4810,51,522,2025-08-29 09:14:17,549
4811,337,544,2025-08-29 09:57:18,1452
4812,121,443,2025-08-29 09:58:22,2748
4813,13,90,2025-08-29 09:59:17,3052
4814,328,166,2025-08-29 11:14:17,2042
4815,95,436,2025-08-29 11:32:06,2753
4816,264,12,2025-08-29 11:54:41,940
4817,204,88,2025-08-29 12:53:18,3335
4818,96,564,2025-08-29 13:30:54,1387
4819,276,624,2025-08-29 13:49:35,66
4820,414,326,2025-08-29 15:57:36,2339
4821,319,489,2025-08-29 16:07:15,2217
4822,309,508,2025-08-29 16:49:52,2462
4823,468,571,2025-08-29 17:49:41,1335
4824,16,75,2025-08-29 19:54:15,897
4825,396,452,2025-08-29 20:00:00,1415
4826,248,565,2025-08-29 20:42:19,1294
4827,72,605,2025-08-29 21:06:43,959
4828,180,96,2025-08-29 21:46:57,785
4829,431,316,2025-08-29 22:48:59,2304
4830,185,793,2025-08-29 23:09:58,451
4831,139,609,2025-08-29 23:46:56,780
4832,288,504,2025-08-30 00:07:44,2588
4833,120,658,2025-08-30 00:25:46,72
4834,64,105,2025-08-30 01:03:55,2235
4835,33,660,2025-08-30 01:25:49,2451
4836,141,176,2025-08-30 01:28:02,2242
4837,330,616,2025-08-30 02:06:29,3474
4838,436,194,2025-08-30 02:24:17,1328
4839,288,17,2025-08-30 02:30:04,1700
4840,488,511,2025-08-30 02:47:48,2070
4841,134,177,2025-08-30 03:07:33,2338
4842,133,719,2025-08-30 03:28:41,1534
4843,484,753,2025-08-30 03:41:06,2619
4844,168,507,2025-08-30 03:41:27,3332
4845,391,284,2025-08-30 04:20:27,1936
4846,189,418,2025-08-30 05:47:45,2258
4847,369,390,2025-08-30 05:55:28,2230
4848,331,312,2025-08-30 06:05:06,859
4849,371,68,2025-08-30 06:57:56,454
4850,500,550,2025-08-30 08:48:32,2948
4851,264,204,2025-08-30 09:47:51,1376
4852,403,304,2025-08-30 10:23:38,3256
4853,475,362,2025-08-30 10:49:17,2723
4854,438,427,2025-08-30 11:03:46,2673
4855,425,307,2025-08-30 12:26:42,2771
4856,340,472,2025-08-30 13:03:36,2102
4857,261,624,2025-08-30 14:08:57,368
4858,210,790,2025-08-30 14:09:40,3119
4859,333,258,2025-08-30 14:15:14,3367
4860,306,708,2025-08-30 15:04:05,1908
4861,391,742,2025-08-30 18:33:20,997
4862,370,33,2025-08-30 18:37:00,755
4863,85,751,2025-08-30 18:52:28,1229
4864,89,777,2025-08-30 19:00:12,2537
4865,240,458,2025-08-30 19:20:43,1916
4866,433,605,2025-08-30 19:36:05,914
4867,342,644,2025-08-30 20:05:57,2056
4868,15,65,2025-08-30 20:34:10,1910
4869,57,363,2025-08-30 21:10:50,125
4870,3,308,2025-08-30 21:42:45,1399
4871,288,97,2025-08-30 22:46:09,1770
4872,72,476,2025-08-31 00:13:24,1438
4873,351,239,2025-08-31 00:20:17,3261
4874,427,777,2025-08-31 01:33:42,2466
4875,464,103,2025-08-31 01:45:22,797
4876,15,282,2025-08-31 01:50:06,2852
4877,454,472,2025-08-31 02:13:33,1928
4878,346,390,2025-08-31 02:13:57,2385
4879,355,53,2025-08-31 02:30:13,1824
4880,284,733,2025-08-31 03:07:39,1829
4881,42,266,2025-08-31 03:37:07,3023
4882,310,641,2025-08-31 03:47:52,125
4883,245,682,2025-08-31 03:48:05,587
4884,161,774,2025-08-31 03:57:03,1042
4885,473,784,2025-08-31 04:01:51,2633
4886,56,426,2025-08-31 04:03:00,2855
4887,49,144,2025-08-31 06:16:44,3220
4888,192,434,2025-08-31 06:18:20,2410
4889,390,436,2025-08-31 06:19:56,1055
4890,15,527,2025-08-31 06:41:47,885
4891,336,453,2025-08-31 06:54:03,1689
4892,31,435,2025-08-31 07:39:45,2367
4893,124,21,2025-08-31 07:54:33,559
4894,173,76,2025-08-31 08:16:40,1087
4895,172,34,2025-08-31 08:21:15,2409
4896,277,147,2025-08-31 08:37:01,2064
4897,371,429,2025-08-31 09:05:10,2616
4898,89,779,2025-08-31 09:19:17,2175
4899,272,570,2025-08-31 10:12:58,824
4900,436,93,2025-08-31 10:28:20,1720
4901,190,623,2025-08-31 11:47:12,1086
4902,440,696,2025-08-31 13:50:00,527
4903,55,253,2025-08-31 14:04:50,681
4904,227,388,2025-08-31 14:27:55,2752
4905,368,340,2025-08-31 16:28:42,672
4906,133,199,2025-08-31 16:28:46,3202
4907,332,307,2025-08-31 17:06:01,2134
4908,469,87,2025-08-31 18:49:29,1836
4909,341,600,2025-08-31 19:23:21,1721
4910,165,17,2025-08-31 19:45:00,1629
4911,345,479,2025-08-31 19:56:14,638
4912,174,66,2025-08-31 20:41:08,2694
4913,58,438,2025-08-31 21:25:00,1364
4914,375,516,2025-08-31 21:52:46,3032
4915,51,608,2025-08-31 22:31:46,2698
4916,403,330,2025-08-31 23:03:35,1478
4917,248,117,2025-09-01 00:28:35,2502
4918,350,463,2025-09-01 00:50:35,1380
4919,436,610,2025-09-01 02:07:04,1141
4920,443,202,2025-09-01 02:40:25,116
4921,415,182,2025-09-01 05:15:43,392
4922,414,534,2025-09-01 06:05:23,1648
4923,455,219,2025-09-01 06:45:11,2223
4924,29,175,2025-09-01 06:52:50,3007
4925,204,49,2025-09-01 07:27:44,548
4926,310,800,2025-09-01 08:44:00,837
4927,354,471,2025-09-01 09:01:16,1449
4928,365,741,2025-09-01 10:19:10,1607
4929,50,46,2025-09-01 10:34:58,88
4930,68,458,2025-09-01 10:52:35,1028
4931,52,250,2025-09-01 10:59:09,1162
4932,159,164,2025-09-01 11:34:04,957
4933,281,174,2025-09-01 11:39:25,608
4934,282,758,2025-09-01 12:08:01,2099
4935,345,397,2025-09-01 12:34:24,1735
4936,114,426,2025-09-01 13:32:21,2849
4937,342,697,2025-09-01 13:35:55,266
4938,126,756,2025-09-01 14:11:22,2492
4939,304,724,2025-09-01 14:20:45,2770
4940,24,44,2025-09-01 14:35:38,65
4941,368,103,2025-09-01 16:15:29,2001
4942,234,117,2025-09-01 16:45:37,2450
4943,407,29,2025-09-01 16:47:46,2422
4944,165,107,2025-09-01 17:13:35,377
4945,42,784,2025-09-01 17:24:55,1802
4946,319,272,2025-09-01 18:01:15,2358
4947,187,431,2025-09-01 18:39:12,2777
4948,174,399,2025-09-01 18:51:16,1989
4949,256,81,2025-09-01 19:06:20,1623
4950,60,705,2025-09-01 19:36:17,2014
4951,73,436,2025-09-01 21:19:33,1368
4952,380,412,2025-09-01 21:26:06,1016
4953,279,225,2025-09-01 22:21:58,2917
4954,235,101,2025-09-01 22:38:50,1901
4955,383,294,2025-09-01 22:58:27,2372
4956,112,704,2025-09-01 23:08:53,2185
4957,342,390,2025-09-02 00:32:12,2135
4958,454,391,2025-09-02 01:01:45,299
4959,1,304,2025-09-02 02:51:40,2756
4960,214,798,2025-09-02 03:07:38,167
4961,53,384,2025-09-02 03:07:47,674
4962,204,545,2025-09-02 03:12:56,1385
4963,135,491,2025-09-02 03:37:50,188
4964,276,579,2025-09-02 03:59:37,2858
4965,12,222,2025-09-02 04:22:50,955
4966,2,29,2025-09-02 05:28:31,1005
4967,472,657,2025-09-02 06:38:52,594
4968,41,784,2025-09-02 07:32:52,2928
4969,75,799,2025-09-02 07:39:53,2435
4970,339,660,2025-09-02 07:49:04,1708
4971,307,229,2025-09-02 08:41:45,526
4972,194,761,2025-09-02 10:33:08,1573
4973,279,463,2025-09-02 11:22:01,785
4974,64,532,2025-09-02 13:29:54,1048
4975,357,598,2025-09-02 14:55:42,2367
4976,435,492,2025-09-02 15:15:08,2542
4977,405,745,2025-09-02 15:23:32,1623
4978,458,292,2025-09-02 15:25:06,750
4979,162,166,2025-09-02 16:58:07,1918
4980,57,286,2025-09-02 17:03:20,3011
4981,214,365,2025-09-02 17:26:01,2066
4982,340,105,2025-09-02 17:49:54,2635
4983,40,505,2025-09-02 17:54:32,682
4984,444,724,2025-09-02 19:16:09,3002
4985,209,205,2025-09-02 19:31:53,2857
4986,490,376,2025-09-02 19:57:43,2842
4987,444,772,2025-09-02 20:04:16,815
4988,211,224,2025-09-02 20:46:56,2283
4989,294,217,2025-09-02 21:31:45,2567
4990,298,600,2025-09-02 22:52:39,231
4991,358,49,2025-09-02 23:11:35,343
4992,256,79,2025-09-02 23:43:26,692
4993,350,713,2025-09-03 00:53:06,885
4994,354,200,2025-09-03 01:20:28,1046
4995,40,482,2025-09-03 02:14:22,2187
4996,19,773,2025-09-03 02:37:01,2759
4997,29,249,2025-09-03 03:23:01,1130
4998,152,381,2025-09-03 03:24:11,1850
4999,356,432,2025-09-03 04:33:28,2082
5000,307,601,2025-09-03 04:37:19,1698
5001,436,286,2025-09-03 05:08:46,2880
5002,75,330,2025-09-03 06:00:10,1545
5003,415,279,2025-09-03 07:52:42,154
5004,166,572,2025-09-03 08:31:01,997
5005,463,261,2025-09-03 08:33:13,2455
5006,464,109,2025-09-03 08:50:29,2800
5007,208,39,2025-09-03 09:08:38,807
5008,307,268,2025-09-03 11:02:11,776
5009,396,569,2025-09-03 11:15:39,1276
5010,112,795,2025-09-03 11:34:25,112
5011,411,482,2025-09-03 12:28:27,2184
5012,397,637,2025-09-03 12:35:50,306
5013,157,372,2025-09-03 12:39:45,2865
5014,323,285,2025-09-03 13:13:18,3085
5015,313,620,2025-09-03 14:07:16,1754
5016,326,796,2025-09-03 14:42:50,1832
5017,474,96,2025-09-03 14:51:16,797
5018,106,221,2025-09-03 15:20:10,1716
5019,232,30,2025-09-03 16:52:59,1501
5020,116,724,2025-09-03 18:06:33,940
5021,157,136,2025-09-03 18:34:18,2290
5022,484,277,2025-09-03 21:20:47,184
5023,430,740,2025-09-03 23:12:34,1937
5024,468,252,2025-09-04 00:12:28,1198
5025,462,15,2025-09-04 00:57:23,156
5026,159,298,2025-09-04 01:03:56,1206
5027,447,278,2025-09-04 01:48:44,1168
5028,355,287,2025-09-04 02:08:34,1068
5029,358,616,2025-09-04 02:38:51,3068
5030,481,94,2025-09-04 02:59:06,413
5031,34,345,2025-09-04 03:17:22,521
5032,295,292,2025-09-04 03:25:46,420
5033,277,635,2025-09-04 04:05:21,2387
5034,164,319,2025-09-04 04:24:03,1864
5035,48,701,2025-09-04 05:00:29,1121
5036,92,395,2025-09-04 05:07:54,3003
5037,37,28,2025-09-04 05:56:58,2483
5038,137,186,2025-09-04 06:05:09,1977
5039,325,179,2025-09-04 06:10:48,1002
5040,299,680,2025-09-04 07:06:49,775
5041,86,584,2025-09-04 07:40:38,1583
5042,292,257,2025-09-04 07:45:14,18
5043,401,773,2025-09-04 08:08:11,1826
5044,407,237,2025-09-04 08:21:37,2096
5045,324,153,2025-09-04 09:31:53,1148
5046,263,763,2025-09-04 10:34:53,1261
5047,154,691,2025-09-04 10:37:15,3273
5048,132,214,2025-09-04 11:13:46,2142
5049,270,391,2025-09-04 11:47:36,588
5050,260,446,2025-09-04 12:02:29,2621
5051,146,256,2025-09-04 12:09:20,933
5052,484,137,2025-09-04 12:33:03,2761
5053,105,349,2025-09-04 12:50:52,2077
5054,84,778,2025-09-04 12:57:22,1205
5055,414,637,2025-09-04 13:11:14,2323
5056,472,492,2025-09-04 13:44:31,2781
5057,219,620,2025-09-04 13:44:36,1649
5058,166,616,2025-09-04 14:24:24,604
5059,23,265,2025-09-04 15:12:13,867
5060,3,39,2025-09-04 15:15:24,1499
5061,70,564,2025-09-04 15:23:09,1342
5062,146,758,2025-09-04 16:03:49,3292
5063,265,445,2025-09-04 16:23:28,3168
5064,133,468,2025-09-04 18:19:50,100
5065,437,658,2025-09-04 18:31:53,343
5066,300,53,2025-09-04 18:35:29,120
5067,43,83,2025-09-04 20:59:27,445
5068,134,734,2025-09-04 21:21:05,2900
5069,246,368,2025-09-04 21:53:21,1839
5070,174,79,2025-09-04 21:58:35,694
5071,352,99,2025-09-04 22:23:20,2607
5072,455,741,2025-09-04 22:48:28,2195
5073,497,377,2025-09-04 23:26:13,938
5074,265,336,2025-09-04 23:27:15,691
5075,166,778,2025-09-04 23:32:02,1208
5076,210,725,2025-09-05 00:57:49,2369
5077,160,47,2025-09-05 01:20:43,664
5078,462,183,2025-09-05 03:06:32,1476
5079,360,550,2025-09-05 04:56:10,3268
5080,64,308,2025-09-05 07:37:26,1684
5081,442,699,2025-09-05 08:58:56,2563
5082,252,439,2025-09-05 09:25:30,3099
5083,155,527,2025-09-05 10:06:01,1888
5084,388,256,2025-09-05 10:11:50,958
5085,384,417,2025-09-05 10:25:35,1760
5086,101,331,2025-09-05 10:36:08,1580
5087,44,23,2025-09-05 12:18:50,2511
5088,282,592,2025-09-05 12:22:02,1826
5089,313,665,2025-09-05 13:49:19,731
5090,258,378,2025-09-05 14:22:45,2227
5091,236,359,2025-09-05 14:40:57,714
5092,111,397,2025-09-05 15:34:05,1523
5093,383,433,2025-09-05 16:42:43,439
5094,322,610,2025-09-05 17:35:58,593
5095,383,757,2025-09-05 17:55:45,1579
5096,346,155,2025-09-05 17:59:41,1226
5097,46,489,2025-09-05 18:03:41,2532
5098,452,226,2025-09-05 18:27:27,700
5099,444,366,2025-09-05 19:20:02,3080
5100,212,140,2025-09-05 19:37:00,1190
5101,161,714,2025-09-05 19:51:29,235
5102,469,620,2025-09-05 20:06:14,1676
5103,495,792,2025-09-05 20:42:28,2308
5104,333,246,2025-09-05 21:21:26,1058
5105,71,602,2025-09-05 21:59:25,1663
5106,404,260,2025-09-05 22:10:07,695
5107,402,246,2025-09-05 22:14:42,977
5108,145,26,2025-09-05 23:31:54,667
5109,246,432,2025-09-06 00:13:53,1762
5110,180,205,2025-09-06 01:25:46,1132
5111,393,213,2025-09-06 01:45:02,1952
5112,30,34,2025-09-06 02:37:52,2065
5113,379,35,2025-09-06 03:10:14,2426
5114,260,154,2025-09-06 03:35:23,670
5115,126,538,2025-09-06 03:58:30,2265
5116,217,375,2025-09-06 04:22:53,661
5117,443,694,2025-09-06 05:33:18,588
5118,324,700,2025-09-06 05:39:18,699
5119,491,38,2025-09-06 05:45:22,300
5120,378,81,2025-09-06 05:59:14,508
5121,300,772,2025-09-06 07:14:36,890
5122,308,706,2025-09-06 08:15:55,1965
5123,205,322,2025-09-06 08:16:15,671
5124,455,326,2025-09-06 08:42:33,2705
5125,476,284,2025-09-06 09:49:33,1451
5126,241,460,2025-09-06 10:10:55,912
5127,332,419,2025-09-06 11:31:12,1065
5128,237,751,2025-09-06 12:31:44,1335
5129,401,393,2025-09-06 12:41:11,1034
5130,380,382,2025-09-06 13:20:47,1398
5131,308,601,2025-09-06 13:38:30,1591
5132,142,736,2025-09-06 13:51:50,535
5133,374,185,2025-09-06 14:31:05,1659
5134,147,18,2025-09-06 15:28:30,878
5135,320,548,2025-09-06 15:34:37,2120
5136,29,364,2025-09-06 15:34:43,578
5137,193,34,2025-09-06 17:25:24,2198
5138,110,566,2025-09-06 18:26:38,2612
5139,380,513,2025-09-06 19:03:15,2452
5140,155,132,2025-09-06 19:14:20,242
5141,53,18,2025-09-06 19:59:24,861
5142,470,740,2025-09-06 20:02:17,1558
5143,430,366,2025-09-06 20:12:19,2860
5144,359,773,2025-09-06 20:20:54,2825
5145,443,509,2025-09-06 20:38:45,838
5146,105,376,2025-09-06 20:48:18,441
5147,182,527,2025-09-06 21:17:33,1979
5148,215,791,2025-09-06 21:48:02,2311
5149,487,637,2025-09-06 21:51:20,2407
5150,86,711,2025-09-06 22:25:53,696
5151,449,638,2025-09-06 22:40:51,2741
5152,156,723,2025-09-06 22:58:42,1203
5153,88,568,2025-09-06 23:01:14,1758
5154,430,114,2025-09-06 23:27:03,1590
5155,111,551,2025-09-07 00:03:40,1428
5156,160,546,2025-09-07 01:25:03,997
5157,367,784,2025-09-07 01:32:08,60
5158,273,67,2025-09-07 01:44:56,2531
5159,66,721,2025-09-07 02:49:06,3093
5160,81,106,2025-09-07 04:07:41,2887
5161,382,248,2025-09-07 04:54:18,2708
5162,377,105,2025-09-07 05:33:18,1363
5163,464,198,2025-09-07 05:42:40,895
5164,206,91,2025-09-07 06:43:01,252
5165,183,372,2025-09-07 07:53:17,1006
5166,115,40,2025-09-07 08:00:22,1828
5167,231,452,2025-09-07 08:21:21,1948
5168,25,632,2025-09-07 09:01:21,737
5169,282,311,2025-09-07 09:27:29,1746
5170,380,725,2025-09-07 10:11:19,2273
5171,454,311,2025-09-07 10:11:46,1164
5172,306,606,2025-09-07 10:19:53,190
5173,464,613,2025-09-07 10:20:38,1264
5174,351,85,2025-09-07 10:24:09,1244
5175,12,430,2025-09-07 11:59:20,2074
5176,329,390,2025-09-07 12:02:14,2031
5177,386,720,2025-09-07 12:04:44,773
5178,129,138,2025-09-07 12:06:37,2921
5179,214,516,2025-09-07 12:26:24,2612
5180,416,512,2025-09-07 12:43:17,967
5181,401,391,2025-09-07 12:48:50,582
5182,75,32,2025-09-07 14:17:37,786
5183,410,726,2025-09-07 15:15:31,9
5184,118,143,2025-09-07 15:32:32,1386
5185,485,649,2025-09-07 17:00:55,2231
5186,322,467,2025-09-07 17:07:47,63
5187,24,661,2025-09-07 17:08:48,1147
5188,174,631,2025-09-07 17:19:09,1055
5189,285,475,2025-09-07 18:01:14,867
5190,152,343,2025-09-07 18:10:35,1349
5191,347,525,2025-09-07 18:30:35,3067
5192,477,151,2025-09-07 19:53:48,2814
5193,413,390,2025-09-07 20:17:52,285
5194,479,187,2025-09-07 20:37:46,1087
5195,154,489,2025-09-07 21:00:18,1820
5196,311,350,2025-09-07 21:02:20,343
5197,43,650,2025-09-07 21:33:16,2261
5198,224,402,2025-09-07 21:40:48,2807
5199,462,399,2025-09-07 21:43:01,2093
5200,69,226,2025-09-07 22:24:17,644
5201,262,454,2025-09-07 22:47:03,2839
5202,467,629,2025-09-07 23:03:23,1043
5203,338,54,2025-09-07 23:04:47,1320
5204,432,606,2025-09-07 23:21:58,58
5205,373,199,2025-09-08 00:39:29,2840
5206,426,604,2025-09-08 01:23:37,1184
5207,41,772,2025-09-08 01:30:05,741
5208,107,338,2025-09-08 02:01:03,1515
5209,267,601,2025-09-08 02:46:11,1675
5210,287,173,2025-09-08 04:16:14,1569
5211,302,729,2025-09-08 05:00:51,2622
5212,375,49,2025-09-08 05:38:31,759
5213,288,246,2025-09-08 05:41:47,1174
5214,210,486,2025-09-08 06:00:10,966
5215,374,227,2025-09-08 06:39:47,1143
5216,414,570,2025-09-08 07:06:36,514
5217,418,642,2025-09-08 07:58:15,1351
5218,170,390,2025-09-08 08:19:16,2059
5219,189,793,2025-09-08 08:54:11,2875
5220,447,163,2025-09-08 09:43:15,1914
5221,1,779,2025-09-08 10:38:26,3215
5222,192,215,2025-09-08 11:37:01,448
5223,219,549,2025-09-08 11:41:49,1443
5224,249,420,2025-09-08 12:25:53,1889
5225,205,286,2025-09-08 12:57:54,3108
5226,138,752,2025-09-08 13:16:25,502
5227,172,151,2025-09-08 13:25:34,221
5228,481,490,2025-09-08 13:51:50,874
5229,169,615,2025-09-08 14:05:05,1915
5230,251,282,2025-09-08 14:06:32,3051
5231,496,703,2025-09-08 14:51:14,246
5232,198,701,2025-09-08 16:27:47,1362
5233,166,779,2025-09-08 17:41:56,2128
5234,316,634,2025-09-08 18:27:55,2059
5235,314,417,2025-09-08 18:33:00,1561
5236,399,657,2025-09-08 19:38:38,982
5237,226,543,2025-09-08 19:48:09,534
5238,468,52,2025-09-08 21:12:38,2247
5239,419,189,2025-09-08 21:33:26,86
5240,429,39,2025-09-08 21:57:49,234
5241,334,655,2025-09-08 22:00:43,624
5242,269,288,2025-09-08 22:03:06,3170
5243,396,679,2025-09-08 22:24:18,851
5244,25,582,2025-09-08 23:51:34,1644
5245,356,51,2025-09-08 23:53:44,864
5246,498,35,2025-09-09 00:45:43,1713
5247,154,567,2025-09-09 00:51:51,455
5248,113,450,2025-09-09 01:10:37,2998
5249,205,410,2025-09-09 02:37:54,3028
5250,168,268,2025-09-09 02:55:58,618
5251,300,158,2025-09-09 04:42:01,1260
5252,249,274,2025-09-09 07:29:53,2904
5253,359,142,2025-09-09 07:47:56,838
5254,106,405,2025-09-09 07:50:43,776
5255,294,65,2025-09-09 07:52:07,1155
5256,421,358,2025-09-09 07:54:25,3099
5257,79,514,2025-09-09 08:18:55,1547
5258,451,366,2025-09-09 08:30:46,2977
5259,333,673,2025-09-09 08:31:13,265
5260,255,465,2025-09-09 08:36:09,1499
5261,469,163,2025-09-09 08:47:09,2030
5262,311,380,2025-09-09 08:47:20,769
5263,384,405,2025-09-09 09:59:13,93
5264,12,493,2025-09-09 10:50:35,1208
5265,289,714,2025-09-09 10:59:01,1521
5266,234,495,2025-09-09 11:00:09,1999
5267,353,284,2025-09-09 11:17:43,1098
5268,85,348,2025-09-09 11:43:44,410
5269,318,555,2025-09-09 12:41:33,2116
5270,265,800,2025-09-09 12:48:13,928
5271,226,456,2025-09-09 12:58:09,963
5272,460,38,2025-09-09 12:59:02,765
5273,314,270,2025-09-09 13:11:36,2903
5274,157,228,2025-09-09 13:13:47,1301
5275,253,105,2025-09-09 13:28:59,2376
5276,487,145,2025-09-09 14:08:57,777
5277,314,56,2025-09-09 15:29:43,2794
5278,153,116,2025-09-09 15:39:43,1960
5279,64,53,2025-09-09 15:40:46,1667
5280,330,259,2025-09-09 15:48:35,2536
5281,315,270,2025-09-09 16:15:43,1013
5282,135,711,2025-09-09 16:26:54,1106
5283,188,480,2025-09-09 16:31:36,1947
5284,115,351,2025-09-09 17:10:54,1472
5285,159,98,2025-09-09 19:10:39,1936
5286,240,220,2025-09-09 19:17:31,3100
5287,75,550,2025-09-09 20:00:00,2917
5288,428,794,2025-09-09 20:21:34,3569
5289,177,498,2025-09-09 20:27:07,1414
5290,476,514,2025-09-09 20:57:00,152
5291,404,544,2025-09-09 22:54:13,1248
5292,398,199,2025-09-10 01:40:50,3002
5293,336,654,2025-09-10 02:36:54,1705
5294,53,258,2025-09-10 02:56:48,3491
5295,325,734,2025-09-10 03:18:15,484
5296,303,501,2025-09-10 03:25:53,2276
5297,499,298,2025-09-10 03:51:06,1152
5298,175,43,2025-09-10 04:11:19,2521
5299,191,732,2025-09-10 04:28:52,2381
5300,98,624,2025-09-10 04:41:37,831
5301,179,631,2025-09-10 05:12:17,1190
5302,54,449,2025-09-10 05:34:30,2243
5303,405,662,2025-09-10 06:26:26,790
5304,359,612,2025-09-10 09:51:31,1128
5305,51,408,2025-09-10 10:07:29,1698
5306,187,593,2025-09-10 11:35:36,2247
5307,406,600,2025-09-10 12:28:13,1839
5308,102,439,2025-09-10 13:10:10,2763
5309,408,365,2025-09-10 16:21:09,2318
5310,30,466,2025-09-10 16:34:21,1444
5311,399,88,2025-09-10 17:26:03,2828
5312,55,772,2025-09-10 17:31:49,279
5313,25,619,2025-09-10 17:36:22,2022
5314,326,318,2025-09-10 17:45:52,1626
5315,345,231,2025-09-10 18:29:32,1631
5316,212,453,2025-09-10 19:24:39,2260
5317,138,533,2025-09-10 20:06:57,783
5318,499,684,2025-09-10 21:05:00,43
5319,370,234,2025-09-10 21:42:15,2483
5320,187,575,2025-09-10 22:16:34,2554
5321,90,351,2025-09-10 23:02:55,1494
5322,460,747,2025-09-10 23:06:36,2589
5323,399,70,2025-09-11 00:19:50,308
5324,200,440,2025-09-11 00:26:19,961
5325,345,132,2025-09-11 00:30:27,3218
5326,136,642,2025-09-11 00:41:10,1224
5327,194,85,2025-09-11 01:45:40,1160
5328,280,582,2025-09-11 01:59:59,1430
5329,317,314,2025-09-11 02:27:23,3274
5330,494,271,2025-09-11 03:15:27,2677
5331,359,220,2025-09-11 03:24:26,2065
5332,147,79,2025-09-11 03:25:13,261
5333,273,682,2025-09-11 03:25:26,670
5334,110,392,2025-09-11 03:51:00,1637
5335,352,347,2025-09-11 04:18:03,1263
5336,330,553,2025-09-11 04:23:58,493
5337,488,740,2025-09-11 05:18:27,2671
5338,399,287,2025-09-11 05:39:01,1662
5339,344,138,2025-09-11 06:06:50,2403
5340,268,250,2025-09-11 06:10:28,1219
5341,461,100,2025-09-11 06:34:18,511
5342,467,399,2025-09-11 06:51:32,22
5343,399,405,2025-09-11 08:28:59,714
5344,375,587,2025-09-11 08:47:53,87
5345,223,112,2025-09-11 09:36:26,1654
5346,74,759,2025-09-11 11:27:41,1826
5347,248,706,2025-09-11 12:03:10,2024
5348,49,511,2025-09-11 12:12:07,1062
5349,265,405,2025-09-11 13:30:07,745
5350,200,589,2025-09-11 14:48:48,1162
5351,83,397,2025-09-11 15:34:54,1710
5352,132,630,2025-09-11 16:23:50,2954
5353,43,411,2025-09-11 16:34:20,483
5354,119,624,2025-09-11 16:57:09,889
5355,408,583,2025-09-11 17:32:31,239
5356,250,661,2025-09-11 18:13:17,77
5357,339,118,2025-09-11 18:14:56,2134
5358,64,566,2025-09-11 19:19:08,555
5359,52,193,2025-09-11 20:11:16,620
5360,238,12,2025-09-11 21:25:21,920
5361,473,253,2025-09-11 21:26:47,79
5362,374,142,2025-09-11 22:33:34,899
5363,408,4,2025-09-11 22:45:37,393
5364,476,775,2025-09-12 00:04:31,450
5365,406,283,2025-09-12 00:24:38,1484
5366,309,238,2025-09-12 00:34:52,1258
5367,388,516,2025-09-12 00:53:50,2637
5368,328,85,2025-09-12 01:48:31,99
5369,412,335,2025-09-12 02:48:22,1102
5370,130,387,2025-09-12 02:49:50,1513
5371,63,27,2025-09-12 02:57:43,2208
5372,465,784,2025-09-12 02:58:04,538
5373,45,586,2025-09-12 03:05:22,1602
5374,362,494,2025-09-12 03:11:21,1231
5375,414,777,2025-09-12 03:23:36,2693
5376,253,84,2025-09-12 03:23:59,1158
5377,177,421,2025-09-12 04:00:57,1684
5378,156,76,2025-09-12 04:45:44,803
5379,3,338,2025-09-12 05:46:38,217
5380,119,780,2025-09-12 05:54:02,2649
5381,123,459,2025-09-12 05:54:25,687
5382,233,783,2025-09-12 05:58:53,1501
5383,224,63,2025-09-12 08:01:32,78
5384,483,672,2025-09-12 09:55:24,2610
5385,233,693,2025-09-12 10:26:26,2479
5386,328,781,2025-09-12 10:34:50,606
5387,91,271,2025-09-12 10:52:51,2769
5388,372,463,2025-09-12 12:02:12,1477
5389,136,349,2025-09-12 13:14:03,775
5390,460,547,2025-09-12 13:15:47,2167
5391,225,743,2025-09-12 13:46:55,1266
5392,177,397,2025-09-12 14:35:02,137
5393,248,53,2025-09-12 14:42:08,1939
5394,481,369,2025-09-12 15:11:31,2627
5395,245,424,2025-09-12 15:18:30,745
5396,489,590,2025-09-12 15:33:17,661
5397,149,690,2025-09-12 16:29:57,1805
5398,263,579,2025-09-12 17:51:33,2631
5399,296,216,2025-09-12 19:06:46,1036
5400,349,26,2025-09-12 20:38:03,1544
5401,133,702,2025-09-12 21:01:47,772
5402,6,445,2025-09-12 22:25:16,3169
5403,473,666,2025-09-12 22:59:57,2726
5404,68,420,2025-09-13 01:04:28,1878
5405,442,454,2025-09-13 01:24:59,3169
5406,192,480,2025-09-13 01:41:41,301
5407,458,417,2025-09-13 02:04:18,703
5408,95,764,2025-09-13 05:09:55,2813
5409,403,88,2025-09-13 06:00:25,311
5410,184,127,2025-09-13 06:17:57,1451
5411,339,34,2025-09-13 07:34:15,2535
5412,86,295,2025-09-13 07:58:58,435
5413,398,248,2025-09-13 09:22:10,103
5414,476,236,2025-09-13 09:38:14,1465
5415,417,726,2025-09-13 10:03:33,930
5416,194,580,2025-09-13 10:26:10,2044
5417,470,3,2025-09-13 10:48:30,2248
5418,175,449,2025-09-13 11:02:02,1994
5419,307,313,2025-09-13 11:43:51,133
5420,367,50,2025-09-13 12:01:02,259
5421,130,544,2025-09-13 12:16:37,1334
5422,246,799,2025-09-13 12:17:45,2072
5423,297,647,2025-09-13 12:29:56,905
5424,132,171,2025-09-13 12:37:24,2815
5425,272,7,2025-09-13 12:49:33,2255
5426,155,136,2025-09-13 12:55:29,2366
5427,441,435,2025-09-13 12:59:30,2688
5428,204,29,2025-09-13 13:03:19,2096
5429,487,134,2025-09-13 13:10:50,315
5430,247,36,2025-09-13 13:39:42,2412
5431,463,334,2025-09-13 13:56:31,1073
5432,488,607,2025-09-13 14:11:04,3322
5433,242,580,2025-09-13 14:17:47,2153
5434,266,509,2025-09-13 14:19:11,633
5435,411,162,2025-09-13 15:00:18,3190
5436,89,591,2025-09-13 15:42:35,2631
5437,201,318,2025-09-13 15:43:31,1703
5438,390,188,2025-09-13 15:49:58,842
5439,10,332,2025-09-13 16:04:39,51
5440,160,347,2025-09-13 16:33:37,2741
5441,349,164,2025-09-13 16:49:36,2627
5442,371,501,2025-09-13 17:27:09,2068
5443,204,283,2025-09-13 17:32:38,1655
5444,357,70,2025-09-13 17:38:02,109
5445,68,478,2025-09-13 17:39:29,1739
5446,183,176,2025-09-13 18:17:33,2111
5447,142,175,2025-09-13 19:06:01,2824
5448,29,493,2025-09-13 20:09:06,1411
5449,278,194,2025-09-13 21:53:03,834
5450,488,506,2025-09-13 22:18:46,1313
5451,204,548,2025-09-13 23:04:16,1730
5452,46,266,2025-09-13 23:12:24,3395
5453,69,411,2025-09-14 00:05:21,2816
5454,176,513,2025-09-14 00:27:52,2659
5455,49,374,2025-09-14 00:48:28,53
5456,312,495,2025-09-14 01:26:30,1979
5457,38,586,2025-09-14 04:11:32,617
5458,282,742,2025-09-14 05:02:34,953
5459,77,579,2025-09-14 06:42:44,2537
5460,332,203,2025-09-14 08:59:49,1959
5461,304,106,2025-09-14 09:28:02,2940
5462,191,331,2025-09-14 10:42:42,1526
5463,411,619,2025-09-14 11:14:17,1700
5464,499,20,2025-09-14 11:32:47,2922
5465,236,310,2025-09-14 11:46:42,2149
5466,159,188,2025-09-14 11:50:35,583
5467,299,422,2025-09-14 11:55:50,905
5468,265,559,2025-09-14 12:39:29,1123
5469,295,482,2025-09-14 12:39:55,2046
5470,223,726,2025-09-14 12:40:27,784
5471,133,305,2025-09-14 12:46:18,322
5472,176,312,2025-09-14 13:58:34,1709
5473,310,386,2025-09-14 14:36:07,1780
5474,386,729,2025-09-14 14:50:53,2599
5475,347,664,2025-09-14 15:00:17,65
5476,25,782,2025-09-14 15:03:15,2755
5477,10,657,2025-09-14 15:32:12,419
5478,215,52,2025-09-14 17:30:56,2522
5479,5,616,2025-09-14 18:17:29,496
5480,245,426,2025-09-14 18:52:29,2190
5481,356,798,2025-09-14 19:52:31,2426
5482,134,609,2025-09-14 19:56:59,292
5483,307,237,2025-09-14 20:22:43,376
5484,138,645,2025-09-14 20:54:34,1002
5485,76,478,2025-09-14 22:07:20,1243
5486,236,189,2025-09-14 22:28:55,2469
5487,133,504,2025-09-14 23:32:49,2510
5488,404,14,2025-09-14 23:43:59,970
5489,65,626,2025-09-14 23:53:49,2324
5490,271,755,2025-09-14 23:58:00,1559
5491,295,552,2025-09-15 01:24:07,2536
5492,332,781,2025-09-15 01:48:25,632
5493,356,493,2025-09-15 01:52:46,1419
5494,181,256,2025-09-15 01:58:04,898
5495,221,788,2025-09-15 02:09:22,1520
5496,400,242,2025-09-15 02:21:49,1610
5497,74,620,2025-09-15 02:30:41,1706
5498,326,57,2025-09-15 02:51:29,3007
5499,443,661,2025-09-15 03:08:20,968
5500,128,756,2025-09-15 03:11:59,2682
5501,27,732,2025-09-15 03:58:12,2463
5502,206,635,2025-09-15 04:41:52,2020
5503,32,753,2025-09-15 08:08:23,2596
5504,138,585,2025-09-15 08:54:16,313
5505,351,589,2025-09-15 09:09:38,2393
5506,109,758,2025-09-15 09:16:31,3253
5507,353,356,2025-09-15 09:22:38,1236
5508,172,468,2025-09-15 09:38:59,444
5509,51,227,2025-09-15 10:39:09,1300
5510,175,255,2025-09-15 11:22:55,635
5511,93,236,2025-09-15 11:27:24,2661
5512,151,777,2025-09-15 11:35:57,2572
5513,276,384,2025-09-15 11:46:58,839
5514,124,236,2025-09-15 11:54:32,2806
5515,25,129,2025-09-15 11:59:06,621
5516,15,500,2025-09-15 12:05:22,849
5517,274,511,2025-09-15 13:38:24,344
5518,325,716,2025-09-15 13:50:49,133
5519,419,704,2025-09-15 14:24:38,2084
5520,37,81,2025-09-15 14:39:46,2820
5521,439,90,2025-09-15 14:49:54,1364
5522,19,498,2025-09-15 15:30:54,1339
5523,128,751,2025-09-15 16:19:51,1319
5524,367,761,2025-09-15 16:42:46,1092
5525,131,781,2025-09-15 16:49:07,661
5526,57,342,2025-09-15 16:49:21,1126
5527,255,125,2025-09-15 16:56:13,1685
5528,89,528,2025-09-15 18:00:13,1027
5529,126,18,2025-09-15 18:27:10,804
5530,69,77,2025-09-15 18:51:45,2058
5531,457,734,2025-09-15 19:23:11,2813
5532,399,1,2025-09-15 19:50:23,1929
5533,149,158,2025-09-15 20:02:05,195
5534,257,368,2025-09-15 20:18:41,1719
5535,450,80,2025-09-15 20:33:01,715
5536,217,25,2025-09-15 21:30:40,1939
5537,304,39,2025-09-15 22:37:25,518
5538,387,428,2025-09-16 01:00:25,2149
5539,308,153,2025-09-16 01:41:13,2296
5540,51,551,2025-09-16 03:03:58,1797
5541,459,401,2025-09-16 03:05:39,1586
5542,268,117,2025-09-16 03:43:34,2587
5543,376,361,2025-09-16 04:35:34,167
5544,216,611,2025-09-16 04:41:00,251
5545,303,391,2025-09-16 05:05:57,561
5546,389,165,2025-09-16 06:15:50,714
5547,246,160,2025-09-16 07:44:00,969
5548,327,568,2025-09-16 08:58:03,1152
5549,230,159,2025-09-16 09:14:15,1702
5550,145,19,2025-09-16 09:17:22,2410
5551,400,30,2025-09-16 09:30:37,1532
5552,310,455,2025-09-16 09:40:38,2016
5553,322,584,2025-09-16 11:31:36,1736
5554,146,623,2025-09-16 11:35:57,1088
5555,134,397,2025-09-16 11:59:22,1676
5556,195,540,2025-09-16 12:29:18,2291
5557,445,575,2025-09-16 12:43:17,2613
5558,218,312,2025-09-16 13:17:11,1549
5559,408,375,2025-09-16 13:32:05,816
5560,475,769,2025-09-16 13:38:23,24
5561,225,215,2025-09-16 14:08:56,2059
5562,69,358,2025-09-16 14:14:04,3244
5563,389,220,2025-09-16 14:42:43,1753
5564,407,248,2025-09-16 15:12:20,134
5565,353,571,2025-09-16 15:31:25,1293
5566,213,111,2025-09-16 19:18:38,2151
5567,7,106,2025-09-16 19:36:28,1675
5568,192,298,2025-09-16 19:48:16,2110
5569,176,303,2025-09-16 21:09:55,2621
5570,369,38,2025-09-16 22:11:56,805
5571,107,582,2025-09-16 23:28:21,1518
5572,267,523,2025-09-16 23:55:04,1022
5573,110,14,2025-09-17 00:39:29,646
5574,270,226,2025-09-17 03:10:00,582
5575,41,299,2025-09-17 04:30:29,1106
5576,480,232,2025-09-17 04:32:55,2682
5577,143,109,2025-09-17 04:35:10,2818
5578,212,322,2025-09-17 05:19:36,725
5579,263,635,2025-09-17 05:30:56,2045
5580,311,387,2025-09-17 05:49:59,689
5581,168,648,2025-09-17 05:52:21,1375
5582,20,133,2025-09-17 06:32:39,964
5583,196,762,2025-09-17 09:24:08,2608
5584,53,189,2025-09-17 09:43:45,2617
5585,378,45,2025-09-17 09:47:09,2742
5586,323,170,2025-09-17 10:38:20,1980
5587,173,72,2025-09-17 10:52:11,1117
5588,411,118,2025-09-17 11:57:26,1958
5589,270,567,2025-09-17 12:11:09,1102
5590,18,598,2025-09-17 12:22:59,2297
5591,168,144,2025-09-17 12:27:56,3181
5592,415,289,2025-09-17 14:03:48,889
5593,410,266,2025-09-17 14:25:18,2830
5594,429,403,2025-09-17 16:11:05,207
5595,121,474,2025-09-17 16:40:58,165
5596,38,113,2025-09-17 16:46:22,2674
5597,348,390,2025-09-17 17:34:03,2388
5598,404,125,2025-09-17 18:01:46,1630
5599,4,393,2025-09-17 18:11:33,74
5600,404,95,2025-09-17 18:44:53,2039
5601,426,105,2025-09-17 18:49:59,2588
5602,376,323,2025-09-17 18:59:53,1822
5603,307,147,2025-09-17 19:04:49,2365
5604,283,686,2025-09-17 19:28:48,826
5605,113,269,2025-09-17 20:40:07,79
5606,265,107,2025-09-17 20:43:42,502
5607,325,107,2025-09-17 20:54:37,772
5608,44,715,2025-09-17 21:02:35,2942
5609,228,602,2025-09-17 22:05:48,1710
5610,258,370,2025-09-17 22:26:42,2896
5611,25,396,2025-09-17 23:39:34,1395
5612,235,540,2025-09-17 23:45:42,800
5613,415,363,2025-09-17 23:53:37,3124
5614,65,783,2025-09-18 00:16:33,798
5615,308,276,2025-09-18 00:37:40,2759
5616,114,220,2025-09-18 00:49:19,3548
5617,317,643,2025-09-18 01:42:34,1598
5618,2,619,2025-09-18 03:46:51,1768
5619,118,403,2025-09-18 04:02:16,632
5620,96,646,2025-09-18 04:07:21,2333
5621,198,18,2025-09-18 04:26:43,427
5622,180,240,2025-09-18 04:45:43,3121
5623,179,501,2025-09-18 07:25:38,2082
5624,429,38,2025-09-18 07:55:57,175
5625,330,341,2025-09-18 08:00:24,1877
5626,116,406,2025-09-18 10:17:48,492
5627,144,452,2025-09-18 11:20:39,1060
5628,154,575,2025-09-18 11:37:09,2696
5629,266,606,2025-09-18 12:33:38,875
5630,7,666,2025-09-18 12:55:42,1927
5631,28,467,2025-09-18 14:19:24,1052
5632,249,784,2025-09-18 14:44:49,2739
5633,465,318,2025-09-18 15:42:02,1850
5634,479,38,2025-09-18 16:03:44,720
5635,38,453,2025-09-18 16:14:47,1223
5636,27,38,2025-09-18 16:54:33,271
5637,138,294,2025-09-18 17:48:23,1986
5638,172,607,2025-09-18 20:04:33,3050
5639,341,678,2025-09-18 20:21:33,1275
5640,360,351,2025-09-18 21:05:58,1785
5641,56,492,2025-09-18 21:43:04,2301
5642,120,369,2025-09-18 23:24:48,836
5643,29,319,2025-09-19 00:28:45,2163
5644,197,642,2025-09-19 01:41:08,1232
5645,368,115,2025-09-19 02:38:31,3073
5646,234,242,2025-09-19 02:59:00,1063
5647,445,311,2025-09-19 03:12:08,1901
5648,260,508,2025-09-19 03:20:51,2540
5649,406,765,2025-09-19 03:55:42,1297
5650,193,338,2025-09-19 04:45:56,2186
5651,444,491,2025-09-19 05:01:28,2879
5652,48,268,2025-09-19 05:23:51,1040
5653,141,591,2025-09-19 06:09:23,1028
5654,470,624,2025-09-19 06:15:35,1001
5655,188,373,2025-09-19 06:30:24,2612
5656,423,328,2025-09-19 07:08:12,2854
5657,63,398,2025-09-19 07:31:45,798
5658,301,571,2025-09-19 07:32:58,1389
5659,135,403,2025-09-19 08:41:43,532
5660,356,611,2025-09-19 09:39:52,2696
5661,322,662,2025-09-19 10:50:31,2261
5662,119,614,2025-09-19 11:00:22,2455
5663,357,102,2025-09-19 11:41:54,1040
5664,383,598,2025-09-19 13:30:35,2087
5665,427,665,2025-09-19 13:42:04,17
5666,200,55,2025-09-19 13:56:32,170
5667,408,114,2025-09-19 14:34:44,1738
5668,168,435,2025-09-19 14:40:28,67
5669,99,576,2025-09-19 16:08:58,977
5670,320,642,2025-09-19 16:43:38,1173
5671,119,2,2025-09-19 16:57:47,237
5672,336,783,2025-09-19 17:12:21,1080
5673,193,587,2025-09-19 17:22:38,923
5674,456,726,2025-09-19 17:36:41,849
5675,101,691,2025-09-19 17:37:41,2633
5676,135,542,2025-09-19 17:55:23,1265
5677,239,644,2025-09-19 17:55:54,1789
5678,481,372,2025-09-19 19:37:42,2956
5679,71,130,2025-09-19 20:11:33,3046
5680,70,144,2025-09-19 21:12:37,174
5681,373,408,2025-09-19 21:21:55,1684
5682,327,645,2025-09-19 21:56:31,962
5683,80,195,2025-09-19 22:29:59,3184
5684,224,623,2025-09-19 22:48:35,620
5685,321,625,2025-09-19 23:11:24,2480
5686,141,16,2025-09-19 23:12:29,973
5687,342,70,2025-09-19 23:13:03,581
5688,176,144,2025-09-19 23:49:21,3128
5689,326,412,2025-09-20 01:36:58,1139
5690,455,617,2025-09-20 03:14:14,1469
5691,320,582,2025-09-20 03:39:07,1676
5692,161,190,2025-09-20 03:47:16,1340
5693,155,701,2025-09-20 04:46:15,1315
5694,472,765,2025-09-20 05:42:08,1282
5695,223,520,2025-09-20 05:49:26,921
5696,159,228,2025-09-20 06:06:39,690
5697,363,533,2025-09-20 06:09:27,109
5698,431,342,2025-09-20 06:15:46,1007
5699,401,711,2025-09-20 06:26:39,176
5700,456,171,2025-09-20 06:35:03,2569
5701,27,176,2025-09-20 07:01:37,2065
5702,9,731,2025-09-20 08:44:06,2635
5703,240,173,2025-09-20 09:03:07,637
5704,204,405,2025-09-20 09:43:17,674
5705,261,305,2025-09-20 09:50:54,123
5706,164,353,2025-09-20 10:33:25,1592
5707,240,789,2025-09-20 10:35:34,876
5708,293,201,2025-09-20 12:20:36,2589
5709,297,324,2025-09-20 13:03:30,2362
5710,418,150,2025-09-20 13:38:00,1704
5711,38,66,2025-09-20 14:34:19,2696
5712,473,467,2025-09-20 16:03:55,190
5713,493,364,2025-09-20 16:32:35,3053
5714,54,106,2025-09-20 16:56:03,2011
5715,436,165,2025-09-20 18:43:23,266
5716,22,371,2025-09-20 20:01:25,2207
5717,261,717,2025-09-20 20:51:55,1666
5718,327,573,2025-09-20 22:58:23,1756
5719,430,176,2025-09-20 23:07:29,1822
5720,367,535,2025-09-21 00:30:04,2520
5721,118,734,2025-09-21 00:36:52,2838
5722,279,358,2025-09-21 00:56:28,984
5723,33,632,2025-09-21 02:39:32,625
5724,279,482,2025-09-21 02:42:10,1375
5725,367,165,2025-09-21 02:43:22,803
5726,108,645,2025-09-21 02:50:10,829
5727,375,336,2025-09-21 03:11:32,2892
5728,10,373,2025-09-21 03:22:58,2568
5729,156,706,2025-09-21 04:27:46,1858
5730,220,178,2025-09-21 04:31:36,889
5731,6,463,2025-09-21 04:57:47,615
5732,382,670,2025-09-21 05:35:00,2575
5733,343,279,2025-09-21 06:03:00,1212
5734,102,468,2025-09-21 06:06:22,592
5735,223,786,2025-09-21 06:38:28,3072
5736,443,621,2025-09-21 07:10:00,931
5737,64,433,2025-09-21 08:33:53,998
5738,429,572,2025-09-21 08:58:53,1146
5739,106,2,2025-09-21 09:45:38,647
5740,483,20,2025-09-21 10:42:39,2901
5741,238,5,2025-09-21 10:44:24,334
5742,377,340,2025-09-21 11:57:49,1780
5743,49,502,2025-09-21 12:12:30,1761
5744,426,710,2025-09-21 13:08:03,278
5745,50,122,2025-09-21 14:08:27,519
5746,313,418,2025-09-21 14:13:23,2290
5747,375,737,2025-09-21 16:05:16,1801
5748,363,340,2025-09-21 16:20:59,2039
5749,69,677,2025-09-21 16:43:49,1443
5750,258,562,2025-09-21 18:34:52,1324
5751,156,241,2025-09-21 19:19:29,2167
5752,359,731,2025-09-21 19:49:24,2415
5753,175,765,2025-09-21 19:50:13,1129
5754,396,110,2025-09-21 20:06:01,614
5755,419,333,2025-09-21 21:19:58,1424
5756,238,457,2025-09-21 22:33:45,3017
5757,21,227,2025-09-21 23:01:12,182
5758,10,244,2025-09-22 00:37:09,635
5759,463,547,2025-09-22 02:19:36,2130
5760,304,483,2025-09-22 03:15:53,481
5761,456,317,2025-09-22 03:38:30,793
5762,458,226,2025-09-22 06:24:51,741
5763,394,303,2025-09-22 08:59:35,2580
5764,24,334,2025-09-22 09:38:59,941
5765,165,456,2025-09-22 10:24:28,1013
5766,55,697,2025-09-22 10:40:55,679
5767,281,229,2025-09-22 10:41:14,112
5768,211,147,2025-09-22 10:47:54,2127
5769,350,107,2025-09-22 11:03:48,65
5770,457,366,2025-09-22 11:23:28,2881
5771,20,775,2025-09-22 12:19:59,1369
5772,86,186,2025-09-22 13:02:03,822
5773,268,610,2025-09-22 14:15:56,957
5774,101,279,2025-09-22 14:30:52,1163
5775,344,520,2025-09-22 15:44:08,1308
5776,370,233,2025-09-22 16:28:45,314
5777,200,109,2025-09-22 16:55:45,2663
5778,293,619,2025-09-22 16:58:25,1865
5779,433,609,2025-09-22 18:10:59,319
5780,169,713,2025-09-22 18:14:56,1573
5781,435,226,2025-09-22 19:01:02,409
5782,452,532,2025-09-22 19:11:39,3056
5783,188,752,2025-09-22 20:03:22,1154
5784,263,407,2025-09-22 20:10:33,1265
5785,133,795,2025-09-22 20:38:32,1067
5786,125,53,2025-09-22 20:45:26,1987
5787,3,482,2025-09-22 21:03:30,1292
5788,314,746,2025-09-22 21:22:17,3013
5789,237,701,2025-09-22 21:24:16,1287
5790,159,284,2025-09-22 21:31:33,1219
5791,298,175,2025-09-22 21:35:33,2761
5792,475,352,2025-09-22 21:38:49,753
5793,426,364,2025-09-22 23:31:50,2696
5794,480,752,2025-09-22 23:39:59,509
5795,264,215,2025-09-22 23:47:18,2466
5796,327,728,2025-09-23 00:31:36,2055
5797,311,721,2025-09-23 00:43:16,3189
5798,438,322,2025-09-23 01:16:01,781
5799,255,338,2025-09-23 02:02:53,2568
5800,194,489,2025-09-23 03:17:09,2667
5801,157,694,2025-09-23 04:16:27,195
5802,30,454,2025-09-23 04:28:45,2656
5803,239,477,2025-09-23 04:59:19,2929
5804,327,198,2025-09-23 05:08:34,1036
5805,252,521,2025-09-23 05:57:21,1636
5806,98,203,2025-09-23 06:05:18,1923
5807,121,194,2025-09-23 07:20:05,1447
5808,489,568,2025-09-23 07:29:43,1935
5809,115,90,2025-09-23 08:29:26,3445
5810,350,403,2025-09-23 08:54:52,526
5811,356,688,2025-09-23 09:07:30,2868
5812,231,160,2025-09-23 10:00:46,671
5813,496,132,2025-09-23 11:08:12,1653
5814,218,628,2025-09-23 11:37:45,916
5815,183,322,2025-09-23 13:19:25,848
5816,22,153,2025-09-23 13:26:10,224
5817,38,200,2025-09-23 13:26:31,1094
5818,406,370,2025-09-23 14:45:18,3039
5819,57,785,2025-09-23 15:10:28,1674
5820,340,612,2025-09-23 15:33:45,288
5821,375,774,2025-09-23 16:05:45,1077
5822,225,753,2025-09-23 16:54:42,2573
5823,77,555,2025-09-23 16:55:03,3264
5824,187,396,2025-09-23 16:55:05,759
5825,128,688,2025-09-23 17:03:56,175
5826,416,349,2025-09-23 17:06:47,2301
5827,109,723,2025-09-23 17:24:39,1005
5828,394,552,2025-09-23 17:41:45,2229
5829,111,238,2025-09-23 18:08:53,1620
5830,99,591,2025-09-23 18:18:39,2389
5831,211,37,2025-09-23 18:59:18,59
5832,126,410,2025-09-23 19:00:52,3505
5833,428,146,2025-09-23 19:06:01,970
5834,9,189,2025-09-23 20:43:35,2350
5835,228,384,2025-09-23 21:20:25,1250
5836,235,792,2025-09-23 22:31:27,2217
5837,237,25,2025-09-23 22:58:02,1750
5838,56,177,2025-09-23 23:06:03,124
5839,130,317,2025-09-23 23:42:46,855
5840,458,168,2025-09-23 23:52:48,2592
5841,283,665,2025-09-24 01:38:11,478
5842,119,603,2025-09-24 01:48:42,790
5843,306,162,2025-09-24 02:20:46,3058
5844,76,116,2025-09-24 05:02:55,166
5845,44,164,2025-09-24 05:19:03,1318
5846,460,573,2025-09-24 06:33:32,1176
5847,238,456,2025-09-24 06:58:14,920
5848,162,293,2025-09-24 07:08:28,1607
5849,275,456,2025-09-24 08:20:59,1075
5850,32,410,2025-09-24 08:36:47,1227
5851,426,711,2025-09-24 10:16:20,1078
5852,86,432,2025-09-24 11:46:05,1967
5853,133,426,2025-09-24 12:44:30,2935
5854,71,759,2025-09-24 12:48:03,2049
5855,291,427,2025-09-24 12:57:18,2779
5856,454,272,2025-09-24 13:49:57,2572
5857,419,351,2025-09-24 15:46:10,1039
5858,239,712,2025-09-24 16:02:06,953
5859,134,15,2025-09-24 16:41:02,1326
5860,140,427,2025-09-24 17:20:23,2575
5861,28,445,2025-09-24 17:37:15,628
5862,311,465,2025-09-24 17:55:50,1441
5863,205,535,2025-09-24 18:02:56,381
5864,76,411,2025-09-24 18:23:55,2686
5865,194,264,2025-09-24 19:59:13,269
5866,444,505,2025-09-24 21:12:03,118
5867,172,397,2025-09-24 21:38:42,1615
5868,407,207,2025-09-24 21:57:17,310
5869,194,313,2025-09-24 22:05:40,1250
5870,189,652,2025-09-24 22:26:07,200
5871,460,127,2025-09-24 22:28:57,2820
5872,69,571,2025-09-24 22:48:22,1193
5873,352,277,2025-09-24 23:03:25,124
5874,296,619,2025-09-24 23:26:57,264
5875,285,21,2025-09-25 00:21:34,528
5876,242,2,2025-09-25 01:27:10,1504
5877,249,106,2025-09-25 01:56:55,2392
5878,53,742,2025-09-25 02:45:25,1032
5879,146,232,2025-09-25 03:32:22,1874
5880,375,454,2025-09-25 03:44:52,2886
5881,467,301,2025-09-25 03:59:21,2869
5882,35,94,2025-09-25 04:08:30,116
5883,27,693,2025-09-25 05:39:01,2465
5884,378,371,2025-09-25 07:35:00,113
5885,77,357,2025-09-25 07:50:52,1973
5886,391,642,2025-09-25 09:24:43,812
5887,42,13,2025-09-25 09:59:46,2988
5888,241,374,2025-09-25 10:45:45,1702
5889,332,472,2025-09-25 11:01:36,2163
5890,171,656,2025-09-25 11:24:03,385
5891,444,767,2025-09-25 12:33:43,784
5892,390,172,2025-09-25 12:41:23,1317
5893,316,782,2025-09-25 12:59:09,3013
5894,145,86,2025-09-25 13:06:46,1882
5895,109,452,2025-09-25 13:39:51,1410
5896,436,376,2025-09-25 13:45:51,577
5897,235,800,2025-09-25 14:18:20,949
5898,405,434,2025-09-25 15:34:31,2224
5899,402,704,2025-09-25 16:11:10,1845
5900,347,386,2025-09-25 16:15:51,1734
5901,176,509,2025-09-25 16:38:43,984
5902,307,674,2025-09-25 17:21:10,233
5903,371,401,2025-09-25 17:57:37,1475
5904,314,36,2025-09-25 18:04:31,2257
5905,173,516,2025-09-25 18:23:01,2695
5906,183,455,2025-09-25 18:24:55,963
5907,296,572,2025-09-25 18:29:48,1025
5908,125,325,2025-09-25 18:58:21,386
5909,50,120,2025-09-25 20:03:48,253
5910,266,381,2025-09-25 20:13:08,2282
5911,129,421,2025-09-25 20:38:46,1680
5912,343,745,2025-09-25 20:40:05,1612
5913,125,366,2025-09-25 20:51:18,2781
5914,108,54,2025-09-25 21:24:14,1425
5915,334,282,2025-09-25 21:46:35,3321
5916,389,41,2025-09-25 22:22:56,2517
5917,136,159,2025-09-25 23:48:10,1896
5918,478,138,2025-09-26 00:28:36,608
5919,424,168,2025-09-26 00:35:43,2672
5920,248,562,2025-09-26 00:39:28,2591
5921,33,777,2025-09-26 00:53:52,2703
5922,312,747,2025-09-26 00:54:33,2508
5923,151,179,2025-09-26 02:53:45,2402
5924,247,739,2025-09-26 03:16:39,2961
5925,407,185,2025-09-26 03:45:53,181
5926,256,345,2025-09-26 04:38:36,586
5927,74,637,2025-09-26 05:01:10,2108
5928,483,439,2025-09-26 05:25:25,2935
5929,233,604,2025-09-26 06:20:41,1782
5930,170,301,2025-09-26 07:04:12,1551
5931,389,302,2025-09-26 07:19:48,825
5932,471,626,2025-09-26 07:41:54,2279
5933,355,219,2025-09-26 08:24:32,2523
5934,169,617,2025-09-26 08:28:58,2588
5935,33,716,2025-09-26 09:04:22,2912
5936,265,618,2025-09-26 10:11:10,130
5937,271,294,2025-09-26 12:15:29,2625
5938,369,686,2025-09-26 12:18:50,721
5939,185,420,2025-09-26 12:37:11,1847
5940,360,246,2025-09-26 12:42:51,888
5941,239,29,2025-09-26 12:52:23,2248
5942,16,324,2025-09-26 13:06:51,2166
5943,362,134,2025-09-26 13:13:01,776
5944,28,219,2025-09-26 13:20:47,2559
5945,454,667,2025-09-26 16:37:18,1035
5946,212,651,2025-09-26 16:44:39,1292
5947,448,361,2025-09-26 16:47:55,983
5948,54,134,2025-09-26 17:36:37,664
5949,252,558,2025-09-26 18:43:02,2853
5950,389,49,2025-09-26 19:17:21,792
5951,452,306,2025-09-26 19:32:48,1280
5952,206,386,2025-09-26 19:46:53,1024
5953,152,82,2025-09-26 20:08:59,822
5954,283,697,2025-09-26 20:24:55,1229
5955,88,679,2025-09-26 20:38:18,862
5956,22,324,2025-09-26 20:49:22,2436
5957,473,732,2025-09-26 21:33:58,2809
5958,257,161,2025-09-26 22:15:47,2307
5959,230,37,2025-09-26 23:14:55,1100
5960,113,691,2025-09-26 23:18:00,1767
5961,464,472,2025-09-27 00:36:21,347
5962,108,764,2025-09-27 00:39:58,876
5963,484,391,2025-09-27 00:54:27,635
5964,227,767,2025-09-27 01:22:45,725
5965,278,720,2025-09-27 02:13:01,723
5966,271,474,2025-09-27 03:12:59,2074
5967,77,7,2025-09-27 04:16:31,2227
5968,116,276,2025-09-27 04:35:25,2527
5969,209,187,2025-09-27 06:27:25,1966
5970,327,649,2025-09-27 06:59:40,2631
5971,490,652,2025-09-27 07:14:00,1819
5972,218,178,2025-09-27 07:16:26,1561
5973,436,464,2025-09-27 08:32:21,1135
5974,131,339,2025-09-27 09:07:29,1265
5975,241,224,2025-09-27 09:56:17,84
5976,382,652,2025-09-27 10:02:04,1676
5977,418,459,2025-09-27 10:16:20,649
5978,404,261,2025-09-27 10:37:06,373
5979,176,346,2025-09-27 10:54:14,845
5980,405,718,2025-09-27 11:23:42,2036
5981,457,470,2025-09-27 11:32:47,1653
5982,245,572,2025-09-27 11:51:20,1214
5983,299,432,2025-09-27 11:54:16,2101
5984,331,472,2025-09-27 12:12:29,1060
5985,448,352,2025-09-27 12:31:17,1691
5986,143,528,2025-09-27 13:19:25,1218
5987,221,512,2025-09-27 13:19:52,877
5988,320,73,2025-09-27 14:42:46,2380
5989,170,361,2025-09-27 15:06:00,994
5990,6,676,2025-09-27 15:15:40,592
5991,315,269,2025-09-27 15:16:09,2644
5992,432,286,2025-09-27 17:06:14,3020
5993,212,25,2025-09-27 17:20:51,1977
5994,44,132,2025-09-27 17:51:16,2715
5995,126,590,2025-09-27 18:33:18,720
5996,485,517,2025-09-27 19:47:29,3146
5997,279,230,2025-09-27 20:08:30,1428
5998,165,562,2025-09-27 20:25:34,2238
5999,9,120,2025-09-27 20:37:33,1106
6000,429,203,2025-09-27 21:01:28,1905
6001,336,461,2025-09-27 21:02:36,794
6002,164,391,2025-09-27 21:06:26,565
6003,237,714,2025-09-27 21:13:30,1731
6004,492,507,2025-09-27 21:36:08,3086
6005,500,377,2025-09-27 22:00:16,75
6006,123,705,2025-09-27 22:37:24,1850
6007,43,454,2025-09-27 23:09:23,1638
6008,491,294,2025-09-27 23:09:31,2672
6009,483,165,2025-09-27 23:12:55,706
6010,460,376,2025-09-28 00:13:24,2150
6011,458,685,2025-09-28 00:17:39,618
6012,397,778,2025-09-28 00:53:34,173
6013,35,625,2025-09-28 01:24:22,2351
6014,465,384,2025-09-28 01:50:04,1259
6015,31,210,2025-09-28 02:00:54,384
6016,323,395,2025-09-28 02:45:36,3140
6017,14,526,2025-09-28 03:31:50,2520
6018,30,194,2025-09-28 03:43:13,1375
6019,89,741,2025-09-28 03:48:51,2499
6020,146,293,2025-09-28 04:36:20,266
6021,396,447,2025-09-28 04:52:00,686
6022,12,590,2025-09-28 05:19:40,284
6023,422,565,2025-09-28 05:54:52,1123
6024,85,363,2025-09-28 06:11:37,3072
6025,363,28,2025-09-28 06:34:39,1803
6026,130,91,2025-09-28 07:00:27,503
6027,79,333,2025-09-28 08:26:50,1218
6028,305,90,2025-09-28 08:55:15,3320
6029,155,759,2025-09-28 09:44:57,2271
6030,258,728,2025-09-28 09:56:17,1764
6031,393,703,2025-09-28 11:12:08,1613
6032,219,560,2025-09-28 11:12:30,1999
6033,420,132,2025-09-28 11:38:02,1162
6034,85,635,2025-09-28 12:20:39,346
6035,43,230,2025-09-28 12:32:48,197
6036,287,36,2025-09-28 12:41:17,1367
6037,285,559,2025-09-28 12:56:50,3226
6038,347,423,2025-09-28 13:57:11,1732
6039,423,587,2025-09-28 13:57:58,513
6040,263,158,2025-09-28 14:48:46,79
6041,494,576,2025-09-28 15:34:55,2289
6042,492,156,2025-09-28 17:44:11,745
6043,205,501,2025-09-28 18:02:40,158
6044,451,713,2025-09-28 18:06:09,1908
6045,440,671,2025-09-28 18:16:37,444
6046,317,118,2025-09-28 19:28:09,2225
6047,19,329,2025-09-28 19:34:17,578
6048,106,163,2025-09-28 20:45:53,410
6049,488,270,2025-09-28 22:16:52,3004
6050,40,263,2025-09-28 22:31:39,1462
6051,30,733,2025-09-28 22:48:32,1828
6052,184,725,2025-09-28 23:24:47,2135
6053,423,387,2025-09-28 23:38:19,1335
6054,428,201,2025-09-28 23:38:31,2946
6055,40,96,2025-09-29 00:18:29,857
6056,394,57,2025-09-29 00:42:43,3035
6057,500,32,2025-09-29 00:53:54,808
6058,195,791,2025-09-29 01:04:12,1127
6059,12,14,2025-09-29 02:08:47,964
6060,306,407,2025-09-29 02:08:49,1420
6061,71,785,2025-09-29 02:28:47,1853
6062,253,111,2025-09-29 03:22:21,2043
6063,401,28,2025-09-29 03:24:25,2799
6064,336,50,2025-09-29 04:02:49,2639
6065,153,221,2025-09-29 04:22:35,1842
6066,456,548,2025-09-29 04:54:24,1852
6067,278,711,2025-09-29 04:58:31,1122
6068,88,250,2025-09-29 05:26:19,2376
6069,296,505,2025-09-29 06:10:13,560
6070,468,555,2025-09-29 06:20:30,2903
6071,485,346,2025-09-29 06:32:01,1745
6072,58,217,2025-09-29 06:40:05,2252
6073,216,25,2025-09-29 06:48:23,2117
6074,85,797,2025-09-29 07:18:26,915
6075,466,212,2025-09-29 08:18:30,1792
6076,289,651,2025-09-29 08:19:30,1027
6077,17,265,2025-09-29 08:30:09,796
6078,266,319,2025-09-29 10:15:56,2209
6079,221,756,2025-09-29 11:30:09,2926
6080,119,503,2025-09-29 11:33:59,698
6081,55,469,2025-09-29 13:23:58,2021
6082,247,410,2025-09-29 14:15:35,200
6083,3,526,2025-09-29 14:58:06,1662
6084,410,82,2025-09-29 15:19:55,853
6085,160,729,2025-09-29 15:59:01,1390
6086,213,552,2025-09-29 16:17:05,1957
6087,16,204,2025-09-29 17:14:46,1151
6088,86,410,2025-09-29 17:42:34,2715
6089,174,727,2025-09-29 18:34:47,2839
6090,133,180,2025-09-29 19:43:11,2984
6091,260,772,2025-09-29 19:52:26,590
6092,433,238,2025-09-29 20:16:21,1476
6093,14,204,2025-09-29 20:19:03,875
6094,352,323,2025-09-29 20:26:46,905
6095,346,421,2025-09-29 20:57:54,1382
6096,4,89,2025-09-29 20:58:35,309
6097,71,156,2025-09-29 22:00:46,1310
6098,268,386,2025-09-29 22:14:35,1937
6099,65,708,2025-09-30 00:33:29,399
6100,228,762,2025-09-30 00:45:33,2055
6101,119,548,2025-09-30 00:57:26,2064
6102,298,333,2025-09-30 01:24:55,1407
6103,405,600,2025-09-30 01:50:31,651
6104,294,88,2025-09-30 02:18:17,3288
6105,279,117,2025-09-30 02:25:06,253
6106,133,772,2025-09-30 02:28:01,741
6107,271,644,2025-09-30 03:39:46,1049
6108,493,486,2025-09-30 03:57:55,2417
6109,89,499,2025-09-30 04:47:25,2956
6110,172,727,2025-09-30 04:48:06,2024
6111,182,262,2025-09-30 04:51:07,1196
6112,169,301,2025-09-30 05:26:02,1025
6113,357,488,2025-09-30 06:01:46,2605
6114,223,134,2025-09-30 06:19:31,657
6115,7,115,2025-09-30 06:31:41,3284
6116,455,736,2025-09-30 06:45:59,1266
6117,139,314,2025-09-30 06:51:10,3208
6118,385,327,2025-09-30 08:24:08,1506
6119,418,420,2025-09-30 10:54:03,1909
6120,217,286,2025-09-30 10:59:37,3083
6121,47,704,2025-09-30 11:11:48,2044
6122,228,14,2025-09-30 12:12:42,1039
6123,350,730,2025-09-30 12:18:12,2264
6124,208,77,2025-09-30 13:27:23,1790
6125,448,797,2025-09-30 14:10:38,944
6126,47,716,2025-09-30 14:10:49,2937
6127,457,653,2025-09-30 15:23:27,785
6128,180,793,2025-09-30 15:36:24,2154
6129,278,207,2025-09-30 15:43:49,1645
6130,415,484,2025-09-30 16:01:22,1173
6131,294,569,2025-09-30 16:08:38,1242
6132,213,334,2025-09-30 16:43:05,1102
6133,242,99,2025-09-30 17:31:50,2427
6134,453,747,2025-09-30 18:45:33,2292
6135,492,480,2025-09-30 19:58:38,2099
6136,305,285,2025-09-30 20:36:39,511
6137,373,591,2025-09-30 20:58:10,2045
6138,154,411,2025-09-30 21:43:44,1494
6139,496,106,2025-09-30 21:49:47,2875
6140,389,591,2025-10-01 00:33:42,2823
6141,393,310,2025-10-01 00:34:32,2581
6142,417,789,2025-10-01 00:35:39,1787
6143,392,345,2025-10-01 00:38:08,510
6144,370,686,2025-10-01 00:49:56,752
6145,498,746,2025-10-01 01:03:06,2808
6146,287,124,2025-10-01 01:39:31,2582
6147,477,98,2025-10-01 02:07:20,1343
6148,285,32,2025-10-01 02:12:48,706
6149,248,586,2025-10-01 02:15:42,1441
6150,208,422,2025-10-01 02:16:14,2134
6151,467,737,2025-10-01 03:16:44,1988
6152,293,663,2025-10-01 04:08:19,553
6153,207,777,2025-10-01 04:46:51,3012
6154,394,735,2025-10-01 05:28:43,13
6155,382,484,2025-10-01 05:36:37,185
6156,11,458,2025-10-01 06:32:10,182
6157,32,541,2025-10-01 06:44:19,1770
6158,366,722,2025-10-01 07:50:07,2566
6159,116,169,2025-10-01 08:38:39,101
6160,362,36,2025-10-01 09:24:11,2620
6161,140,517,2025-10-01 10:30:24,1169
6162,223,504,2025-10-01 10:40:27,2633
6163,479,701,2025-10-01 13:08:55,641
6164,244,294,2025-10-01 14:24:00,2502
6165,163,453,2025-10-01 14:50:08,1027
6166,142,92,2025-10-01 15:03:20,1278
6167,229,601,2025-10-01 15:20:20,862
6168,440,42,2025-10-01 15:20:29,405
6169,77,63,2025-10-01 15:53:23,852
6170,116,60,2025-10-01 16:02:59,2116
6171,488,262,2025-10-01 16:03:40,1976
6172,227,229,2025-10-01 16:12:27,903
6173,17,473,2025-10-01 16:21:03,829
6174,21,751,2025-10-01 16:45:56,1316
6175,176,151,2025-10-01 16:49:54,2429
6176,246,377,2025-10-01 17:04:34,441
6177,247,779,2025-10-01 17:32:32,3262
6178,369,367,2025-10-01 18:08:14,3182
6179,474,786,2025-10-01 18:40:14,3124
6180,253,445,2025-10-01 19:50:24,2406
6181,273,364,2025-10-01 19:51:05,2729
6182,267,237,2025-10-01 19:51:42,2383
6183,417,225,2025-10-01 20:51:03,2786
6184,297,213,2025-10-01 21:16:34,912
6185,242,786,2025-10-01 21:36:41,2987
6186,279,710,2025-10-01 22:21:44,764
6187,480,35,2025-10-01 22:27:10,1327
6188,98,239,2025-10-01 23:25:54,2881
6189,321,551,2025-10-01 23:49:52,2009
6190,188,409,2025-10-02 00:54:45,1369
6191,331,499,2025-10-02 01:01:48,3157
6192,238,225,2025-10-02 01:18:42,3064
6193,329,642,2025-10-02 02:59:19,1398
6194,245,432,2025-10-02 03:41:30,1894
6195,335,643,2025-10-02 04:19:14,1419
6196,158,310,2025-10-02 05:41:20,2452
6197,251,682,2025-10-02 06:00:31,654
6198,343,162,2025-10-02 06:07:00,2815
6199,75,645,2025-10-02 06:15:28,941
6200,496,617,2025-10-02 07:05:41,2496
6201,135,744,2025-10-02 08:24:02,868
6202,326,586,2025-10-02 08:26:45,221
6203,311,480,2025-10-02 09:47:51,2099
6204,112,694,2025-10-02 10:34:52,665
6205,85,97,2025-10-02 10:56:44,1782
6206,346,431,2025-10-02 12:18:56,3217
6207,349,702,2025-10-02 12:40:20,656
6208,224,445,2025-10-02 12:43:09,3270
6209,327,688,2025-10-02 15:15:40,2626
6210,153,507,2025-10-02 16:37:34,2908
6211,291,591,2025-10-02 17:13:16,2604
6212,299,367,2025-10-02 17:40:19,2666
6213,119,541,2025-10-02 18:19:01,1606
6214,196,173,2025-10-02 18:28:06,738
6215,206,248,2025-10-02 20:21:32,2482
6216,347,425,2025-10-02 20:33:17,825
6217,470,611,2025-10-02 21:08:19,1250
6218,165,762,2025-10-02 21:57:37,1086
6219,335,377,2025-10-02 22:13:19,493
6220,112,33,2025-10-02 22:49:43,125
6221,340,150,2025-10-02 23:35:47,3506
6222,195,688,2025-10-02 23:36:18,3072
6223,180,754,2025-10-03 00:17:15,2751
6224,361,191,2025-10-03 00:18:22,1934
6225,259,463,2025-10-03 00:44:27,658
6226,219,684,2025-10-03 01:18:12,2095
6227,18,618,2025-10-03 02:21:25,382
6228,369,745,2025-10-03 03:19:28,196
6229,382,158,2025-10-03 03:23:04,1342
6230,397,788,2025-10-03 03:36:00,1465
6231,341,481,2025-10-03 03:47:11,961
6232,144,94,2025-10-03 05:18:27,616
6233,418,632,2025-10-03 05:44:34,715
6234,471,425,2025-10-03 05:46:34,1028
6235,339,375,2025-10-03 06:04:07,884
6236,180,770,2025-10-03 06:22:20,2977
6237,223,589,2025-10-03 06:47:27,2533
6238,110,706,2025-10-03 08:24:50,1848
6239,282,59,2025-10-03 08:37:30,2748
6240,167,134,2025-10-03 08:49:26,721
6241,200,448,2025-10-03 08:50:24,1002
6242,227,556,2025-10-03 08:55:23,1536
6243,47,608,2025-10-03 10:02:28,2916
6244,228,281,2025-10-03 12:14:58,247
6245,420,413,2025-10-03 12:35:46,2928
6246,203,162,2025-10-03 12:37:15,2834
6247,262,585,2025-10-03 12:49:12,728
6248,202,623,2025-10-03 14:16:48,1028
6249,153,794,2025-10-03 14:24:04,3087
6250,305,338,2025-10-03 14:44:47,888
6251,352,365,2025-10-03 15:19:08,2433
6252,33,6,2025-10-03 16:00:00,1290
6253,159,430,2025-10-03 16:37:34,1848
6254,154,602,2025-10-03 16:42:05,1672
6255,226,283,2025-10-03 17:11:46,1696
6256,337,760,2025-10-03 17:12:30,2614
6257,60,347,2025-10-03 18:02:07,506
6258,418,697,2025-10-03 19:14:38,1222
6259,404,419,2025-10-03 19:17:01,1075
6260,327,577,2025-10-03 19:24:22,2355
6261,155,126,2025-10-03 20:25:44,2219
6262,191,135,2025-10-03 21:13:56,2740
6263,206,2,2025-10-03 22:14:35,612
6264,384,1,2025-10-03 22:34:07,1572
6265,403,494,2025-10-03 22:51:51,778
6266,449,32,2025-10-03 23:55:28,146
6267,439,477,2025-10-03 23:56:27,404
6268,287,57,2025-10-04 00:47:35,3051
6269,307,303,2025-10-04 01:04:10,2820
6270,468,411,2025-10-04 01:39:18,3117
6271,183,345,2025-10-04 03:11:27,206
6272,416,608,2025-10-04 03:19:41,2060
6273,225,84,2025-10-04 03:58:42,1182
6274,248,8,2025-10-04 04:51:01,925
6275,76,612,2025-10-04 04:53:55,2075
6276,486,572,2025-10-04 04:56:31,1214
6277,188,18,2025-10-04 05:10:22,891
6278,217,86,2025-10-04 05:19:52,1227
6279,72,77,2025-10-04 05:37:34,1807
6280,493,139,2025-10-04 05:47:12,460
6281,414,272,2025-10-04 05:58:09,59
6282,110,490,2025-10-04 06:00:27,819
6283,254,372,2025-10-04 06:13:55,2721
6284,230,262,2025-10-04 06:23:06,1751
6285,354,186,2025-10-04 06:35:19,2061
6286,370,34,2025-10-04 06:45:25,2759
6287,304,380,2025-10-04 06:48:44,734
6288,48,173,2025-10-04 07:24:29,895
6289,330,65,2025-10-04 08:40:16,1963
6290,68,685,2025-10-04 08:55:07,636
6291,315,624,2025-10-04 09:15:45,850
6292,183,598,2025-10-04 09:49:45,2157
6293,369,139,2025-10-04 10:26:17,419
6294,405,292,2025-10-04 10:43:06,732
6295,337,705,2025-10-04 10:53:42,2061
6296,54,21,2025-10-04 11:23:33,620
6297,293,782,2025-10-04 11:34:52,3228
6298,184,32,2025-10-04 12:03:07,694
6299,26,223,2025-10-04 12:03:18,1959
6300,403,281,2025-10-04 12:12:04,602
6301,394,14,2025-10-04 12:15:58,627
6302,430,44,2025-10-04 14:32:55,1781
6303,256,105,2025-10-04 14:58:49,1675
6304,121,280,2025-10-04 15:46:16,2474
6305,449,361,2025-10-04 16:12:15,87
6306,416,758,2025-10-04 17:08:18,3479
6307,212,135,2025-10-04 18:06:30,2765
6308,222,609,2025-10-04 19:36:39,874
6309,469,357,2025-10-04 19:57:10,1746
6310,312,281,2025-10-04 20:09:23,22
6311,9,298,2025-10-04 20:39:24,2335
6312,334,454,2025-10-04 20:42:25,2708
6313,346,780,2025-10-04 22:36:50,2493
6314,200,620,2025-10-04 23:53:23,231
6315,23,99,2025-10-05 00:08:25,2715
6316,72,538,2025-10-05 01:26:56,2077
6317,151,689,2025-10-05 01:41:35,1917
6318,465,15,2025-10-05 01:43:37,845
6319,67,624,2025-10-05 02:14:52,1005
6320,389,400,2025-10-05 04:04:13,2817
6321,223,9,2025-10-05 04:04:41,1767
6322,139,410,2025-10-05 04:55:53,3102
6323,403,692,2025-10-05 05:36:53,3166
6324,190,388,2025-10-05 05:48:27,1491
6325,351,303,2025-10-05 06:16:38,64
6326,479,510,2025-10-05 06:22:05,1237
6327,76,331,2025-10-05 06:38:27,695
6328,78,350,2025-10-05 06:58:59,2511
6329,267,329,2025-10-05 08:22:10,649
6330,308,400,2025-10-05 09:03:17,2630
6331,490,58,2025-10-05 09:06:30,524
6332,465,750,2025-10-05 09:19:45,1137
6333,97,737,2025-10-05 10:15:38,893
6334,9,338,2025-10-05 10:30:56,2488
6335,340,153,2025-10-05 10:44:24,892
6336,64,7,2025-10-05 10:49:30,2214
6337,297,278,2025-10-05 11:14:30,1645
6338,56,284,2025-10-05 11:58:19,1652
6339,442,32,2025-10-05 13:04:38,770
6340,263,228,2025-10-05 13:15:39,972
6341,349,651,2025-10-05 14:21:35,1459
6342,279,155,2025-10-05 14:28:32,2354
6343,50,118,2025-10-05 15:51:33,2104
6344,112,504,2025-10-05 16:21:33,2648
6345,382,530,2025-10-05 17:35:00,89
6346,22,698,2025-10-05 17:43:32,1552
6347,499,419,2025-10-05 18:14:24,1018
6348,387,446,2025-10-05 18:17:40,2812
6349,243,463,2025-10-05 18:29:51,1484
6350,444,131,2025-10-05 18:51:44,936
6351,268,546,2025-10-05 19:20:09,719
6352,422,642,2025-10-05 19:20:50,601
6353,66,655,2025-10-05 19:56:27,808
6354,239,540,2025-10-05 20:12:36,2467
6355,170,48,2025-10-05 21:04:59,1554
6356,284,754,2025-10-05 21:35:20,2588
6357,4,269,2025-10-05 22:06:53,2580
6358,194,726,2025-10-06 00:52:07,30
6359,254,307,2025-10-06 01:18:05,3069
6360,41,741,2025-10-06 02:16:35,2117
6361,107,74,2025-10-06 02:19:25,2793
6362,200,569,2025-10-06 02:35:07,2717
6363,385,727,2025-10-06 02:51:44,1139
6364,18,493,2025-10-06 02:58:07,1394
6365,132,270,2025-10-06 03:26:33,1708
6366,413,397,2025-10-06 04:56:41,340
6367,303,612,2025-10-06 05:29:36,1898
6368,160,278,2025-10-06 05:29:43,1418
6369,314,491,2025-10-06 07:11:10,109
6370,117,233,2025-10-06 07:13:14,1552
6371,478,462,2025-10-06 09:16:39,684
6372,15,95,2025-10-06 09:30:52,41
6373,325,310,2025-10-06 09:34:15,1099
6374,187,757,2025-10-06 10:08:54,1754
6375,368,424,2025-10-06 10:29:25,859
6376,48,488,2025-10-06 10:32:30,2248
6377,477,134,2025-10-06 10:38:25,417
6378,311,262,2025-10-06 10:55:09,947
6379,264,131,2025-10-06 13:17:15,842
6380,488,216,2025-10-06 14:19:52,867
6381,446,617,2025-10-06 14:23:42,2511
6382,225,15,2025-10-06 15:55:38,527
6383,160,750,2025-10-06 16:05:04,1244
6384,112,406,2025-10-06 16:24:49,2270
6385,440,509,2025-10-06 16:37:06,495
6386,198,421,2025-10-06 17:49:33,1709
6387,7,4,2025-10-06 18:17:24,1116
6388,72,166,2025-10-06 19:11:52,2111
6389,444,186,2025-10-06 19:50:52,1999
6390,298,218,2025-10-06 21:09:43,2811
6391,276,169,2025-10-06 21:12:04,597
6392,69,437,2025-10-06 21:37:18,528
6393,102,12,2025-10-06 21:48:01,947
6394,301,442,2025-10-06 22:48:52,930
6395,206,411,2025-10-07 00:13:43,2902
6396,279,361,2025-10-07 00:14:12,827
6397,335,271,2025-10-07 00:20:15,1366
6398,142,593,2025-10-07 01:16:14,2420
6399,267,674,2025-10-07 01:20:08,2872
6400,51,158,2025-10-07 01:38:29,1304
6401,200,768,2025-10-07 01:39:03,641
6402,388,725,2025-10-07 01:51:40,278
6403,116,386,2025-10-07 02:45:05,1472
6404,353,421,2025-10-07 03:11:25,1571
6405,378,566,2025-10-07 03:36:14,3007
6406,133,171,2025-10-07 03:49:32,161
6407,102,107,2025-10-07 03:56:01,500
6408,353,404,2025-10-07 04:39:34,3065
6409,237,438,2025-10-07 04:46:39,2239
6410,108,370,2025-10-07 05:16:14,2802
6411,398,317,2025-10-07 05:37:01,56
6412,300,355,2025-10-07 06:18:44,486
6413,492,561,2025-10-07 06:29:51,2288
6414,403,504,2025-10-07 07:27:08,2431
6415,7,696,2025-10-07 07:52:08,1382
6416,444,29,2025-10-07 08:10:06,62
6417,55,343,2025-10-07 08:10:11,2283
6418,94,768,2025-10-07 08:15:09,844
6419,81,777,2025-10-07 08:22:33,600
6420,45,3,2025-10-07 10:08:59,2341
6421,410,394,2025-10-07 12:17:55,1977
6422,236,721,2025-10-07 12:54:02,2769
6423,410,675,2025-10-07 13:17:13,1177
6424,464,493,2025-10-07 13:28:09,835
6425,233,628,2025-10-07 13:51:12,995
6426,199,463,2025-10-07 14:20:53,488
6427,61,47,2025-10-07 15:01:15,1081
6428,222,313,2025-10-07 15:08:17,464
6429,409,397,2025-10-07 15:14:32,1630
6430,137,372,2025-10-07 16:59:20,2796
6431,386,662,2025-10-07 17:50:43,2478
6432,101,161,2025-10-07 19:10:08,1946
6433,60,698,2025-10-07 19:24:17,1749
6434,495,478,2025-10-07 19:28:30,1543
6435,374,424,2025-10-07 20:01:16,175
6436,175,417,2025-10-07 21:04:01,1695
6437,352,564,2025-10-07 21:06:50,1224
6438,269,352,2025-10-07 21:19:50,1716
6439,257,388,2025-10-07 22:06:00,2676
6440,472,606,2025-10-07 22:28:13,840
6441,100,421,2025-10-07 23:26:04,1121
6442,196,206,2025-10-07 23:46:12,466
6443,218,784,2025-10-08 00:18:40,2704
6444,409,271,2025-10-08 01:46:44,2831
6445,199,395,2025-10-08 03:27:14,3100
6446,498,454,2025-10-08 03:33:07,2818
6447,415,756,2025-10-08 03:33:35,1992
6448,443,328,2025-10-08 04:28:24,3264
6449,13,794,2025-10-08 04:41:45,3147
6450,332,6,2025-10-08 05:18:52,1363
6451,269,626,2025-10-08 06:45:27,2689
6452,133,341,2025-10-08 06:58:01,2588
6453,179,287,2025-10-08 07:18:29,1663
6454,247,538,2025-10-08 08:31:13,126
6455,374,547,2025-10-08 08:47:31,2080
6456,370,622,2025-10-08 08:52:18,641
6457,500,759,2025-10-08 08:55:43,2143
6458,400,30,2025-10-08 09:52:05,1618
6459,412,282,2025-10-08 09:59:14,35
6460,112,181,2025-10-08 10:13:30,3042
6461,161,106,2025-10-08 10:43:56,444
6462,185,529,2025-10-08 11:58:14,1824
6463,222,211,2025-10-08 12:26:14,367
6464,144,664,2025-10-08 13:08:37,1700
6465,489,404,2025-10-08 13:24:56,3235
6466,436,140,2025-10-08 14:03:02,1010
6467,318,486,2025-10-08 14:46:12,1301
6468,28,726,2025-10-08 14:49:02,800
6469,36,55,2025-10-08 15:50:11,1002
6470,224,46,2025-10-08 17:00:23,1429
6471,306,336,2025-10-08 17:21:16,1483
6472,304,473,2025-10-08 18:09:40,797
6473,101,242,2025-10-08 19:29:01,1615
6474,129,221,2025-10-08 19:54:08,1707
6475,139,723,2025-10-08 21:16:19,1136
6476,175,24,2025-10-08 21:20:50,2202
6477,394,657,2025-10-08 21:39:09,886
6478,240,30,2025-10-08 21:41:30,1764
6479,222,775,2025-10-08 22:29:05,2792
6480,469,717,2025-10-08 22:45:32,2402
6481,308,187,2025-10-08 23:10:17,1366
6482,442,224,2025-10-08 23:56:48,2066
6483,130,373,2025-10-08 23:58:59,3214
6484,492,689,2025-10-09 00:31:48,1165
6485,468,255,2025-10-09 01:37:54,648
6486,172,711,2025-10-09 02:08:08,1333
6487,34,777,2025-10-09 02:20:26,491
6488,329,373,2025-10-09 02:33:57,993
6489,21,508,2025-10-09 02:46:30,295
6490,276,698,2025-10-09 03:01:25,1661
6491,263,201,2025-10-09 03:07:28,2511
6492,394,360,2025-10-09 04:21:47,2674
6493,338,292,2025-10-09 05:41:53,676
6494,135,636,2025-10-09 06:34:44,590
6495,6,194,2025-10-09 06:35:38,758
6496,260,251,2025-10-09 06:37:15,2884
6497,132,252,2025-10-09 07:11:03,2485
6498,266,334,2025-10-09 07:44:07,973
6499,134,274,2025-10-09 08:20:17,2739
6500,462,324,2025-10-09 08:53:48,2423
6501,96,641,2025-10-09 09:31:33,298
6502,3,731,2025-10-09 09:47:14,2009
6503,400,56,2025-10-09 09:54:07,1256
6504,467,665,2025-10-09 10:04:46,42
6505,338,638,2025-10-09 10:35:57,2834
6506,308,170,2025-10-09 11:49:14,2106
6507,181,272,2025-10-09 12:03:44,2728
6508,306,659,2025-10-09 12:29:48,726
6509,407,62,2025-10-09 14:15:25,972
6510,84,27,2025-10-09 14:41:43,1507
6511,183,221,2025-10-09 15:02:16,375
6512,12,300,2025-10-09 15:03:25,784
6513,72,717,2025-10-09 15:46:52,484
6514,478,530,2025-10-09 16:27:08,1939
6515,448,128,2025-10-09 18:14:30,1044
6516,496,58,2025-10-09 18:33:18,549
6517,363,460,2025-10-09 19:06:45,564
6518,423,498,2025-10-09 19:48:07,1606
6519,270,767,2025-10-09 19:57:11,522
6520,349,336,2025-10-09 20:05:41,2233
6521,44,549,2025-10-09 20:07:02,552
6522,392,528,2025-10-09 20:52:22,1103
6523,68,601,2025-10-09 21:00:54,1742
6524,95,372,2025-10-09 22:07:30,2795
6525,271,539,2025-10-09 22:14:40,2755
6526,303,43,2025-10-09 23:33:29,2017
6527,217,746,2025-10-10 00:11:49,3387
6528,156,269,2025-10-10 00:14:35,2569
6529,410,347,2025-10-10 01:17:10,477
6530,284,289,2025-10-10 01:36:10,880
6531,167,755,2025-10-10 02:32:57,298
6532,148,417,2025-10-10 02:46:15,1461
6533,14,455,2025-10-10 03:02:11,1968
6534,178,361,2025-10-10 03:46:57,970
6535,189,341,2025-10-10 04:22:44,2491
6536,388,729,2025-10-10 05:05:34,1111
6537,169,308,2025-10-10 05:36:06,1682
6538,479,505,2025-10-10 06:38:13,582
6539,146,726,2025-10-10 07:34:01,338
6540,436,296,2025-10-10 07:42:57,1775
6541,306,482,2025-10-10 08:05:17,1941
6542,146,339,2025-10-10 08:07:59,2272
6543,427,318,2025-10-10 08:14:00,1822
6544,136,737,2025-10-10 09:16:57,1794
6545,102,695,2025-10-10 09:26:29,2369
6546,251,121,2025-10-10 09:27:51,816
6547,462,31,2025-10-10 10:30:51,2839
6548,135,640,2025-10-10 11:18:23,1740
6549,401,159,2025-10-10 11:45:59,1903
6550,348,495,2025-10-10 12:36:06,2062
6551,145,377,2025-10-10 13:06:20,949
6552,53,509,2025-10-10 13:49:14,949
6553,174,290,2025-10-10 15:07:43,2820
6554,149,362,2025-10-10 15:22:45,2733
6555,187,446,2025-10-10 15:30:32,2979
6556,286,680,2025-10-10 15:37:23,432
6557,337,496,2025-10-10 15:38:45,3487
6558,261,56,2025-10-10 16:06:57,2702
6559,4,309,2025-10-10 16:24:21,2262
6560,258,428,2025-10-10 16:28:34,1795
6561,243,91,2025-10-10 16:34:30,656
6562,165,785,2025-10-10 16:56:23,1770
6563,299,238,2025-10-10 18:04:01,942
6564,399,631,2025-10-10 18:12:22,1084
6565,349,431,2025-10-10 19:09:25,440
6566,266,519,2025-10-10 19:33:36,3196
6567,46,35,2025-10-10 19:46:54,2658
6568,306,81,2025-10-10 19:54:13,272
6569,23,166,2025-10-10 20:07:38,1878
6570,98,703,2025-10-10 21:10:41,1456
6571,293,444,2025-10-10 21:26:23,1314
6572,2,682,2025-10-10 21:30:07,578
6573,230,532,2025-10-10 22:17:29,1933
6574,287,546,2025-10-10 23:06:41,988
6575,481,461,2025-10-10 23:22:51,837
6576,232,443,2025-10-11 00:24:28,2659
6577,432,139,2025-10-11 01:03:55,2384
6578,359,95,2025-10-11 02:19:18,835
6579,223,300,2025-10-11 03:05:19,1965
6580,158,282,2025-10-11 03:48:44,2914
6581,100,785,2025-10-11 03:56:13,2680
6582,421,445,2025-10-11 04:06:31,3066
6583,168,531,2025-10-11 04:35:44,115
6584,423,310,2025-10-11 04:49:11,1376
6585,270,457,2025-10-11 06:21:06,2853
6586,197,625,2025-10-11 06:28:06,1734
6587,172,256,2025-10-11 06:30:41,80
6588,207,319,2025-10-11 07:16:44,1892
6589,483,157,2025-10-11 08:30:03,878
6590,6,569,2025-10-11 08:45:22,3116
6591,490,604,2025-10-11 09:44:04,1914
6592,266,66,2025-10-11 10:20:32,2898
6593,94,143,2025-10-11 10:47:27,1433
6594,396,666,2025-10-11 12:46:29,3019
6595,197,574,2025-10-11 14:47:01,2655
6596,240,213,2025-10-11 15:16:22,1352
6597,28,397,2025-10-11 15:58:48,1493
6598,252,309,2025-10-11 16:00:38,2616
6599,254,514,2025-10-11 16:39:14,1168
6600,168,599,2025-10-11 17:03:37,2631
6601,346,795,2025-10-11 17:04:32,1772
6602,470,381,2025-10-11 18:48:23,1904
6603,347,3,2025-10-11 19:28:38,199
6604,377,135,2025-10-11 20:10:40,2877
6605,218,268,2025-10-11 20:30:20,936
6606,496,425,2025-10-11 20:44:24,1269
6607,211,110,2025-10-11 21:13:45,1585
6608,129,260,2025-10-11 21:16:02,210
6609,351,523,2025-10-11 21:22:21,1008
6610,444,378,2025-10-11 23:25:32,1376
6611,295,95,2025-10-12 00:28:09,2021
6612,337,23,2025-10-12 00:37:14,2282
6613,121,230,2025-10-12 01:01:39,2951
6614,279,90,2025-10-12 01:32:21,3464
6615,427,191,2025-10-12 04:16:12,2942
6616,461,434,2025-10-12 04:20:45,2528
6617,251,688,2025-10-12 04:52:26,2813
6618,66,213,2025-10-12 05:13:23,784
6619,472,762,2025-10-12 05:41:40,2255
6620,422,503,2025-10-12 05:47:18,66
6621,42,542,2025-10-12 07:57:28,1072
6622,399,303,2025-10-12 08:06:50,2818
6623,307,22,2025-10-12 08:08:57,1296
6624,93,360,2025-10-12 08:45:50,2939
6625,411,297,2025-10-12 09:06:36,1134
6626,100,46,2025-10-12 10:37:41,1535
6627,246,750,2025-10-12 11:05:25,1239
6628,21,439,2025-10-12 11:51:06,401
6629,456,144,2025-10-12 12:26:08,1793
6630,174,206,2025-10-12 12:41:11,919
6631,123,159,2025-10-12 13:30:25,108
6632,228,289,2025-10-12 13:44:59,358
6633,211,360,2025-10-12 15:02:12,2439
6634,206,89,2025-10-12 15:25:28,1605
6635,12,429,2025-10-12 15:35:17,2377
6636,174,154,2025-10-12 15:45:46,1592
6637,346,248,2025-10-12 16:15:29,2733
6638,74,466,2025-10-12 16:21:46,2313
6639,492,365,2025-10-12 17:44:48,2445
6640,473,448,2025-10-12 18:23:25,812
6641,164,474,2025-10-12 18:25:14,2185
6642,43,715,2025-10-12 20:43:56,3432
6643,353,614,2025-10-12 21:07:15,1074
6644,410,193,2025-10-12 21:28:19,577
6645,119,18,2025-10-12 22:20:22,793
6646,376,597,2025-10-12 22:54:33,755
6647,215,339,2025-10-12 23:32:22,2003
6648,152,193,2025-10-13 00:06:47,234
6649,17,152,2025-10-13 00:20:02,573
6650,384,542,2025-10-13 00:28:07,2053
6651,379,114,2025-10-13 01:02:45,1516
6652,36,794,2025-10-13 01:24:48,2879
6653,279,517,2025-10-13 01:29:53,226
6654,114,195,2025-10-13 02:28:11,2038
6655,115,427,2025-10-13 03:41:35,1139
6656,363,791,2025-10-13 04:21:37,2065
6657,446,55,2025-10-13 04:40:27,206
6658,62,416,2025-10-13 04:58:29,970
6659,230,34,2025-10-13 06:31:52,2116
6660,6,765,2025-10-13 06:53:21,436
6661,175,721,2025-10-13 07:33:02,2968
6662,349,230,2025-10-13 09:07:39,2992
6663,290,763,2025-10-13 10:04:39,2419
6664,277,384,2025-10-13 11:57:04,1098
6665,228,384,2025-10-13 12:14:18,166
6666,379,243,2025-10-13 13:43:42,2725
6667,391,719,2025-10-13 15:13:05,35
6668,186,604,2025-10-13 15:47:57,161
6669,97,254,2025-10-13 16:34:55,1693
6670,456,385,2025-10-13 16:51:47,461
6671,366,264,2025-10-13 17:05:12,701
6672,368,645,2025-10-13 17:06:20,711
6673,77,758,2025-10-13 17:33:44,2978
6674,240,22,2025-10-13 18:06:11,1673
6675,443,378,2025-10-13 19:01:26,205
6676,7,481,2025-10-13 19:48:02,968
6677,335,739,2025-10-13 19:54:45,1199
6678,82,421,2025-10-13 20:02:00,59
6679,324,674,2025-10-13 21:07:57,3081
6680,63,575,2025-10-13 21:08:56,2827
6681,61,28,2025-10-13 21:20:41,2810
6682,224,4,2025-10-13 21:44:09,928
6683,293,4,2025-10-13 21:49:03,928
6684,26,202,2025-10-13 23:49:38,1689
6685,87,541,2025-10-13 23:50:12,347
6686,342,707,2025-10-14 00:38:29,2350
6687,254,51,2025-10-14 01:24:31,123
6688,358,395,2025-10-14 02:27:57,3140
6689,289,344,2025-10-14 03:55:47,2494
6690,466,411,2025-10-14 04:30:53,2658
6691,104,651,2025-10-14 04:36:07,1386
6692,409,577,2025-10-14 04:54:38,2906
6693,77,38,2025-10-14 04:58:50,845
6694,498,210,2025-10-14 05:13:16,1996
6695,427,583,2025-10-14 06:18:13,1903
6696,375,544,2025-10-14 08:43:44,1350
6697,25,508,2025-10-14 09:32:32,2706
6698,451,740,2025-10-14 10:02:49,2881
6699,278,124,2025-10-14 10:09:55,2814
6700,255,269,2025-10-14 11:01:02,2852
6701,231,622,2025-10-14 11:34:24,894
6702,319,683,2025-10-14 11:50:49,2188
6703,111,550,2025-10-14 12:09:51,1516
6704,241,770,2025-10-14 13:17:47,1543
6705,432,83,2025-10-14 13:45:17,2350
6706,131,437,2025-10-14 13:57:41,707
6707,252,115,2025-10-14 15:33:05,3347
6708,295,194,2025-10-14 16:30:08,623
6709,322,79,2025-10-14 17:34:13,402
6710,21,329,2025-10-14 17:46:31,650
6711,378,742,2025-10-14 17:53:48,1010
6712,432,340,2025-10-14 18:50:15,1250
6713,307,692,2025-10-14 19:07:22,1768
6714,246,517,2025-10-14 19:10:16,1210
6715,303,681,2025-10-14 20:02:57,2297
6716,232,237,2025-10-14 21:01:27,2028
6717,297,227,2025-10-14 21:04:45,255
6718,172,9,2025-10-14 21:15:49,1873
6719,370,450,2025-10-14 21:42:21,3261
6720,162,334,2025-10-14 21:49:04,1014
6721,248,800,2025-10-14 22:00:37,812
6722,38,129,2025-10-14 22:18:49,1484
6723,106,359,2025-10-14 22:36:16,503
6724,354,339,2025-10-14 22:50:23,1991
6725,461,471,2025-10-14 22:50:43,923
6726,376,193,2025-10-14 23:50:09,642
6727,330,361,2025-10-15 02:09:15,846
6728,101,205,2025-10-15 02:09:49,3021
6729,424,472,2025-10-15 02:28:51,2234
6730,167,17,2025-10-15 04:15:26,1656
6731,473,594,2025-10-15 05:25:48,2089
6732,31,735,2025-10-15 05:41:31,71
6733,400,767,2025-10-15 05:44:23,703
6734,143,599,2025-10-15 06:35:43,1831
6735,436,538,2025-10-15 07:52:56,2126
6736,315,426,2025-10-15 08:22:14,3320
6737,110,160,2025-10-15 10:09:42,1133
6738,190,460,2025-10-15 10:59:24,963
6739,408,515,2025-10-15 11:11:24,1922
6740,367,512,2025-10-15 11:13:09,47
6741,203,55,2025-10-15 11:40:06,1213
6742,147,704,2025-10-15 12:03:06,790
6743,172,332,2025-10-15 12:22:53,1990
6744,92,127,2025-10-15 12:25:17,2338
6745,200,638,2025-10-15 13:06:25,2816
6746,292,292,2025-10-15 13:44:28,142
6747,228,253,2025-10-15 13:52:56,1179
6748,468,64,2025-10-15 14:06:29,2954
6749,427,266,2025-10-15 15:06:14,2762
6750,214,52,2025-10-15 15:29:50,2271
6751,437,79,2025-10-15 16:34:09,92
6752,56,401,2025-10-15 16:36:55,639
6753,391,756,2025-10-15 17:03:48,135
6754,85,299,2025-10-15 18:17:53,2736
6755,197,527,2025-10-15 19:34:15,290
6756,341,88,2025-10-15 19:41:13,3312
6757,63,197,2025-10-15 20:56:50,624
6758,375,13,2025-10-15 21:51:06,1562
6759,410,69,2025-10-15 22:06:08,2068
6760,164,566,2025-10-15 23:32:10,1783
6761,192,745,2025-10-16 00:09:50,1592
6762,169,182,2025-10-16 00:30:18,2144
6763,44,599,2025-10-16 00:48:52,2545
6764,145,164,2025-10-16 01:00:43,2771
6765,58,298,2025-10-16 01:10:59,793
6766,418,526,2025-10-16 01:36:20,2602
6767,296,596,2025-10-16 02:30:21,928
6768,212,330,2025-10-16 02:45:23,1046
6769,421,728,2025-10-16 04:04:33,207
6770,78,53,2025-10-16 04:05:43,1828
6771,158,447,2025-10-16 04:14:22,1219
6772,201,413,2025-10-16 06:34:40,2724
6773,278,151,2025-10-16 07:09:46,2809
6774,127,678,2025-10-16 07:17:11,1336
6775,311,105,2025-10-16 08:01:28,2323
6776,328,591,2025-10-16 08:07:52,1951
6777,408,154,2025-10-16 08:40:45,1470
6778,49,101,2025-10-16 08:50:47,1509
6779,112,105,2025-10-16 09:17:08,2601
6780,88,242,2025-10-16 09:45:19,1038
6781,499,13,2025-10-16 09:48:38,2971
6782,377,258,2025-10-16 10:45:22,3416
6783,42,645,2025-10-16 11:59:39,624
6784,72,321,2025-10-16 12:51:45,1789
6785,130,163,2025-10-16 12:57:30,1079
6786,417,459,2025-10-16 13:41:34,650
6787,317,750,2025-10-16 13:52:31,915
6788,339,605,2025-10-16 13:54:03,887
6789,461,437,2025-10-16 14:33:16,842
6790,498,553,2025-10-16 14:51:56,898
6791,442,138,2025-10-16 15:05:57,337
6792,407,300,2025-10-16 16:09:19,1919
6793,112,716,2025-10-16 16:20:50,549
6794,10,705,2025-10-16 17:27:01,2150
6795,442,505,2025-10-16 18:11:37,911
6796,412,141,2025-10-16 18:25:19,520
6797,454,67,2025-10-16 18:51:18,2752
6798,304,688,2025-10-16 19:24:51,1217
6799,223,771,2025-10-16 19:36:36,2590
6800,298,565,2025-10-16 19:48:43,1078
6801,53,565,2025-10-16 20:28:48,864
6802,465,391,2025-10-16 20:41:55,634
6803,398,471,2025-10-16 21:23:44,1492
6804,453,756,2025-10-16 21:23:48,2655
6805,119,361,2025-10-17 00:43:19,901
6806,41,534,2025-10-17 01:10:59,2891
6807,421,83,2025-10-17 01:26:47,2708
6808,346,83,2025-10-17 01:48:30,2498
6809,240,738,2025-10-17 02:26:30,18
6810,438,672,2025-10-17 02:41:29,267
6811,286,565,2025-10-17 02:43:08,1262
6812,338,592,2025-10-17 02:50:27,1836
6813,401,355,2025-10-17 02:58:17,700
6814,213,129,2025-10-17 04:06:14,1493
6815,416,334,2025-10-17 04:24:12,942
6816,422,264,2025-10-17 04:51:49,821
6817,88,167,2025-10-17 04:58:59,2742
6818,101,194,2025-10-17 05:32:28,1495
6819,180,302,2025-10-17 05:57:18,86
6820,182,113,2025-10-17 06:19:29,3120
6821,14,611,2025-10-17 06:54:01,2832
6822,118,440,2025-10-17 08:40:14,706
6823,6,344,2025-10-17 09:02:58,2278
6824,255,146,2025-10-17 09:46:43,443
6825,360,499,2025-10-17 10:51:45,3267
6826,492,41,2025-10-17 12:01:13,2802
6827,348,177,2025-10-17 12:10:01,1584
6828,265,83,2025-10-17 12:19:18,2827
6829,418,638,2025-10-17 12:31:04,3087
6830,484,315,2025-10-17 13:22:50,3141
6831,164,143,2025-10-17 13:24:07,1232
6832,226,768,2025-10-17 15:00:02,1123
6833,439,510,2025-10-17 15:09:46,1240
6834,311,211,2025-10-17 15:26:05,613
6835,274,516,2025-10-17 15:51:24,3129
6836,222,750,2025-10-17 16:21:14,1255
6837,133,690,2025-10-17 16:46:39,1645
6838,273,98,2025-10-17 17:21:32,1797
6839,153,561,2025-10-17 19:32:53,2248
6840,470,46,2025-10-17 19:56:30,789
6841,362,259,2025-10-17 20:07:14,69
6842,266,269,2025-10-17 20:07:31,2344
6843,241,546,2025-10-17 20:12:26,1045
6844,389,66,2025-10-17 21:29:32,1734
6845,469,12,2025-10-17 21:54:43,352
6846,97,660,2025-10-17 22:03:52,2279
6847,105,315,2025-10-17 22:28:03,2719
6848,34,47,2025-10-17 23:05:20,975
6849,34,13,2025-10-17 23:36:18,2944
6850,173,376,2025-10-18 00:19:02,3032
6851,69,49,2025-10-18 00:26:31,938
6852,351,698,2025-10-18 00:45:06,807
6853,217,774,2025-10-18 01:13:44,1043
6854,44,501,2025-10-18 01:43:19,2264
6855,410,783,2025-10-18 01:52:23,1602
6856,284,509,2025-10-18 02:34:48,1004
6857,252,434,2025-10-18 03:05:12,2246
6858,33,223,2025-10-18 03:19:42,2184
6859,405,219,2025-10-18 03:34:56,2317
6860,115,630,2025-10-18 03:41:37,3186
6861,143,519,2025-10-18 03:42:26,2778
6862,301,259,2025-10-18 03:46:32,2473
6863,262,87,2025-10-18 05:19:29,1877
6864,115,288,2025-10-18 05:43:01,1727
6865,256,593,2025-10-18 06:40:03,2535
6866,21,254,2025-10-18 07:01:14,1992
6867,249,327,2025-10-18 07:23:37,1643
6868,55,786,2025-10-18 08:53:51,2938
6869,201,738,2025-10-18 09:09:04,743
6870,157,616,2025-10-18 09:12:14,1371
6871,42,691,2025-10-18 09:15:14,2748
6872,117,529,2025-10-18 09:28:51,3142
6873,72,56,2025-10-18 09:36:48,2804
6874,182,202,2025-10-18 11:18:11,1748
6875,352,355,2025-10-18 12:26:32,723
6876,387,225,2025-10-18 12:51:49,2846
6877,435,37,2025-10-18 12:59:18,1344
6878,304,694,2025-10-18 13:20:15,1131
6879,448,539,2025-10-18 14:27:21,3243
6880,85,660,2025-10-18 14:48:40,2637
6881,410,109,2025-10-18 14:56:10,2261
6882,400,144,2025-10-18 15:20:59,2766
6883,394,775,2025-10-18 16:45:32,3080
6884,64,178,2025-10-18 16:49:03,953
6885,343,504,2025-10-18 18:32:21,2329
6886,49,24,2025-10-18 18:57:14,2235
6887,210,496,2025-10-18 20:43:19,353
6888,77,444,2025-10-18 21:06:53,1024
6889,493,510,2025-10-18 22:25:20,87
6890,241,85,2025-10-18 22:31:09,387
6891,238,478,2025-10-18 22:35:49,1552
6892,238,796,2025-10-18 23:01:29,135
6893,403,773,2025-10-18 23:23:47,180
6894,193,676,2025-10-18 23:46:47,603
6895,448,495,2025-10-18 23:57:47,2091
6896,348,62,2025-10-19 02:24:43,963
6897,409,234,2025-10-19 02:50:10,2133
6898,320,610,2025-10-19 03:48:53,1061
6899,74,268,2025-10-19 04:20:29,867
6900,12,290,2025-10-19 05:46:38,2680
6901,349,197,2025-10-19 06:27:55,176
6902,148,251,2025-10-19 07:05:17,1005
6903,183,706,2025-10-19 07:31:29,1908
6904,64,171,2025-10-19 07:50:33,2606
6905,244,59,2025-10-19 09:03:31,176
6906,236,278,2025-10-19 09:33:30,1072
6907,196,700,2025-10-19 09:36:00,603
6908,496,706,2025-10-19 09:54:11,1912
6909,449,665,2025-10-19 10:15:19,1019
6910,173,265,2025-10-19 10:20:28,294
6911,472,28,2025-10-19 11:00:42,2316
6912,53,254,2025-10-19 11:49:04,1932
6913,402,34,2025-10-19 11:56:00,2107
6914,346,317,2025-10-19 12:16:51,536
6915,475,449,2025-10-19 12:21:51,2246
6916,188,205,2025-10-19 13:03:51,3201
6917,218,123,2025-10-19 13:09:55,744
6918,161,685,2025-10-19 13:12:12,608
6919,139,753,2025-10-19 15:11:23,1617
6920,141,338,2025-10-19 15:32:40,2286
6921,450,325,2025-10-19 17:11:31,673
6922,369,657,2025-10-19 18:53:47,816
6923,436,627,2025-10-19 19:40:22,1920
6924,17,188,2025-10-19 19:51:12,772
6925,190,608,2025-10-19 19:55:01,1347
6926,106,686,2025-10-19 20:05:19,810
6927,88,521,2025-10-19 20:28:02,1617
6928,254,324,2025-10-19 20:34:58,275
6929,46,600,2025-10-19 20:38:22,2044
6930,414,217,2025-10-19 21:00:17,2621
6931,467,135,2025-10-19 21:01:53,2656
6932,253,501,2025-10-19 22:17:36,2029
6933,290,400,2025-10-19 22:26:18,1580
6934,219,290,2025-10-19 22:59:25,2633
6935,291,545,2025-10-19 23:34:10,1620
6936,280,445,2025-10-20 00:26:04,2059
6937,413,374,2025-10-20 01:24:53,1598
6938,403,576,2025-10-20 01:40:56,2268
6939,412,389,2025-10-20 01:54:57,72
6940,454,261,2025-10-20 02:18:24,100
6941,415,363,2025-10-20 02:26:55,3276
6942,387,445,2025-10-20 04:07:53,581
6943,417,228,2025-10-20 04:22:00,811
6944,16,451,2025-10-20 04:48:25,2124
6945,343,107,2025-10-20 04:55:59,671
6946,202,793,2025-10-20 05:10:04,108
6947,423,237,2025-10-20 05:37:12,2424
6948,153,253,2025-10-20 06:57:40,1282
6949,133,274,2025-10-20 07:17:43,2684
6950,80,703,2025-10-20 08:23:07,1522
6951,256,606,2025-10-20 09:18:03,1995
6952,173,314,2025-10-20 10:07:07,3267
6953,320,363,2025-10-20 10:31:26,3368
6954,89,460,2025-10-20 10:33:53,1053
6955,448,295,2025-10-20 11:16:15,1078
6956,225,747,2025-10-20 11:21:58,1103
6957,478,700,2025-10-20 13:44:01,231
6958,495,214,2025-10-20 14:48:10,2216
6959,199,105,2025-10-20 15:40:25,2649
6960,16,785,2025-10-20 15:51:26,3203
6961,473,399,2025-10-20 17:12:32,1888
6962,283,387,2025-10-20 17:32:56,526
6963,9,359,2025-10-20 18:52:38,26
6964,68,545,2025-10-20 19:39:45,1370
6965,333,299,2025-10-20 19:42:23,2645
6966,407,539,2025-10-20 19:56:50,3341
6967,477,431,2025-10-20 20:11:59,3215
6968,320,216,2025-10-20 20:25:36,2032
6969,118,655,2025-10-20 20:32:20,832
6970,69,733,2025-10-20 21:24:43,2087
6971,395,765,2025-10-20 21:59:17,1206
6972,62,43,2025-10-20 22:15:41,245
6973,388,170,2025-10-20 23:17:31,102
6974,129,714,2025-10-20 23:38:13,1838
6975,404,392,2025-10-20 23:47:56,1751
6976,448,509,2025-10-21 00:05:49,185
6977,58,27,2025-10-21 00:16:59,1867
6978,100,68,2025-10-21 00:33:52,682
6979,291,371,2025-10-21 01:05:31,333
6980,240,461,2025-10-21 02:03:02,864
6981,67,627,2025-10-21 02:10:18,1659
6982,482,88,2025-10-21 02:49:13,3020
6983,393,164,2025-10-21 02:50:41,2513
6984,192,622,2025-10-21 02:51:04,1356
6985,77,422,2025-10-21 03:11:11,2067
6986,242,155,2025-10-21 03:46:34,1433
6987,44,161,2025-10-21 03:52:59,1786
6988,386,286,2025-10-21 04:26:05,3188
6989,359,332,2025-10-21 04:31:31,2731
6990,108,78,2025-10-21 05:01:01,1160
6991,458,639,2025-10-21 07:13:40,2224
6992,236,370,2025-10-21 07:53:38,2926
6993,101,15,2025-10-21 09:44:26,1255
6994,407,445,2025-10-21 09:47:26,3373
6995,35,477,2025-10-21 10:12:11,2983
6996,144,125,2025-10-21 10:29:25,1893
6997,263,641,2025-10-21 11:47:12,2079
6998,359,497,2025-10-21 12:04:41,2199
6999,3,602,2025-10-21 12:35:08,1886
7000,23,304,2025-10-21 12:42:00,3291
7001,128,401,2025-10-21 13:54:18,1552
7002,229,183,2025-10-21 13:59:42,1650
7003,467,128,2025-10-21 14:14:39,745
7004,407,232,2025-10-21 14:31:05,2319
7005,468,48,2025-10-21 14:38:13,1714
7006,75,109,2025-10-21 15:15:08,2460
7007,476,303,2025-10-21 15:47:39,2483
7008,147,110,2025-10-21 16:35:41,3264
7009,386,387,2025-10-21 17:08:42,1576
7010,458,696,2025-10-21 17:13:00,1389
7011,262,754,2025-10-21 18:23:32,2832
7012,485,369,2025-10-21 18:57:02,2476
7013,491,770,2025-10-21 19:06:52,298
7014,224,469,2025-10-21 19:37:33,2058
7015,47,517,2025-10-21 20:40:57,2738
7016,276,626,2025-10-21 21:16:37,2324
7017,38,164,2025-10-21 21:38:03,1086
7018,221,759,2025-10-21 21:49:19,1301
7019,76,265,2025-10-21 22:20:45,900
7020,8,277,2025-10-21 22:49:05,1245
7021,302,206,2025-10-21 22:49:30,827
7022,229,383,2025-10-22 00:26:05,2939
7023,461,714,2025-10-22 00:59:47,1535
7024,498,793,2025-10-22 01:13:14,3059
7025,486,743,2025-10-22 02:09:57,979
7026,398,509,2025-10-22 03:24:43,456
7027,95,75,2025-10-22 04:25:35,362
7028,400,350,2025-10-22 04:55:07,2577
7029,404,602,2025-10-22 05:04:25,781
7030,93,349,2025-10-22 07:01:50,2263
7031,277,742,2025-10-22 07:21:14,1126
7032,252,551,2025-10-22 07:41:33,1249
7033,489,211,2025-10-22 08:48:10,159
7034,421,252,2025-10-22 09:10:06,2682
7035,65,603,2025-10-22 09:20:59,721
7036,137,632,2025-10-22 09:37:38,716
7037,444,738,2025-10-22 10:01:36,1610
7038,256,45,2025-10-22 10:13:27,2691
7039,194,102,2025-10-22 11:01:46,999
7040,228,33,2025-10-22 11:21:44,797
7041,41,748,2025-10-22 12:22:07,1640
7042,487,291,2025-10-22 12:35:38,884
7043,373,653,2025-10-22 13:32:36,802
7044,467,720,2025-10-22 14:06:11,698
7045,184,490,2025-10-22 14:18:24,965
7046,379,333,2025-10-22 15:39:10,683
7047,220,125,2025-10-22 15:45:28,1646
7048,256,315,2025-10-22 15:54:19,140
7049,452,240,2025-10-22 15:57:04,2821
7050,310,516,2025-10-22 17:10:50,2625
7051,133,703,2025-10-22 17:16:52,1403
7052,105,731,2025-10-22 18:11:39,1566
7053,269,164,2025-10-22 18:27:15,1482
7054,237,716,2025-10-22 19:36:12,3172
7055,339,713,2025-10-22 19:50:35,284
7056,133,800,2025-10-22 19:55:38,887
7057,37,373,2025-10-22 20:04:41,2972
7058,487,476,2025-10-22 20:13:04,1320
7059,162,428,2025-10-22 22:09:55,2144
7060,457,102,2025-10-22 22:52:12,1006
7061,226,669,2025-10-22 22:55:49,782
7062,485,461,2025-10-22 23:17:27,775
7063,243,737,2025-10-22 23:35:59,1923
7064,499,404,2025-10-22 23:41:38,262
7065,344,756,2025-10-22 23:52:17,3012
7066,224,319,2025-10-23 00:08:52,1948
7067,252,373,2025-10-23 00:18:34,378
7068,254,542,2025-10-23 01:16:37,1160
7069,74,480,2025-10-23 03:23:29,2128
7070,3,442,2025-10-23 05:04:03,142
7071,21,425,2025-10-23 05:38:37,1271
7072,240,696,2025-10-23 06:02:27,727
7073,142,36,2025-10-23 06:29:20,434
7074,213,443,2025-10-23 08:05:46,882
7075,444,90,2025-10-23 08:06:16,1118
7076,357,195,2025-10-23 08:06:38,3222
7077,421,21,2025-10-23 08:32:31,542
7078,445,521,2025-10-23 09:47:44,575
7079,257,545,2025-10-23 09:48:52,1488
7080,69,714,2025-10-23 10:20:56,670
7081,176,77,2025-10-23 10:42:29,981
7082,130,355,2025-10-23 11:40:18,770
7083,38,464,2025-10-23 11:58:23,1175
7084,257,468,2025-10-23 12:15:59,576
7085,179,407,2025-10-23 12:42:17,1515
7086,449,254,2025-10-23 13:15:48,1746
7087,365,589,2025-10-23 13:29:02,2908
7088,341,257,2025-10-23 14:19:55,110
7089,168,699,2025-10-23 15:26:30,2285
7090,315,768,2025-10-23 15:53:22,1007
7091,377,443,2025-10-23 16:11:44,1804
7092,157,650,2025-10-23 17:06:07,2249
7093,101,403,2025-10-23 18:06:59,592
7094,71,442,2025-10-23 18:52:13,870
7095,495,605,2025-10-23 19:18:11,875
7096,430,621,2025-10-23 21:19:44,1618
7097,3,135,2025-10-23 21:52:58,3059
7098,417,79,2025-10-23 22:29:17,625
7099,318,321,2025-10-23 23:38:01,2675
7100,429,10,2025-10-24 00:44:13,1713
7101,52,132,2025-10-24 02:56:42,2161
7102,39,586,2025-10-24 03:04:43,110
7103,408,392,2025-10-24 03:06:33,825
7104,139,428,2025-10-24 03:34:38,1839
7105,173,436,2025-10-24 03:55:46,2870
7106,109,695,2025-10-24 04:15:03,2237
7107,375,135,2025-10-24 04:27:06,2682
7108,47,284,2025-10-24 04:46:47,35
7109,161,610,2025-10-24 05:45:07,1140
7110,141,164,2025-10-24 05:47:41,502
7111,98,772,2025-10-24 05:54:24,747
7112,8,779,2025-10-24 07:16:09,3267
7113,127,189,2025-10-24 08:50:29,2727
7114,452,579,2025-10-24 08:56:45,2830
7115,139,5,2025-10-24 09:01:30,2813
7116,465,635,2025-10-24 10:00:39,248
7117,90,242,2025-10-24 10:30:22,1888
7118,476,133,2025-10-24 11:35:59,1270
7119,113,502,2025-10-24 12:24:06,1846
7120,34,449,2025-10-24 13:09:58,1005
7121,173,329,2025-10-24 14:25:02,707
7122,481,100,2025-10-24 15:11:53,488
7123,174,700,2025-10-24 16:16:21,289
7124,382,131,2025-10-24 16:52:22,820
7125,427,143,2025-10-24 16:54:14,1300
7126,51,213,2025-10-24 17:04:02,2241
7127,128,584,2025-10-24 17:11:15,74
7128,380,553,2025-10-24 18:23:59,852
7129,93,295,2025-10-24 19:26:15,992
7130,453,579,2025-10-24 20:53:13,110
7131,443,45,2025-10-24 20:55:27,2231
7132,57,152,2025-10-24 20:57:14,1087
7133,357,372,2025-10-24 21:40:18,2921
7134,148,186,2025-10-24 22:13:37,323
7135,345,192,2025-10-24 22:25:28,586
7136,201,670,2025-10-24 22:51:15,2782
7137,2,735,2025-10-24 23:38:00,426
7138,449,221,2025-10-24 23:54:37,1647
7139,83,767,2025-10-24 23:58:06,794
7140,48,259,2025-10-25 01:31:25,1653
7141,363,8,2025-10-25 01:42:38,889
7142,471,453,2025-10-25 02:14:26,1893
7143,237,521,2025-10-25 02:26:44,240
7144,472,457,2025-10-25 02:40:40,2863
7145,29,617,2025-10-25 03:08:18,2308
7146,112,41,2025-10-25 04:52:53,369
7147,341,434,2025-10-25 04:56:03,1746
7148,375,435,2025-10-25 06:21:24,2595
7149,170,291,2025-10-25 07:05:42,1536
7150,85,567,2025-10-25 07:14:52,2668
7151,124,297,2025-10-25 08:03:38,803
7152,95,729,2025-10-25 08:33:21,1389
7153,498,779,2025-10-25 08:41:50,3448
7154,481,790,2025-10-25 08:58:59,226
7155,103,341,2025-10-25 09:05:36,1298
7156,499,775,2025-10-25 11:02:38,616
7157,404,747,2025-10-25 13:03:22,2537
7158,198,368,2025-10-25 15:09:57,1776
7159,210,336,2025-10-25 15:49:25,2836
7160,328,788,2025-10-25 16:40:40,1355
7161,381,323,2025-10-25 17:22:36,1098
7162,140,529,2025-10-25 17:49:57,1265
7163,82,189,2025-10-25 18:15:48,2319
7164,136,347,2025-10-25 18:46:54,3248
7165,430,738,2025-10-25 18:51:05,930
7166,204,424,2025-10-25 19:59:01,21
7167,220,315,2025-10-25 21:53:17,1238
7168,24,559,2025-10-25 23:03:45,548
7169,303,573,2025-10-25 23:12:36,1006
7170,186,654,2025-10-25 23:41:49,2020
7171,98,621,2025-10-25 23:47:35,1085
7172,45,734,2025-10-26 00:29:23,3042
7173,291,404,2025-10-26 00:34:45,3106
7174,413,443,2025-10-26 00:53:00,2614
7175,102,618,2025-10-26 01:01:01,380
7176,109,676,2025-10-26 03:19:36,520
7177,235,704,2025-10-26 03:21:40,1876
7178,259,160,2025-10-26 03:25:37,1127
7179,194,623,2025-10-26 04:14:38,1125
7180,351,5,2025-10-26 04:48:10,2682
7181,266,419,2025-10-26 05:15:49,1113
7182,464,747,2025-10-26 05:40:43,203
7183,172,649,2025-10-26 05:44:23,2470
7184,194,390,2025-10-26 06:38:24,2407
7185,468,797,2025-10-26 07:06:29,495
7186,250,251,2025-10-26 07:11:36,2594
7187,212,554,2025-10-26 08:01:49,2172
7188,493,57,2025-10-26 08:33:48,2651
7189,400,689,2025-10-26 09:43:38,1668
7190,450,441,2025-10-26 11:03:48,1515
7191,480,306,2025-10-26 11:21:08,1249
7192,25,388,2025-10-26 11:51:05,2626
7193,282,396,2025-10-26 15:17:45,1541
7194,490,483,2025-10-26 16:19:03,858
7195,498,257,2025-10-26 16:26:51,820
7196,387,252,2025-10-26 16:35:45,2919
7197,466,638,2025-10-26 18:01:49,3053
7198,363,332,2025-10-26 20:17:53,2339
7199,140,49,2025-10-26 20:31:47,892
7200,336,241,2025-10-26 20:37:51,2306
7201,63,405,2025-10-26 20:58:31,670
7202,300,70,2025-10-26 21:18:51,570
7203,105,506,2025-10-26 21:30:26,3060
7204,324,625,2025-10-26 21:49:10,2249
7205,449,162,2025-10-26 22:28:06,2165
7206,111,99,2025-10-26 23:36:11,2442
7207,322,157,2025-10-26 23:47:02,311
7208,38,200,2025-10-26 23:48:09,800
7209,352,223,2025-10-27 00:18:36,2099
7210,284,182,2025-10-27 00:20:12,254
7211,63,563,2025-10-27 00:28:16,1655
7212,427,116,2025-10-27 01:02:00,987
7213,435,251,2025-10-27 01:31:23,472
7214,164,409,2025-10-27 01:37:35,1294
7215,358,6,2025-10-27 01:47:36,1485
7216,385,767,2025-10-27 02:01:25,80
7217,432,218,2025-10-27 02:58:48,2606
7218,159,543,2025-10-27 03:16:09,439
7219,262,797,2025-10-27 03:31:46,904
7220,146,737,2025-10-27 03:32:51,1938
7221,239,642,2025-10-27 03:52:17,206
7222,6,137,2025-10-27 04:17:55,2882
7223,17,261,2025-10-27 04:32:26,323
7224,376,737,2025-10-27 04:59:39,2124
7225,373,207,2025-10-27 05:04:26,1074
7226,92,210,2025-10-27 05:25:18,1064
7227,13,384,2025-10-27 06:02:20,1302
7228,136,715,2025-10-27 07:27:15,192
7229,387,359,2025-10-27 09:06:37,360
7230,76,672,2025-10-27 10:06:01,2585
7231,58,102,2025-10-27 11:48:15,952
7232,85,542,2025-10-27 12:45:11,2104
7233,198,506,2025-10-27 13:45:34,2727
7234,206,457,2025-10-27 13:55:45,2726
7235,473,480,2025-10-27 14:46:57,2129
7236,70,613,2025-10-27 17:46:10,247
7237,260,407,2025-10-27 18:36:17,1466
7238,120,799,2025-10-27 18:37:58,103
7239,154,86,2025-10-27 18:38:09,2199
7240,107,657,2025-10-27 19:50:17,860
7241,185,203,2025-10-27 20:19:45,233
7242,32,681,2025-10-27 20:34:03,2382
7243,2,541,2025-10-27 20:53:28,797
7244,212,502,2025-10-27 21:58:16,1799
7245,129,447,2025-10-27 22:40:52,1106
7246,287,671,2025-10-27 22:41:44,856
7247,202,280,2025-10-27 22:47:58,2763
7248,262,238,2025-10-27 23:57:53,1703
7249,255,168,2025-10-28 00:28:19,2635
7250,227,249,2025-10-28 01:17:43,1123
7251,14,121,2025-10-28 02:12:21,1666
7252,6,370,2025-10-28 02:16:37,1901
7253,99,262,2025-10-28 02:52:47,359
7254,274,32,2025-10-28 03:31:36,108
7255,16,184,2025-10-28 03:45:19,1290
7256,346,481,2025-10-28 04:08:30,1006
7257,244,80,2025-10-28 04:12:59,680
7258,140,554,2025-10-28 04:33:07,2269
7259,224,523,2025-10-28 05:15:40,1174
7260,46,168,2025-10-28 05:58:29,2831
7261,29,459,2025-10-28 06:30:00,743
7262,153,557,2025-10-28 06:49:19,676
7263,337,534,2025-10-28 06:58:49,1075
7264,386,281,2025-10-28 07:12:33,528
7265,408,712,2025-10-28 08:33:12,1700
7266,300,347,2025-10-28 09:42:43,1736
7267,50,496,2025-10-28 10:12:45,140
7268,217,314,2025-10-28 11:04:13,3394
7269,486,478,2025-10-28 11:29:46,1482
7270,341,211,2025-10-28 11:33:44,823
7271,491,236,2025-10-28 11:49:56,2923
7272,236,673,2025-10-28 12:21:38,430
7273,31,633,2025-10-28 13:39:52,3124
7274,94,545,2025-10-28 14:52:53,865
7275,121,370,2025-10-28 15:28:11,3133
7276,491,176,2025-10-28 15:53:58,2200
7277,322,743,2025-10-28 15:54:13,1169
7278,9,168,2025-10-28 16:39:10,2517
7279,314,249,2025-10-28 16:51:50,1195
7280,366,621,2025-10-28 17:08:20,1722
7281,274,293,2025-10-28 17:24:02,1061
7282,286,239,2025-10-28 17:40:04,3267
7283,178,135,2025-10-28 18:28:23,2856
7284,284,427,2025-10-28 18:33:18,2539
7285,80,485,2025-10-28 18:37:55,1189
7286,426,241,2025-10-28 20:04:54,2484
7287,323,162,2025-10-28 20:18:56,104
7288,126,277,2025-10-28 20:31:17,1194
7289,69,95,2025-10-28 21:57:26,2093
7290,353,352,2025-10-28 22:38:26,1245
7291,88,541,2025-10-28 23:18:06,1558
7292,187,471,2025-10-28 23:52:33,105
7293,410,734,2025-10-29 00:21:27,2161
7294,157,209,2025-10-29 01:16:13,319
7295,40,108,2025-10-29 01:17:57,516
7296,151,582,2025-10-29 01:44:52,1601
7297,417,83,2025-10-29 02:05:40,2621
7298,439,641,2025-10-29 02:16:22,2026
7299,461,376,2025-10-29 02:19:39,410
7300,466,418,2025-10-29 02:48:38,1142
7301,462,258,2025-10-29 02:57:57,2964
7302,450,514,2025-10-29 03:24:24,1453
7303,105,331,2025-10-29 04:40:37,1241
7304,452,508,2025-10-29 04:45:17,2841
7305,185,246,2025-10-29 05:03:04,888
7306,62,268,2025-10-29 05:05:54,937
7307,271,226,2025-10-29 05:25:22,642
7308,470,704,2025-10-29 05:27:20,1876
7309,417,572,2025-10-29 07:12:50,526
7310,40,27,2025-10-29 07:28:38,1908
7311,154,245,2025-10-29 08:23:49,1682
7312,197,173,2025-10-29 09:18:28,1791
7313,326,73,2025-10-29 11:03:29,2648
7314,216,755,2025-10-29 12:30:36,2206
7315,194,610,2025-10-29 12:51:05,1000
7316,159,622,2025-10-29 13:59:21,866
7317,408,66,2025-10-29 14:29:41,3158
7318,322,38,2025-10-29 14:46:27,703
7319,396,273,2025-10-29 15:08:02,2099
7320,56,169,2025-10-29 15:08:59,567
7321,42,426,2025-10-29 16:24:12,614
7322,96,493,2025-10-29 16:53:23,993
7323,213,524,2025-10-29 16:55:05,2079
7324,89,62,2025-10-29 17:27:49,1014
7325,360,632,2025-10-29 18:35:08,644
7326,237,634,2025-10-29 18:40:20,2119
7327,326,771,2025-10-29 20:19:36,2455
7328,17,64,2025-10-29 20:25:05,2637
7329,139,140,2025-10-29 20:26:28,367
7330,432,501,2025-10-29 21:16:57,1378
7331,217,70,2025-10-29 22:48:39,534
7332,266,722,2025-10-29 23:05:11,2334
7333,444,615,2025-10-29 23:09:52,1342
7334,358,448,2025-10-29 23:24:28,604
7335,392,624,2025-10-30 00:36:21,931
7336,161,511,2025-10-30 01:23:35,2301
7337,329,548,2025-10-30 01:31:50,1815
7338,9,481,2025-10-30 02:01:03,964
7339,301,224,2025-10-30 03:52:44,2367
7340,163,5,2025-10-30 04:48:08,2830
7341,29,243,2025-10-30 06:51:37,2744
7342,448,137,2025-10-30 07:00:20,3031
7343,317,648,2025-10-30 07:10:14,1519
7344,317,430,2025-10-30 07:47:28,891
7345,470,403,2025-10-30 08:04:53,64
7346,409,176,2025-10-30 08:05:31,60
7347,200,170,2025-10-30 09:26:50,1924
7348,147,107,2025-10-30 09:58:31,761
7349,143,354,2025-10-30 11:03:59,1263
7350,403,622,2025-10-30 11:24:55,1197
7351,173,162,2025-10-30 12:25:24,3242
7352,233,783,2025-10-30 13:04:13,1546
7353,229,741,2025-10-30 14:41:32,2569
7354,397,793,2025-10-30 15:18:09,3019
7355,441,259,2025-10-30 15:48:36,2479
7356,373,768,2025-10-30 16:07:40,405
7357,170,763,2025-10-30 16:09:26,2333
7358,304,656,2025-10-30 16:50:09,96
7359,396,174,2025-10-30 17:36:03,696
7360,325,180,2025-10-30 19:13:07,3025
7361,220,336,2025-10-30 19:40:14,2975
7362,255,261,2025-10-30 20:16:42,2312
7363,316,55,2025-10-30 21:28:44,782
7364,174,276,2025-10-30 22:06:59,31
7365,389,92,2025-10-30 22:58:13,1336
7366,145,147,2025-10-30 23:12:08,2372
7367,164,227,2025-10-31 00:07:52,1754
7368,104,692,2025-10-31 03:10:04,3316
7369,127,342,2025-10-31 04:01:17,479
7370,67,741,2025-10-31 05:48:10,2176
7371,262,363,2025-10-31 05:51:30,1634
7372,135,418,2025-10-31 06:01:38,253
7373,254,194,2025-10-31 06:08:16,1426
7374,462,358,2025-10-31 06:30:47,3200
7375,112,709,2025-10-31 07:00:51,804
7376,314,68,2025-10-31 07:03:17,776
7377,25,252,2025-10-31 07:05:57,1921
7378,119,63,2025-10-31 07:25:15,1081
7379,271,666,2025-10-31 09:13:16,2733
7380,221,56,2025-10-31 09:16:44,2642
7381,471,204,2025-10-31 09:25:09,140
7382,25,749,2025-10-31 09:48:17,2325
7383,124,426,2025-10-31 10:11:35,3346
7384,256,469,2025-10-31 10:16:02,1841
7385,176,784,2025-10-31 10:42:32,2576
7386,153,339,2025-10-31 10:43:33,2004
7387,493,517,2025-10-31 10:54:45,1397
7388,129,207,2025-10-31 11:00:11,1739
7389,462,52,2025-10-31 11:17:31,1468
7390,191,211,2025-10-31 11:41:38,281
7391,385,139,2025-10-31 11:46:16,1049
7392,450,85,2025-10-31 12:10:56,794
7393,160,671,2025-10-31 12:41:38,743
7394,238,24,2025-10-31 14:33:38,897
7395,410,433,2025-10-31 14:47:44,97
7396,164,648,2025-10-31 15:46:07,1629
7397,418,520,2025-10-31 15:47:40,1112
7398,464,431,2025-10-31 16:35:21,3059
7399,131,677,2025-10-31 16:54:20,917
7400,297,465,2025-10-31 16:54:28,641
7401,224,581,2025-10-31 19:05:20,2159
7402,86,683,2025-10-31 19:46:06,135
7403,491,370,2025-10-31 20:04:25,2664
7404,58,165,2025-10-31 20:18:57,714
7405,393,573,2025-10-31 21:56:26,2682
7406,424,736,2025-10-31 21:57:12,1351
7407,184,85,2025-10-31 22:07:07,1195
7408,35,768,2025-10-31 22:46:21,1123
7409,419,404,2025-10-31 23:49:57,2927
7410,129,786,2025-11-01 00:25:13,2685
7411,16,265,2025-11-01 01:02:19,72
7412,80,756,2025-11-01 01:34:45,2792
7413,131,506,2025-11-01 02:13:09,3183
7414,241,781,2025-11-01 02:33:17,671
7415,64,702,2025-11-01 03:26:55,707
7416,478,631,2025-11-01 04:52:00,1080
7417,389,658,2025-11-01 04:52:39,1934
7418,465,516,2025-11-01 05:11:35,2552
7419,342,79,2025-11-01 05:58:18,755
7420,326,508,2025-11-01 06:38:46,1775
7421,345,255,2025-11-01 07:48:47,222
7422,7,765,2025-11-01 08:01:07,1242
7423,382,90,2025-11-01 08:17:38,2963
7424,432,182,2025-11-01 08:45:11,2136
7425,258,729,2025-11-01 09:26:26,3000
7426,390,576,2025-11-01 09:29:51,2189
7427,174,93,2025-11-01 09:40:28,1731
7428,453,401,2025-11-01 10:33:10,1631
7429,381,480,2025-11-01 11:16:01,965
7430,347,427,2025-11-01 12:00:25,259
7431,299,309,2025-11-01 12:14:56,2177
7432,383,245,2025-11-01 12:16:26,1635
7433,292,380,2025-11-01 12:26:49,778
7434,465,74,2025-11-01 12:27:36,1549
7435,97,192,2025-11-01 12:34:59,481
7436,262,153,2025-11-01 12:49:29,2344
7437,66,84,2025-11-01 13:11:32,1144
7438,291,462,2025-11-01 13:34:40,1416
7439,390,717,2025-11-01 14:02:35,2226
7440,270,494,2025-11-01 15:01:51,1481
7441,210,758,2025-11-01 16:16:53,1873
7442,30,356,2025-11-01 16:35:27,1397
7443,105,399,2025-11-01 16:44:43,2088
7444,391,356,2025-11-01 17:17:02,2400
7445,69,241,2025-11-01 19:27:39,83
7446,208,601,2025-11-01 19:31:13,1675
7447,200,209,2025-11-01 19:36:44,730
7448,423,515,2025-11-01 20:19:24,2200
7449,334,18,2025-11-01 20:44:34,792
7450,416,398,2025-11-01 21:07:21,411
7451,7,424,2025-11-01 21:48:36,423
7452,378,362,2025-11-01 23:56:35,2409
7453,149,171,2025-11-02 00:11:49,2564
7454,1,306,2025-11-02 01:02:03,1274
7455,112,763,2025-11-02 01:10:39,1036
7456,66,316,2025-11-02 01:41:02,2381
7457,443,712,2025-11-02 01:50:25,1611
7458,66,700,2025-11-02 01:53:24,717
7459,42,119,2025-11-02 03:14:16,3165
7460,495,249,2025-11-02 04:18:44,1233
7461,220,689,2025-11-02 05:04:27,1797
7462,212,143,2025-11-02 05:10:29,1365
7463,333,681,2025-11-02 05:54:53,2522
7464,477,168,2025-11-02 08:00:56,2412
7465,309,31,2025-11-02 08:46:03,2501
7466,198,403,2025-11-02 08:56:37,354
7467,156,492,2025-11-02 09:04:12,941
7468,213,335,2025-11-02 10:35:03,1052
7469,103,701,2025-11-02 12:25:56,1119
7470,340,616,2025-11-02 14:04:35,2425
7471,252,370,2025-11-02 14:41:02,1751
7472,381,111,2025-11-02 14:58:42,1966
7473,176,130,2025-11-02 15:49:17,2839
7474,213,463,2025-11-02 15:55:10,1424
7475,417,750,2025-11-02 16:37:29,587
7476,285,64,2025-11-02 16:52:31,2502
7477,396,408,2025-11-02 16:52:39,1750
7478,150,555,2025-11-02 16:53:58,3155
7479,371,614,2025-11-02 17:30:21,2448
7480,87,5,2025-11-02 19:12:36,2393
7481,301,479,2025-11-02 19:33:57,641
7482,126,410,2025-11-02 21:27:12,2976
7483,212,355,2025-11-02 21:49:05,514
7484,69,721,2025-11-02 22:50:33,3051
7485,291,672,2025-11-02 23:20:48,2259
7486,342,25,2025-11-02 23:57:39,2133
7487,288,270,2025-11-03 00:08:40,2649
7488,382,263,2025-11-03 00:35:19,1411
7489,415,420,2025-11-03 01:33:30,1710
7490,471,556,2025-11-03 03:27:36,1583
7491,9,796,2025-11-03 03:49:42,2066
7492,459,597,2025-11-03 05:30:02,714
7493,369,410,2025-11-03 06:24:18,3048
7494,107,578,2025-11-03 07:46:05,3140
7495,187,775,2025-11-03 09:13:27,2610
7496,473,120,2025-11-03 09:24:31,1124
7497,236,32,2025-11-03 09:53:52,697
7498,344,236,2025-11-03 10:25:52,3053
7499,22,449,2025-11-03 10:31:51,1288
7500,440,229,2025-11-03 10:55:17,1562
7501,282,103,2025-11-03 11:07:45,1675
7502,296,633,2025-11-03 11:46:12,3270
7503,113,454,2025-11-03 12:34:20,994
7504,115,303,2025-11-03 12:50:09,2928
7505,193,371,2025-11-03 13:33:59,2078
7506,297,645,2025-11-03 14:30:58,886
7507,167,503,2025-11-03 15:00:00,817
7508,302,418,2025-11-03 15:17:10,1856
7509,420,462,2025-11-03 16:18:38,575
7510,372,612,2025-11-03 17:38:55,459
7511,139,436,2025-11-03 17:46:00,2883
7512,496,247,2025-11-03 18:17:32,1532
7513,496,515,2025-11-03 18:44:42,1944
7514,170,218,2025-11-03 20:13:33,2582
7515,91,433,2025-11-03 20:58:41,921
7516,254,797,2025-11-03 21:02:21,837
7517,168,529,2025-11-03 22:19:58,45
7518,151,396,2025-11-03 22:42:04,692
7519,394,751,2025-11-03 22:48:53,22
7520,344,57,2025-11-03 22:51:24,3058
7521,266,519,2025-11-03 23:15:43,2929
7522,389,727,2025-11-03 23:26:32,1373
7523,125,412,2025-11-03 23:42:19,981
7524,497,34,2025-11-03 23:48:44,2182
7525,295,544,2025-11-04 00:00:49,1340
7526,269,225,2025-11-04 00:11:11,1269
7527,151,129,2025-11-04 00:42:19,1600
7528,406,727,2025-11-04 01:54:29,1789
7529,495,597,2025-11-04 02:05:00,637
7530,154,766,2025-11-04 02:08:07,156
7531,145,65,2025-11-04 02:43:38,1728
7532,320,757,2025-11-04 02:57:28,1506
7533,390,791,2025-11-04 03:10:27,1255
7534,348,429,2025-11-04 03:19:21,2455
7535,324,397,2025-11-04 03:57:00,1778
7536,481,328,2025-11-04 04:43:03,3347
7537,400,318,2025-11-04 05:36:25,96
7538,499,482,2025-11-04 05:41:23,2190
7539,343,717,2025-11-04 05:43:37,1955
7540,101,418,2025-11-04 07:23:33,1325
7541,105,649,2025-11-04 07:31:11,2531
7542,5,185,2025-11-04 08:28:14,1736
7543,450,5,2025-11-04 08:33:03,2555
7544,41,565,2025-11-04 10:07:47,1087
7545,54,80,2025-11-04 11:20:51,688
7546,225,460,2025-11-04 12:16:06,992
7547,70,722,2025-11-04 13:41:51,2599
7548,311,139,2025-11-04 13:54:21,2558
7549,80,544,2025-11-04 14:03:36,1462
7550,225,277,2025-11-04 16:29:13,153
7551,96,244,2025-11-04 16:45:04,2791
7552,194,449,2025-11-04 17:20:25,2035
7553,330,174,2025-11-04 18:09:57,386
7554,90,388,2025-11-04 18:17:33,2838
7555,97,415,2025-11-04 18:29:24,1892
7556,133,715,2025-11-04 18:50:35,3322
7557,118,464,2025-11-04 19:28:41,1005
7558,154,305,2025-11-04 20:11:28,756
7559,75,331,2025-11-04 20:40:29,875
7560,310,588,2025-11-04 21:13:23,2519
7561,188,107,2025-11-04 22:11:37,640
7562,377,444,2025-11-04 22:20:08,2089
7563,443,353,2025-11-04 22:30:02,153
7564,216,507,2025-11-04 22:43:01,3303
7565,212,769,2025-11-05 00:04:41,1260
7566,312,558,2025-11-05 00:56:44,2046
7567,441,597,2025-11-05 01:48:13,359
7568,91,778,2025-11-05 03:13:39,1173
7569,128,641,2025-11-05 03:55:23,1384
7570,104,705,2025-11-05 04:12:33,856
7571,78,251,2025-11-05 04:45:38,2996
7572,143,788,2025-11-05 06:35:34,1299
7573,443,346,2025-11-05 06:37:36,1768
7574,327,137,2025-11-05 07:05:51,2883
7575,328,208,2025-11-05 07:07:48,1194
7576,379,149,2025-11-05 07:09:01,2111
7577,383,688,2025-11-05 07:24:07,2482
7578,262,648,2025-11-05 08:45:42,1863
7579,129,493,2025-11-05 08:47:16,1564
7580,111,648,2025-11-05 08:53:58,1445
7581,334,286,2025-11-05 08:58:33,3249
7582,356,190,2025-11-05 09:08:57,1367
7583,97,126,2025-11-05 09:46:00,2003
7584,488,288,2025-11-05 09:50:41,585
7585,478,719,2025-11-05 10:04:15,869
7586,444,783,2025-11-05 10:18:06,1479
7587,351,594,2025-11-05 10:32:19,1449
7588,185,282,2025-11-05 10:57:05,2928
7589,314,169,2025-11-05 11:06:10,611
7590,470,245,2025-11-05 11:46:27,288
7591,119,356,2025-11-05 11:48:02,2043
7592,82,518,2025-11-05 11:53:22,1515
7593,156,628,2025-11-05 11:55:54,223
7594,387,560,2025-11-05 12:11:42,2082
7595,425,516,2025-11-05 12:42:26,2791
7596,100,152,2025-11-05 13:04:57,1199
7597,214,177,2025-11-05 13:07:56,2216
7598,198,300,2025-11-05 13:17:29,1994
7599,26,702,2025-11-05 13:36:14,767
7600,90,216,2025-11-05 15:35:21,100
7601,225,182,2025-11-05 16:08:26,2387
7602,203,479,2025-11-05 18:05:21,678
7603,40,407,2025-11-05 18:44:44,472
7604,199,43,2025-11-05 19:06:52,1085
7605,457,156,2025-11-05 19:53:21,1267
7606,359,415,2025-11-05 20:07:14,2407
7607,146,684,2025-11-05 21:22:12,1996
7608,222,246,2025-11-05 22:24:58,613
7609,349,36,2025-11-06 00:25:30,905
7610,354,101,2025-11-06 01:28:11,2522
7611,92,770,2025-11-06 01:34:00,3171
7612,163,314,2025-11-06 02:15:57,524
7613,170,465,2025-11-06 03:56:09,1879
7614,78,167,2025-11-06 04:14:00,2604
7615,54,650,2025-11-06 04:15:57,165
7616,19,392,2025-11-06 05:13:49,1697
7617,379,676,2025-11-06 06:02:11,506
7618,4,304,2025-11-06 06:29:13,2694
7619,135,628,2025-11-06 07:35:10,954
7620,320,109,2025-11-06 09:02:52,2647
7621,69,320,2025-11-06 09:15:56,414
7622,321,504,2025-11-06 09:20:34,2734
7623,448,227,2025-11-06 10:04:05,1601
7624,179,58,2025-11-06 10:24:29,620
7625,460,217,2025-11-06 10:40:52,2502
7626,381,261,2025-11-06 10:58:38,2024
7627,35,658,2025-11-06 11:10:21,1849
7628,316,529,2025-11-06 11:12:04,2964
7629,14,355,2025-11-06 11:44:58,738
7630,223,456,2025-11-06 12:21:47,124
7631,114,673,2025-11-06 12:46:52,232
7632,131,467,2025-11-06 12:55:23,1134
7633,415,68,2025-11-06 13:38:13,539
7634,356,170,2025-11-06 14:01:09,1325
7635,3,185,2025-11-06 14:46:14,1851
7636,183,670,2025-11-06 15:27:31,1620
7637,349,363,2025-11-06 15:59:59,2270
7638,281,4,2025-11-06 16:11:11,714
7639,221,171,2025-11-06 16:26:50,2294
7640,30,489,2025-11-06 16:38:09,2662
7641,384,615,2025-11-06 16:42:59,347
7642,28,253,2025-11-06 16:57:54,1307
7643,24,760,2025-11-06 17:08:04,2650
7644,417,156,2025-11-06 17:11:53,1338
7645,492,289,2025-11-06 17:48:53,645
7646,499,696,2025-11-06 18:00:47,1277
7647,132,216,2025-11-06 18:02:20,2188
7648,375,576,2025-11-06 19:11:55,2309
7649,116,27,2025-11-06 19:14:27,2164
7650,148,570,2025-11-06 19:15:36,866
7651,333,48,2025-11-06 20:53:01,1759
7652,30,773,2025-11-06 21:27:34,3160
7653,254,677,2025-11-06 21:29:08,846
7654,61,571,2025-11-06 22:07:56,541
7655,54,61,2025-11-06 23:46:33,1031
7656,241,587,2025-11-06 23:51:29,885
7657,242,128,2025-11-07 00:40:07,1101
7658,16,206,2025-11-07 01:36:51,886
7659,456,517,2025-11-07 02:27:08,3177
7660,169,691,2025-11-07 02:36:51,3073
7661,400,285,2025-11-07 02:53:27,3064
7662,227,139,2025-11-07 03:16:54,1184
7663,150,482,2025-11-07 03:22:37,867
7664,279,2,2025-11-07 03:42:07,797
7665,328,158,2025-11-07 06:08:25,1515
7666,348,600,2025-11-07 06:12:30,1673
7667,127,793,2025-11-07 06:21:37,2715
7668,312,793,2025-11-07 06:34:02,2765
7669,68,707,2025-11-07 07:27:46,2326
7670,287,53,2025-11-07 07:35:59,1209
7671,205,482,2025-11-07 07:40:10,2155
7672,428,664,2025-11-07 08:31:12,1400
7673,198,275,2025-11-07 10:00:27,1851
7674,118,775,2025-11-07 10:02:04,2748
7675,391,367,2025-11-07 10:06:37,1456
7676,452,407,2025-11-07 10:25:04,226
7677,97,186,2025-11-07 10:25:21,1962
7678,122,298,2025-11-07 10:45:50,2113
7679,318,617,2025-11-07 11:12:51,2601
7680,169,279,2025-11-07 12:02:23,1044
7681,231,475,2025-11-07 12:57:29,177
7682,21,590,2025-11-07 14:05:49,684
7683,159,374,2025-11-07 14:29:21,1559
7684,295,491,2025-11-07 14:42:49,2777
7685,400,33,2025-11-07 15:38:35,796
7686,176,482,2025-11-07 15:47:16,1591
7687,435,747,2025-11-07 15:53:31,2776
7688,382,21,2025-11-07 16:18:12,226
7689,495,322,2025-11-07 17:10:03,762
7690,17,486,2025-11-07 17:32:20,2944
7691,460,702,2025-11-07 18:13:14,762
7692,233,70,2025-11-07 19:00:27,543
7693,302,104,2025-11-07 19:15:25,1697
7694,211,254,2025-11-07 19:39:04,1691
7695,276,340,2025-11-07 20:57:06,1978
7696,231,114,2025-11-07 22:57:22,1604
7697,356,164,2025-11-07 23:51:03,2524
7698,431,789,2025-11-08 00:00:48,1497
7699,389,576,2025-11-08 00:09:08,2363
7700,467,665,2025-11-08 01:28:46,643
7701,33,640,2025-11-08 01:50:30,1742
7702,52,737,2025-11-08 02:09:39,2044
7703,172,377,2025-11-08 02:10:47,591
7704,407,285,2025-11-08 02:23:51,2295
7705,272,329,2025-11-08 02:33:44,632
7706,253,127,2025-11-08 03:08:49,2489
7707,281,728,2025-11-08 04:17:31,1775
7708,2,5,2025-11-08 05:27:03,439
7709,228,379,2025-11-08 05:29:00,595
7710,63,53,2025-11-08 05:44:29,1749
7711,228,788,2025-11-08 06:54:09,1438
7712,269,759,2025-11-08 07:09:12,1353
7713,460,339,2025-11-08 07:42:52,2126
7714,106,761,2025-11-08 09:09:14,1324
7715,295,759,2025-11-08 09:33:39,2234
7716,409,658,2025-11-08 09:47:22,1767
7717,211,418,2025-11-08 10:13:28,2468
7718,229,751,2025-11-08 11:53:46,1368
7719,429,574,2025-11-08 12:53:36,3446
7720,125,683,2025-11-08 13:05:50,2053
7721,359,331,2025-11-08 13:21:46,1001
7722,182,664,2025-11-08 15:28:50,1336
7723,413,508,2025-11-08 16:11:41,2788
7724,206,3,2025-11-08 17:20:42,2125
7725,115,718,2025-11-08 18:13:06,44
7726,180,387,2025-11-08 18:25:36,1287
7727,103,102,2025-11-08 18:28:17,918
7728,181,152,2025-11-08 20:58:22,1250
7729,80,459,2025-11-08 22:00:40,759
7730,53,450,2025-11-08 22:03:10,3249
7731,211,780,2025-11-08 22:21:52,2035
7732,292,738,2025-11-08 23:03:00,1345
7733,263,561,2025-11-08 23:26:21,2139
7734,237,408,2025-11-09 00:17:49,1319
7735,225,36,2025-11-09 00:30:16,1176
7736,37,406,2025-11-09 02:08:32,2629
7737,164,523,2025-11-09 03:20:19,1048
7738,65,344,2025-11-09 04:43:25,2585
7739,240,525,2025-11-09 04:46:59,1792
7740,224,636,2025-11-09 04:59:57,223
7741,364,720,2025-11-09 05:26:03,777
7742,467,67,2025-11-09 05:52:02,811
7743,242,232,2025-11-09 06:07:13,96
7744,345,57,2025-11-09 08:52:58,2926
7745,223,416,2025-11-09 09:03:43,975
7746,120,754,2025-11-09 09:07:02,2454
7747,334,117,2025-11-09 09:41:53,2532
7748,114,343,2025-11-09 09:56:38,926
7749,382,445,2025-11-09 10:03:04,3083
7750,188,568,2025-11-09 10:40:03,1894
7751,17,341,2025-11-09 11:28:57,2558
7752,398,455,2025-11-09 12:28:16,2121
7753,287,395,2025-11-09 12:56:14,1392
7754,210,113,2025-11-09 13:16:54,2673
7755,377,357,2025-11-09 13:40:10,2153
7756,494,161,2025-11-09 13:49:08,1896
7757,273,505,2025-11-09 14:41:49,938
7758,396,196,2025-11-09 14:48:16,1394
7759,436,716,2025-11-09 16:13:27,3037
7760,479,326,2025-11-09 16:29:40,2619
7761,127,322,2025-11-09 18:00:01,663
7762,172,682,2025-11-09 19:53:07,596
7763,390,602,2025-11-09 20:23:59,1941
7764,39,600,2025-11-09 21:22:36,1360
7765,172,224,2025-11-09 22:37:45,490
7766,102,274,2025-11-09 23:06:31,2559
7767,272,662,2025-11-09 23:20:09,61
7768,217,705,2025-11-10 00:25:00,848
7769,391,92,2025-11-10 00:55:29,1327
7770,77,717,2025-11-10 01:31:42,2154
7771,78,145,2025-11-10 01:55:57,458
7772,450,793,2025-11-10 05:13:49,2924
7773,2,110,2025-11-10 05:27:01,1928
7774,369,454,2025-11-10 05:28:44,376
7775,397,569,2025-11-10 07:26:15,3221
7776,230,787,2025-11-10 08:04:28,2778
7777,470,664,2025-11-10 08:26:42,1560
7778,70,412,2025-11-10 08:32:05,1041
7779,128,9,2025-11-10 08:53:18,1854
7780,264,555,2025-11-10 09:28:15,3231
7781,437,671,2025-11-10 10:31:51,772
7782,138,17,2025-11-10 10:44:11,718
7783,175,35,2025-11-10 10:57:36,2631
7784,458,50,2025-11-10 10:59:05,3132
7785,175,657,2025-11-10 11:07:22,969
7786,411,606,2025-11-10 11:09:28,2225
7787,399,242,2025-11-10 12:03:50,1645
7788,292,311,2025-11-10 12:31:23,2178
7789,39,165,2025-11-10 13:22:11,834
7790,493,459,2025-11-10 13:49:34,770
7791,59,153,2025-11-10 14:28:23,2403
7792,269,195,2025-11-10 15:50:40,2779
7793,415,274,2025-11-10 17:15:42,2903
7794,135,599,2025-11-10 17:31:28,2589
7795,434,177,2025-11-10 17:36:33,2444
7796,126,230,2025-11-10 18:17:37,517
7797,190,428,2025-11-10 18:38:53,1929
7798,447,123,2025-11-10 18:46:10,1282
7799,441,525,2025-11-10 19:18:03,2689
7800,295,639,2025-11-10 19:38:19,2021
7801,257,584,2025-11-10 20:09:46,1645
7802,204,278,2025-11-10 20:16:35,1524
7803,371,724,2025-11-10 20:52:09,3012
7804,455,134,2025-11-10 21:28:35,764
7805,76,278,2025-11-10 22:37:15,1675
7806,251,395,2025-11-10 22:47:57,2144
7807,458,223,2025-11-10 23:12:43,2234
7808,478,798,2025-11-10 23:29:36,2134
7809,61,517,2025-11-11 02:47:52,3030
7810,103,591,2025-11-11 03:11:38,1922
7811,113,378,2025-11-11 03:15:48,2155
7812,73,692,2025-11-11 03:38:40,3073
7813,280,523,2025-11-11 03:39:47,437
7814,197,382,2025-11-11 04:11:25,1342
7815,469,613,2025-11-11 04:11:43,2901
7816,353,168,2025-11-11 05:41:51,1377
7817,413,179,2025-11-11 05:47:00,1872
7818,273,211,2025-11-11 06:01:47,812
7819,177,348,2025-11-11 06:15:35,1080
7820,384,798,2025-11-11 06:36:49,2296
7821,476,138,2025-11-11 07:33:18,2846
7822,255,83,2025-11-11 08:31:12,2329
7823,152,372,2025-11-11 09:17:40,2514
7824,339,777,2025-11-11 09:35:31,2580
7825,187,683,2025-11-11 09:57:12,853
7826,329,289,2025-11-11 10:43:58,988
7827,112,191,2025-11-11 10:54:56,3096
7828,271,442,2025-11-11 11:03:45,1041
7829,439,587,2025-11-11 11:06:40,947
7830,250,763,2025-11-11 11:43:33,1339
7831,385,53,2025-11-11 11:46:41,1662
7832,32,303,2025-11-11 12:08:11,158
7833,380,480,2025-11-11 15:06:49,1873
7834,44,658,2025-11-11 15:13:18,1763
7835,318,772,2025-11-11 15:18:59,779
7836,383,290,2025-11-11 15:46:38,1397
7837,482,631,2025-11-11 15:51:59,518
7838,392,505,2025-11-11 15:53:33,1049
7839,130,371,2025-11-11 15:59:32,2254
7840,55,675,2025-11-11 16:23:49,1075
7841,48,103,2025-11-11 17:39:50,1725
7842,18,233,2025-11-11 18:21:20,1330
7843,424,406,2025-11-11 18:36:48,2388
7844,259,305,2025-11-11 19:00:57,468
7845,408,684,2025-11-11 20:17:34,944
7846,355,602,2025-11-11 20:23:20,1685
7847,406,609,2025-11-11 21:29:24,886
7848,197,591,2025-11-11 22:13:19,2777
7849,302,182,2025-11-11 22:17:46,2113
7850,28,154,2025-11-11 22:28:25,1590
7851,42,430,2025-11-11 22:46:39,1984
7852,487,297,2025-11-11 23:32:55,1710
7853,269,681,2025-11-11 23:45:31,2420
7854,265,445,2025-11-12 00:08:44,1607
7855,448,231,2025-11-12 00:09:34,1497
7856,400,653,2025-11-12 00:15:10,782
7857,498,67,2025-11-12 00:39:45,1363
7858,89,236,2025-11-12 01:17:16,2811
7859,45,634,2025-11-12 01:35:24,932
7860,217,141,2025-11-12 01:51:47,522
7861,299,389,2025-11-12 02:28:33,2166
7862,289,638,2025-11-12 02:34:51,3161
7863,363,491,2025-11-12 02:58:09,3039
7864,407,139,2025-11-12 04:11:13,300
7865,12,31,2025-11-12 04:20:44,174
7866,209,684,2025-11-12 05:05:11,1772
7867,44,330,2025-11-12 05:39:53,1449
7868,444,597,2025-11-12 05:42:07,723
7869,204,456,2025-11-12 06:02:21,156
7870,412,15,2025-11-12 06:58:24,1105
7871,324,362,2025-11-12 07:24:39,2469
7872,81,675,2025-11-12 07:35:33,764
7873,151,738,2025-11-12 07:51:00,1658
7874,361,676,2025-11-12 09:04:35,253
7875,437,46,2025-11-12 09:35:13,1370
7876,301,476,2025-11-12 10:06:15,652
7877,112,263,2025-11-12 10:07:09,1106
7878,484,443,2025-11-12 11:06:03,2619
7879,255,455,2025-11-12 11:28:59,1474
7880,67,398,2025-11-12 11:53:28,2459
7881,247,331,2025-11-12 12:23:25,255
7882,363,663,2025-11-12 12:45:53,571
7883,241,489,2025-11-12 13:40:42,480
7884,445,523,2025-11-12 14:09:03,189
7885,339,591,2025-11-12 14:29:33,2635
7886,202,403,2025-11-12 14:56:23,630
7887,255,685,2025-11-12 16:10:51,240
7888,470,768,2025-11-12 17:33:46,40
7889,149,787,2025-11-12 18:18:36,1472
7890,415,251,2025-11-12 18:27:15,2854
7891,179,776,2025-11-12 19:28:42,1786
7892,294,381,2025-11-12 19:40:05,2085
7893,229,746,2025-11-12 19:42:10,3071
7894,374,11,2025-11-12 20:06:24,3062
7895,29,678,2025-11-12 20:08:50,1236
7896,305,305,2025-11-12 20:41:51,739
7897,372,426,2025-11-12 21:32:06,3338
7898,349,388,2025-11-12 21:45:44,375
7899,312,210,2025-11-12 21:59:24,2198
7900,395,587,2025-11-12 23:02:56,941
7901,171,404,2025-11-13 00:19:55,2901
7902,391,40,2025-11-13 00:47:11,2383
7903,173,403,2025-11-13 01:45:54,612
7904,32,668,2025-11-13 02:07:07,1381
7905,61,56,2025-11-13 02:31:15,2303
7906,229,523,2025-11-13 02:39:19,1236
7907,365,664,2025-11-13 03:16:37,110
7908,56,93,2025-11-13 03:34:49,1038
7909,457,772,2025-11-13 03:52:41,621
7910,384,647,2025-11-13 04:33:26,873
7911,187,164,2025-11-13 05:07:37,2612
7912,411,610,2025-11-13 07:00:47,1119
7913,236,481,2025-11-13 07:50:19,903
7914,304,599,2025-11-13 07:59:12,2213
7915,94,711,2025-11-13 08:05:28,1233
7916,308,99,2025-11-13 10:34:13,2630
7917,421,490,2025-11-13 10:37:42,135
7918,112,795,2025-11-13 10:51:45,1818
7919,201,522,2025-11-13 10:59:16,558
7920,11,161,2025-11-13 11:55:24,200
7921,275,295,2025-11-13 12:12:03,116
7922,70,760,2025-11-13 13:17:54,2403
7923,359,641,2025-11-13 13:27:49,1880
7924,408,424,2025-11-13 13:39:38,812
7925,465,374,2025-11-13 14:21:00,1634
7926,355,378,2025-11-13 15:41:36,2842
7927,285,503,2025-11-13 16:28:12,822
7928,100,6,2025-11-13 16:41:33,1324
7929,399,731,2025-11-13 17:04:34,1623
7930,183,148,2025-11-13 17:21:44,2564
7931,54,384,2025-11-13 17:21:54,1121
7932,307,665,2025-11-13 17:47:31,1087
7933,270,681,2025-11-13 17:48:06,2537
7934,142,693,2025-11-13 18:15:45,2065
7935,460,533,2025-11-13 18:15:57,563
7936,63,564,2025-11-13 18:32:34,1424
7937,280,51,2025-11-13 19:37:28,806
7938,159,360,2025-11-13 19:44:40,2864
7939,57,667,2025-11-13 19:54:57,116
7940,288,658,2025-11-13 20:31:48,1846
7941,305,504,2025-11-13 20:35:23,2470
7942,41,603,2025-11-13 20:49:27,417
7943,281,438,2025-11-13 20:51:51,2416
7944,152,398,2025-11-13 21:21:24,2188
7945,154,455,2025-11-13 21:21:29,2115
7946,118,204,2025-11-13 22:45:29,1292
7947,80,710,2025-11-13 23:18:54,903
7948,316,77,2025-11-14 00:59:50,1766
7949,106,563,2025-11-14 01:22:07,1682
7950,161,52,2025-11-14 01:29:49,2225
7951,5,328,2025-11-14 02:59:00,2770
7952,385,427,2025-11-14 04:42:10,290
7953,289,438,2025-11-14 04:58:51,826
7954,301,499,2025-11-14 06:57:09,3396
7955,9,586,2025-11-14 07:07:10,1683
7956,59,622,2025-11-14 07:13:05,1230
7957,369,238,2025-11-14 07:40:26,1575
7958,331,542,2025-11-14 08:32:48,2006
7959,260,766,2025-11-14 08:54:25,2220
7960,447,371,2025-11-14 09:16:10,2205
7961,314,549,2025-11-14 09:33:23,686
7962,371,616,2025-11-14 09:39:06,2827
7963,433,579,2025-11-14 10:06:57,2750
7964,245,495,2025-11-14 12:15:10,1168
7965,73,228,2025-11-14 12:59:28,1325
7966,197,75,2025-11-14 13:00:28,893
7967,281,775,2025-11-14 13:37:10,2816
7968,253,607,2025-11-14 13:54:18,3557
7969,65,749,2025-11-14 13:54:36,1885
7970,15,62,2025-11-14 14:27:43,832
7971,379,117,2025-11-14 14:46:23,2513
7972,146,34,2025-11-14 15:40:16,2331
7973,142,311,2025-11-14 15:56:37,1737
7974,337,758,2025-11-14 16:36:45,2908
7975,313,240,2025-11-14 17:32:20,2168
7976,391,417,2025-11-14 17:50:33,1519
7977,100,731,2025-11-14 18:23:40,2391
7978,465,600,2025-11-14 18:24:58,1680
7979,416,161,2025-11-14 18:44:03,2051
7980,207,1,2025-11-14 18:58:42,1781
7981,167,649,2025-11-14 19:11:56,2513
7982,399,719,2025-11-14 20:10:15,1718
7983,481,436,2025-11-14 20:25:22,1658
7984,113,595,2025-11-14 21:17:17,1811
7985,224,395,2025-11-14 21:40:52,2939
7986,256,516,2025-11-14 23:04:50,3411
7987,405,773,2025-11-14 23:51:48,422
7988,187,678,2025-11-15 00:39:43,196
7989,81,625,2025-11-15 02:09:18,2922
7990,380,28,2025-11-15 04:03:15,2310
7991,119,728,2025-11-15 04:37:31,1473
7992,76,460,2025-11-15 05:21:08,969
7993,9,341,2025-11-15 06:08:11,2853
7994,218,512,2025-11-15 06:26:42,504
7995,300,565,2025-11-15 06:29:22,1276
7996,227,169,2025-11-15 06:37:37,346
7997,367,605,2025-11-15 07:04:15,956
7998,18,519,2025-11-15 07:36:25,2961
7999,365,323,2025-11-15 08:31:30,1952
8000,187,201,2025-11-15 08:34:59,2577
8001,73,448,2025-11-15 09:38:41,978
8002,18,788,2025-11-15 11:21:05,1506
8003,43,195,2025-11-15 11:27:40,2946
8004,94,67,2025-11-15 12:45:17,2358
8005,281,249,2025-11-15 12:49:54,1298
8006,94,496,2025-11-15 13:26:35,3244
8007,231,583,2025-11-15 13:39:44,1860
8008,148,743,2025-11-15 13:47:04,1126
8009,53,491,2025-11-15 14:04:50,2127
8010,99,580,2025-11-15 14:54:29,460
8011,111,35,2025-11-15 15:04:06,2364
8012,105,436,2025-11-15 15:06:11,2951
8013,217,454,2025-11-15 15:22:19,1666
8014,342,424,2025-11-15 16:09:32,77
8015,479,359,2025-11-15 16:34:48,668
8016,468,772,2025-11-15 16:38:12,792
8017,164,763,2025-11-15 17:03:58,2539
8018,461,675,2025-11-15 18:37:53,820
8019,92,337,2025-11-15 18:38:31,3351
8020,315,756,2025-11-15 20:07:27,2524
8021,467,328,2025-11-15 20:42:50,3133
8022,176,497,2025-11-15 20:56:39,2233
8023,323,153,2025-11-15 22:04:12,35
8024,59,17,2025-11-15 22:34:41,1421
8025,240,753,2025-11-15 22:39:24,2498
8026,60,416,2025-11-15 22:59:55,1029
8027,393,697,2025-11-16 00:33:11,1157
8028,323,392,2025-11-16 01:08:19,1454
8029,9,722,2025-11-16 01:40:03,1527
8030,22,43,2025-11-16 02:39:55,2578
8031,18,657,2025-11-16 02:50:12,831
8032,12,416,2025-11-16 05:31:28,1040
8033,475,667,2025-11-16 05:49:14,972
8034,124,341,2025-11-16 06:11:53,2656
8035,459,666,2025-11-16 06:36:09,3059
8036,116,672,2025-11-16 06:50:54,2415
8037,250,144,2025-11-16 07:11:49,2970
8038,262,762,2025-11-16 07:43:36,42
8039,121,358,2025-11-16 08:57:22,506
8040,330,684,2025-11-16 09:12:56,892
8041,402,628,2025-11-16 09:57:04,1070
8042,127,688,2025-11-16 10:04:49,2846
8043,134,366,2025-11-16 11:12:22,2089
8044,10,280,2025-11-16 11:33:35,2787
8045,445,779,2025-11-16 11:50:36,3363
8046,85,324,2025-11-16 11:56:46,803
8047,57,757,2025-11-16 12:03:48,1703
8048,230,216,2025-11-16 12:55:12,436
8049,257,119,2025-11-16 13:02:38,3688
8050,467,575,2025-11-16 13:24:22,1912
8051,321,559,2025-11-16 14:06:32,1852
8052,282,99,2025-11-16 14:22:55,2293
8053,134,419,2025-11-16 14:47:33,947
8054,58,159,2025-11-16 16:59:23,1610
8055,226,413,2025-11-16 18:39:50,2822
8056,444,166,2025-11-16 20:03:45,2294
8057,476,511,2025-11-16 21:10:14,2389
8058,251,287,2025-11-16 21:57:19,1533
8059,332,518,2025-11-16 22:00:42,2754
8060,119,668,2025-11-16 22:30:23,949
8061,49,435,2025-11-16 22:49:42,181
8062,484,85,2025-11-16 23:20:37,839
8063,45,428,2025-11-16 23:57:25,2148
8064,54,379,2025-11-16 23:57:34,319
8065,350,676,2025-11-17 00:44:29,561
8066,406,425,2025-11-17 00:53:03,1436
8067,132,89,2025-11-17 01:12:43,1564
8068,59,225,2025-11-17 01:58:52,3214
8069,131,610,2025-11-17 02:21:44,1138
8070,309,194,2025-11-17 03:07:07,1516
8071,305,402,2025-11-17 03:43:21,3121
8072,89,487,2025-11-17 04:11:16,1545
8073,145,676,2025-11-17 04:12:43,522
8074,391,277,2025-11-17 04:41:37,61
8075,98,361,2025-11-17 04:58:20,365
8076,198,89,2025-11-17 06:05:52,1339
8077,369,157,2025-11-17 07:06:55,771
8078,63,705,2025-11-17 07:52:57,1822
8079,342,361,2025-11-17 08:18:23,391
8080,186,792,2025-11-17 10:23:46,1232
8081,206,555,2025-11-17 10:39:40,2848
8082,332,539,2025-11-17 10:39:42,3172
8083,242,74,2025-11-17 10:40:27,1087
8084,355,680,2025-11-17 10:40:38,480
8085,480,108,2025-11-17 11:50:40,514
8086,82,463,2025-11-17 12:39:22,562
8087,230,458,2025-11-17 14:10:22,2851
8088,452,630,2025-11-17 15:03:20,3097
8089,64,595,2025-11-17 15:28:23,1722
8090,497,458,2025-11-17 17:14:52,2869
8091,352,155,2025-11-17 19:34:23,2346
8092,100,75,2025-11-17 20:46:24,449
8093,254,161,2025-11-17 21:13:43,2093
8094,207,419,2025-11-17 22:43:47,1074
8095,449,5,2025-11-17 22:44:21,2544
8096,217,450,2025-11-17 23:05:41,2885
8097,98,78,2025-11-17 23:10:41,1182
8098,106,110,2025-11-17 23:45:48,3076
8099,155,43,2025-11-18 00:00:55,2723
8100,97,205,2025-11-18 00:03:54,1611
8101,482,746,2025-11-18 01:39:49,45
8102,144,554,2025-11-18 01:56:04,1960
8103,276,60,2025-11-18 03:17:50,3231
8104,271,710,2025-11-18 03:50:28,851
8105,489,199,2025-11-18 04:38:52,273
8106,343,247,2025-11-18 06:05:02,1719
8107,249,252,2025-11-18 06:39:07,1018
8108,412,87,2025-11-18 07:06:27,160
8109,257,431,2025-11-18 07:14:24,2840
8110,31,297,2025-11-18 07:15:19,1698
8111,335,179,2025-11-18 09:02:08,2098
8112,283,655,2025-11-18 09:17:39,774
8113,173,108,2025-11-18 09:30:25,551
8114,445,437,2025-11-18 09:35:49,703
8115,126,346,2025-11-18 09:41:18,162
8116,272,297,2025-11-18 10:26:01,122
8117,315,596,2025-11-18 10:55:52,2480
8118,364,630,2025-11-18 11:12:43,2793
8119,314,490,2025-11-18 12:36:12,925
8120,272,406,2025-11-18 12:56:12,2534
8121,110,429,2025-11-18 13:14:22,2664
8122,415,690,2025-11-18 13:35:46,1680
8123,489,232,2025-11-18 13:45:17,2279
8124,499,465,2025-11-18 14:06:10,109
8125,10,200,2025-11-18 14:24:56,1285
8126,14,54,2025-11-18 14:51:30,1532
8127,91,408,2025-11-18 15:05:10,1831
8128,334,292,2025-11-18 15:05:59,761
8129,335,460,2025-11-18 15:19:11,1051
8130,316,176,2025-11-18 15:30:17,94
8131,61,339,2025-11-18 17:32:55,2051
8132,107,178,2025-11-18 18:30:41,1341
8133,494,790,2025-11-18 18:46:24,2761
8134,344,693,2025-11-18 20:53:32,1468
8135,152,502,2025-11-18 21:19:03,1857
8136,44,519,2025-11-18 22:34:39,3293
8137,138,466,2025-11-18 22:41:13,2281
8138,426,588,2025-11-18 23:04:14,1854
8139,111,410,2025-11-19 00:42:25,3105
8140,245,359,2025-11-19 01:24:43,696
8141,9,287,2025-11-19 01:33:12,1459
8142,253,370,2025-11-19 01:42:03,557
8143,238,33,2025-11-19 02:02:47,676
8144,228,149,2025-11-19 02:08:34,426
8145,393,372,2025-11-19 02:34:07,2945
8146,99,215,2025-11-19 02:58:35,1545
8147,216,595,2025-11-19 03:21:26,1612
8148,160,416,2025-11-19 04:48:19,203
8149,472,214,2025-11-19 05:13:14,1903
8150,86,179,2025-11-19 05:53:58,1940
8151,107,80,2025-11-19 07:06:31,723
8152,198,409,2025-11-19 07:59:59,1164
8153,49,300,2025-11-19 09:14:13,271
8154,54,8,2025-11-19 09:36:54,26
8155,309,597,2025-11-19 09:37:16,369
8156,24,343,2025-11-19 10:53:37,2116
8157,186,30,2025-11-19 11:01:02,1669
8158,3,776,2025-11-19 11:29:26,2345
8159,415,239,2025-11-19 12:33:51,2854
8160,116,374,2025-11-19 12:36:12,1452
8161,123,371,2025-11-19 15:39:42,893
8162,15,154,2025-11-19 15:46:36,1703
8163,402,776,2025-11-19 16:08:11,2654
8164,213,335,2025-11-19 16:20:18,989
8165,86,198,2025-11-19 19:20:14,1144
8166,42,681,2025-11-19 21:06:04,2165
8167,256,346,2025-11-19 21:15:19,640
8168,350,640,2025-11-19 21:29:09,2097
8169,406,694,2025-11-19 22:02:00,1054
8170,162,540,2025-11-19 22:15:59,2547
8171,466,537,2025-11-19 22:29:09,2543
8172,374,568,2025-11-19 22:47:13,1830
8173,163,117,2025-11-19 23:29:11,169
8174,60,161,2025-11-20 00:04:54,1349
8175,187,313,2025-11-20 00:15:32,1117
8176,345,209,2025-11-20 01:23:27,756
8177,431,732,2025-11-20 02:16:55,1561
8178,350,420,2025-11-20 02:28:52,1813
8179,163,671,2025-11-20 02:42:23,65
8180,3,197,2025-11-20 03:08:22,1083
8181,408,93,2025-11-20 03:15:22,1629
8182,237,30,2025-11-20 03:57:20,1526
8183,59,107,2025-11-20 04:12:40,695
8184,439,93,2025-11-20 04:22:20,1673
8185,45,466,2025-11-20 05:31:03,2087
8186,241,602,2025-11-20 05:43:44,1967
8187,7,32,2025-11-20 05:45:28,18
8188,333,754,2025-11-20 06:05:48,2462
8189,205,741,2025-11-20 06:39:34,469
8190,420,153,2025-11-20 10:22:51,2073
8191,144,211,2025-11-20 10:23:34,507
8192,339,725,2025-11-20 10:24:13,1948
8193,450,485,2025-11-20 10:54:54,1481
8194,224,148,2025-11-20 11:22:02,1736
8195,118,64,2025-11-20 11:47:27,3012
8196,65,761,2025-11-20 12:23:18,47
8197,134,410,2025-11-20 12:56:35,366
8198,306,357,2025-11-20 13:42:35,309
8199,122,286,2025-11-20 13:55:17,3020
8200,34,772,2025-11-20 14:22:09,816
8201,390,240,2025-11-20 14:35:44,306
8202,298,323,2025-11-20 15:47:14,34
8203,421,295,2025-11-20 15:53:32,639
8204,476,669,2025-11-20 16:20:37,309
8205,329,436,2025-11-20 17:36:42,2967
8206,388,701,2025-11-20 18:13:03,144
8207,351,47,2025-11-20 20:05:19,1030
8208,351,768,2025-11-20 20:20:10,1164
8209,286,785,2025-11-20 20:32:27,3206
8210,357,690,2025-11-20 21:22:53,1985
8211,146,501,2025-11-20 21:26:21,2130
8212,360,229,2025-11-20 21:44:15,1543
8213,312,481,2025-11-20 22:07:19,628
8214,49,681,2025-11-20 22:20:32,2555
8215,487,372,2025-11-20 22:27:37,2551
8216,360,496,2025-11-20 22:37:26,3099
8217,3,578,2025-11-20 23:04:00,970
8218,60,531,2025-11-21 00:10:36,716
8219,230,276,2025-11-21 02:10:20,2934
8220,290,22,2025-11-21 02:26:24,1501
8221,17,614,2025-11-21 02:51:11,2843
8222,35,544,2025-11-21 03:29:10,867
8223,259,51,2025-11-21 04:49:24,756
8224,311,651,2025-11-21 04:59:01,1294
8225,326,98,2025-11-21 05:30:05,169
8226,416,707,2025-11-21 06:05:13,2591
8227,477,391,2025-11-21 06:14:08,315
8228,457,627,2025-11-21 07:08:08,425
8229,382,672,2025-11-21 07:41:35,279
8230,391,126,2025-11-21 09:57:33,1367
8231,480,597,2025-11-21 11:25:35,629
8232,399,165,2025-11-21 11:28:17,583
8233,200,498,2025-11-21 11:28:44,1429
8234,363,220,2025-11-21 11:38:11,3122
8235,220,127,2025-11-21 12:32:42,2525
8236,491,268,2025-11-21 15:14:14,59
8237,335,726,2025-11-21 15:21:54,725
8238,252,239,2025-11-21 16:29:39,3338
8239,402,104,2025-11-21 17:22:08,1623
8240,312,259,2025-11-21 18:37:15,1241
8241,247,268,2025-11-21 20:44:24,530
8242,317,726,2025-11-21 22:50:53,725
8243,441,679,2025-11-22 00:13:11,867
8244,434,338,2025-11-22 00:22:04,1669
8245,465,3,2025-11-22 00:33:44,2367
8246,435,757,2025-11-22 00:36:47,1676
8247,496,724,2025-11-22 00:55:55,2714
8248,94,501,2025-11-22 02:06:18,1264
8249,114,534,2025-11-22 02:14:15,2985
8250,402,74,2025-11-22 02:23:01,1041
8251,54,105,2025-11-22 04:37:18,2498
8252,107,52,2025-11-22 05:22:58,1309
8253,485,784,2025-11-22 05:41:57,2459
8254,499,591,2025-11-22 06:11:17,1500
8255,148,729,2025-11-22 07:03:23,2526
8256,422,747,2025-11-22 07:03:25,1103
8257,18,572,2025-11-22 07:21:26,1041
8258,454,721,2025-11-22 08:39:43,2873
8259,388,783,2025-11-22 09:22:49,1449
8260,427,108,2025-11-22 09:39:43,184
8261,181,576,2025-11-22 10:19:42,2417
8262,317,174,2025-11-22 11:44:52,488
8263,418,759,2025-11-22 13:20:26,1889
8264,265,7,2025-11-22 13:23:44,2180
8265,35,382,2025-11-22 14:09:39,628
8266,432,557,2025-11-22 14:49:31,645
8267,403,792,2025-11-22 15:58:31,2271
8268,327,285,2025-11-22 15:58:53,3087
8269,119,557,2025-11-22 16:21:10,266
8270,32,688,2025-11-22 16:28:38,1212
8271,432,376,2025-11-22 16:50:28,2575
8272,452,16,2025-11-22 18:30:09,215
8273,165,666,2025-11-22 18:59:07,2795
8274,470,271,2025-11-22 20:57:23,2569
8275,262,29,2025-11-22 21:24:20,2495
8276,382,238,2025-11-22 21:43:33,1560
8277,70,747,2025-11-22 21:59:22,2414
8278,500,567,2025-11-22 22:09:52,2667
8279,377,363,2025-11-22 22:11:52,1167
8280,395,302,2025-11-22 22:12:58,636
8281,121,222,2025-11-22 22:26:57,848
8282,211,427,2025-11-22 22:45:01,2590
8283,340,715,2025-11-22 23:21:42,3373
8284,52,587,2025-11-22 23:30:32,788
8285,48,107,2025-11-23 00:28:16,717
8286,113,27,2025-11-23 00:47:57,2094
8287,431,195,2025-11-23 00:54:31,1078
8288,319,80,2025-11-23 01:06:53,611
8289,249,586,2025-11-23 01:12:26,1494
8290,416,552,2025-11-23 01:22:41,2328
8291,147,380,2025-11-23 01:24:40,670
8292,50,401,2025-11-23 02:24:02,811
8293,153,131,2025-11-23 02:58:44,514
8294,125,151,2025-11-23 04:36:00,2724
8295,394,435,2025-11-23 04:52:58,2803
8296,311,25,2025-11-23 05:15:38,2105
8297,469,452,2025-11-23 05:40:38,1717
8298,231,163,2025-11-23 05:51:02,2183
8299,177,489,2025-11-23 07:01:22,2489
8300,434,240,2025-11-23 07:13:32,3302
8301,472,551,2025-11-23 07:50:11,277
8302,496,425,2025-11-23 08:03:40,1463
8303,135,285,2025-11-23 08:43:27,3010
8304,381,714,2025-11-23 08:52:28,1773
8305,229,270,2025-11-23 09:15:41,1268
8306,134,57,2025-11-23 09:23:15,2878
8307,499,379,2025-11-23 09:35:08,670
8308,409,288,2025-11-23 10:16:02,527
8309,374,404,2025-11-23 10:28:23,3271
8310,306,696,2025-11-23 10:59:00,954
8311,115,264,2025-11-23 11:29:29,707
8312,179,756,2025-11-23 11:32:55,2517
8313,10,585,2025-11-23 11:43:56,44
8314,489,444,2025-11-23 11:45:57,2221
8315,26,14,2025-11-23 12:05:30,68
8316,366,423,2025-11-23 12:59:06,881
8317,198,542,2025-11-23 13:25:58,2095
8318,415,452,2025-11-23 13:28:56,1818
8319,459,565,2025-11-23 14:10:23,1066
8320,218,138,2025-11-23 15:03:51,3132
8321,99,544,2025-11-23 15:46:34,145
8322,41,92,2025-11-23 15:50:02,1165
8323,55,394,2025-11-23 16:35:03,1886
8324,286,692,2025-11-23 16:49:22,1792
8325,158,247,2025-11-23 17:29:19,1279
8326,430,73,2025-11-23 19:22:23,2433
8327,351,282,2025-11-23 20:17:39,3288
8328,497,740,2025-11-23 20:18:54,3030
8329,427,104,2025-11-23 21:12:38,1767
8330,398,161,2025-11-23 22:46:17,1787
8331,242,60,2025-11-23 23:07:43,1402
8332,212,523,2025-11-24 01:01:56,494
8333,215,290,2025-11-24 01:25:10,3218
8334,463,778,2025-11-24 02:38:00,745
8335,341,556,2025-11-24 03:06:19,898
8336,444,91,2025-11-24 03:20:21,726
8337,324,131,2025-11-24 03:20:21,587
8338,393,505,2025-11-24 03:28:49,1011
8339,400,593,2025-11-24 03:37:32,2752
8340,48,735,2025-11-24 03:41:48,1046
8341,272,590,2025-11-24 03:53:26,617
8342,339,317,2025-11-24 05:32:58,931
8343,131,415,2025-11-24 05:56:45,2046
8344,330,767,2025-11-24 06:29:27,492
8345,254,574,2025-11-24 07:39:46,608
8346,245,407,2025-11-24 07:45:12,1441
8347,412,261,2025-11-24 08:38:42,2254
8348,272,47,2025-11-24 08:48:03,971
8349,58,577,2025-11-24 10:09:28,326
8350,65,552,2025-11-24 10:52:51,2055
8351,235,443,2025-11-24 11:53:34,2773
8352,355,626,2025-11-24 12:49:00,90
8353,187,168,2025-11-24 12:57:30,2516
8354,337,665,2025-11-24 13:29:18,997
8355,297,509,2025-11-24 13:30:21,992
8356,182,431,2025-11-24 14:31:34,2982
8357,14,644,2025-11-24 14:46:18,2389
8358,109,752,2025-11-24 15:24:06,1200
8359,249,48,2025-11-24 16:07:53,1775
8360,245,493,2025-11-24 16:35:11,1478
8361,182,462,2025-11-24 16:44:19,1293
8362,70,374,2025-11-24 17:20:43,1688
8363,185,378,2025-11-24 17:40:45,2929
8364,328,636,2025-11-24 18:08:54,1540
8365,416,332,2025-11-24 18:47:04,1304
8366,252,265,2025-11-24 19:23:17,770
8367,138,366,2025-11-24 19:41:03,2733
8368,243,400,2025-11-24 19:49:00,2918
8369,108,248,2025-11-24 20:12:41,2882
8370,2,726,2025-11-24 20:27:18,833
8371,461,350,2025-11-24 21:43:25,2734
8372,83,482,2025-11-24 22:06:46,2159
8373,362,713,2025-11-24 23:05:13,1738
8374,345,520,2025-11-24 23:06:36,1203
8375,285,596,2025-11-24 23:43:19,2581
8376,377,661,2025-11-25 00:09:04,1125
8377,210,434,2025-11-25 00:10:45,2298
8378,96,797,2025-11-25 01:07:14,968
8379,277,177,2025-11-25 01:25:37,2637
8380,412,293,2025-11-25 02:34:12,825
8381,247,618,2025-11-25 02:57:09,3213
8382,115,490,2025-11-25 03:51:06,961
8383,132,143,2025-11-25 03:55:45,563
8384,289,67,2025-11-25 04:30:02,2283
8385,220,596,2025-11-25 04:44:34,2588
8386,412,178,2025-11-25 04:54:40,2327
8387,199,621,2025-11-25 05:12:56,182
8388,32,492,2025-11-25 05:34:22,2367
8389,343,48,2025-11-25 05:48:54,40
8390,436,768,2025-11-25 06:39:22,1161
8391,107,790,2025-11-25 07:34:30,2894
8392,222,588,2025-11-25 07:42:18,2234
8393,320,289,2025-11-25 07:56:00,11
8394,345,592,2025-11-25 09:13:09,1880
8395,61,661,2025-11-25 09:17:26,1068
8396,462,270,2025-11-25 09:22:34,70
8397,80,567,2025-11-25 10:03:59,2472
8398,223,366,2025-11-25 10:07:05,2582
8399,75,29,2025-11-25 10:09:49,2502
8400,464,768,2025-11-25 10:19:38,1224
8401,198,443,2025-11-25 10:21:07,2602
8402,112,588,2025-11-25 11:16:41,2296
8403,346,213,2025-11-25 11:26:59,2021
8404,382,294,2025-11-25 11:33:07,2655
8405,125,486,2025-11-25 11:51:09,2542
8406,323,797,2025-11-25 12:00:40,979
8407,375,184,2025-11-25 12:09:14,1312
8408,406,82,2025-11-25 13:41:21,934
8409,206,163,2025-11-25 15:00:05,2275
8410,102,162,2025-11-25 17:18:17,3225
8411,442,671,2025-11-25 17:21:33,801
8412,126,708,2025-11-25 18:36:21,1849
8413,237,781,2025-11-25 18:59:23,657
8414,262,682,2025-11-25 19:46:52,660
8415,41,176,2025-11-25 20:56:10,2241
8416,260,500,2025-11-25 20:56:47,875
8417,471,632,2025-11-25 23:23:57,51
8418,361,170,2025-11-26 00:08:31,2351
8419,196,322,2025-11-26 00:17:29,492
8420,163,498,2025-11-26 01:34:31,930
8421,10,293,2025-11-26 02:13:20,45
8422,236,105,2025-11-26 02:15:52,2227
8423,144,256,2025-11-26 02:50:02,949
8424,475,185,2025-11-26 03:25:06,1759
8425,150,636,2025-11-26 03:46:56,1515
8426,41,597,2025-11-26 04:17:12,291
8427,41,32,2025-11-26 06:43:54,801
8428,190,406,2025-11-26 07:25:54,2225
8429,417,225,2025-11-26 08:28:51,3132
8430,367,68,2025-11-26 09:04:27,758
8431,98,95,2025-11-26 09:24:49,1986
8432,15,512,2025-11-26 09:46:31,835
8433,362,718,2025-11-26 10:17:41,1982
8434,233,219,2025-11-26 10:56:27,1388
8435,338,46,2025-11-26 11:20:11,281
8436,339,297,2025-11-26 11:34:01,1513
8437,410,565,2025-11-26 11:50:05,1071
8438,487,744,2025-11-26 11:51:29,898
8439,213,80,2025-11-26 12:09:25,345
8440,355,608,2025-11-26 14:38:43,2701
8441,333,321,2025-11-26 15:02:49,2808
8442,175,556,2025-11-26 16:35:57,1725
8443,43,66,2025-11-26 16:36:06,3012
8444,403,34,2025-11-26 16:39:44,2214
8445,162,765,2025-11-26 17:18:39,441
8446,484,336,2025-11-26 18:18:37,3819
8447,417,643,2025-11-26 18:32:30,1568
8448,208,615,2025-11-26 18:47:41,1866
8449,141,775,2025-11-26 18:58:25,2794
8450,26,336,2025-11-26 19:16:24,1770
8451,193,154,2025-11-26 20:27:32,1402
8452,87,184,2025-11-26 21:38:31,1426
8453,199,605,2025-11-26 21:55:50,920
8454,213,776,2025-11-26 22:33:21,1572
8455,437,265,2025-11-26 23:49:39,855
8456,398,511,2025-11-27 00:03:18,891
8457,424,100,2025-11-27 00:22:27,936
8458,485,78,2025-11-27 00:54:16,1126
8459,182,502,2025-11-27 01:07:23,90
8460,281,391,2025-11-27 01:37:37,552
8461,139,752,2025-11-27 01:48:50,771
8462,143,765,2025-11-27 02:02:09,926
8463,75,767,2025-11-27 04:10:22,791
8464,276,63,2025-11-27 04:26:35,1198
8465,420,127,2025-11-27 04:26:55,1528
8466,395,182,2025-11-27 04:51:44,2118
8467,228,45,2025-11-27 05:50:00,1343
8468,289,682,2025-11-27 06:07:22,586
8469,475,6,2025-11-27 07:12:33,1397
8470,225,670,2025-11-27 07:29:46,294
8471,136,226,2025-11-27 07:39:32,656
8472,478,232,2025-11-27 08:34:35,2526
8473,211,755,2025-11-27 09:03:55,801
8474,444,471,2025-11-27 11:33:23,1457
8475,254,443,2025-11-27 11:58:19,394
8476,179,776,2025-11-27 12:32:47,2504
8477,4,6,2025-11-27 12:43:41,1567
8478,92,520,2025-11-27 12:53:30,598
8479,53,543,2025-11-27 13:05:18,621
8480,24,444,2025-11-27 13:22:57,2030
8481,372,164,2025-11-27 13:28:56,2357
8482,154,601,2025-11-27 13:43:47,1497
8483,326,607,2025-11-27 14:06:51,2930
8484,488,181,2025-11-27 14:38:15,2987
8485,101,433,2025-11-27 14:43:05,1024
8486,402,705,2025-11-27 15:10:18,245
8487,88,704,2025-11-27 16:19:05,1831
8488,138,294,2025-11-27 16:20:56,2712
8489,303,753,2025-11-27 16:21:28,2617
8490,47,181,2025-11-27 16:30:03,2692
8491,409,133,2025-11-27 16:58:39,72
8492,8,573,2025-11-27 17:13:04,2724
8493,337,40,2025-11-27 17:49:30,2844
8494,87,735,2025-11-27 18:00:32,142
8495,235,64,2025-11-27 20:04:18,1380
8496,181,638,2025-11-27 21:57:04,1179
8497,194,772,2025-11-27 23:55:37,132
8498,294,416,2025-11-28 00:12:06,1130
8499,204,765,2025-11-28 00:40:31,863
8500,400,369,2025-11-28 02:11:49,1795
8501,97,148,2025-11-28 04:07:02,2668
8502,448,283,2025-11-28 04:12:02,1894
8503,468,21,2025-11-28 04:39:39,563
8504,287,475,2025-11-28 04:43:43,1008
8505,442,573,2025-11-28 05:07:48,2690
8506,469,205,2025-11-28 05:44:02,2939
8507,29,53,2025-11-28 06:17:05,1800
8508,150,528,2025-11-28 06:42:18,935
8509,437,729,2025-11-28 07:16:08,2948
8510,14,775,2025-11-28 07:18:42,286
8511,416,321,2025-11-28 07:25:09,2660
8512,274,624,2025-11-28 07:28:29,1004
8513,20,394,2025-11-28 07:37:41,1299
8514,241,382,2025-11-28 07:40:20,1281
8515,453,626,2025-11-28 09:05:40,2555
8516,383,568,2025-11-28 09:26:35,1648
8517,65,501,2025-11-28 09:46:43,2167
8518,234,436,2025-11-28 10:36:17,1070
8519,352,787,2025-11-28 10:47:29,597
8520,460,122,2025-11-28 12:29:12,600
8521,469,503,2025-11-28 12:35:07,757
8522,261,794,2025-11-28 13:40:00,225
8523,13,392,2025-11-28 14:05:12,650
8524,2,456,2025-11-28 14:06:39,468
8525,190,711,2025-11-28 16:08:38,688
8526,432,379,2025-11-28 16:33:47,591
8527,130,480,2025-11-28 17:12:23,364
8528,243,689,2025-11-28 17:16:13,1872
8529,186,126,2025-11-28 17:24:25,1557
8530,62,544,2025-11-28 17:29:02,1197
8531,384,95,2025-11-28 18:20:13,1831
8532,366,4,2025-11-28 19:23:35,1057
8533,141,753,2025-11-28 21:05:45,2133
8534,310,218,2025-11-28 22:22:11,1900
8535,359,640,2025-11-28 22:29:07,1319
8536,458,598,2025-11-28 22:36:16,934
8537,314,208,2025-11-28 23:07:23,205
8538,92,209,2025-11-28 23:13:32,672
8539,212,204,2025-11-28 23:15:48,1142
8540,155,127,2025-11-28 23:56:59,1028
8541,316,89,2025-11-29 00:04:57,755
8542,36,582,2025-11-29 00:15:14,814
8543,446,195,2025-11-29 00:33:30,2812
8544,348,710,2025-11-29 01:28:52,519
8545,496,323,2025-11-29 02:35:41,1912
8546,191,431,2025-11-29 03:02:52,2761
8547,279,598,2025-11-29 03:04:34,1966
8548,360,239,2025-11-29 04:33:27,3384
8549,230,633,2025-11-29 04:37:39,3018
8550,117,246,2025-11-29 05:04:24,1041
8551,5,288,2025-11-29 06:40:18,2083
8552,114,709,2025-11-29 06:42:49,868
8553,339,584,2025-11-29 06:45:16,1784
8554,313,744,2025-11-29 07:04:36,796
8555,3,25,2025-11-29 07:55:50,1827
8556,470,446,2025-11-29 08:50:46,2661
8557,21,512,2025-11-29 08:55:36,915
8558,238,323,2025-11-29 09:15:10,1875
8559,219,208,2025-11-29 09:19:04,882
8560,249,199,2025-11-29 09:33:48,3430
8561,500,151,2025-11-29 10:12:22,1857
8562,236,31,2025-11-29 10:44:25,479
8563,87,302,2025-11-29 11:01:29,789
8564,186,102,2025-11-29 11:15:26,1027
8565,2,577,2025-11-29 11:34:14,2693
8566,425,424,2025-11-29 12:28:20,799
8567,352,179,2025-11-29 12:41:46,2058
8568,279,588,2025-11-29 13:01:50,2148
8569,461,409,2025-11-29 13:21:54,1241
8570,33,164,2025-11-29 15:16:50,2284
8571,84,379,2025-11-29 15:44:43,408
8572,258,24,2025-11-29 16:17:40,2141
8573,306,138,2025-11-29 17:09:04,1467
8574,313,468,2025-11-29 17:33:22,626
8575,22,571,2025-11-29 18:09:12,70
8576,3,633,2025-11-29 18:12:01,3269
8577,133,264,2025-11-29 18:18:57,864
8578,23,279,2025-11-29 18:26:47,1127
8579,214,326,2025-11-29 18:35:47,2802
8580,377,650,2025-11-29 19:03:48,774
8581,36,687,2025-11-29 20:03:25,3085
8582,217,766,2025-11-29 20:09:21,2038
8583,328,621,2025-11-29 20:24:36,1789
8584,114,656,2025-11-29 22:57:01,74
8585,432,720,2025-11-30 00:28:40,425
8586,329,795,2025-11-30 00:52:28,1982
8587,55,130,2025-11-30 00:55:51,3113
8588,255,24,2025-11-30 02:15:10,1475
8589,489,328,2025-11-30 04:40:32,3425
8590,324,752,2025-11-30 05:06:57,1101
8591,86,123,2025-11-30 05:18:05,1363
8592,71,277,2025-11-30 06:15:23,1468
8593,130,253,2025-11-30 06:41:50,528
8594,82,461,2025-11-30 06:46:22,548
8595,443,632,2025-11-30 06:59:26,690
8596,159,15,2025-11-30 07:01:03,1224
8597,469,411,2025-11-30 07:14:01,1007
8598,227,460,2025-11-30 08:17:19,767
8599,308,630,2025-11-30 08:18:39,3100
8600,219,352,2025-11-30 08:36:39,1655
8601,438,308,2025-11-30 09:50:30,754
8602,206,466,2025-11-30 10:01:48,1044
8603,238,166,2025-11-30 10:20:10,1362
8604,139,45,2025-11-30 12:45:58,2690
8605,397,267,2025-11-30 13:00:06,613
8606,474,239,2025-11-30 13:11:04,3207
8607,122,631,2025-11-30 13:22:51,487
8608,385,621,2025-11-30 13:32:38,1654
8609,452,259,2025-11-30 14:30:06,2349
8610,289,423,2025-11-30 16:18:49,1980
8611,185,412,2025-11-30 17:46:42,990
8612,287,320,2025-11-30 18:11:52,338
8613,157,791,2025-11-30 18:21:28,2117
8614,321,375,2025-11-30 19:20:28,83
8615,40,153,2025-11-30 19:49:49,2245
8616,200,652,2025-11-30 19:57:52,1862
8617,146,620,2025-11-30 20:09:40,1703
8618,4,49,2025-11-30 20:17:44,794
8619,341,608,2025-11-30 20:22:15,2643
8620,479,738,2025-11-30 20:25:35,538
8621,266,276,2025-11-30 20:49:44,2558
8622,252,745,2025-11-30 21:14:57,1152
8623,412,5,2025-11-30 21:36:12,2535
8624,67,349,2025-11-30 22:06:30,2350
8625,458,469,2025-11-30 22:16:18,1994
8626,397,204,2025-11-30 22:39:06,656
8627,421,793,2025-11-30 23:29:20,2818
8628,384,459,2025-12-01 00:23:45,89
8629,385,68,2025-12-01 00:33:39,777
8630,343,259,2025-12-01 01:50:39,98
8631,12,417,2025-12-01 02:05:36,649
8632,216,264,2025-12-01 03:17:10,548
8633,391,688,2025-12-01 03:52:05,2470
8634,352,365,2025-12-01 05:19:31,178
8635,256,503,2025-12-01 05:34:46,720
8636,211,16,2025-12-01 06:09:56,527
8637,181,197,2025-12-01 06:58:46,1807
8638,276,739,2025-12-01 07:25:19,3036
8639,288,506,2025-12-01 08:53:43,3034
8640,31,267,2025-12-01 08:54:28,1131
8641,84,543,2025-12-01 09:34:07,610
8642,117,51,2025-12-01 10:28:11,737
8643,141,747,2025-12-01 11:14:23,1872
8644,495,138,2025-12-01 11:40:49,3184
8645,151,659,2025-12-01 12:36:15,639
8646,500,149,2025-12-01 13:06:45,2078
8647,269,439,2025-12-01 14:56:02,3203
8648,375,290,2025-12-01 15:28:34,2899
8649,460,484,2025-12-01 17:11:39,996
8650,392,403,2025-12-01 17:14:31,622
8651,403,757,2025-12-01 17:37:51,1571
8652,53,577,2025-12-01 18:01:58,2568
8653,406,675,2025-12-01 18:31:49,955
8654,227,573,2025-12-01 18:40:57,2278
8655,85,593,2025-12-01 19:02:38,2157
8656,68,125,2025-12-01 19:08:19,672
8657,179,619,2025-12-01 19:08:48,2186
8658,444,785,2025-12-01 19:25:20,1628
8659,176,659,2025-12-01 19:53:39,690
8660,186,786,2025-12-01 20:04:08,2869
8661,136,695,2025-12-01 21:16:52,2420
8662,60,667,2025-12-01 21:24:19,641
8663,471,272,2025-12-01 21:57:12,1607
8664,14,527,2025-12-01 22:46:10,2047
8665,37,752,2025-12-01 23:45:53,504
8666,123,331,2025-12-01 23:47:15,1699
8667,470,276,2025-12-01 23:52:48,2861
8668,108,708,2025-12-02 00:04:54,1735
8669,38,653,2025-12-02 02:02:49,268
8670,327,156,2025-12-02 02:35:59,213
8671,132,269,2025-12-02 02:43:40,2870
8672,112,786,2025-12-02 03:04:29,3149
8673,30,379,2025-12-02 03:32:03,638
8674,485,661,2025-12-02 03:32:47,1083
8675,198,685,2025-12-02 04:26:57,318
8676,131,731,2025-12-02 07:04:22,2533
8677,67,438,2025-12-02 07:12:25,2284
8678,254,621,2025-12-02 07:19:42,1701
8679,247,526,2025-12-02 07:25:55,2656
8680,124,452,2025-12-02 07:35:43,1883
8681,169,167,2025-12-02 07:49:13,2783
8682,319,446,2025-12-02 11:55:46,2521
8683,56,532,2025-12-02 12:23:18,2677
8684,348,601,2025-12-02 12:48:59,1485
8685,186,464,2025-12-02 13:16:10,1177
8686,85,410,2025-12-02 13:47:25,3202
8687,215,361,2025-12-02 13:56:03,547
8688,85,494,2025-12-02 14:11:13,1365
8689,426,759,2025-12-02 14:19:25,2262
8690,170,753,2025-12-02 15:07:47,1795
8691,332,457,2025-12-02 15:26:24,3164
8692,341,219,2025-12-02 15:40:00,2485
8693,197,66,2025-12-02 15:41:06,2828
8694,238,389,2025-12-02 16:16:02,2015
8695,11,21,2025-12-02 18:26:52,550
8696,158,679,2025-12-02 18:42:26,866
8697,421,535,2025-12-02 19:30:57,2934
8698,29,787,2025-12-02 22:12:39,106
8699,167,233,2025-12-02 22:15:36,1477
8700,403,432,2025-12-02 22:43:08,1178
8701,461,221,2025-12-02 23:24:07,1856
8702,307,214,2025-12-03 00:14:38,1240
8703,465,701,2025-12-03 00:18:53,985
8704,147,692,2025-12-03 00:43:21,2985
8705,203,528,2025-12-03 01:07:34,1113
8706,40,765,2025-12-03 01:34:36,1119
8707,407,212,2025-12-03 03:16:45,1651
8708,228,333,2025-12-03 04:38:52,1274
8709,441,667,2025-12-03 04:48:55,592
8710,401,118,2025-12-03 05:05:47,2119
8711,162,695,2025-12-03 05:49:05,2460
8712,197,181,2025-12-03 06:53:46,3018
8713,4,589,2025-12-03 09:29:17,2808
8714,253,458,2025-12-03 09:31:58,2623
8715,438,235,2025-12-03 09:32:45,1398
8716,332,456,2025-12-03 10:30:43,151
8717,80,358,2025-12-03 10:43:24,596
8718,481,197,2025-12-03 11:17:02,182
8719,10,489,2025-12-03 11:48:03,2192
8720,380,383,2025-12-03 12:15:19,2889
8721,209,413,2025-12-03 12:36:16,2971
8722,496,95,2025-12-03 12:37:23,1809
8723,140,2,2025-12-03 12:50:05,1259
8724,335,381,2025-12-03 13:58:53,1869
8725,190,430,2025-12-03 14:10:58,2044
8726,203,372,2025-12-03 14:25:49,3055
8727,302,659,2025-12-03 14:32:41,752
8728,31,346,2025-12-03 15:04:34,198
8729,406,771,2025-12-03 16:55:53,2262
8730,314,305,2025-12-03 17:52:44,676
8731,61,319,2025-12-03 18:28:03,2091
8732,429,101,2025-12-03 18:46:33,2948
8733,436,474,2025-12-03 18:47:34,1320
8734,105,795,2025-12-03 18:47:53,1730
8735,1,503,2025-12-03 18:49:59,687
8736,214,153,2025-12-03 19:43:36,2066
8737,333,387,2025-12-03 20:04:58,1026
8738,440,52,2025-12-03 20:08:49,2202
8739,113,444,2025-12-03 20:08:54,2192
8740,31,276,2025-12-03 20:37:53,1499
8741,328,698,2025-12-03 23:13:17,1723
8742,54,609,2025-12-03 23:29:33,799
8743,291,637,2025-12-03 23:30:50,2041
8744,316,431,2025-12-03 23:50:52,3261
8745,442,524,2025-12-03 23:50:58,1132
8746,278,530,2025-12-03 23:58:04,2613
8747,277,521,2025-12-04 01:17:17,1549
8748,234,357,2025-12-04 03:09:07,2155
8749,276,704,2025-12-04 03:57:16,1936
8750,472,515,2025-12-04 07:19:29,1363
8751,400,37,2025-12-04 07:26:51,1208
8752,132,500,2025-12-04 07:29:18,893
8753,60,200,2025-12-04 07:49:45,1219
8754,232,156,2025-12-04 07:50:17,1290
8755,196,457,2025-12-04 07:54:04,2997
8756,10,549,2025-12-04 07:55:29,792
8757,386,416,2025-12-04 08:06:50,1049
8758,408,122,2025-12-04 08:55:45,534
8759,167,58,2025-12-04 09:56:09,590
8760,415,222,2025-12-04 10:11:32,834
8761,328,242,2025-12-04 11:27:28,1822
8762,61,670,2025-12-04 12:13:16,2613
8763,373,77,2025-12-04 12:35:38,1850
8764,12,27,2025-12-04 13:18:54,1110
8765,222,752,2025-12-04 14:21:53,1074
8766,178,699,2025-12-04 14:58:47,2295
8767,390,229,2025-12-04 16:24:59,1627
8768,290,96,2025-12-04 16:28:42,914
8769,319,703,2025-12-04 16:44:57,1058
8770,28,22,2025-12-04 19:41:30,1519
8771,348,52,2025-12-04 19:54:18,2579
8772,457,299,2025-12-04 20:24:15,2488
8773,219,740,2025-12-04 20:30:11,2548
8774,351,156,2025-12-04 20:49:40,1486
8775,210,481,2025-12-04 22:25:12,202
8776,266,762,2025-12-04 23:49:07,2225
8777,348,12,2025-12-05 00:14:33,560
8778,351,604,2025-12-05 01:04:07,1702
8779,146,7,2025-12-05 01:15:02,47
8780,34,765,2025-12-05 02:57:05,1308
8781,178,604,2025-12-05 03:19:03,1747
8782,352,318,2025-12-05 03:48:52,1783
8783,136,661,2025-12-05 03:50:48,1076
8784,432,355,2025-12-05 04:36:14,767
8785,186,78,2025-12-05 05:20:53,973
8786,441,414,2025-12-05 05:22:40,755
8787,69,149,2025-12-05 05:29:52,2292
8788,243,57,2025-12-05 05:36:17,2842
8789,85,433,2025-12-05 06:50:33,883
8790,185,760,2025-12-05 06:59:37,2480
8791,276,187,2025-12-05 07:16:54,254
8792,62,321,2025-12-05 08:23:03,2448
8793,142,798,2025-12-05 08:39:57,485
8794,53,216,2025-12-05 08:48:12,2269
8795,189,255,2025-12-05 09:01:54,442
8796,8,517,2025-12-05 10:50:36,2979
8797,237,328,2025-12-05 12:12:24,3332
8798,368,226,2025-12-05 14:05:25,282
8799,50,757,2025-12-05 14:32:14,820
8800,406,590,2025-12-05 15:45:54,664
8801,283,7,2025-12-05 15:56:46,2215
8802,7,431,2025-12-05 16:09:25,3256
8803,167,738,2025-12-05 16:36:57,1671
8804,266,175,2025-12-05 16:38:47,2866
8805,348,555,2025-12-05 17:02:11,1583
8806,178,535,2025-12-05 17:27:44,2579
8807,376,768,2025-12-05 17:37:03,1168
8808,81,646,2025-12-05 17:38:15,2905
8809,371,223,2025-12-05 17:40:45,2212
8810,276,137,2025-12-05 18:14:35,2629
8811,104,724,2025-12-05 18:25:35,3377
8812,192,21,2025-12-05 18:26:32,53
8813,326,461,2025-12-05 18:56:27,878
8814,154,786,2025-12-05 19:08:34,576
8815,483,455,2025-12-05 21:04:34,1934
8816,358,558,2025-12-05 21:50:16,2927
8817,250,92,2025-12-05 21:57:41,674
8818,276,484,2025-12-05 22:25:25,19
8819,498,341,2025-12-05 22:42:35,1141
8820,282,757,2025-12-05 22:49:35,1790
8821,336,796,2025-12-05 23:53:16,1193
8822,411,339,2025-12-06 00:17:49,2345
8823,389,661,2025-12-06 00:39:06,1111
8824,148,341,2025-12-06 00:43:17,1681
8825,80,174,2025-12-06 00:52:11,370
8826,106,288,2025-12-06 01:55:33,3196
8827,410,135,2025-12-06 02:22:02,2908
8828,108,531,2025-12-06 02:25:40,19
8829,483,386,2025-12-06 02:39:49,321
8830,409,668,2025-12-06 03:02:34,848
8831,19,394,2025-12-06 03:08:08,1825
8832,78,632,2025-12-06 03:48:51,387
8833,265,749,2025-12-06 04:15:22,3019
8834,260,383,2025-12-06 04:19:37,2798
8835,30,252,2025-12-06 04:59:01,2551
8836,193,613,2025-12-06 05:38:15,3470
8837,468,181,2025-12-06 05:43:17,2607
8838,315,308,2025-12-06 05:44:35,88
8839,271,560,2025-12-06 06:10:07,2232
8840,347,562,2025-12-06 06:18:13,2614
8841,197,781,2025-12-06 06:55:37,16
8842,2,472,2025-12-06 07:53:42,286
8843,491,210,2025-12-06 09:16:31,1895
8844,212,524,2025-12-06 09:21:56,328
8845,340,518,2025-12-06 09:24:23,1896
8846,411,500,2025-12-06 10:25:26,335
8847,221,732,2025-12-06 10:42:44,2946
8848,109,573,2025-12-06 11:39:54,2774
8849,367,602,2025-12-06 12:04:37,367
8850,156,239,2025-12-06 13:14:37,2950
8851,395,606,2025-12-06 14:04:41,1995
8852,491,790,2025-12-06 14:29:04,3225
8853,61,569,2025-12-06 14:45:18,1957
8854,416,539,2025-12-06 16:37:23,3020
8855,307,94,2025-12-06 17:23:52,653
8856,63,164,2025-12-06 17:26:01,2458
8857,159,397,2025-12-06 17:54:07,38
8858,55,137,2025-12-06 18:35:22,350
8859,385,18,2025-12-06 20:14:57,854
8860,253,323,2025-12-06 20:53:28,1894
8861,273,326,2025-12-06 21:20:20,2374
8862,13,268,2025-12-06 22:40:18,414
8863,86,406,2025-12-06 22:56:05,470
8864,295,353,2025-12-06 23:28:06,1063
8865,461,72,2025-12-07 00:43:08,1174
8866,166,66,2025-12-07 01:13:32,2068
8867,100,557,2025-12-07 01:14:25,558
8868,489,33,2025-12-07 01:23:47,533
8869,287,94,2025-12-07 03:43:45,600
8870,469,774,2025-12-07 04:30:39,607
8871,361,242,2025-12-07 05:35:40,1620
8872,74,503,2025-12-07 06:21:17,467
8873,25,713,2025-12-07 08:09:30,1925
8874,377,210,2025-12-07 08:19:28,2300
8875,124,212,2025-12-07 08:39:38,1642
8876,96,432,2025-12-07 10:03:54,1489
8877,432,591,2025-12-07 10:11:47,1986
8878,19,372,2025-12-07 11:08:47,3010
8879,52,212,2025-12-07 11:25:39,699
8880,227,208,2025-12-07 13:02:04,190
8881,480,154,2025-12-07 13:15:34,483
8882,327,207,2025-12-07 13:35:25,1699
8883,173,245,2025-12-07 14:40:55,593
8884,116,677,2025-12-07 14:46:55,1571
8885,143,206,2025-12-07 14:57:00,346
8886,259,20,2025-12-07 16:15:24,2634
8887,53,402,2025-12-07 16:52:19,1486
8888,48,731,2025-12-07 18:32:15,2185
8889,138,401,2025-12-07 19:21:16,1796
8890,116,592,2025-12-07 21:06:11,1166
8891,445,370,2025-12-07 22:31:51,2961
8892,149,398,2025-12-07 23:20:27,2211
8893,51,515,2025-12-07 23:41:46,1315
8894,72,219,2025-12-08 00:03:09,958
8895,54,615,2025-12-08 00:10:23,1918
8896,381,17,2025-12-08 00:48:47,1431
8897,179,34,2025-12-08 00:49:53,2216
8898,381,593,2025-12-08 02:01:53,2329
8899,243,650,2025-12-08 02:17:14,1922
8900,454,401,2025-12-08 02:46:38,1686
8901,465,528,2025-12-08 03:24:28,1065
8902,310,691,2025-12-08 04:20:33,2860
8903,446,652,2025-12-08 04:22:29,1932
8904,490,169,2025-12-08 05:51:45,111
8905,497,570,2025-12-08 06:32:24,833
8906,117,393,2025-12-08 06:48:51,1082
8907,193,771,2025-12-08 07:40:21,1092
8908,370,728,2025-12-08 07:56:10,1937
8909,299,449,2025-12-08 08:08:15,1969
8910,152,373,2025-12-08 08:43:03,3051
8911,493,53,2025-12-08 08:49:50,262
8912,219,737,2025-12-08 09:40:49,1881
8913,162,435,2025-12-08 10:01:46,2466
8914,353,143,2025-12-08 10:31:36,1257
8915,20,625,2025-12-08 11:36:39,306
8916,166,59,2025-12-08 11:43:35,2363
8917,341,305,2025-12-08 13:42:02,634
8918,4,451,2025-12-08 14:01:46,1200
8919,7,172,2025-12-08 14:30:39,552
8920,469,208,2025-12-08 16:00:09,893
8921,48,461,2025-12-08 17:17:27,879
8922,465,590,2025-12-08 20:45:39,756
8923,137,696,2025-12-08 21:56:55,130
8924,230,629,2025-12-08 22:27:32,192
8925,85,567,2025-12-08 23:08:04,1008
8926,387,626,2025-12-08 23:14:56,2545
8927,14,780,2025-12-08 23:29:02,3047
8928,84,600,2025-12-08 23:36:36,1948
8929,488,112,2025-12-09 00:28:22,633
8930,196,292,2025-12-09 01:13:16,796
8931,246,386,2025-12-09 01:37:04,1130
8932,87,339,2025-12-09 03:05:38,2250
8933,30,763,2025-12-09 04:07:45,2780
8934,483,314,2025-12-09 04:23:30,2624
8935,298,579,2025-12-09 04:23:49,1544
8936,298,593,2025-12-09 05:04:56,2395
8937,74,534,2025-12-09 06:07:13,2870
8938,129,245,2025-12-09 06:51:03,1802
8939,171,145,2025-12-09 06:54:10,36
8940,445,743,2025-12-09 07:19:44,1152
8941,61,550,2025-12-09 07:36:12,2750
8942,406,542,2025-12-09 08:07:16,169
8943,106,620,2025-12-09 08:20:09,1820
8944,174,200,2025-12-09 08:48:15,117
8945,8,752,2025-12-09 09:09:15,986
8946,288,540,2025-12-09 10:14:09,886
8947,244,476,2025-12-09 10:37:04,1384
8948,446,67,2025-12-09 10:57:52,2417
8949,169,14,2025-12-09 11:32:50,1022
8950,18,617,2025-12-09 11:39:10,2719
8951,389,314,2025-12-09 12:13:31,3239
8952,224,606,2025-12-09 12:38:45,2180
8953,127,523,2025-12-09 13:01:55,1051
8954,330,313,2025-12-09 13:42:55,765
8955,163,763,2025-12-09 14:41:22,2399
8956,162,614,2025-12-09 15:09:35,2672
8957,93,755,2025-12-09 15:20:15,2093
8958,86,271,2025-12-09 15:22:43,2812
8959,347,650,2025-12-09 15:35:22,2403
8960,168,419,2025-12-09 16:35:25,986
8961,56,272,2025-12-09 16:59:05,148
8962,458,460,2025-12-09 17:22:18,1037
8963,487,592,2025-12-09 17:27:42,1702
8964,281,88,2025-12-09 17:34:38,3174
8965,182,739,2025-12-09 18:53:41,3192
8966,4,164,2025-12-09 18:58:08,2362
8967,384,247,2025-12-09 20:54:29,1789
8968,128,547,2025-12-09 22:19:36,121
8969,135,198,2025-12-09 22:34:01,483
8970,247,733,2025-12-09 23:08:05,998
8971,212,128,2025-12-09 23:09:25,195
8972,196,175,2025-12-10 01:08:35,163
8973,247,769,2025-12-10 01:41:38,552
8974,423,332,2025-12-10 02:26:38,2743
8975,157,463,2025-12-10 02:44:24,1550
8976,51,798,2025-12-10 03:47:59,2275
8977,208,413,2025-12-10 03:50:40,1758
8978,280,663,2025-12-10 05:12:28,571
8979,100,47,2025-12-10 05:15:33,589
8980,260,754,2025-12-10 05:48:22,2354
8981,222,11,2025-12-10 05:58:49,3336
8982,406,271,2025-12-10 06:30:00,2824
8983,385,688,2025-12-10 06:36:30,1234
8984,367,190,2025-12-10 06:42:42,1451
8985,240,211,2025-12-10 07:13:24,397
8986,416,559,2025-12-10 07:13:47,3262
8987,104,81,2025-12-10 08:51:30,1282
8988,44,195,2025-12-10 09:47:03,2762
8989,378,207,2025-12-10 09:48:57,1833
8990,4,666,2025-12-10 09:58:48,1888
8991,404,757,2025-12-10 10:43:17,983
8992,206,294,2025-12-10 11:00:07,2494
8993,245,203,2025-12-10 11:23:02,2125
8994,50,209,2025-12-10 11:48:39,756
8995,68,716,2025-12-10 12:17:24,1695
8996,286,106,2025-12-10 12:21:37,2584
8997,338,594,2025-12-10 13:21:23,1406
8998,18,180,2025-12-10 14:22:31,283
8999,27,668,2025-12-10 15:06:00,788
9000,372,485,2025-12-10 17:08:35,1537
9001,262,505,2025-12-10 17:27:19,1098
9002,212,708,2025-12-10 17:40:13,1906
9003,174,712,2025-12-10 18:33:01,232
9004,275,77,2025-12-10 20:34:41,1065
9005,313,649,2025-12-10 21:28:09,1511
9006,325,581,2025-12-10 22:50:39,1453
9007,285,159,2025-12-10 22:56:15,1829
9008,331,530,2025-12-10 23:57:12,265
9009,304,325,2025-12-11 00:28:55,494
9010,374,153,2025-12-11 01:19:53,1746
9011,225,172,2025-12-11 01:23:00,1447
9012,441,696,2025-12-11 01:31:34,131
9013,426,800,2025-12-11 01:38:23,842
9014,356,399,2025-12-11 02:13:20,1742
9015,144,395,2025-12-11 02:23:57,3213
9016,40,155,2025-12-11 02:36:17,2732
9017,225,108,2025-12-11 03:49:39,592
9018,288,207,2025-12-11 04:13:18,1515
9019,158,516,2025-12-11 04:15:05,2633
9020,279,663,2025-12-11 05:07:56,549
9021,475,227,2025-12-11 07:55:54,1594
9022,497,418,2025-12-11 09:15:35,204
9023,313,666,2025-12-11 09:25:17,2870
9024,209,571,2025-12-11 09:33:24,1290
9025,396,486,2025-12-11 10:17:20,1735
9026,129,660,2025-12-11 11:03:36,1660
9027,363,250,2025-12-11 13:04:50,2312
9028,191,427,2025-12-11 13:05:37,2827
9029,182,227,2025-12-11 13:07:55,1719
9030,456,538,2025-12-11 13:45:01,1953
9031,494,348,2025-12-11 13:58:00,1066
9032,349,526,2025-12-11 13:59:30,2323
9033,278,580,2025-12-11 14:20:14,2012
9034,194,39,2025-12-11 15:05:26,636
9035,94,360,2025-12-11 15:41:00,2648
9036,80,124,2025-12-11 15:56:40,2863
9037,171,602,2025-12-11 16:11:21,1950
9038,389,112,2025-12-11 16:27:39,1937
9039,211,214,2025-12-11 16:41:30,2179
9040,428,521,2025-12-11 17:58:19,1762
9041,110,503,2025-12-11 18:26:13,464
9042,457,563,2025-12-11 18:33:57,1687
9043,164,124,2025-12-11 19:35:57,263
9044,315,608,2025-12-11 19:51:00,3056
9045,435,743,2025-12-11 19:51:07,1099
9046,348,82,2025-12-11 20:46:31,560
9047,347,483,2025-12-11 21:20:29,853
9048,462,44,2025-12-11 21:29:13,357
9049,187,374,2025-12-11 22:20:24,1528
9050,325,153,2025-12-11 23:04:40,2530
9051,342,508,2025-12-12 01:11:40,2908
9052,202,61,2025-12-12 01:58:40,997
9053,108,536,2025-12-12 02:19:28,1636
9054,60,53,2025-12-12 02:53:13,1625
9055,221,389,2025-12-12 03:10:01,2412
9056,346,69,2025-12-12 03:13:58,1957
9057,194,416,2025-12-12 03:28:03,161
9058,356,384,2025-12-12 04:02:56,1193
9059,262,87,2025-12-12 04:10:31,768
9060,450,397,2025-12-12 04:11:57,1827
9061,171,371,2025-12-12 04:21:33,1595
9062,98,275,2025-12-12 04:35:19,2449
9063,100,242,2025-12-12 05:11:01,1825
9064,159,623,2025-12-12 05:15:31,1222
9065,194,744,2025-12-12 06:02:14,137
9066,372,702,2025-12-12 06:32:42,386
9067,285,38,2025-12-12 07:22:13,364
9068,215,229,2025-12-12 09:03:49,1500
9069,54,142,2025-12-12 09:16:12,909
9070,451,247,2025-12-12 09:31:44,1745
9071,81,671,2025-12-12 09:54:11,789
9072,308,663,2025-12-12 10:16:53,533
9073,36,703,2025-12-12 10:32:37,1059
9074,436,731,2025-12-12 11:01:16,2336
9075,306,32,2025-12-12 11:53:47,759
9076,199,774,2025-12-12 12:23:27,918
9077,196,657,2025-12-12 13:10:31,469
9078,270,203,2025-12-12 13:27:42,1741
9079,56,54,2025-12-12 13:33:29,631
9080,248,389,2025-12-12 13:37:45,2292
9081,337,710,2025-12-12 14:30:11,875
9082,68,278,2025-12-12 14:36:29,1475
9083,41,604,2025-12-12 14:49:25,1699
9084,299,122,2025-12-12 14:56:40,484
9085,172,271,2025-12-12 15:33:26,3084
9086,320,705,2025-12-12 15:46:45,938
9087,378,542,2025-12-12 16:14:34,1411
9088,293,286,2025-12-12 17:53:15,2892
9089,250,277,2025-12-12 18:46:44,1311
9090,310,598,2025-12-12 19:44:45,2331
9091,246,531,2025-12-12 22:04:14,744
9092,489,305,2025-12-12 22:05:06,440
9093,20,764,2025-12-12 22:13:10,2642
9094,352,289,2025-12-12 22:19:18,911
9095,235,55,2025-12-12 23:00:16,1087
9096,372,155,2025-12-13 00:01:43,2413
9097,172,259,2025-12-13 00:29:08,2426
9098,142,57,2025-12-13 00:31:28,3092
9099,126,626,2025-12-13 00:59:45,1105
9100,123,460,2025-12-13 01:53:09,1110
9101,16,234,2025-12-13 02:06:21,2352
9102,353,118,2025-12-13 02:31:30,1866
9103,191,548,2025-12-13 02:49:37,1923
9104,241,367,2025-12-13 02:50:16,151
9105,320,221,2025-12-13 04:01:09,1766
9106,166,404,2025-12-13 05:25:06,3035
9107,245,709,2025-12-13 05:49:48,895
9108,418,251,2025-12-13 06:28:28,592
9109,35,532,2025-12-13 06:47:55,2758
9110,377,784,2025-12-13 06:48:12,2596
9111,120,232,2025-12-13 07:09:58,2385
9112,62,248,2025-12-13 07:45:02,132
9113,210,133,2025-12-13 07:56:07,1363
9114,156,28,2025-12-13 08:26:07,2532
9115,423,284,2025-12-13 08:37:43,1585
9116,116,404,2025-12-13 08:38:07,2336
9117,419,263,2025-12-13 08:57:30,1519
9118,68,112,2025-12-13 09:18:57,1710
9119,277,668,2025-12-13 10:18:52,38
9120,272,631,2025-12-13 10:20:22,513
9121,273,10,2025-12-13 10:58:50,2406
9122,422,20,2025-12-13 11:07:18,3178
9123,148,649,2025-12-13 12:30:54,2445
9124,307,41,2025-12-13 12:57:35,76
9125,112,193,2025-12-13 13:47:42,124
9126,154,15,2025-12-13 14:38:02,1349
9127,161,653,2025-12-13 14:42:57,738
9128,411,149,2025-12-13 14:45:45,2396
9129,48,668,2025-12-13 14:45:56,1409
9130,373,585,2025-12-13 14:52:00,632
9131,123,337,2025-12-13 14:52:48,3378
9132,80,21,2025-12-13 15:41:28,40
9133,230,404,2025-12-13 16:06:12,2784
9134,368,685,2025-12-13 16:19:25,650
9135,468,733,2025-12-13 16:31:30,1704
9136,34,15,2025-12-13 17:11:24,708
9137,334,499,2025-12-13 17:24:10,3186
9138,189,144,2025-12-13 17:27:49,1910
9139,359,371,2025-12-13 18:16:46,1556
9140,338,64,2025-12-13 19:40:52,1857
9141,211,466,2025-12-13 20:25:48,2494
9142,27,78,2025-12-13 20:33:41,1192
9143,317,178,2025-12-13 21:15:27,2513
9144,458,308,2025-12-13 21:19:58,1845
9145,174,656,2025-12-13 21:23:36,266
9146,494,441,2025-12-13 21:25:05,1281
9147,217,766,2025-12-13 21:35:38,2346
9148,44,777,2025-12-13 21:55:24,2065
9149,497,729,2025-12-13 22:23:00,2667
9150,379,784,2025-12-13 22:33:01,933
9151,317,91,2025-12-13 23:03:20,717
9152,358,549,2025-12-13 23:32:12,1276
9153,389,355,2025-12-14 00:13:44,671
9154,365,360,2025-12-14 00:52:07,64
9155,339,643,2025-12-14 04:10:09,1334
9156,401,740,2025-12-14 04:15:08,2852
9157,226,160,2025-12-14 05:05:52,1117
9158,162,548,2025-12-14 07:07:12,1005
9159,306,257,2025-12-14 07:29:34,521
9160,9,705,2025-12-14 08:18:15,2091
9161,85,799,2025-12-14 08:58:53,2320
9162,182,49,2025-12-14 09:05:42,818
9163,451,351,2025-12-14 09:39:40,1965
9164,123,778,2025-12-14 09:52:37,770
9165,485,191,2025-12-14 10:05:47,2719
9166,13,339,2025-12-14 10:13:06,2355
9167,178,743,2025-12-14 10:14:50,1259
9168,155,622,2025-12-14 10:23:05,1215
9169,474,454,2025-12-14 11:10:24,3008
9170,118,609,2025-12-14 11:10:45,496
9171,37,31,2025-12-14 12:46:24,2844
9172,259,521,2025-12-14 14:12:49,1657
9173,472,192,2025-12-14 14:26:39,658
9174,348,580,2025-12-14 14:27:07,2007
9175,261,249,2025-12-14 15:42:53,1227
9176,438,73,2025-12-14 15:53:01,2608
9177,324,659,2025-12-14 16:43:00,720
9178,207,775,2025-12-14 17:14:06,2923
9179,231,772,2025-12-14 17:57:31,597
9180,164,696,2025-12-14 19:56:29,1322
9181,108,161,2025-12-14 20:19:23,2141
9182,260,458,2025-12-14 20:26:02,2866
9183,407,594,2025-12-14 20:29:15,1971
9184,249,350,2025-12-14 20:57:47,2667
9185,130,410,2025-12-14 21:45:51,3096
9186,237,295,2025-12-14 21:49:37,341
9187,133,546,2025-12-14 21:57:01,761
9188,86,43,2025-12-14 22:37:50,1649
9189,459,798,2025-12-14 22:59:44,1437
9190,52,588,2025-12-14 23:43:28,2627
9191,384,689,2025-12-14 23:48:50,44
9192,101,776,2025-12-14 23:56:13,2610
9193,497,665,2025-12-15 00:00:32,103
9194,130,129,2025-12-15 01:30:32,1438
9195,201,426,2025-12-15 01:47:25,2874
9196,15,501,2025-12-15 01:58:05,1998
9197,175,431,2025-12-15 02:02:10,3345
9198,279,254,2025-12-15 02:17:27,1192
9199,385,198,2025-12-15 02:45:02,14
9200,41,651,2025-12-15 04:40:30,1273
9201,82,583,2025-12-15 04:44:21,1822
9202,152,72,2025-12-15 05:06:32,1105
9203,357,275,2025-12-15 05:21:44,922
9204,412,304,2025-12-15 05:29:42,2155
9205,204,503,2025-12-15 06:52:28,326
9206,196,758,2025-12-15 08:35:16,1461
9207,195,50,2025-12-15 08:50:00,2553
9208,330,243,2025-12-15 08:51:23,2541
9209,317,169,2025-12-15 09:00:11,20
9210,31,471,2025-12-15 09:46:05,915
9211,132,483,2025-12-15 10:07:05,919
9212,24,744,2025-12-15 10:44:27,324
9213,177,786,2025-12-15 11:02:23,2828
9214,220,758,2025-12-15 11:26:15,3281
9215,187,461,2025-12-15 12:05:22,860
9216,116,409,2025-12-15 12:29:44,1342
9217,302,769,2025-12-15 12:41:26,1081
9218,309,86,2025-12-15 12:47:43,1839
9219,317,734,2025-12-15 12:58:43,3154
9220,423,495,2025-12-15 13:32:41,2230
9221,162,167,2025-12-15 13:42:09,949
9222,162,220,2025-12-15 13:59:23,2338
9223,314,558,2025-12-15 14:30:04,1925
9224,2,25,2025-12-15 14:43:30,1465
9225,173,269,2025-12-15 14:59:10,2424
9226,316,445,2025-12-15 15:47:14,3306
9227,218,216,2025-12-15 15:52:39,2069
9228,438,145,2025-12-15 16:04:35,746
9229,432,358,2025-12-15 16:11:52,2674
9230,90,398,2025-12-15 16:22:07,2416
9231,279,786,2025-12-15 16:34:41,3030
9232,133,567,2025-12-15 17:41:34,2603
9233,327,14,2025-12-15 18:43:05,982
9234,451,712,2025-12-15 18:52:06,79
9235,11,310,2025-12-15 19:45:54,2551
9236,164,698,2025-12-15 19:56:00,1669
9237,48,103,2025-12-15 19:57:37,690
9238,55,1,2025-12-15 19:59:44,2104
9239,436,676,2025-12-15 22:10:34,605
9240,499,239,2025-12-15 22:16:34,2834
9241,478,429,2025-12-15 22:29:20,2700
9242,38,13,2025-12-15 22:31:02,2870
9243,211,539,2025-12-15 22:33:58,3174
9244,426,315,2025-12-16 01:12:04,1620
9245,448,622,2025-12-16 02:28:11,1227
9246,99,652,2025-12-16 02:43:56,2021
9247,163,471,2025-12-16 03:09:17,1476
9248,292,656,2025-12-16 04:12:06,674
9249,114,697,2025-12-16 06:07:46,1239
9250,462,396,2025-12-16 07:09:29,262
9251,334,256,2025-12-16 08:34:27,1059
9252,136,693,2025-12-16 11:28:51,2499
9253,331,64,2025-12-16 11:34:02,2951
9254,180,660,2025-12-16 12:15:58,2077
9255,195,746,2025-12-16 12:23:47,3321
9256,30,667,2025-12-16 13:46:43,1036
9257,368,606,2025-12-16 14:12:56,2052
9258,494,658,2025-12-16 14:16:37,1856
9259,323,236,2025-12-16 14:21:14,1983
9260,47,403,2025-12-16 14:54:14,381
9261,297,700,2025-12-16 16:12:13,734
9262,95,561,2025-12-16 16:31:46,2149
9263,357,747,2025-12-16 16:40:51,2286
9264,466,198,2025-12-16 17:15:48,240
9265,180,86,2025-12-16 19:25:11,1928
9266,141,582,2025-12-16 19:45:11,689
9267,32,710,2025-12-16 19:55:29,834
9268,323,776,2025-12-16 20:11:04,2258
9269,151,719,2025-12-16 20:15:22,1002
9270,74,97,2025-12-16 21:17:14,1830
9271,11,633,2025-12-16 21:51:29,3032
9272,328,206,2025-12-16 23:17:50,519
9273,268,495,2025-12-17 00:27:19,360
9274,299,344,2025-12-17 01:02:13,1523
9275,302,42,2025-12-17 02:08:42,813
9276,80,387,2025-12-17 02:37:47,778
9277,53,192,2025-12-17 03:15:59,595
9278,487,574,2025-12-17 05:46:47,2787
9279,137,8,2025-12-17 06:07:24,340
9280,444,761,2025-12-17 07:21:16,1267
9281,175,733,2025-12-17 08:08:14,1277
9282,433,626,2025-12-17 09:02:19,2644
9283,59,423,2025-12-17 09:15:40,1616
9284,237,107,2025-12-17 09:47:23,449
9285,284,305,2025-12-17 10:15:12,709
9286,321,335,2025-12-17 10:35:03,17
9287,226,267,2025-12-17 11:29:45,1254
9288,249,426,2025-12-17 12:42:31,3049
9289,59,232,2025-12-17 13:55:46,2308
9290,224,48,2025-12-17 14:02:48,1745
9291,311,294,2025-12-17 15:03:01,2718
9292,66,263,2025-12-17 15:24:02,1540
9293,388,555,2025-12-17 17:04:31,3076
9294,97,374,2025-12-17 17:14:01,1531
9295,359,362,2025-12-17 18:05:27,2261
9296,53,661,2025-12-17 19:19:11,1087
9297,52,300,2025-12-17 19:48:47,2114
9298,329,677,2025-12-17 19:57:35,1293
9299,296,519,2025-12-17 20:07:25,2913
9300,267,257,2025-12-17 20:58:18,570
9301,346,102,2025-12-17 21:07:05,511
9302,227,502,2025-12-17 21:18:13,2089
9303,257,347,2025-12-17 23:43:29,2092
9304,303,99,2025-12-18 00:23:28,2394
9305,466,259,2025-12-18 00:40:43,287
9306,15,775,2025-12-18 02:25:28,2949
9307,326,46,2025-12-18 02:28:05,1344
9308,317,783,2025-12-18 02:31:16,1534
9309,80,712,2025-12-18 03:31:48,1709
9310,65,426,2025-12-18 03:33:18,3368
9311,269,15,2025-12-18 03:41:01,1168
9312,164,430,2025-12-18 04:17:10,1079
9313,284,9,2025-12-18 06:37:22,1863
9314,62,539,2025-12-18 08:41:00,3047
9315,127,1,2025-12-18 08:46:45,363
9316,79,560,2025-12-18 09:45:11,2323
9317,323,165,2025-12-18 10:36:52,796
9318,27,774,2025-12-18 11:04:25,891
9319,440,556,2025-12-18 11:55:49,276
9320,88,171,2025-12-18 12:09:43,1653
9321,484,664,2025-12-18 13:19:12,1355
9322,179,714,2025-12-18 14:17:24,222
9323,229,3,2025-12-18 14:36:18,2421
9324,376,138,2025-12-18 15:52:17,2951
9325,305,316,2025-12-18 16:17:50,2814
9326,210,222,2025-12-18 16:41:08,909
9327,299,172,2025-12-18 18:31:58,1319
9328,395,653,2025-12-18 18:57:49,734
9329,316,332,2025-12-18 18:58:51,2340
9330,395,793,2025-12-18 21:29:43,3047
9331,435,538,2025-12-18 22:13:29,2313
9332,457,528,2025-12-18 22:40:07,1060
9333,332,529,2025-12-18 22:40:30,2913
9334,340,615,2025-12-18 22:54:37,138
9335,250,375,2025-12-18 23:02:49,561
9336,210,89,2025-12-18 23:11:57,863
9337,30,693,2025-12-19 00:11:38,2526
9338,220,480,2025-12-19 00:43:11,2077
9339,22,192,2025-12-19 01:33:04,695
9340,350,749,2025-12-19 02:56:58,2997
9341,473,555,2025-12-19 03:02:51,90
9342,491,124,2025-12-19 03:16:19,2476
9343,401,529,2025-12-19 03:42:05,3369
9344,132,44,2025-12-19 03:50:26,1734
9345,95,566,2025-12-19 03:57:44,2884
9346,377,554,2025-12-19 03:59:56,2348
9347,95,22,2025-12-19 05:17:39,1429
9348,183,468,2025-12-19 05:24:23,575
9349,147,216,2025-12-19 05:30:36,2440
9350,229,330,2025-12-19 05:32:41,1471
9351,170,353,2025-12-19 06:12:15,1547
9352,448,652,2025-12-19 06:14:48,1634
9353,138,435,2025-12-19 06:40:59,2741
9354,174,712,2025-12-19 06:43:17,1574
9355,195,157,2025-12-19 07:23:54,343
9356,350,293,2025-12-19 07:26:21,1739
9357,499,354,2025-12-19 09:51:22,897
9358,334,460,2025-12-19 10:06:19,960
9359,218,52,2025-12-19 10:07:59,2561
9360,353,497,2025-12-19 10:18:29,2271
9361,249,296,2025-12-19 10:20:17,1565
9362,28,703,2025-12-19 10:24:13,1489
9363,275,618,2025-12-19 12:39:35,426
9364,346,59,2025-12-19 12:41:21,405
9365,137,657,2025-12-19 12:47:20,930
9366,259,15,2025-12-19 13:09:45,1348
9367,348,158,2025-12-19 13:39:44,477
9368,289,489,2025-12-19 14:28:55,2379
9369,398,444,2025-12-19 15:41:58,2347
9370,477,514,2025-12-19 15:54:22,1676
9371,185,746,2025-12-19 16:11:01,2902
9372,286,332,2025-12-19 16:55:20,2791
9373,372,437,2025-12-19 17:13:25,805
9374,245,538,2025-12-19 17:46:44,1086
9375,262,485,2025-12-19 17:53:37,548
9376,176,361,2025-12-19 20:02:50,562
9377,128,245,2025-12-19 21:36:04,1017
9378,300,272,2025-12-19 22:08:22,2726
9379,234,7,2025-12-19 22:40:20,787
9380,191,37,2025-12-19 23:05:09,1291
9381,101,494,2025-12-19 23:41:00,191
9382,55,68,2025-12-19 23:50:29,741
9383,102,548,2025-12-20 00:29:23,2094
9384,316,357,2025-12-20 00:47:32,1849
9385,269,106,2025-12-20 02:32:52,2514
9386,78,296,2025-12-20 02:36:10,252
9387,493,474,2025-12-20 02:41:03,1699
9388,56,731,2025-12-20 03:57:59,2147
9389,151,199,2025-12-20 04:33:22,3421
9390,498,3,2025-12-20 04:47:22,2339
9391,225,102,2025-12-20 05:20:21,881
9392,395,278,2025-12-20 05:35:09,1682
9393,326,314,2025-12-20 06:06:13,3021
9394,274,597,2025-12-20 07:19:34,381
9395,324,756,2025-12-20 07:32:46,575
9396,413,471,2025-12-20 09:09:11,1675
9397,346,58,2025-12-20 09:40:17,529
9398,213,650,2025-12-20 11:22:13,2259
9399,229,578,2025-12-20 11:23:52,2930
9400,165,199,2025-12-20 12:24:02,2928
9401,190,327,2025-12-20 12:36:24,1597
9402,465,644,2025-12-20 13:26:03,2327
9403,475,345,2025-12-20 13:42:08,608
9404,227,434,2025-12-20 16:02:45,2214
9405,49,656,2025-12-20 16:28:47,362
9406,254,531,2025-12-20 16:38:03,527
9407,267,712,2025-12-20 16:54:54,1665
9408,56,176,2025-12-20 17:30:47,2363
9409,168,597,2025-12-20 18:29:49,638
9410,355,529,2025-12-20 18:41:10,541
9411,164,512,2025-12-20 19:29:45,30
9412,92,717,2025-12-20 20:02:07,2319
9413,467,290,2025-12-20 20:15:44,2936
9414,69,508,2025-12-20 20:21:52,2541
9415,132,650,2025-12-20 21:23:10,1928
9416,39,46,2025-12-20 22:21:41,1262
9417,249,398,2025-12-20 22:40:01,1079
9418,144,697,2025-12-20 22:43:17,1303
9419,454,766,2025-12-20 22:48:08,2353
9420,188,408,2025-12-20 23:03:48,1193
9421,304,561,2025-12-20 23:26:50,2143
9422,170,155,2025-12-20 23:49:06,402
9423,138,695,2025-12-21 00:25:26,2339
9424,438,98,2025-12-21 00:34:40,2080
9425,473,520,2025-12-21 01:23:45,1140
9426,338,320,2025-12-21 01:35:47,503
9427,453,770,2025-12-21 02:03:04,2064
9428,148,671,2025-12-21 02:11:38,835
9429,457,328,2025-12-21 02:24:15,3413
9430,460,243,2025-12-21 02:38:17,248
9431,60,232,2025-12-21 02:55:45,2175
9432,272,619,2025-12-21 04:32:56,927
9433,101,275,2025-12-21 04:41:26,302
9434,215,576,2025-12-21 05:15:53,2428
9435,113,343,2025-12-21 07:10:29,2003
9436,190,605,2025-12-21 07:16:02,893
9437,134,215,2025-12-21 07:39:30,2372
9438,405,399,2025-12-21 08:06:32,1747
9439,367,369,2025-12-21 08:22:42,2762
9440,431,208,2025-12-21 11:10:52,876
9441,377,129,2025-12-21 11:42:52,1546
9442,148,11,2025-12-21 11:59:55,2992
9443,14,106,2025-12-21 13:00:10,2555
9444,348,402,2025-12-21 13:01:14,2849
9445,314,650,2025-12-21 15:18:12,1931
9446,274,407,2025-12-21 16:05:14,1386
9447,365,730,2025-12-21 17:05:46,929
9448,22,259,2025-12-21 17:54:39,846
9449,33,588,2025-12-21 18:19:23,842
9450,289,481,2025-12-21 18:23:01,854
9451,196,778,2025-12-21 18:51:54,698
9452,409,94,2025-12-21 18:53:38,693
9453,26,158,2025-12-21 19:54:03,1281
9454,111,162,2025-12-21 20:07:06,3268
9455,390,124,2025-12-21 20:09:35,1744
9456,148,338,2025-12-21 21:51:25,922
9457,80,175,2025-12-21 22:08:13,1031
9458,68,793,2025-12-21 22:24:43,2476
9459,67,459,2025-12-21 22:35:03,743
9460,345,165,2025-12-21 22:54:03,337
9461,301,501,2025-12-21 23:06:29,2232
9462,118,778,2025-12-21 23:16:04,558
9463,326,497,2025-12-21 23:27:00,1964
9464,378,714,2025-12-21 23:36:29,1635
9465,193,293,2025-12-21 23:58:15,289
9466,460,611,2025-12-22 00:36:28,2930
9467,111,385,2025-12-22 00:48:28,57
9468,1,658,2025-12-22 00:59:45,1814
9469,459,244,2025-12-22 03:19:38,2872
9470,466,125,2025-12-22 03:22:35,1663
9471,371,168,2025-12-22 04:04:42,2656
9472,400,203,2025-12-22 04:37:51,1960
9473,416,613,2025-12-22 04:49:10,3203
9474,443,466,2025-12-22 05:13:47,1660
9475,154,199,2025-12-22 06:22:00,2944
9476,86,609,2025-12-22 07:17:03,349
9477,272,229,2025-12-22 07:56:15,975
9478,257,334,2025-12-22 08:45:43,394
9479,15,395,2025-12-22 08:48:54,1842
9480,442,723,2025-12-22 09:00:26,871
9481,450,737,2025-12-22 10:31:19,2184
9482,88,319,2025-12-22 10:48:57,1876
9483,80,258,2025-12-22 13:05:01,3032
9484,268,682,2025-12-22 16:13:57,623
9485,117,715,2025-12-22 16:14:35,2855
9486,81,711,2025-12-22 16:37:31,1256
9487,489,471,2025-12-22 21:01:21,743
9488,176,567,2025-12-22 21:21:07,2541
9489,120,213,2025-12-22 22:25:44,2063
9490,299,374,2025-12-22 22:26:29,1449
9491,475,625,2025-12-23 00:05:06,157
9492,328,763,2025-12-23 00:51:43,1426
9493,177,61,2025-12-23 01:18:09,1147
9494,466,489,2025-12-23 01:19:07,995
9495,98,15,2025-12-23 02:19:15,14
9496,455,72,2025-12-23 02:20:02,1160
9497,423,306,2025-12-23 02:25:33,1173
9498,323,772,2025-12-23 02:29:12,875
9499,281,256,2025-12-23 06:18:49,1107
9500,186,43,2025-12-23 07:20:46,2853
9501,341,143,2025-12-23 08:09:49,1477
9502,1,765,2025-12-23 08:44:50,843
9503,189,651,2025-12-23 09:05:42,1286
9504,408,114,2025-12-23 09:32:34,1486
9505,189,364,2025-12-23 09:45:57,2741
9506,37,147,2025-12-23 09:55:57,2206
9507,331,520,2025-12-23 10:33:59,177
9508,136,51,2025-12-23 13:57:40,822
9509,19,255,2025-12-23 14:12:23,412
9510,148,785,2025-12-23 15:37:01,2701
9511,13,441,2025-12-23 15:49:19,1790
9512,72,418,2025-12-23 16:34:57,1976
9513,445,61,2025-12-23 16:39:34,1128
9514,427,213,2025-12-23 17:46:07,2016
9515,365,273,2025-12-23 17:53:16,839
9516,172,693,2025-12-23 18:30:42,2258
9517,467,31,2025-12-23 19:16:39,2908
9518,373,80,2025-12-23 19:25:48,701
9519,84,756,2025-12-23 20:07:54,2734
9520,145,449,2025-12-23 20:15:29,1844
9521,321,685,2025-12-23 20:47:32,570
9522,322,239,2025-12-23 21:04:09,675
9523,236,537,2025-12-23 21:42:13,47
9524,19,112,2025-12-23 22:12:57,1502
9525,269,790,2025-12-23 22:47:03,288
9526,483,132,2025-12-24 00:51:33,1998
9527,367,601,2025-12-24 01:03:36,1415
9528,36,56,2025-12-24 01:26:28,2700
9529,87,716,2025-12-24 01:50:37,1125
9530,151,584,2025-12-24 02:15:33,584
9531,107,17,2025-12-24 03:10:40,1536
9532,136,88,2025-12-24 03:23:04,1081
9533,434,282,2025-12-24 03:48:46,2880
9534,179,380,2025-12-24 03:59:51,699
9535,268,526,2025-12-24 04:06:55,2393
9536,8,790,2025-12-24 04:19:52,3397
9537,60,274,2025-12-24 04:21:20,1531
9538,37,341,2025-12-24 04:27:16,2790
9539,369,135,2025-12-24 04:48:25,2776
9540,34,351,2025-12-24 04:57:40,1947
9541,494,343,2025-12-24 05:20:51,762
9542,90,743,2025-12-24 05:41:29,1070
9543,190,632,2025-12-24 06:26:03,268
9544,332,432,2025-12-24 06:33:41,1732
9545,358,511,2025-12-24 08:27:48,1099
9546,435,716,2025-12-24 08:40:14,164
9547,96,150,2025-12-24 09:04:27,133
9548,280,664,2025-12-24 09:18:50,1424
9549,91,308,2025-12-24 10:03:05,1582
9550,406,36,2025-12-24 10:04:12,2373
9551,163,785,2025-12-24 10:48:53,3096
9552,51,689,2025-12-24 11:02:04,366
9553,314,589,2025-12-24 11:20:45,981
9554,51,792,2025-12-24 12:11:21,2136
9555,416,610,2025-12-24 12:37:44,1062
9556,369,640,2025-12-24 13:54:13,2240
9557,301,139,2025-12-24 14:58:44,2542
9558,265,534,2025-12-24 15:35:29,3243
9559,172,728,2025-12-24 15:56:30,2126
9560,410,365,2025-12-24 16:21:12,950
9561,421,46,2025-12-24 16:45:21,742
9562,246,249,2025-12-24 18:05:26,1279
9563,438,404,2025-12-24 19:01:41,3336
9564,450,86,2025-12-24 21:25:21,53
9565,290,656,2025-12-24 21:28:29,671
9566,420,278,2025-12-24 21:29:18,1000
9567,255,633,2025-12-24 21:34:59,3143
9568,260,69,2025-12-24 22:33:51,24
9569,69,258,2025-12-24 22:44:16,3112
9570,325,368,2025-12-24 23:08:16,276
9571,98,761,2025-12-25 01:12:33,1895
9572,92,57,2025-12-25 01:19:01,2901
9573,198,86,2025-12-25 02:01:49,2007
9574,43,457,2025-12-25 02:21:15,3259
9575,496,334,2025-12-25 02:34:46,1011
9576,432,411,2025-12-25 02:54:50,460
9577,215,601,2025-12-25 03:10:46,1445
9578,494,21,2025-12-25 03:21:02,528
9579,14,761,2025-12-25 03:46:23,1768
9580,245,401,2025-12-25 04:10:06,1525
9581,397,542,2025-12-25 04:11:22,2168
9582,418,598,2025-12-25 04:56:33,2378
9583,201,720,2025-12-25 05:27:21,833
9584,406,734,2025-12-25 05:29:26,2620
9585,333,38,2025-12-25 05:35:37,864
9586,28,562,2025-12-25 05:48:00,1280
9587,185,50,2025-12-25 06:29:25,2886
9588,19,360,2025-12-25 06:36:17,2994
9589,476,303,2025-12-25 07:00:24,2410
9590,148,794,2025-12-25 08:17:32,120
9591,34,402,2025-12-25 08:40:57,41
9592,326,770,2025-12-25 08:45:09,3231
9593,205,95,2025-12-25 11:03:58,2125
9594,380,318,2025-12-25 11:12:52,1745
9595,268,270,2025-12-25 12:55:38,2612
9596,48,461,2025-12-25 13:14:57,884
9597,48,122,2025-12-25 14:54:37,533
9598,12,710,2025-12-25 15:47:07,884
9599,423,506,2025-12-25 15:58:43,3239
9600,54,341,2025-12-25 16:30:59,2660
9601,441,136,2025-12-25 18:25:48,2278
9602,276,254,2025-12-25 18:58:42,1826
9603,485,598,2025-12-25 19:11:03,216
9604,220,453,2025-12-25 19:23:36,2054
9605,189,209,2025-12-25 19:36:12,664
9606,162,255,2025-12-25 20:05:10,418
9607,146,207,2025-12-25 21:20:57,1518
9608,54,175,2025-12-25 22:19:03,379
9609,367,27,2025-12-25 22:19:09,1203
9610,60,4,2025-12-25 22:19:53,407
9611,258,156,2025-12-25 22:24:26,1344
9612,394,415,2025-12-25 22:35:09,416
9613,238,356,2025-12-25 22:49:16,2293
9614,182,117,2025-12-25 23:06:07,2524
9615,256,406,2025-12-26 00:01:37,1070
9616,144,229,2025-12-26 00:10:04,1422
9617,457,409,2025-12-26 00:52:45,1222
9618,65,707,2025-12-26 01:14:59,1280
9619,228,136,2025-12-26 02:02:29,1981
9620,332,39,2025-12-26 02:49:55,707
9621,93,536,2025-12-26 03:35:46,1666
9622,370,340,2025-12-26 05:09:47,2128
9623,301,325,2025-12-26 05:25:17,731
9624,129,640,2025-12-26 05:26:29,1825
9625,300,461,2025-12-26 05:40:01,766
9626,494,65,2025-12-26 06:41:53,1673
9627,285,452,2025-12-26 06:48:15,1995
9628,131,230,2025-12-26 07:46:51,2948
9629,394,452,2025-12-26 08:07:49,1825
9630,19,636,2025-12-26 08:37:53,1282
9631,174,229,2025-12-26 09:09:53,1481
9632,201,772,2025-12-26 09:12:13,472
9633,131,185,2025-12-26 09:53:09,1591
9634,478,608,2025-12-26 10:05:40,1518
9635,176,161,2025-12-26 10:06:16,1862
9636,338,81,2025-12-26 10:47:00,3250
9637,82,115,2025-12-26 10:56:14,2948
9638,3,536,2025-12-26 11:58:04,1514
9639,194,438,2025-12-26 12:03:28,2253
9640,258,694,2025-12-26 12:04:34,488
9641,434,432,2025-12-26 12:47:09,1784
9642,286,338,2025-12-26 12:51:04,1430
9643,338,308,2025-12-26 13:12:28,1608
9644,120,589,2025-12-26 13:13:07,2496
9645,102,765,2025-12-26 13:20:10,1023
9646,309,774,2025-12-26 13:41:03,36
9647,311,544,2025-12-26 14:03:24,1184
9648,208,339,2025-12-26 14:51:00,2066
9649,457,229,2025-12-26 15:33:58,1440
9650,12,491,2025-12-26 16:01:23,588
9651,54,633,2025-12-26 16:07:09,220
9652,255,529,2025-12-26 16:23:05,2860
9653,264,728,2025-12-26 16:52:09,2082
9654,123,284,2025-12-26 17:39:22,1449
9655,77,618,2025-12-26 17:44:41,3174
9656,386,90,2025-12-26 19:06:11,2915
9657,267,111,2025-12-26 19:08:42,2125
9658,158,149,2025-12-26 20:28:05,1941
9659,158,228,2025-12-26 20:43:11,1213
9660,305,365,2025-12-26 21:39:07,2048
9661,29,454,2025-12-26 21:46:26,2882
9662,172,1,2025-12-26 22:06:20,151
9663,164,496,2025-12-26 22:10:58,3480
9664,420,393,2025-12-26 22:12:21,1160
9665,232,214,2025-12-26 22:13:26,1082
9666,498,260,2025-12-26 23:14:30,530
9667,425,96,2025-12-27 00:41:17,837
9668,162,448,2025-12-27 00:52:28,816
9669,452,788,2025-12-27 01:07:37,1653
9670,136,669,2025-12-27 01:13:29,334
9671,228,541,2025-12-27 01:29:00,893
9672,254,486,2025-12-27 01:35:25,1813
9673,446,401,2025-12-27 01:35:38,187
9674,45,610,2025-12-27 01:40:33,949
9675,32,746,2025-12-27 01:46:57,3034
9676,405,208,2025-12-27 01:55:00,1024
9677,336,437,2025-12-27 02:01:06,762
9678,414,571,2025-12-27 02:01:31,1261
9679,1,138,2025-12-27 02:28:17,2392
9680,63,290,2025-12-27 02:35:26,3177
9681,338,7,2025-12-27 02:43:24,2054
9682,215,365,2025-12-27 03:11:21,2343
9683,176,186,2025-12-27 03:26:01,2114
9684,186,398,2025-12-27 03:43:53,1155
9685,346,265,2025-12-27 03:50:15,142
9686,496,523,2025-12-27 04:18:33,1178
9687,230,370,2025-12-27 04:47:39,2742
9688,153,644,2025-12-27 05:01:16,2147
9689,297,269,2025-12-27 05:37:49,2499
9690,254,408,2025-12-27 05:43:30,1992
9691,313,678,2025-12-27 06:53:28,1415
9692,35,576,2025-12-27 07:04:30,2178
9693,448,622,2025-12-27 07:33:37,663
9694,123,524,2025-12-27 07:58:32,2198
9695,446,532,2025-12-27 08:41:45,3036
9696,354,531,2025-12-27 09:25:19,456
9697,137,231,2025-12-27 09:55:26,287
9698,340,478,2025-12-27 10:07:02,1556
9699,139,181,2025-12-27 10:07:45,2624
9700,394,266,2025-12-27 10:17:33,3094
9701,358,435,2025-12-27 11:01:54,2542
9702,322,635,2025-12-27 11:42:19,2222
9703,277,730,2025-12-27 13:33:41,2050
9704,131,673,2025-12-27 13:36:09,244
9705,239,107,2025-12-27 14:22:10,373
9706,246,550,2025-12-27 14:40:44,596
9707,453,414,2025-12-27 15:15:12,1111
9708,478,486,2025-12-27 16:33:20,2538
9709,254,203,2025-12-27 20:07:46,29
9710,111,78,2025-12-27 20:11:30,1168
9711,213,794,2025-12-27 21:14:15,3134
9712,346,677,2025-12-27 21:45:33,1497
9713,296,659,2025-12-27 21:48:48,677
9714,89,755,2025-12-27 22:08:53,91
9715,292,645,2025-12-27 22:09:06,841
9716,334,566,2025-12-27 22:19:15,2581
9717,53,402,2025-12-27 22:20:56,2697
9718,341,585,2025-12-28 00:13:14,695
9719,275,380,2025-12-28 00:17:37,695
9720,78,612,2025-12-28 00:56:14,2196
9721,318,194,2025-12-28 01:51:54,517
9722,123,258,2025-12-28 02:23:10,2853
9723,427,775,2025-12-28 03:31:42,69
9724,266,191,2025-12-28 03:52:35,3235
9725,424,580,2025-12-28 04:11:23,2134
9726,496,2,2025-12-28 05:29:26,1267
9727,335,438,2025-12-28 06:07:20,2303
9728,60,215,2025-12-28 06:14:28,424
9729,153,321,2025-12-28 06:45:48,1068
9730,152,166,2025-12-28 06:47:06,2314
9731,493,370,2025-12-28 07:09:45,1829
9732,371,180,2025-12-28 07:23:07,2710
9733,173,308,2025-12-28 07:30:12,1548
9734,306,71,2025-12-28 07:33:03,607
9735,435,585,2025-12-28 08:09:17,717
9736,120,98,2025-12-28 08:49:11,2004
9737,273,674,2025-12-28 09:55:05,2582
9738,22,69,2025-12-28 09:58:03,2241
9739,157,380,2025-12-28 10:11:44,814
9740,203,483,2025-12-28 10:14:06,839
9741,499,236,2025-12-28 10:47:24,2877
9742,437,308,2025-12-28 11:03:03,1499
9743,297,520,2025-12-28 12:57:51,1078
9744,489,199,2025-12-28 13:14:22,3388
9745,390,198,2025-12-28 13:30:41,1192
9746,364,24,2025-12-28 13:55:41,1450
9747,76,631,2025-12-28 15:10:57,1058
9748,315,180,2025-12-28 15:14:25,1342
9749,390,646,2025-12-28 16:54:21,2404
9750,278,174,2025-12-28 17:26:36,86
9751,246,138,2025-12-28 18:44:43,2900
9752,111,524,2025-12-28 20:09:33,1203
9753,301,775,2025-12-28 21:12:24,2864
9754,21,108,2025-12-28 21:14:50,485
9755,400,694,2025-12-28 21:31:42,1064
9756,251,437,2025-12-28 22:49:24,99
9757,371,644,2025-12-28 22:50:02,2548
9758,20,318,2025-12-28 23:42:57,1868
9759,498,335,2025-12-29 01:03:53,1155
9760,267,18,2025-12-29 02:26:15,129
9761,420,281,2025-12-29 03:22:48,241
9762,184,506,2025-12-29 03:31:01,1244
9763,56,123,2025-12-29 03:38:43,1268
9764,318,647,2025-12-29 05:10:26,876
9765,42,777,2025-12-29 05:17:27,3056
9766,306,389,2025-12-29 06:35:56,2484
9767,337,49,2025-12-29 06:38:10,729
9768,34,502,2025-12-29 07:31:56,1835
9769,66,19,2025-12-29 07:34:19,3030
9770,155,556,2025-12-29 07:58:06,1708
9771,292,28,2025-12-29 08:34:34,2868
9772,267,14,2025-12-29 08:51:59,348
9773,422,678,2025-12-29 09:48:41,815
9774,198,299,2025-12-29 10:03:53,1279
9775,101,671,2025-12-29 10:12:55,465
9776,31,4,2025-12-29 11:24:45,1007
9777,191,202,2025-12-29 11:32:24,1983
9778,406,30,2025-12-29 11:37:40,1517
9779,495,443,2025-12-29 13:07:23,2760
9780,288,560,2025-12-29 13:10:30,2395
9781,420,553,2025-12-29 14:01:23,162
9782,254,45,2025-12-29 14:21:54,1372
9783,170,331,2025-12-29 14:37:45,1868
9784,292,750,2025-12-29 14:57:26,770
9785,171,784,2025-12-29 15:39:01,2619
9786,489,297,2025-12-29 16:16:07,314
9787,190,204,2025-12-29 16:41:51,1306
9788,330,795,2025-12-29 17:23:22,1890
9789,205,510,2025-12-29 17:46:45,1184
9790,185,159,2025-12-29 19:24:07,203
9791,347,517,2025-12-29 19:32:45,2830
9792,22,268,2025-12-29 19:54:09,794
9793,303,15,2025-12-29 20:32:58,221
9794,272,602,2025-12-29 21:47:28,1717
9795,277,650,2025-12-29 23:11:00,2158
9796,367,558,2025-12-29 23:13:13,315
9797,242,212,2025-12-29 23:13:53,1658
9798,283,569,2025-12-29 23:24:38,3011
9799,182,211,2025-12-30 00:25:04,786
9800,486,565,2025-12-30 01:07:52,64
9801,371,607,2025-12-30 01:31:33,3317
9802,8,328,2025-12-30 02:34:18,81
9803,364,727,2025-12-30 02:35:47,2914
9804,20,283,2025-12-30 02:45:01,1561
9805,56,742,2025-12-30 03:02:13,1147
9806,99,682,2025-12-30 03:55:30,457
9807,372,597,2025-12-30 04:01:58,326
9808,453,255,2025-12-30 06:40:16,576
9809,185,442,2025-12-30 06:43:38,60
9810,340,734,2025-12-30 07:21:31,3427
9811,278,457,2025-12-30 07:32:03,607
9812,98,678,2025-12-30 07:47:40,592
9813,56,509,2025-12-30 08:38:29,841
9814,436,316,2025-12-30 08:59:56,2416
9815,361,39,2025-12-30 09:26:32,1484
9816,70,694,2025-12-30 10:26:58,939
9817,419,423,2025-12-30 11:29:45,1813
9818,470,720,2025-12-30 12:33:39,677
9819,85,727,2025-12-30 12:41:58,2239
9820,215,466,2025-12-30 12:57:22,2710
9821,321,400,2025-12-30 13:26:52,2898
9822,281,745,2025-12-30 13:36:23,1903
9823,259,315,2025-12-30 13:55:31,184
9824,457,174,2025-12-30 13:56:18,360
9825,136,679,2025-12-30 14:27:02,847
9826,263,691,2025-12-30 14:35:38,3057
9827,7,351,2025-12-30 15:00:00,1873
9828,463,747,2025-12-30 15:12:18,2347
9829,224,557,2025-12-30 16:46:29,271
9830,252,184,2025-12-30 18:17:02,209
9831,240,294,2025-12-30 19:06:18,2416
9832,481,382,2025-12-30 20:15:11,1573
9833,380,472,2025-12-30 20:19:24,2125
9834,384,87,2025-12-30 20:29:52,1699
9835,304,366,2025-12-30 20:35:28,3019
9836,218,263,2025-12-30 21:14:38,697
9837,248,204,2025-12-30 21:16:40,596
9838,269,492,2025-12-30 21:24:48,2669
9839,31,680,2025-12-30 21:34:48,575
9840,330,470,2025-12-30 22:10:57,1688
9841,335,664,2025-12-30 22:22:45,667
9842,321,344,2025-12-30 22:36:07,2419
9843,126,110,2025-12-30 23:32:01,2287
9844,71,739,2025-12-30 23:41:40,2828
9845,71,288,2025-12-31 01:16:03,2791
9846,58,216,2025-12-31 01:58:33,215
9847,95,86,2025-12-31 02:17:41,1111
9848,348,694,2025-12-31 02:54:23,197
9849,466,632,2025-12-31 04:37:28,274
9850,243,25,2025-12-31 05:23:40,1776
9851,157,577,2025-12-31 07:26:27,2692
9852,314,598,2025-12-31 07:34:28,2162
9853,95,360,2025-12-31 07:52:53,2770
9854,157,80,2025-12-31 08:19:13,58
9855,354,445,2025-12-31 08:19:40,3188
9856,86,718,2025-12-31 08:51:43,1799
9857,211,519,2025-12-31 10:07:31,60
9858,55,631,2025-12-31 11:59:42,1149
9859,486,800,2025-12-31 12:15:12,833
9860,34,148,2025-12-31 13:19:00,2766
9861,416,9,2025-12-31 13:23:47,1868
9862,190,584,2025-12-31 14:11:06,1584
9863,71,216,2025-12-31 15:09:37,1947
9864,109,115,2025-12-31 15:22:29,3315
9865,208,757,2025-12-31 15:44:44,1821
9866,348,315,2025-12-31 16:45:18,2924
9867,250,118,2025-12-31 16:51:27,1621
9868,297,339,2025-12-31 16:55:51,2367
9869,253,559,2025-12-31 16:56:36,2827
9870,468,202,2025-12-31 17:55:54,1622
9871,473,529,2025-12-31 18:10:03,2973
9872,108,413,2025-12-31 18:28:43,2994
9873,409,522,2025-12-31 18:29:27,622
9874,380,595,2025-12-31 19:46:17,1783
9875,237,663,2025-12-31 19:58:46,539
9876,344,24,2025-12-31 20:37:56,2104
9877,35,510,2025-12-31 20:38:06,1362
9878,31,160,2025-12-31 21:53:06,1125
9879,309,262,2025-12-31 22:11:46,843
9880,312,210,2025-12-31 22:29:04,2084
9881,159,552,2026-01-01 00:11:27,2283
9882,60,123,2026-01-01 00:22:04,1190
9883,87,758,2026-01-01 01:19:33,3147
9884,422,457,2026-01-01 01:44:51,3041
9885,266,759,2026-01-01 02:48:49,1323
9886,121,709,2026-01-01 04:09:32,870
9887,328,529,2026-01-01 05:40:04,3486
9888,213,508,2026-01-01 05:57:27,2621
9889,406,344,2026-01-01 06:21:58,1626
9890,176,678,2026-01-01 06:45:26,1218
9891,371,472,2026-01-01 09:09:59,2193
9892,227,658,2026-01-01 09:16:08,135
9893,173,216,2026-01-01 10:17:47,32
9894,54,795,2026-01-01 10:37:05,1653
9895,493,360,2026-01-01 11:33:53,2479
9896,321,568,2026-01-01 12:49:45,1806
9897,27,376,2026-01-01 13:11:27,3059
9898,84,335,2026-01-01 14:17:36,1009
9899,325,545,2026-01-01 15:14:25,1422
9900,207,316,2026-01-01 15:24:07,2715
9901,111,449,2026-01-01 15:54:50,2046
9902,79,25,2026-01-01 16:58:16,689
9903,215,300,2026-01-01 17:07:46,2087
9904,193,349,2026-01-01 18:05:42,838
9905,352,110,2026-01-01 19:20:35,3020
9906,319,422,2026-01-01 21:22:28,2177
9907,18,57,2026-01-01 22:32:04,3408
9908,377,587,2026-01-01 23:32:54,1005
9909,100,184,2026-01-01 23:37:53,218
9910,178,43,2026-01-01 23:53:01,2731
9911,59,690,2026-01-02 00:27:57,2035
9912,267,260,2026-01-02 00:33:19,286
9913,129,595,2026-01-02 00:56:41,1633
9914,14,35,2026-01-02 00:58:15,2595
9915,292,385,2026-01-02 02:31:13,876
9916,486,422,2026-01-02 02:51:12,1745
9917,186,123,2026-01-02 03:46:52,1410
9918,309,386,2026-01-02 04:39:55,2076
9919,209,29,2026-01-02 09:07:51,2297
9920,487,278,2026-01-02 10:11:55,1417
9921,92,34,2026-01-02 10:14:28,2065
9922,41,702,2026-01-02 10:49:44,76
9923,74,575,2026-01-02 11:36:47,2686
9924,446,341,2026-01-02 12:45:05,2790
9925,250,301,2026-01-02 13:13:50,1815
9926,249,793,2026-01-02 15:08:39,3014
9927,342,543,2026-01-02 15:27:32,531
9928,449,529,2026-01-02 16:37:37,105
9929,17,669,2026-01-02 16:43:43,745
9930,484,213,2026-01-02 17:02:52,2226
9931,76,216,2026-01-02 17:15:33,2066
9932,408,537,2026-01-02 17:30:00,2372
9933,96,271,2026-01-02 18:17:59,1793
9934,129,420,2026-01-02 18:28:56,357
9935,366,174,2026-01-02 18:46:01,631
9936,167,647,2026-01-02 20:40:54,842
9937,338,603,2026-01-02 21:01:27,660
9938,453,305,2026-01-02 21:58:23,623
9939,425,763,2026-01-02 22:51:47,2344
9940,38,52,2026-01-02 23:44:50,1454
9941,389,665,2026-01-03 00:06:09,1058
9942,301,767,2026-01-03 00:19:12,133
9943,239,34,2026-01-03 00:54:07,1439
9944,450,34,2026-01-03 01:03:39,2146
9945,424,173,2026-01-03 02:09:48,824
9946,386,281,2026-01-03 02:16:53,520
9947,414,407,2026-01-03 03:27:33,172
9948,183,89,2026-01-03 04:13:17,198
9949,164,771,2026-01-03 04:25:57,2308
9950,345,414,2026-01-03 05:12:51,1518
9951,417,504,2026-01-03 05:27:31,2386
9952,365,176,2026-01-03 05:52:12,2073
9953,40,416,2026-01-03 06:17:52,1125
9954,67,622,2026-01-03 07:34:41,608
9955,37,566,2026-01-03 08:13:58,3059
9956,476,400,2026-01-03 08:22:58,256
9957,83,164,2026-01-03 08:37:30,2744
9958,431,534,2026-01-03 08:57:35,2993
9959,121,447,2026-01-03 09:20:40,1108
9960,121,679,2026-01-03 09:55:22,480
9961,411,200,2026-01-03 10:05:59,1071
9962,58,361,2026-01-03 10:19:38,925
9963,213,535,2026-01-03 11:06:13,2866
9964,484,23,2026-01-03 11:31:26,2262
9965,27,26,2026-01-03 12:04:34,276
9966,187,14,2026-01-03 14:00:24,982
9967,9,288,2026-01-03 14:18:12,2650
9968,19,241,2026-01-03 14:35:33,2260
9969,73,699,2026-01-03 14:36:59,1755
9970,422,181,2026-01-03 14:40:59,2953
9971,324,148,2026-01-03 15:25:04,2882
9972,319,286,2026-01-03 15:38:48,2955
9973,422,427,2026-01-03 15:47:10,2378
9974,374,780,2026-01-03 16:07:46,1332
9975,495,524,2026-01-03 16:12:39,1346
9976,242,179,2026-01-03 16:34:12,1998
9977,316,354,2026-01-03 16:48:28,1277
9978,214,78,2026-01-03 17:10:24,970
9979,420,770,2026-01-03 18:11:43,390
9980,135,20,2026-01-03 18:33:32,2768
9981,225,151,2026-01-03 18:46:49,2717
9982,66,191,2026-01-03 19:41:33,3008
9983,251,239,2026-01-03 20:02:21,3219
9984,248,184,2026-01-03 20:51:28,526
9985,179,244,2026-01-03 22:50:17,1113
9986,317,593,2026-01-03 23:20:40,1723
9987,465,454,2026-01-03 23:24:22,1097
9988,203,347,2026-01-03 23:31:59,3295
9989,217,5,2026-01-03 23:48:12,2697
9990,427,608,2026-01-04 00:05:52,2993
9991,298,436,2026-01-04 00:08:44,2925
9992,487,350,2026-01-04 00:37:53,2473
9993,295,416,2026-01-04 00:45:07,1076
9994,34,697,2026-01-04 01:34:14,37
9995,69,675,2026-01-04 02:16:41,46
9996,61,597,2026-01-04 02:20:42,757
9997,169,374,2026-01-04 02:43:53,1697
9998,222,595,2026-01-04 03:00:38,1948
9999,464,65,2026-01-04 03:19:16,1786
10000,216,665,2026-01-04 03:56:11,1055
10001,386,595,2026-01-04 04:26:11,385
10002,423,423,2026-01-04 04:52:56,1750
10003,71,203,2026-01-04 05:11:39,2129
10004,294,356,2026-01-04 06:41:23,2459
10005,342,5,2026-01-04 07:12:00,2466
10006,499,159,2026-01-04 07:42:49,651
10007,221,203,2026-01-04 07:59:14,1041
10008,363,280,2026-01-04 10:28:21,1024
10009,349,309,2026-01-04 10:43:30,1331
10010,407,605,2026-01-04 10:46:39,827
10011,343,751,2026-01-04 10:51:54,1421
10012,120,264,2026-01-04 11:54:23,711
10013,17,678,2026-01-04 12:09:01,917
10014,374,573,2026-01-04 12:20:44,2959
10015,87,486,2026-01-04 12:38:46,1256
10016,490,331,2026-01-04 14:45:40,96
10017,375,207,2026-01-04 16:02:08,1900
10018,34,714,2026-01-04 16:19:09,1512
10019,324,67,2026-01-04 17:20:01,2278
10020,101,778,2026-01-04 17:34:10,1156
10021,184,267,2026-01-04 17:58:23,1019
10022,325,519,2026-01-04 18:00:30,2866
10023,249,421,2026-01-04 18:08:12,1703
10024,76,34,2026-01-04 19:59:32,2316
10025,331,607,2026-01-04 20:04:23,3032
10026,353,43,2026-01-04 20:07:35,1509
10027,236,122,2026-01-04 20:37:32,583
10028,52,775,2026-01-04 21:29:41,3183
10029,219,762,2026-01-04 23:23:43,1652
10030,101,110,2026-01-04 23:48:17,2892
10031,174,103,2026-01-05 00:00:09,1480
10032,57,229,2026-01-05 00:12:07,1555
10033,42,442,2026-01-05 00:17:28,629
10034,124,232,2026-01-05 02:27:28,2183
10035,407,711,2026-01-05 03:01:47,1173
10036,256,718,2026-01-05 03:03:15,616
10037,469,384,2026-01-05 03:30:45,1284
10038,233,542,2026-01-05 04:34:19,2038
10039,340,704,2026-01-05 06:53:06,2009
10040,305,437,2026-01-05 07:20:21,710
10041,46,568,2026-01-05 07:28:04,1873
10042,388,109,2026-01-05 07:36:16,2742
10043,454,648,2026-01-05 08:35:39,1628
10044,198,707,2026-01-05 08:46:14,1805
10045,399,120,2026-01-05 09:10:28,1087
10046,127,124,2026-01-05 10:07:53,2579
10047,134,401,2026-01-05 10:36:09,1604
10048,120,555,2026-01-05 12:04:14,3437
10049,117,618,2026-01-05 12:08:05,2760
10050,173,289,2026-01-05 12:12:05,945
10051,30,596,2026-01-05 12:27:30,1074
10052,338,771,2026-01-05 13:39:49,209
10053,347,749,2026-01-05 13:52:56,374
10054,83,520,2026-01-05 13:52:57,1120
10055,108,153,2026-01-05 14:21:17,2539
10056,111,317,2026-01-05 14:41:45,425
10057,344,374,2026-01-05 14:49:53,1460
10058,452,794,2026-01-05 15:16:52,3008
10059,477,402,2026-01-05 15:37:32,3070
10060,172,730,2026-01-05 16:22:38,2436
10061,355,417,2026-01-05 16:25:18,835
10062,50,79,2026-01-05 17:02:48,634
10063,190,218,2026-01-05 17:12:58,2711
10064,178,200,2026-01-05 17:44:51,1251
10065,218,682,2026-01-05 18:18:48,630
10066,337,132,2026-01-05 18:22:37,3045
10067,411,63,2026-01-05 18:31:31,1169
10068,267,342,2026-01-05 18:39:02,1072
10069,298,210,2026-01-05 18:48:51,2245
10070,113,88,2026-01-05 18:57:06,3052
10071,82,73,2026-01-05 19:31:48,2464
10072,448,34,2026-01-05 20:29:05,2277
10073,160,147,2026-01-05 21:50:27,2479
10074,17,317,2026-01-06 00:33:50,151
10075,343,709,2026-01-06 00:45:23,966
10076,405,21,2026-01-06 01:11:41,264
10077,195,238,2026-01-06 02:03:56,190
10078,452,453,2026-01-06 04:49:37,1938
10079,342,661,2026-01-06 05:18:41,17
10080,182,785,2026-01-06 05:19:19,3159
10081,145,24,2026-01-06 05:27:28,2380
10082,144,418,2026-01-06 05:28:02,1358
10083,365,759,2026-01-06 07:31:56,44
10084,78,143,2026-01-06 08:19:32,55
10085,388,717,2026-01-06 08:20:46,756
10086,353,365,2026-01-06 08:55:43,400
10087,226,263,2026-01-06 09:23:41,1578
10088,316,586,2026-01-06 09:25:13,134
10089,65,247,2026-01-06 10:59:14,1584
10090,130,628,2026-01-06 11:10:01,1021
10091,395,300,2026-01-06 11:58:26,2335
10092,70,392,2026-01-06 12:10:21,683
10093,398,650,2026-01-06 12:25:06,2339
10094,444,425,2026-01-06 13:10:21,1393
10095,366,298,2026-01-06 13:23:14,2512
10096,151,92,2026-01-06 13:25:15,491
10097,208,678,2026-01-06 15:27:13,1163
10098,135,596,2026-01-06 15:31:22,212
10099,125,298,2026-01-06 16:14:31,2159
10100,248,758,2026-01-06 16:24:00,3530
10101,368,704,2026-01-06 16:36:57,2079
10102,22,777,2026-01-06 16:43:10,2973
10103,281,737,2026-01-06 17:07:24,2111
10104,436,545,2026-01-06 18:35:53,1021
10105,453,445,2026-01-06 18:41:26,3469
10106,35,541,2026-01-06 19:40:29,1662
10107,267,117,2026-01-06 20:19:48,2675
10108,279,63,2026-01-06 20:26:47,800
10109,286,247,2026-01-06 20:30:44,1890
10110,466,7,2026-01-06 20:40:47,1877
10111,407,365,2026-01-06 21:04:59,2463
10112,184,434,2026-01-06 21:54:55,2358
10113,311,672,2026-01-06 22:02:46,2302
10114,232,711,2026-01-06 22:13:56,610
10115,290,719,2026-01-06 23:28:36,1484
10116,81,238,2026-01-06 23:54:20,1538
10117,30,231,2026-01-07 00:48:01,225
10118,134,329,2026-01-07 00:48:03,13
10119,336,196,2026-01-07 01:07:24,1302
10120,267,386,2026-01-07 01:21:12,1999
10121,487,655,2026-01-07 01:34:59,911
10122,197,736,2026-01-07 02:03:20,1149
10123,95,456,2026-01-07 02:17:26,1097
10124,486,780,2026-01-07 03:23:59,1651
10125,355,308,2026-01-07 04:49:37,1527
10126,361,176,2026-01-07 04:57:57,1179
10127,371,340,2026-01-07 05:41:12,1748
10128,473,115,2026-01-07 05:42:45,3130
10129,474,697,2026-01-07 06:07:47,1221
10130,282,318,2026-01-07 08:50:24,1593
10131,30,376,2026-01-07 09:19:31,1888
10132,439,478,2026-01-07 12:04:43,84
10133,53,740,2026-01-07 13:55:11,2768
10134,28,138,2026-01-07 14:04:39,3011
10135,306,543,2026-01-07 14:13:12,228
10136,107,181,2026-01-07 14:31:23,200
10137,118,656,2026-01-07 14:33:51,644
10138,77,771,2026-01-07 14:43:15,2427
10139,419,459,2026-01-07 14:47:20,773
10140,80,442,2026-01-07 15:26:30,321
10141,391,622,2026-01-07 16:07:31,1365
10142,109,213,2026-01-07 16:16:54,2225
10143,53,479,2026-01-07 16:43:48,645
10144,313,179,2026-01-07 17:52:16,809
10145,83,102,2026-01-07 18:17:59,879
10146,456,735,2026-01-07 18:27:55,888
10147,189,408,2026-01-07 18:44:30,1796
10148,489,176,2026-01-07 18:51:20,2132
10149,17,598,2026-01-07 19:08:49,2185
10150,39,769,2026-01-07 19:17:31,563
10151,225,438,2026-01-07 19:20:43,2378
10152,465,728,2026-01-07 19:28:55,1991
10153,479,300,2026-01-07 20:00:29,2062
10154,160,510,2026-01-07 20:12:40,1348
10155,166,694,2026-01-07 20:37:16,1088
10156,288,417,2026-01-07 20:39:45,1786
10157,238,614,2026-01-07 21:55:33,2646
10158,443,346,2026-01-07 21:58:36,147
10159,161,632,2026-01-07 22:25:45,543
10160,258,468,2026-01-08 00:33:36,123
10161,194,626,2026-01-08 01:14:58,2401
10162,280,49,2026-01-08 01:32:30,771
10163,430,7,2026-01-08 02:01:02,2098
10164,361,188,2026-01-08 02:07:14,753
10165,214,146,2026-01-08 02:14:52,950
10166,323,655,2026-01-08 03:07:32,519
10167,172,179,2026-01-08 04:13:17,1341
10168,288,13,2026-01-08 04:29:12,2245
10169,136,717,2026-01-08 05:09:07,2420
10170,69,505,2026-01-08 05:47:25,951
10171,455,301,2026-01-08 06:22:27,2619
10172,323,94,2026-01-08 07:26:22,570
10173,486,337,2026-01-08 07:33:50,2098
10174,124,748,2026-01-08 07:37:46,1576
10175,444,233,2026-01-08 09:11:54,1544
10176,312,643,2026-01-08 09:41:19,1520
10177,35,444,2026-01-08 10:29:03,2075
10178,391,661,2026-01-08 10:30:23,1100
10179,282,733,2026-01-08 11:06:35,1968
10180,4,586,2026-01-08 12:25:49,1443
10181,342,310,2026-01-08 12:48:52,2330
10182,63,82,2026-01-08 13:43:13,554
10183,217,27,2026-01-08 15:25:21,2150
10184,446,56,2026-01-08 16:24:45,2261
10185,385,330,2026-01-08 16:47:03,1387
10186,317,671,2026-01-08 16:57:34,796
10187,15,722,2026-01-08 17:44:24,2425
10188,107,269,2026-01-08 18:00:19,2880
10189,377,280,2026-01-08 18:53:26,876
10190,9,693,2026-01-08 19:07:49,2198
10191,264,192,2026-01-08 20:24:44,716
10192,139,584,2026-01-08 20:37:45,184
10193,167,337,2026-01-08 21:56:14,282
10194,455,124,2026-01-08 22:03:41,2721
10195,428,459,2026-01-08 22:25:45,883
10196,438,454,2026-01-08 23:39:41,2968
10197,463,31,2026-01-09 00:01:08,2782
10198,344,434,2026-01-09 01:42:20,2081
10199,418,103,2026-01-09 01:44:08,1041
10200,285,210,2026-01-09 02:47:28,2382
10201,402,369,2026-01-09 03:10:37,2674
10202,249,475,2026-01-09 03:32:22,981
10203,434,135,2026-01-09 03:45:16,2740
10204,57,384,2026-01-09 03:59:47,1249
10205,307,30,2026-01-09 04:51:17,1459
10206,92,510,2026-01-09 05:26:52,1182
10207,116,363,2026-01-09 05:53:50,3315
10208,320,782,2026-01-09 07:04:05,2817
10209,399,393,2026-01-09 09:10:14,1080
10210,106,721,2026-01-09 10:12:48,1298
10211,178,651,2026-01-09 11:44:55,1267
10212,291,525,2026-01-09 13:03:46,2725
10213,125,750,2026-01-09 14:22:41,1174
10214,255,3,2026-01-09 14:34:21,1310
10215,340,706,2026-01-09 14:39:30,2043
10216,119,240,2026-01-09 16:25:46,3060
10217,480,164,2026-01-09 17:07:33,952
10218,142,84,2026-01-09 17:49:38,1095
10219,450,777,2026-01-09 18:28:27,2506
10220,396,617,2026-01-09 18:32:28,2340
10221,389,632,2026-01-09 19:06:39,753
10222,99,692,2026-01-09 19:07:28,2840
10223,260,146,2026-01-09 19:08:47,352
10224,151,675,2026-01-09 19:34:01,1007
10225,310,503,2026-01-09 20:29:43,824
10226,213,262,2026-01-09 20:32:45,1785
10227,18,298,2026-01-09 20:50:47,2448
10228,319,606,2026-01-09 21:06:59,313
10229,96,524,2026-01-09 22:19:47,791
10230,256,45,2026-01-09 22:24:11,3034
10231,425,229,2026-01-09 22:53:31,1586
10232,253,693,2026-01-09 23:01:56,1031
10233,456,61,2026-01-09 23:07:20,1089
10234,88,341,2026-01-10 00:00:52,2834
10235,115,252,2026-01-10 00:23:53,2752
10236,257,168,2026-01-10 00:40:46,2394
10237,172,160,2026-01-10 01:04:46,1149
10238,215,567,2026-01-10 02:00:40,2305
10239,48,395,2026-01-10 02:13:37,2579
10240,85,45,2026-01-10 02:28:52,3306
10241,138,11,2026-01-10 03:47:36,3206
10242,146,737,2026-01-10 04:34:35,1895
10243,200,157,2026-01-10 04:39:40,757
10244,126,742,2026-01-10 05:14:20,1070
10245,123,278,2026-01-10 05:39:49,912
10246,353,594,2026-01-10 06:50:30,2244
10247,43,540,2026-01-10 07:20:05,1753
10248,132,365,2026-01-10 08:20:00,1676
10249,377,609,2026-01-10 08:23:35,812
10250,76,675,2026-01-10 09:48:34,963
10251,403,314,2026-01-10 10:36:21,3220
10252,185,422,2026-01-10 10:54:31,1036
10253,135,394,2026-01-10 11:16:21,1963
10254,157,431,2026-01-10 11:41:52,2925
10255,35,300,2026-01-10 12:43:50,1971
10256,455,524,2026-01-10 13:25:17,2032
10257,153,389,2026-01-10 13:33:49,1998
10258,118,26,2026-01-10 13:37:23,1167
10259,286,301,2026-01-10 13:53:39,1213
10260,115,796,2026-01-10 14:40:47,1951
10261,175,267,2026-01-10 14:41:45,1117
10262,248,136,2026-01-10 14:48:20,2463
10263,186,258,2026-01-10 15:04:06,2877
10264,163,781,2026-01-10 16:03:54,573
10265,270,694,2026-01-10 16:12:43,694
10266,244,141,2026-01-10 17:08:08,429
10267,468,150,2026-01-10 17:42:15,235
10268,248,354,2026-01-10 18:30:33,764
10269,27,440,2026-01-10 18:51:13,461
10270,310,571,2026-01-10 19:17:56,1282
10271,234,215,2026-01-10 20:21:59,1115
10272,1,544,2026-01-10 20:27:29,1459
10273,236,375,2026-01-10 21:52:32,956
10274,403,184,2026-01-10 22:02:06,1449
10275,45,541,2026-01-10 22:10:12,1788
10276,190,103,2026-01-10 22:32:33,1836
10277,260,578,2026-01-10 22:42:04,3180
10278,343,96,2026-01-10 22:48:56,868
10279,309,636,2026-01-10 23:48:31,828
10280,456,728,2026-01-11 00:12:33,1858
10281,2,422,2026-01-11 01:02:20,978
10282,382,672,2026-01-11 01:08:30,2286
10283,159,201,2026-01-11 01:13:58,1560
10284,51,788,2026-01-11 01:22:30,1323
10285,26,579,2026-01-11 01:23:22,2671
10286,142,794,2026-01-11 01:30:16,1950
10287,435,33,2026-01-11 01:51:37,769
10288,380,782,2026-01-11 02:10:47,2653
10289,69,301,2026-01-11 02:43:56,2459
10290,408,681,2026-01-11 03:55:05,2656
10291,246,515,2026-01-11 04:02:36,1247
10292,249,122,2026-01-11 04:27:07,490
10293,188,508,2026-01-11 04:34:27,2777
10294,479,615,2026-01-11 05:27:00,1575
10295,58,583,2026-01-11 05:30:23,1974
10296,242,784,2026-01-11 05:47:02,1213
10297,185,181,2026-01-11 07:19:21,2870
10298,322,79,2026-01-11 07:30:52,742
10299,44,93,2026-01-11 07:46:36,1689
10300,296,366,2026-01-11 07:58:12,1457
10301,29,110,2026-01-11 09:31:15,2709
10302,152,22,2026-01-11 09:49:42,1400
10303,60,682,2026-01-11 10:14:07,576
10304,174,483,2026-01-11 11:57:51,748
10305,111,396,2026-01-11 12:30:24,1542
10306,441,320,2026-01-11 12:39:39,405
10307,330,243,2026-01-11 15:28:44,2772
10308,328,94,2026-01-11 17:18:13,632
10309,188,515,2026-01-11 19:35:31,197
10310,475,181,2026-01-11 19:36:00,1735
10311,82,197,2026-01-11 20:01:07,1643
10312,69,339,2026-01-11 20:48:01,2022
10313,267,33,2026-01-11 20:52:01,701
10314,45,54,2026-01-11 21:17:27,577
10315,186,38,2026-01-11 21:56:12,782
10316,371,179,2026-01-11 22:03:35,2025
10317,295,164,2026-01-11 22:07:09,2736
10318,173,774,2026-01-11 23:12:59,951
10319,416,79,2026-01-11 23:52:20,631
10320,461,610,2026-01-11 23:52:46,955
10321,116,364,2026-01-12 00:01:36,3232
10322,82,209,2026-01-12 01:41:18,766
10323,218,463,2026-01-12 01:57:16,1474
10324,210,715,2026-01-12 02:30:15,2883
10325,226,603,2026-01-12 02:35:43,145
10326,172,171,2026-01-12 02:58:54,2435
10327,355,45,2026-01-12 03:06:35,3197
10328,76,376,2026-01-12 03:44:46,1533
10329,140,235,2026-01-12 03:48:22,1462
10330,336,408,2026-01-12 06:44:46,271
10331,385,524,2026-01-12 06:45:44,2201
10332,56,439,2026-01-12 07:14:05,248
10333,121,580,2026-01-12 07:32:34,2009
10334,396,760,2026-01-12 07:35:50,2923
10335,416,188,2026-01-12 07:39:27,315
10336,380,268,2026-01-12 08:36:56,526
10337,404,63,2026-01-12 09:52:59,1091
10338,272,525,2026-01-12 10:06:16,1631
10339,457,361,2026-01-12 10:46:09,939
10340,219,268,2026-01-12 12:07:41,878
10341,392,628,2026-01-12 12:35:07,1037
10342,248,267,2026-01-12 14:04:24,718
10343,324,595,2026-01-12 15:23:07,1627
10344,156,219,2026-01-12 17:10:52,2150
10345,207,528,2026-01-12 17:11:04,860
10346,271,336,2026-01-12 17:12:08,500
10347,268,657,2026-01-12 19:13:49,986
10348,93,782,2026-01-12 19:16:44,2618
10349,171,543,2026-01-12 19:30:58,119
10350,268,691,2026-01-12 20:34:32,3158
10351,56,111,2026-01-12 21:36:37,2316
10352,348,163,2026-01-12 21:52:21,2028
10353,366,658,2026-01-12 22:41:53,1812
10354,88,222,2026-01-12 23:36:28,783
10355,371,151,2026-01-12 23:38:27,2629
10356,445,628,2026-01-13 00:17:04,952
10357,393,573,2026-01-13 00:21:04,2857
10358,105,186,2026-01-13 00:25:40,315
10359,114,701,2026-01-13 00:29:47,1123
10360,209,281,2026-01-13 00:47:11,551
10361,81,728,2026-01-13 01:02:38,2154
10362,337,59,2026-01-13 01:18:59,1427
10363,8,397,2026-01-13 01:27:06,1734
10364,374,791,2026-01-13 01:37:39,2171
10365,21,73,2026-01-13 01:52:12,2547
10366,453,35,2026-01-13 02:39:56,2747
10367,317,471,2026-01-13 02:45:42,684
10368,303,59,2026-01-13 02:51:53,2570
10369,244,222,2026-01-13 03:02:29,783
10370,293,147,2026-01-13 04:34:08,2307
10371,212,49,2026-01-13 06:15:11,11
10372,312,668,2026-01-13 10:16:06,1406
10373,305,706,2026-01-13 10:51:43,1773
10374,190,645,2026-01-13 11:43:51,975
10375,444,74,2026-01-13 11:51:31,2536
10376,467,347,2026-01-13 13:58:06,3177
10377,256,64,2026-01-13 14:34:50,2523
10378,385,144,2026-01-13 16:00:02,1196
10379,287,224,2026-01-13 16:40:02,2474
10380,50,764,2026-01-13 17:10:03,529
10381,390,560,2026-01-13 17:23:16,2260
10382,405,276,2026-01-13 17:27:04,2546
10383,469,475,2026-01-13 17:52:49,945
10384,34,41,2026-01-13 18:13:45,2494
10385,41,84,2026-01-13 19:35:01,1339
10386,118,184,2026-01-13 22:14:34,1390
10387,291,391,2026-01-13 23:20:26,247
10388,303,338,2026-01-13 23:53:41,2259
10389,75,112,2026-01-14 00:47:56,343
10390,401,160,2026-01-14 01:43:00,991
10391,418,610,2026-01-14 02:58:52,1122
10392,362,283,2026-01-14 03:39:46,1489
10393,433,531,2026-01-14 04:30:48,781
10394,427,270,2026-01-14 04:51:13,2497
10395,486,354,2026-01-14 05:40:15,1546
10396,451,175,2026-01-14 05:45:59,2295
10397,71,429,2026-01-14 05:49:35,1918
10398,60,676,2026-01-14 06:43:05,523
10399,255,128,2026-01-14 07:15:11,1285
10400,80,18,2026-01-14 07:15:51,851
10401,327,134,2026-01-14 08:24:07,23
10402,231,436,2026-01-14 08:31:33,2965
10403,158,531,2026-01-14 08:41:33,680
10404,284,12,2026-01-14 09:14:14,841
10405,472,307,2026-01-14 09:43:32,2764
10406,469,396,2026-01-14 10:18:30,1580
10407,224,179,2026-01-14 10:22:42,1784
10408,406,727,2026-01-14 10:48:52,2875
10409,433,625,2026-01-14 11:15:47,2757
10410,132,732,2026-01-14 11:35:07,2940
10411,305,336,2026-01-14 12:25:51,3878
10412,327,515,2026-01-14 13:05:37,2231
10413,177,480,2026-01-14 14:03:50,2221
10414,418,649,2026-01-14 15:19:20,2347
10415,239,515,2026-01-14 16:52:11,1985
10416,267,476,2026-01-14 17:36:44,1249
10417,89,480,2026-01-14 17:48:31,1987
10418,388,752,2026-01-14 17:55:16,1002
10419,157,787,2026-01-14 19:30:25,3408
10420,353,313,2026-01-14 19:46:30,1075
10421,457,748,2026-01-14 19:51:41,27
10422,436,308,2026-01-14 20:41:42,810
10423,457,577,2026-01-14 22:18:48,1920
10424,284,177,2026-01-14 22:47:25,2330
10425,157,341,2026-01-14 23:16:49,2577
10426,264,166,2026-01-14 23:54:17,2215
10427,494,752,2026-01-15 00:01:46,1125
10428,344,378,2026-01-15 00:43:51,3374
10429,3,227,2026-01-15 01:01:28,1782
10430,104,239,2026-01-15 01:37:29,3066
10431,406,627,2026-01-15 05:17:37,157
10432,498,9,2026-01-15 05:25:43,141
10433,474,81,2026-01-15 05:54:02,3238
10434,195,158,2026-01-15 06:01:57,688
10435,83,562,2026-01-15 06:26:59,214
10436,370,415,2026-01-15 07:07:33,2721
10437,104,615,2026-01-15 07:36:32,1804
10438,455,450,2026-01-15 08:20:48,3156
10439,71,124,2026-01-15 08:25:48,2600
10440,481,619,2026-01-15 09:06:07,1704
10441,297,272,2026-01-15 09:15:35,838
10442,250,231,2026-01-15 10:08:30,529
10443,204,580,2026-01-15 11:39:31,1149
10444,97,567,2026-01-15 12:09:19,350
10445,443,203,2026-01-15 12:20:21,2082
10446,214,755,2026-01-15 12:33:27,1399
10447,127,82,2026-01-15 13:06:58,910
10448,306,516,2026-01-15 13:25:37,3070
10449,41,283,2026-01-15 13:50:29,1261
10450,222,739,2026-01-15 14:57:59,2879
10451,407,386,2026-01-15 15:25:25,2079
10452,455,115,2026-01-15 15:33:03,1264
10453,427,746,2026-01-15 16:12:49,3327
10454,154,726,2026-01-15 16:31:37,820
10455,427,321,2026-01-15 17:45:30,2749
10456,146,673,2026-01-15 17:57:26,566
10457,150,501,2026-01-15 18:16:38,1957
10458,302,496,2026-01-15 18:23:23,2986
10459,419,622,2026-01-15 18:44:33,1265
10460,279,183,2026-01-15 18:56:03,1030
10461,355,303,2026-01-15 18:56:18,395
10462,63,22,2026-01-15 20:14:06,105
10463,205,122,2026-01-15 20:18:41,379
10464,270,330,2026-01-15 21:13:15,1381
10465,429,665,2026-01-15 21:24:23,91
10466,280,390,2026-01-15 22:17:32,2049
10467,305,181,2026-01-16 00:20:22,2724
10468,411,248,2026-01-16 00:21:36,2643
10469,382,688,2026-01-16 01:24:31,2462
10470,180,201,2026-01-16 02:46:47,2887
10471,328,379,2026-01-16 02:46:48,604
10472,250,685,2026-01-16 02:51:06,546
10473,81,319,2026-01-16 04:02:00,2128
10474,17,126,2026-01-16 04:08:08,814
10475,33,456,2026-01-16 04:21:55,987
10476,187,571,2026-01-16 04:23:27,502
10477,289,648,2026-01-16 04:27:16,746
10478,297,317,2026-01-16 05:04:04,874
10479,244,72,2026-01-16 05:25:57,1026
10480,351,624,2026-01-16 05:49:30,667
10481,349,599,2026-01-16 05:50:35,56
10482,421,286,2026-01-16 06:07:51,3583
10483,170,444,2026-01-16 06:43:22,1630
10484,218,288,2026-01-16 06:53:58,2022
10485,221,85,2026-01-16 06:58:02,1012
10486,73,563,2026-01-16 07:29:56,1695
10487,244,572,2026-01-16 07:39:00,694
10488,170,106,2026-01-16 09:27:38,2603
10489,71,49,2026-01-16 09:43:51,796
10490,484,363,2026-01-16 09:46:53,295
10491,54,701,2026-01-16 10:21:09,1141
10492,161,756,2026-01-16 11:39:04,2689
10493,150,81,2026-01-16 12:05:03,3271
10494,51,785,2026-01-16 12:27:31,2629
10495,327,725,2026-01-16 12:34:19,2064
10496,199,767,2026-01-16 12:45:31,677
10497,367,710,2026-01-16 12:56:54,740
10498,210,256,2026-01-16 13:01:02,641
10499,282,334,2026-01-16 13:39:13,896
10500,219,363,2026-01-16 14:02:07,2989
10501,429,451,2026-01-16 14:02:29,2048
10502,489,449,2026-01-16 14:03:29,311
10503,349,330,2026-01-16 14:26:30,1361
10504,16,5,2026-01-16 14:30:49,2522
10505,346,782,2026-01-16 15:05:47,2872
10506,472,298,2026-01-16 15:27:51,1718
10507,421,767,2026-01-16 15:47:23,718
10508,108,100,2026-01-16 16:09:13,900
10509,188,228,2026-01-16 16:15:36,1453
10510,222,202,2026-01-16 16:41:15,181
10511,353,518,2026-01-16 16:46:02,2725
10512,30,192,2026-01-16 16:49:36,707
10513,369,391,2026-01-16 17:33:37,516
10514,329,690,2026-01-16 18:38:58,1845
10515,76,437,2026-01-16 19:14:36,16
10516,210,382,2026-01-16 21:38:24,1551
10517,198,782,2026-01-16 22:03:54,2902
10518,333,727,2026-01-16 22:17:49,1206
10519,346,771,2026-01-16 22:42:14,2286
10520,146,528,2026-01-16 23:04:45,1074
10521,199,52,2026-01-16 23:41:14,474
10522,352,160,2026-01-16 23:51:51,125
10523,324,222,2026-01-16 23:57:03,868
10524,364,694,2026-01-17 00:45:05,1069
10525,290,98,2026-01-17 01:38:54,2047
10526,431,109,2026-01-17 01:40:48,2543
10527,66,99,2026-01-17 02:22:29,2238
10528,490,76,2026-01-17 02:26:47,1055
10529,5,106,2026-01-17 03:10:24,2940
10530,226,701,2026-01-17 04:29:53,1312
10531,68,314,2026-01-17 04:48:40,2812
10532,266,630,2026-01-17 05:20:20,1732
10533,427,414,2026-01-17 06:28:20,1617
10534,250,501,2026-01-17 06:52:46,905
10535,394,472,2026-01-17 07:08:16,2123
10536,167,141,2026-01-17 07:45:49,596
10537,487,437,2026-01-17 07:56:47,820
10538,316,253,2026-01-17 08:16:33,1234
10539,48,532,2026-01-17 10:42:35,2704
10540,218,642,2026-01-17 11:25:13,1164
10541,57,467,2026-01-17 11:56:45,444
10542,274,710,2026-01-17 12:04:36,340
10543,378,200,2026-01-17 12:27:10,500
10544,97,207,2026-01-17 12:43:15,559
10545,304,426,2026-01-17 13:30:37,3335
10546,229,309,2026-01-17 14:55:24,2049
10547,156,726,2026-01-17 15:05:11,312
10548,456,501,2026-01-17 17:24:24,1639
10549,55,777,2026-01-17 17:30:00,1306
10550,279,502,2026-01-17 18:28:31,1819
10551,399,360,2026-01-17 19:38:29,471
10552,107,318,2026-01-17 20:05:01,1685
10553,361,679,2026-01-17 20:19:41,891
10554,471,440,2026-01-17 20:33:44,988
10555,137,301,2026-01-17 21:32:34,2759
10556,45,170,2026-01-17 22:44:58,1862
10557,428,713,2026-01-17 22:48:05,1856
10558,443,90,2026-01-17 23:33:12,277
10559,460,139,2026-01-18 01:00:51,2726
10560,484,457,2026-01-18 01:40:14,2904
10561,81,731,2026-01-18 02:12:37,2358
10562,324,51,2026-01-18 02:49:36,880
10563,193,452,2026-01-18 03:01:51,1871
10564,434,98,2026-01-18 03:41:10,367
10565,287,258,2026-01-18 03:42:21,1685
10566,396,781,2026-01-18 04:40:33,268
10567,462,13,2026-01-18 05:12:43,2388
10568,319,754,2026-01-18 05:19:51,1706
10569,245,754,2026-01-18 06:20:59,2822
10570,352,748,2026-01-18 06:49:16,1760
10571,109,82,2026-01-18 07:59:55,906
10572,462,447,2026-01-18 08:37:54,1009
10573,478,274,2026-01-18 09:17:48,2883
10574,464,658,2026-01-18 09:33:27,1785
10575,156,359,2026-01-18 09:48:19,694
10576,318,751,2026-01-18 11:24:18,1355
10577,44,102,2026-01-18 11:29:38,563
10578,493,617,2026-01-18 12:12:16,2434
10579,314,56,2026-01-18 13:50:08,2592
10580,91,231,2026-01-18 14:37:37,1582
10581,11,552,2026-01-18 15:09:19,2368
10582,377,210,2026-01-18 15:11:34,2241
10583,493,408,2026-01-18 15:45:53,1984
10584,339,621,2026-01-18 16:53:45,1719
10585,118,192,2026-01-18 17:04:08,718
10586,329,234,2026-01-18 17:26:27,2537
10587,134,97,2026-01-18 17:42:22,312
10588,227,417,2026-01-18 17:49:34,1480
10589,111,346,2026-01-18 17:57:44,956
10590,244,448,2026-01-18 17:59:39,146
10591,292,428,2026-01-18 18:37:10,1804
10592,139,648,2026-01-18 19:16:09,1430
10593,245,56,2026-01-18 19:52:47,2439
10594,218,556,2026-01-18 20:00:20,1452
10595,291,460,2026-01-18 20:48:12,976
10596,326,201,2026-01-18 20:58:19,2750
10597,35,288,2026-01-18 21:32:36,3299
10598,380,203,2026-01-18 21:34:40,2101
10599,351,312,2026-01-18 21:48:29,1851
10600,301,731,2026-01-18 22:01:12,2052
10601,92,52,2026-01-18 22:17:06,415
10602,22,320,2026-01-18 22:58:46,95
10603,144,107,2026-01-19 00:23:50,695
10604,367,258,2026-01-19 01:53:43,1373
10605,128,223,2026-01-19 02:31:38,163
10606,160,65,2026-01-19 02:57:10,1103
10607,263,587,2026-01-19 03:01:56,944
10608,433,77,2026-01-19 03:13:57,2020
10609,438,676,2026-01-19 04:09:09,572
10610,73,658,2026-01-19 04:24:10,1617
10611,254,140,2026-01-19 05:46:09,1027
10612,42,726,2026-01-19 05:56:05,715
10613,173,21,2026-01-19 06:14:25,592
10614,121,83,2026-01-19 06:50:34,1184
10615,444,745,2026-01-19 06:56:24,1751
10616,319,430,2026-01-19 07:54:06,2097
10617,313,406,2026-01-19 10:34:33,2360
10618,248,53,2026-01-19 12:05:01,1751
10619,462,706,2026-01-19 12:43:12,1967
10620,395,220,2026-01-19 12:58:49,3142
10621,237,99,2026-01-19 12:59:05,2780
10622,34,590,2026-01-19 13:07:14,762
10623,336,620,2026-01-19 13:24:26,1675
10624,245,2,2026-01-19 13:25:15,1495
10625,6,2,2026-01-19 13:56:54,879
10626,218,794,2026-01-19 14:10:34,1454
10627,227,518,2026-01-19 15:43:44,2654
10628,359,11,2026-01-19 15:45:24,1739
10629,387,41,2026-01-19 15:57:50,2903
10630,460,349,2026-01-19 16:25:24,2225
10631,338,782,2026-01-19 18:02:23,2849
10632,422,312,2026-01-19 18:10:20,1727
10633,309,728,2026-01-19 18:22:22,805
10634,298,145,2026-01-19 19:42:07,419
10635,257,483,2026-01-19 19:47:59,130
10636,191,756,2026-01-19 19:51:27,2814
10637,147,336,2026-01-19 19:54:52,3318
10638,167,220,2026-01-19 20:11:19,133
10639,215,295,2026-01-19 21:20:49,736
10640,67,154,2026-01-19 22:09:06,1114
10641,133,78,2026-01-19 22:16:33,565
10642,123,709,2026-01-19 22:29:11,887
10643,144,323,2026-01-19 22:37:11,1972
10644,119,101,2026-01-19 23:37:17,1572
10645,218,433,2026-01-19 23:50:22,649
10646,225,439,2026-01-20 00:41:39,639
10647,349,515,2026-01-20 01:00:43,454
10648,74,262,2026-01-20 01:26:16,1904
10649,347,777,2026-01-20 01:49:23,2487
10650,301,246,2026-01-20 02:31:39,1058
10651,309,251,2026-01-20 02:31:48,2867
10652,115,774,2026-01-20 02:34:23,1059
10653,101,742,2026-01-20 02:40:01,552
10654,263,216,2026-01-20 03:07:59,2285
10655,405,543,2026-01-20 03:28:03,349
10656,108,571,2026-01-20 04:38:12,1248
10657,467,388,2026-01-20 04:41:38,2834
10658,20,503,2026-01-20 04:43:33,783
10659,324,631,2026-01-20 05:04:24,661
10660,376,647,2026-01-20 05:10:16,775
10661,13,386,2026-01-20 05:26:37,1843
10662,207,32,2026-01-20 05:53:07,837
10663,91,609,2026-01-20 06:55:34,891
10664,30,555,2026-01-20 07:19:59,2912
10665,210,679,2026-01-20 08:27:33,795
10666,29,461,2026-01-20 09:13:32,863
10667,413,793,2026-01-20 10:45:21,2722
10668,365,235,2026-01-20 11:42:36,1419
10669,35,624,2026-01-20 12:26:15,135
10670,465,441,2026-01-20 13:43:15,1767
10671,117,223,2026-01-20 13:47:54,124
10672,22,685,2026-01-20 13:48:24,662
10673,61,57,2026-01-20 13:49:42,2634
10674,285,710,2026-01-20 14:12:12,773
10675,271,550,2026-01-20 15:07:54,1808
10676,422,419,2026-01-20 15:37:00,931
10677,155,22,2026-01-20 15:59:36,1705
10678,94,271,2026-01-20 17:30:26,3038
10679,179,488,2026-01-20 17:52:53,2666
10680,268,331,2026-01-20 18:30:32,184
10681,347,724,2026-01-20 18:57:19,1206
10682,356,364,2026-01-20 18:57:35,3197
10683,297,637,2026-01-20 19:35:39,2477
10684,461,704,2026-01-20 21:47:36,1925
10685,500,275,2026-01-20 22:44:49,2856
10686,9,335,2026-01-21 00:00:06,74
10687,258,774,2026-01-21 02:41:06,939
10688,250,384,2026-01-21 03:58:11,932
10689,165,241,2026-01-21 04:43:27,2457
10690,201,103,2026-01-21 05:40:44,1808
10691,294,620,2026-01-21 06:07:50,1662
10692,73,715,2026-01-21 06:33:40,3447
10693,346,87,2026-01-21 08:26:06,1694
10694,487,35,2026-01-21 08:34:39,289
10695,397,373,2026-01-21 09:33:48,3093
10696,215,627,2026-01-21 09:59:38,1936
10697,289,250,2026-01-21 10:01:17,2423
10698,56,259,2026-01-21 10:21:08,2542
10699,305,694,2026-01-21 10:43:59,215
10700,447,73,2026-01-21 10:53:19,1951
10701,176,7,2026-01-21 11:41:58,196
10702,464,633,2026-01-21 11:53:33,3336
10703,453,355,2026-01-21 12:32:37,656
10704,339,161,2026-01-21 13:26:54,2110
10705,183,447,2026-01-21 14:00:11,1037
10706,156,761,2026-01-21 14:44:30,1892
10707,393,86,2026-01-21 17:27:51,1420
10708,192,672,2026-01-21 17:29:11,251
10709,102,214,2026-01-21 17:55:00,2013
10710,223,598,2026-01-21 19:17:00,2350
10711,179,756,2026-01-21 20:52:58,2959
10712,363,67,2026-01-21 20:58:26,239
10713,211,115,2026-01-21 21:06:10,2707
10714,437,497,2026-01-21 21:12:35,1366
10715,58,66,2026-01-21 21:41:03,2679
10716,193,592,2026-01-21 23:42:09,1620
10717,36,283,2026-01-21 23:54:31,1629
10718,413,532,2026-01-22 00:00:18,2978
10719,204,139,2026-01-22 00:20:42,2603
10720,400,658,2026-01-22 01:11:04,818
10721,39,515,2026-01-22 03:25:20,2036
10722,287,195,2026-01-22 05:20:07,3055
10723,210,55,2026-01-22 05:33:34,737
10724,271,581,2026-01-22 05:54:57,2055
10725,35,562,2026-01-22 06:45:07,2346
10726,448,248,2026-01-22 07:24:19,2760
10727,158,471,2026-01-22 08:20:55,263
10728,329,53,2026-01-22 10:16:30,1774
10729,157,543,2026-01-22 11:05:47,547
10730,116,29,2026-01-22 11:05:55,2554
10731,191,402,2026-01-22 11:17:33,3324
10732,140,642,2026-01-22 11:26:34,1164
10733,50,142,2026-01-22 12:19:12,1016
10734,372,227,2026-01-22 12:38:53,1565
10735,192,386,2026-01-22 12:49:24,1931
10736,185,30,2026-01-22 13:07:34,1676
10737,437,370,2026-01-22 13:24:44,2974
10738,249,551,2026-01-22 15:38:39,1875
10739,294,717,2026-01-22 15:42:41,2228
10740,158,500,2026-01-22 17:48:09,471
10741,432,608,2026-01-22 18:00:29,141
10742,43,711,2026-01-22 18:17:24,1279
10743,478,397,2026-01-22 19:43:24,1476
10744,71,467,2026-01-22 22:05:29,1256
10745,466,783,2026-01-22 22:22:13,1451
10746,334,234,2026-01-22 22:44:42,885
10747,298,51,2026-01-23 00:12:54,503
10748,69,241,2026-01-23 02:00:00,2127
10749,283,112,2026-01-23 02:33:07,1931
10750,4,627,2026-01-23 02:49:56,1795
10751,135,379,2026-01-23 05:57:59,610
10752,394,14,2026-01-23 06:13:56,475
10753,378,186,2026-01-23 07:26:04,1835
10754,187,427,2026-01-23 08:16:57,2861
10755,202,424,2026-01-23 09:11:53,732
10756,171,568,2026-01-23 10:41:44,39
10757,285,590,2026-01-23 11:01:32,755
10758,111,558,2026-01-23 11:42:31,1526
10759,457,55,2026-01-23 13:51:56,1209
10760,351,557,2026-01-23 15:17:05,715
10761,233,554,2026-01-23 16:37:16,1436
10762,233,636,2026-01-23 17:57:17,1488
10763,475,742,2026-01-23 18:14:26,1108
10764,267,118,2026-01-23 18:45:50,2209
10765,403,117,2026-01-23 18:48:16,2451
10766,455,611,2026-01-23 19:03:01,2853
10767,48,37,2026-01-23 19:25:27,229
10768,213,145,2026-01-23 19:53:16,706
10769,186,298,2026-01-23 20:00:47,2262
10770,398,650,2026-01-23 21:31:51,2017
10771,255,436,2026-01-23 21:38:57,2852
10772,317,614,2026-01-23 21:42:51,392
10773,473,793,2026-01-23 22:18:41,2610
10774,53,439,2026-01-23 22:36:02,1621
10775,262,318,2026-01-23 22:40:13,1580
10776,50,320,2026-01-23 23:19:22,502
10777,207,224,2026-01-24 00:22:16,2271
10778,192,770,2026-01-24 00:53:20,1173
10779,323,205,2026-01-24 02:36:10,671
10780,59,112,2026-01-24 02:40:19,1911
10781,260,297,2026-01-24 03:00:21,1473
10782,426,592,2026-01-24 03:10:44,1703
10783,117,789,2026-01-24 03:37:18,1747
10784,391,390,2026-01-24 04:18:47,354
10785,286,165,2026-01-24 05:37:04,743
10786,342,536,2026-01-24 05:38:51,1694
10787,101,124,2026-01-24 06:07:24,1731
10788,349,698,2026-01-24 06:55:13,1501
10789,229,281,2026-01-24 07:50:43,58
10790,78,589,2026-01-24 08:01:58,2443
10791,209,350,2026-01-24 09:04:03,2625
10792,29,395,2026-01-24 09:10:44,2120
10793,135,153,2026-01-24 10:53:04,2079
10794,162,267,2026-01-24 13:27:02,987
10795,340,130,2026-01-24 14:10:18,1428
10796,491,443,2026-01-24 14:46:50,1453
10797,493,437,2026-01-24 15:18:37,701
10798,457,666,2026-01-24 15:28:30,2630
10799,156,314,2026-01-24 16:58:35,3440
10800,492,358,2026-01-24 17:16:52,2629
10801,196,628,2026-01-24 17:29:49,105
10802,195,702,2026-01-24 17:39:54,794
10803,243,234,2026-01-24 18:02:16,1344
10804,139,8,2026-01-24 18:02:56,815
10805,323,504,2026-01-24 18:50:15,2329
10806,57,588,2026-01-24 19:17:05,2484
10807,154,354,2026-01-24 19:42:11,829
10808,299,708,2026-01-24 19:48:00,1820
10809,278,499,2026-01-24 20:13:23,2992
10810,447,479,2026-01-24 21:17:47,332
10811,433,530,2026-01-24 22:39:02,172
10812,266,71,2026-01-24 22:47:25,1030
10813,440,480,2026-01-24 22:57:11,2235
10814,12,609,2026-01-24 23:18:16,831
10815,160,741,2026-01-24 23:49:18,2232
10816,121,23,2026-01-25 00:25:24,2266
10817,184,731,2026-01-25 00:54:48,2260
10818,262,86,2026-01-25 01:09:59,2049
10819,15,182,2026-01-25 02:39:25,2403
10820,72,468,2026-01-25 02:40:08,269
10821,427,437,2026-01-25 02:49:46,741
10822,107,150,2026-01-25 03:30:10,3110
10823,300,50,2026-01-25 03:47:40,1237
10824,432,145,2026-01-25 03:57:19,485
10825,188,267,2026-01-25 04:37:35,981
10826,390,353,2026-01-25 04:54:55,1565
10827,455,195,2026-01-25 06:32:05,3237
10828,347,675,2026-01-25 07:23:36,1096
10829,75,431,2026-01-25 07:41:09,275
10830,14,625,2026-01-25 07:42:17,2645
10831,131,12,2026-01-25 08:26:35,820
10832,125,118,2026-01-25 08:35:34,2037
10833,36,623,2026-01-25 08:56:37,1009
10834,188,430,2026-01-25 09:03:22,1708
10835,390,161,2026-01-25 09:09:23,2135
10836,89,439,2026-01-25 09:12:39,288
10837,331,589,2026-01-25 09:26:43,2481
10838,105,369,2026-01-25 10:13:14,2567
10839,276,662,2026-01-25 10:42:14,2482
10840,449,576,2026-01-25 10:51:48,2026
10841,248,286,2026-01-25 12:08:53,2951
10842,319,456,2026-01-25 12:09:28,967
10843,84,528,2026-01-25 12:21:27,1196
10844,317,688,2026-01-25 12:28:36,2646
10845,220,503,2026-01-25 13:10:04,734
10846,108,83,2026-01-25 14:10:10,2359
10847,37,252,2026-01-25 14:34:17,1838
10848,265,505,2026-01-25 14:35:48,926
10849,403,269,2026-01-25 15:36:34,1213
10850,110,344,2026-01-25 17:07:56,1634
10851,402,465,2026-01-25 17:12:14,871
10852,119,634,2026-01-25 17:57:10,2186
10853,355,131,2026-01-25 18:25:14,858
10854,19,639,2026-01-25 18:36:37,2460
10855,478,774,2026-01-25 18:37:13,1104
10856,251,201,2026-01-25 18:42:01,2546
10857,485,22,2026-01-25 19:59:58,1390
10858,294,656,2026-01-25 20:01:15,740
10859,498,767,2026-01-25 20:54:25,281
10860,400,329,2026-01-25 21:18:19,589
10861,341,79,2026-01-25 21:35:25,38
10862,92,106,2026-01-25 23:10:35,2492
10863,187,110,2026-01-25 23:12:37,2155
10864,263,230,2026-01-25 23:15:40,1098
10865,133,102,2026-01-25 23:51:29,366
10866,420,237,2026-01-25 23:52:44,2362
10867,66,117,2026-01-26 00:34:00,1227
10868,55,345,2026-01-26 00:34:11,520
10869,317,403,2026-01-26 01:59:23,615
10870,257,34,2026-01-26 03:11:44,2531
10871,328,362,2026-01-26 03:26:20,2258
10872,275,306,2026-01-26 03:43:55,872
10873,202,195,2026-01-26 04:07:14,3203
10874,349,42,2026-01-26 04:10:08,548
10875,289,723,2026-01-26 04:16:03,394
10876,175,456,2026-01-26 04:21:37,106
10877,361,562,2026-01-26 05:10:25,1145
10878,233,573,2026-01-26 06:35:00,2914
10879,323,391,2026-01-26 07:00:58,28
10880,220,292,2026-01-26 07:31:24,116
10881,319,627,2026-01-26 07:42:42,1794
10882,41,615,2026-01-26 07:43:48,1560
10883,224,508,2026-01-26 07:44:46,3053
10884,311,580,2026-01-26 07:48:52,1224
10885,292,662,2026-01-26 08:00:22,1658
10886,288,699,2026-01-26 10:06:12,2478
10887,494,676,2026-01-26 10:17:00,86
10888,73,297,2026-01-26 10:35:18,126
10889,468,335,2026-01-26 10:44:32,1081
10890,473,464,2026-01-26 11:32:16,459
10891,243,36,2026-01-26 12:05:47,1634
10892,206,419,2026-01-26 13:10:32,1027
10893,479,546,2026-01-26 13:44:10,990
10894,109,72,2026-01-26 14:05:19,51
10895,365,688,2026-01-26 14:28:29,2597
10896,44,313,2026-01-26 16:14:37,1070
10897,403,629,2026-01-26 16:22:45,1165
10898,149,768,2026-01-26 17:51:44,376
10899,254,68,2026-01-26 18:33:17,797
10900,339,792,2026-01-26 18:38:18,1081
10901,286,645,2026-01-26 18:39:40,933
10902,197,625,2026-01-26 19:07:13,2354
10903,267,307,2026-01-26 19:12:28,2158
10904,135,581,2026-01-26 20:15:42,1044
10905,87,354,2026-01-26 22:05:02,1545
10906,24,435,2026-01-26 22:24:33,1993
10907,320,525,2026-01-26 22:53:07,1014
10908,335,589,2026-01-26 23:59:49,2810
10909,317,599,2026-01-27 00:45:10,1053
10910,382,107,2026-01-27 01:03:26,346
10911,179,15,2026-01-27 01:53:12,1297
10912,246,645,2026-01-27 02:21:04,371
10913,206,225,2026-01-27 02:51:39,2838
10914,88,422,2026-01-27 04:24:35,2128
10915,353,225,2026-01-27 05:01:27,3162
10916,175,217,2026-01-27 05:14:27,2585
10917,149,130,2026-01-27 05:21:18,1643
10918,145,725,2026-01-27 05:24:57,1981
10919,476,585,2026-01-27 05:29:00,727
10920,205,541,2026-01-27 05:32:12,1770
10921,407,443,2026-01-27 05:35:57,2339
10922,281,664,2026-01-27 05:36:13,1372
10923,394,394,2026-01-27 05:47:55,1989
10924,400,786,2026-01-27 05:59:10,2918
10925,83,9,2026-01-27 06:08:21,1986
10926,8,622,2026-01-27 07:12:41,1177
10927,52,703,2026-01-27 07:57:57,1401
10928,333,219,2026-01-27 08:07:47,1227
10929,433,359,2026-01-27 08:33:28,636
10930,1,545,2026-01-27 09:05:32,1418
10931,240,782,2026-01-27 09:39:46,2804
10932,394,377,2026-01-27 10:43:47,338
10933,351,118,2026-01-27 11:00:48,1969
10934,103,191,2026-01-27 12:05:41,2865
10935,213,279,2026-01-27 13:10:35,1056
10936,98,242,2026-01-27 14:21:33,58
10937,213,516,2026-01-27 14:48:54,1309
10938,405,709,2026-01-27 15:03:34,776
10939,102,89,2026-01-27 15:03:35,1578
10940,451,630,2026-01-27 16:08:33,185
10941,484,319,2026-01-27 16:11:03,1856
10942,421,391,2026-01-27 16:15:55,535
10943,195,443,2026-01-27 16:19:04,2356
10944,452,723,2026-01-27 16:19:59,418
10945,167,173,2026-01-27 16:30:31,1033
10946,72,333,2026-01-27 16:44:38,1468
10947,165,743,2026-01-27 16:46:00,766
10948,314,582,2026-01-27 17:34:04,693
10949,182,449,2026-01-27 17:59:26,2272
10950,114,355,2026-01-27 18:02:50,441
10951,350,397,2026-01-27 19:09:49,1252
10952,74,201,2026-01-27 19:18:47,2937
10953,40,332,2026-01-27 19:32:29,1036
10954,236,516,2026-01-27 19:38:26,2055
10955,172,15,2026-01-27 20:00:40,522
10956,11,195,2026-01-27 20:36:45,3055
10957,444,17,2026-01-27 20:55:52,1435
10958,322,407,2026-01-27 21:07:30,1035
10959,86,476,2026-01-27 21:42:37,1425
10960,448,416,2026-01-27 22:02:51,969
10961,146,208,2026-01-27 22:25:29,967
10962,394,493,2026-01-27 22:30:26,1312
10963,200,491,2026-01-27 23:35:42,3233
10964,264,419,2026-01-28 00:39:20,913
10965,354,239,2026-01-28 00:57:41,1211
10966,288,755,2026-01-28 02:09:38,2372
10967,416,97,2026-01-28 02:12:17,1630
10968,214,683,2026-01-28 02:12:48,2080
10969,37,304,2026-01-28 02:32:03,2872
10970,277,361,2026-01-28 04:02:42,600
10971,487,127,2026-01-28 05:51:58,2552
10972,279,290,2026-01-28 06:53:24,2813
10973,204,30,2026-01-28 07:10:25,1639
10974,81,514,2026-01-28 07:32:59,1501
10975,158,798,2026-01-28 08:10:37,30
10976,196,72,2026-01-28 08:10:48,1101
10977,451,195,2026-01-28 08:31:44,1453
10978,271,614,2026-01-28 08:45:04,329
10979,454,45,2026-01-28 09:01:59,2684
10980,361,789,2026-01-28 09:13:28,1188
10981,378,747,2026-01-28 10:41:51,2670
10982,26,141,2026-01-28 11:13:05,500
10983,72,240,2026-01-28 11:59:25,3377
10984,327,588,2026-01-28 14:10:40,2516
10985,356,704,2026-01-28 14:55:04,1274
10986,19,476,2026-01-28 15:15:35,570
10987,125,381,2026-01-28 16:03:03,1772
10988,277,633,2026-01-28 17:04:57,2741
10989,491,247,2026-01-28 19:36:54,1888
10990,391,760,2026-01-28 19:47:29,2833
10991,339,469,2026-01-28 21:52:53,2018
10992,200,449,2026-01-28 23:40:22,2189
10993,4,651,2026-01-29 00:39:55,1295
10994,395,393,2026-01-29 00:49:47,1186
10995,169,107,2026-01-29 00:56:58,731
10996,193,347,2026-01-29 02:04:23,2773
10997,80,24,2026-01-29 02:29:07,1822
10998,499,571,2026-01-29 03:15:01,1354
10999,64,602,2026-01-29 04:11:22,1762
11000,432,605,2026-01-29 04:16:15,802
11001,3,531,2026-01-29 04:17:08,545
11002,62,297,2026-01-29 04:20:52,1570
11003,387,78,2026-01-29 04:40:35,1117
11004,128,200,2026-01-29 06:34:54,94
11005,233,772,2026-01-29 10:10:26,843
11006,445,290,2026-01-29 11:04:25,2077
11007,50,605,2026-01-29 11:39:40,516
11008,4,146,2026-01-29 14:35:59,1032
11009,136,781,2026-01-29 16:12:00,686
11010,346,387,2026-01-29 17:11:54,1736
11011,415,184,2026-01-29 17:22:25,473
11012,393,339,2026-01-29 17:31:14,2032
11013,334,439,2026-01-29 18:29:50,1291
11014,251,15,2026-01-29 19:26:27,1306
11015,341,302,2026-01-29 20:10:08,54
11016,82,180,2026-01-29 21:16:02,3135
11017,63,736,2026-01-29 21:54:55,1187
11018,274,216,2026-01-29 21:59:38,1946
11019,162,505,2026-01-29 22:11:33,1098
11020,145,795,2026-01-29 22:17:01,953
11021,141,491,2026-01-29 23:00:21,1233
11022,318,61,2026-01-29 23:05:15,943
11023,92,619,2026-01-30 00:18:22,2056
11024,440,691,2026-01-30 00:31:59,3028
11025,283,377,2026-01-30 00:33:21,993
11026,28,97,2026-01-30 01:15:36,648
11027,382,380,2026-01-30 02:04:56,360
11028,498,407,2026-01-30 03:14:08,1390
11029,402,278,2026-01-30 05:29:05,1527
11030,355,249,2026-01-30 05:38:33,1148
11031,254,392,2026-01-30 05:39:49,1473
11032,288,598,2026-01-30 06:03:50,1223
11033,285,282,2026-01-30 06:18:24,3089
11034,236,92,2026-01-30 06:24:35,1375
11035,489,545,2026-01-30 09:18:34,822
11036,383,47,2026-01-30 09:24:03,928
11037,391,760,2026-01-30 09:34:34,2907
11038,322,569,2026-01-30 09:50:03,647
11039,49,221,2026-01-30 10:20:20,636
11040,262,177,2026-01-30 10:48:51,2456
11041,379,309,2026-01-30 10:53:49,1917
11042,159,391,2026-01-30 10:55:44,578
11043,76,336,2026-01-30 11:05:22,2984
11044,429,769,2026-01-30 11:06:20,17
11045,232,430,2026-01-30 11:29:35,1995
11046,142,369,2026-01-30 12:10:19,164
11047,46,683,2026-01-30 12:27:44,327
11048,227,795,2026-01-30 12:29:09,1768
11049,199,720,2026-01-30 12:46:22,731
11050,285,752,2026-01-30 12:50:48,543
11051,276,691,2026-01-30 13:04:30,3410
11052,477,614,2026-01-30 14:02:50,2384
11053,268,73,2026-01-30 14:15:57,2592
11054,310,144,2026-01-30 14:48:41,1422
11055,29,335,2026-01-30 14:50:07,1018
11056,256,775,2026-01-30 16:05:18,2544
11057,293,420,2026-01-30 17:26:12,1951
11058,14,725,2026-01-30 17:40:22,1950
11059,339,280,2026-01-30 18:15:29,3096
11060,245,754,2026-01-30 18:36:41,2791
11061,320,30,2026-01-30 18:54:43,37
11062,217,540,2026-01-30 19:03:57,2200
11063,52,715,2026-01-30 19:29:48,3088
11064,111,355,2026-01-30 19:43:53,661
11065,385,671,2026-01-30 20:12:56,139
11066,399,375,2026-01-30 20:37:21,793
11067,82,427,2026-01-30 21:34:10,2859
11068,465,710,2026-01-30 22:12:13,528
11069,200,430,2026-01-30 22:25:56,1828
11070,484,115,2026-01-30 22:59:16,3212
11071,480,507,2026-01-30 23:00:49,388
11072,355,346,2026-01-30 23:20:56,1737
11073,189,584,2026-01-30 23:38:17,1732
11074,412,420,2026-01-30 23:44:21,1234
11075,177,472,2026-01-31 01:29:16,2021
11076,469,244,2026-01-31 01:54:45,2256
11077,322,526,2026-01-31 02:03:46,2514
11078,214,68,2026-01-31 02:12:27,755
11079,326,529,2026-01-31 02:57:51,2979
11080,130,210,2026-01-31 03:27:35,842
11081,448,682,2026-01-31 04:08:11,620
11082,424,127,2026-01-31 04:30:29,2156
11083,113,597,2026-01-31 05:57:49,733
11084,8,288,2026-01-31 05:58:29,188
11085,448,431,2026-01-31 06:01:21,2889
11086,458,673,2026-01-31 06:34:38,644
11087,156,44,2026-01-31 06:43:15,1679
11088,76,361,2026-01-31 07:29:00,907
11089,419,613,2026-01-31 08:06:25,251
11090,350,473,2026-01-31 08:21:32,784
11091,99,405,2026-01-31 08:22:32,650
11092,295,115,2026-01-31 08:35:12,2793
11093,452,274,2026-01-31 09:37:42,2733
11094,210,601,2026-01-31 10:00:12,1552
11095,100,399,2026-01-31 10:12:56,2020
11096,35,467,2026-01-31 10:41:13,1171
11097,211,734,2026-01-31 10:53:05,2979
11098,345,185,2026-01-31 11:33:43,1832
11099,140,725,2026-01-31 11:57:57,2209
11100,279,747,2026-01-31 11:59:37,369
11101,71,265,2026-01-31 12:25:48,751
11102,422,484,2026-01-31 13:01:17,20
11103,499,484,2026-01-31 14:49:47,1047
11104,84,272,2026-01-31 16:08:25,1724
11105,381,764,2026-01-31 16:59:42,2846
11106,421,395,2026-01-31 17:11:36,3191
11107,443,26,2026-01-31 17:18:32,1104
11108,296,206,2026-01-31 19:22:40,826
11109,430,733,2026-01-31 20:19:06,370
11110,124,284,2026-01-31 20:53:09,1714
11111,440,318,2026-01-31 21:21:00,1335
11112,280,680,2026-01-31 21:23:22,714
11113,9,300,2026-01-31 22:31:33,2043
11114,352,746,2026-01-31 22:42:28,1553
11115,386,190,2026-01-31 22:46:45,858
11116,117,239,2026-01-31 23:31:34,465
11117,157,327,2026-02-01 00:24:56,1533
11118,146,255,2026-02-01 01:08:57,549
11119,383,44,2026-02-01 01:47:05,1741
11120,308,397,2026-02-01 01:49:28,1506
11121,368,682,2026-02-01 01:54:32,418
11122,478,4,2026-02-01 02:03:18,930
11123,293,626,2026-02-01 02:23:54,2740
11124,432,513,2026-02-01 04:06:01,2776
11125,204,457,2026-02-01 04:13:02,2959
11126,191,121,2026-02-01 04:40:39,32
11127,180,414,2026-02-01 05:18:07,1552
11128,204,137,2026-02-01 05:32:11,623
11129,305,35,2026-02-01 05:45:29,861
11130,469,605,2026-02-01 05:51:02,857
11131,412,57,2026-02-01 06:23:20,2668
11132,219,787,2026-02-01 07:24:50,2737
11133,192,745,2026-02-01 07:28:57,1586
11134,80,192,2026-02-01 07:54:54,22
11135,291,184,2026-02-01 08:13:45,1337
11136,12,329,2026-02-01 08:27:20,223
11137,329,490,2026-02-01 08:37:03,946
11138,483,682,2026-02-01 09:48:10,547
11139,79,750,2026-02-01 09:49:22,908
11140,398,145,2026-02-01 10:14:37,391
11141,470,375,2026-02-01 10:53:27,868
11142,479,385,2026-02-01 11:16:32,839
11143,96,284,2026-02-01 12:30:36,1076
11144,80,429,2026-02-01 12:33:37,2551
11145,282,746,2026-02-01 13:00:32,359
11146,445,649,2026-02-01 13:09:19,2397
11147,174,693,2026-02-01 13:33:44,2329
11148,154,376,2026-02-01 14:35:42,454
11149,71,460,2026-02-01 14:38:57,951
11150,66,669,2026-02-01 14:47:06,724
11151,205,355,2026-02-01 15:15:50,440
11152,454,213,2026-02-01 15:40:41,1896
11153,272,403,2026-02-01 16:02:00,441
11154,146,574,2026-02-01 17:25:06,2959
11155,228,418,2026-02-01 17:40:17,2109
11156,40,19,2026-02-01 19:05:48,1454
11157,398,184,2026-02-01 19:26:05,1428
11158,496,57,2026-02-01 19:57:26,2898
11159,268,686,2026-02-01 20:04:40,817
11160,374,179,2026-02-01 20:46:15,1916
11161,341,333,2026-02-01 21:13:56,1510
11162,74,72,2026-02-01 21:49:42,1074
11163,48,545,2026-02-01 22:24:52,1599
11164,178,239,2026-02-01 22:30:03,75
11165,347,240,2026-02-01 23:25:17,2738
11166,329,496,2026-02-01 23:40:02,3251
11167,221,677,2026-02-02 01:45:57,1367
11168,328,260,2026-02-02 01:52:21,573
11169,404,105,2026-02-02 03:50:58,2586
11170,291,243,2026-02-02 04:16:04,2547
11171,460,705,2026-02-02 04:45:04,2100
11172,199,316,2026-02-02 05:09:06,111
11173,490,384,2026-02-02 05:19:25,1253
11174,308,370,2026-02-02 06:06:55,3177
11175,496,201,2026-02-02 07:27:26,2444
11176,72,6,2026-02-02 07:47:15,1333
11177,238,734,2026-02-02 08:55:10,1257
11178,26,62,2026-02-02 09:31:35,621
11179,27,33,2026-02-02 10:16:25,829
11180,499,703,2026-02-02 11:02:28,1668
11181,351,498,2026-02-02 11:13:15,944
11182,287,185,2026-02-02 11:29:44,1075
11183,340,724,2026-02-02 11:34:34,2809
11184,124,426,2026-02-02 11:36:06,3558
11185,320,530,2026-02-02 12:13:50,1564
11186,269,279,2026-02-02 12:24:57,1122
11187,106,142,2026-02-02 13:34:18,990
11188,262,280,2026-02-02 13:35:41,2532
11189,462,664,2026-02-02 14:54:43,529
11190,469,307,2026-02-02 15:16:21,3013
11191,289,555,2026-02-02 16:58:44,3314
11192,195,409,2026-02-02 17:17:06,1110
11193,269,204,2026-02-02 18:20:51,1360
11194,433,436,2026-02-02 19:06:12,1822
11195,459,545,2026-02-02 20:30:27,1511
11196,138,275,2026-02-02 21:41:58,2827
11197,125,85,2026-02-02 22:25:10,647
11198,72,704,2026-02-02 22:29:08,1929
11199,157,600,2026-02-02 22:36:28,1101
11200,265,95,2026-02-02 23:21:18,1849
11201,491,770,2026-02-02 23:25:18,518
11202,331,702,2026-02-03 00:04:33,648
11203,143,33,2026-02-03 00:30:39,807
11204,343,340,2026-02-03 00:52:38,850
11205,393,551,2026-02-03 01:12:17,1982
11206,40,630,2026-02-03 02:28:02,64
11207,494,743,2026-02-03 04:11:52,1169
11208,447,476,2026-02-03 04:26:27,1292
11209,240,263,2026-02-03 04:51:17,1408
11210,326,225,2026-02-03 05:40:39,72
11211,107,144,2026-02-03 06:55:38,1355
11212,414,363,2026-02-03 08:19:58,3019
11213,491,493,2026-02-03 09:44:42,886
11214,276,179,2026-02-03 11:40:12,199
11215,391,350,2026-02-03 12:02:32,2638
11216,71,278,2026-02-03 13:19:40,1118
11217,451,82,2026-02-03 13:29:39,695
11218,257,514,2026-02-03 15:19:13,1460
11219,353,211,2026-02-03 15:53:07,99
11220,66,795,2026-02-03 16:54:42,1799
11221,231,60,2026-02-03 17:20:15,3205
11222,375,737,2026-02-03 17:38:04,2030
11223,154,260,2026-02-03 18:11:37,626
11224,423,481,2026-02-03 18:14:27,959
11225,53,237,2026-02-03 18:46:33,2130
11226,213,540,2026-02-03 18:46:50,2183
11227,67,306,2026-02-03 18:58:01,818
11228,372,440,2026-02-03 19:14:27,1071
11229,219,542,2026-02-03 19:27:10,1121
11230,414,13,2026-02-03 19:34:02,2876
11231,285,696,2026-02-03 19:41:25,1342
11232,98,698,2026-02-03 20:06:47,1161
11233,430,192,2026-02-03 20:58:59,591
11234,157,189,2026-02-03 21:14:30,850
11235,400,450,2026-02-03 21:33:18,3378
11236,431,561,2026-02-03 23:38:23,149
11237,479,756,2026-02-04 00:01:13,2928
11238,494,506,2026-02-04 00:14:06,443
11239,297,728,2026-02-04 01:06:59,2050
11240,60,577,2026-02-04 02:58:56,2715
11241,113,764,2026-02-04 04:27:31,2692
11242,74,194,2026-02-04 04:37:21,1510
11243,456,80,2026-02-04 05:35:31,819
11244,242,6,2026-02-04 05:41:58,1582
11245,447,144,2026-02-04 06:15:21,2398
11246,68,768,2026-02-04 06:41:26,633
11247,368,368,2026-02-04 07:06:30,1854
11248,271,32,2026-02-04 07:16:17,384
11249,60,16,2026-02-04 07:16:53,1006
11250,93,270,2026-02-04 07:22:32,2974
11251,315,739,2026-02-04 07:56:57,115
11252,291,46,2026-02-04 09:02:09,1393
11253,207,528,2026-02-04 10:34:13,1176
11254,368,440,2026-02-04 12:06:27,980
11255,101,125,2026-02-04 12:18:22,1788
11256,28,158,2026-02-04 12:50:01,1528
11257,202,205,2026-02-04 13:32:36,1663
11258,32,708,2026-02-04 13:42:09,1830
11259,141,91,2026-02-04 14:30:26,749
11260,132,797,2026-02-04 14:37:38,980
11261,154,391,2026-02-04 15:08:20,558
11262,326,676,2026-02-04 15:59:26,515
11263,481,123,2026-02-04 16:06:14,855
11264,9,6,2026-02-04 16:15:36,1542
11265,57,217,2026-02-04 19:25:13,2716
11266,230,523,2026-02-04 19:30:45,702
11267,244,247,2026-02-04 20:43:42,1739
11268,76,333,2026-02-04 21:25:18,1502
11269,354,229,2026-02-04 21:40:54,780
11270,85,658,2026-02-04 21:58:12,1922
11271,121,276,2026-02-04 22:41:40,2549
11272,242,506,2026-02-04 23:29:41,3263
11273,418,448,2026-02-04 23:31:44,143
11274,10,360,2026-02-04 23:56:15,2927
11275,460,391,2026-02-05 02:07:31,378
11276,386,245,2026-02-05 03:40:02,1716
11277,155,521,2026-02-05 03:44:21,1523
11278,203,603,2026-02-05 05:03:14,714
11279,116,89,2026-02-05 05:52:53,1606
11280,180,693,2026-02-05 06:12:05,2380
11281,190,511,2026-02-05 07:26:04,2297
11282,354,218,2026-02-05 07:34:37,2096
11283,371,565,2026-02-05 07:55:10,485
11284,380,551,2026-02-05 09:03:42,895
11285,327,328,2026-02-05 10:15:42,473
11286,45,251,2026-02-05 11:28:38,2842
11287,153,112,2026-02-05 11:42:17,1682
11288,83,413,2026-02-05 12:04:30,3164
11289,34,482,2026-02-05 12:21:44,2635
11290,128,235,2026-02-05 15:55:34,1421
11291,25,433,2026-02-05 16:16:10,918
11292,405,742,2026-02-05 18:08:18,1036
11293,296,239,2026-02-05 18:08:56,59
11294,199,169,2026-02-05 18:31:52,559
11295,435,794,2026-02-05 18:41:40,3257
11296,384,1,2026-02-05 18:50:43,1571
11297,223,632,2026-02-05 18:50:59,686
11298,197,413,2026-02-05 19:02:38,2599
11299,441,570,2026-02-05 19:04:54,542
11300,362,18,2026-02-05 19:05:42,783
11301,113,370,2026-02-05 20:44:55,2684
11302,165,229,2026-02-05 20:54:43,1555
11303,491,269,2026-02-05 20:58:16,2874
11304,323,606,2026-02-05 21:29:38,1999
11305,207,123,2026-02-05 22:45:00,1261
11306,222,224,2026-02-05 23:45:00,1068
11307,303,392,2026-02-06 00:04:13,1659
11308,15,427,2026-02-06 00:27:27,2748
11309,294,681,2026-02-06 00:49:48,1632
11310,124,56,2026-02-06 00:55:28,457
11311,31,680,2026-02-06 01:40:16,798
11312,208,642,2026-02-06 02:32:16,1203
11313,316,100,2026-02-06 04:26:17,1042
11314,179,239,2026-02-06 04:34:21,1795
11315,472,88,2026-02-06 04:47:45,3231
11316,226,743,2026-02-06 05:32:33,1290
11317,415,454,2026-02-06 06:06:33,2728
11318,299,703,2026-02-06 06:11:23,1439
11319,257,81,2026-02-06 06:23:59,2774
11320,45,503,2026-02-06 06:24:06,691
11321,146,45,2026-02-06 06:54:48,2292
11322,113,448,2026-02-06 07:05:32,69
11323,134,109,2026-02-06 07:43:05,2588
11324,328,542,2026-02-06 07:59:53,356
11325,8,93,2026-02-06 08:11:49,598
11326,327,173,2026-02-06 08:26:34,1468
11327,10,262,2026-02-06 08:54:33,1627
11328,460,254,2026-02-06 10:34:52,1982
11329,56,364,2026-02-06 10:40:00,2991
11330,40,595,2026-02-06 10:49:23,1217
11331,137,296,2026-02-06 11:10:46,884
11332,148,331,2026-02-06 11:46:08,1691
11333,452,318,2026-02-06 12:00:26,1759
11334,463,705,2026-02-06 12:49:32,2123
11335,467,407,2026-02-06 13:56:13,1425
11336,250,46,2026-02-06 15:38:16,1460
11337,150,528,2026-02-06 16:07:19,1242
11338,95,715,2026-02-06 16:25:42,3364
11339,404,230,2026-02-06 16:39:51,1547
11340,382,385,2026-02-06 16:54:51,760
11341,326,798,2026-02-06 17:05:29,2280
11342,194,413,2026-02-06 17:25:03,2927
11343,374,588,2026-02-06 17:38:56,2607
11344,235,464,2026-02-06 17:53:23,1125
11345,325,435,2026-02-06 19:34:29,2537
11346,464,304,2026-02-06 20:44:40,3174
11347,306,461,2026-02-06 21:46:48,872
11348,466,476,2026-02-06 21:56:16,1350
11349,406,642,2026-02-06 22:11:31,1144
11350,18,750,2026-02-06 22:14:39,1188
11351,375,255,2026-02-06 23:24:00,556
11352,290,245,2026-02-06 23:40:41,1129
11353,475,681,2026-02-07 00:22:29,2374
11354,208,346,2026-02-07 00:38:48,1620
11355,279,377,2026-02-07 01:20:12,466
11356,387,369,2026-02-07 02:10:12,2110
11357,481,216,2026-02-07 02:22:32,951
11358,171,527,2026-02-07 03:11:10,2170
11359,410,644,2026-02-07 03:40:58,2761
11360,366,795,2026-02-07 03:49:02,1674
11361,178,342,2026-02-07 03:50:14,1129
11362,317,775,2026-02-07 03:57:22,1573
11363,256,701,2026-02-07 04:47:28,170
11364,36,712,2026-02-07 05:19:56,1832
11365,66,193,2026-02-07 06:16:21,635
11366,145,231,2026-02-07 09:08:55,1486
11367,424,504,2026-02-07 09:52:47,2813
11368,280,293,2026-02-07 10:14:41,1634
11369,361,451,2026-02-07 10:50:57,2009
11370,324,324,2026-02-07 11:42:18,2312
11371,217,383,2026-02-07 11:43:52,2902
11372,497,632,2026-02-07 11:58:54,363
11373,357,799,2026-02-07 12:14:49,2144
11374,137,12,2026-02-07 12:22:18,878
11375,253,59,2026-02-07 12:51:03,417
11376,52,382,2026-02-07 13:40:32,1407
11377,33,694,2026-02-07 14:41:42,939
11378,238,114,2026-02-07 14:54:59,291
11379,294,613,2026-02-07 15:46:32,2298
11380,41,529,2026-02-07 16:13:57,3235
11381,12,154,2026-02-07 16:22:11,702
11382,299,664,2026-02-07 16:49:57,1421
11383,160,395,2026-02-07 19:09:06,2153
11384,122,303,2026-02-07 19:42:57,578
11385,132,91,2026-02-07 20:05:53,480
11386,154,336,2026-02-07 20:09:50,766
11387,441,212,2026-02-07 20:46:04,1733
11388,213,774,2026-02-07 20:53:39,1027
11389,211,416,2026-02-07 21:02:11,655
11390,120,525,2026-02-07 21:22:29,2750
11391,10,56,2026-02-07 22:45:41,2426
11392,92,325,2026-02-07 23:01:14,713
11393,45,424,2026-02-07 23:07:54,798
11394,414,403,2026-02-07 23:36:03,584
11395,321,799,2026-02-08 01:01:34,2189
11396,421,213,2026-02-08 01:25:08,982
11397,141,283,2026-02-08 01:42:47,1588
11398,34,702,2026-02-08 01:44:00,670
11399,293,18,2026-02-08 02:15:07,762
11400,388,78,2026-02-08 02:32:55,1031
11401,194,214,2026-02-08 02:45:34,2185
11402,375,414,2026-02-08 02:54:24,1782
11403,470,467,2026-02-08 03:20:28,21
11404,299,107,2026-02-08 04:17:25,760
11405,463,797,2026-02-08 04:28:35,683
11406,136,775,2026-02-08 06:51:44,2508
11407,51,590,2026-02-08 08:48:37,713
11408,477,621,2026-02-08 10:13:33,165
11409,291,693,2026-02-08 10:54:23,2125
11410,487,401,2026-02-08 11:13:44,964
11411,447,566,2026-02-08 11:13:47,2867
11412,57,712,2026-02-08 11:30:41,1764
11413,294,762,2026-02-08 11:51:07,1232
11414,396,217,2026-02-08 12:33:08,41
11415,123,777,2026-02-08 12:50:53,2729
11416,336,638,2026-02-08 12:53:10,1505
11417,293,92,2026-02-08 13:33:57,1246
11418,294,448,2026-02-08 13:42:14,128
11419,242,145,2026-02-08 14:30:18,791
11420,117,721,2026-02-08 15:39:43,2647
11421,186,212,2026-02-08 16:22:25,161
11422,86,729,2026-02-08 16:37:59,2990
11423,368,319,2026-02-08 16:39:07,2118
11424,395,280,2026-02-08 18:51:18,2858
11425,295,260,2026-02-08 18:56:51,401
11426,47,775,2026-02-08 19:10:47,2835
11427,313,552,2026-02-08 19:29:13,1227
11428,147,396,2026-02-08 19:33:39,1563
11429,100,385,2026-02-08 19:37:01,457
11430,221,658,2026-02-08 19:48:18,1402
11431,457,676,2026-02-08 19:54:30,538
11432,498,734,2026-02-08 19:57:25,2374
11433,130,163,2026-02-08 21:13:07,2124
11434,285,743,2026-02-08 21:39:56,660
11435,175,258,2026-02-08 23:11:13,1510
11436,267,797,2026-02-09 01:14:37,995
11437,178,626,2026-02-09 01:33:46,162
11438,47,454,2026-02-09 02:38:13,2732
11439,2,353,2026-02-09 02:38:43,1356
11440,198,708,2026-02-09 02:53:25,2001
11441,297,253,2026-02-09 03:00:13,1190
11442,340,551,2026-02-09 03:14:24,1904
11443,296,602,2026-02-09 04:10:01,1952
11444,334,715,2026-02-09 04:23:26,3172
11445,136,506,2026-02-09 05:50:34,1720
11446,165,685,2026-02-09 07:40:24,654
11447,178,731,2026-02-09 07:50:55,348
11448,96,27,2026-02-09 08:34:29,2173
11449,64,266,2026-02-09 10:20:55,2923
11450,85,289,2026-02-09 10:29:15,981
11451,60,357,2026-02-09 11:23:09,1096
11452,348,244,2026-02-09 11:45:00,531
11453,373,53,2026-02-09 13:39:15,1850
11454,90,22,2026-02-09 13:47:46,1455
11455,305,514,2026-02-09 14:11:06,1601
11456,298,133,2026-02-09 14:45:33,1309
11457,361,608,2026-02-09 14:50:36,1097
11458,348,266,2026-02-09 14:57:28,2784
11459,81,502,2026-02-09 15:15:56,1947
11460,492,595,2026-02-09 15:41:55,140
11461,408,689,2026-02-09 17:36:01,1635
11462,474,140,2026-02-09 17:36:06,1164
11463,405,585,2026-02-09 17:50:57,738
11464,404,628,2026-02-09 18:02:00,1076
11465,109,173,2026-02-09 18:44:55,1385
11466,88,307,2026-02-09 21:15:54,35
11467,243,658,2026-02-09 21:45:50,107
11468,54,503,2026-02-09 22:13:57,370
11469,278,336,2026-02-09 22:14:57,1599
11470,457,576,2026-02-09 22:22:49,2130
11471,490,691,2026-02-09 22:33:35,232
11472,44,800,2026-02-09 22:52:12,556
11473,470,393,2026-02-09 23:04:52,1002
11474,320,736,2026-02-09 23:29:30,1277
11475,471,113,2026-02-09 23:56:59,1581
11476,299,64,2026-02-10 00:08:35,1287
11477,369,501,2026-02-10 00:29:02,829
11478,345,679,2026-02-10 01:44:25,903
11479,309,590,2026-02-10 01:51:33,657
11480,138,779,2026-02-10 02:41:24,1257
11481,351,705,2026-02-10 02:47:15,2202
11482,252,77,2026-02-10 02:53:02,2312
11483,441,189,2026-02-10 02:56:53,2658
11484,391,348,2026-02-10 03:00:48,1189
11485,460,332,2026-02-10 03:25:51,2336
11486,225,688,2026-02-10 04:33:47,2682
11487,46,615,2026-02-10 04:44:20,1844
11488,472,49,2026-02-10 04:59:32,336
11489,115,358,2026-02-10 05:03:25,2690
11490,92,207,2026-02-10 05:43:57,1253
11491,45,382,2026-02-10 06:42:37,1587
11492,331,445,2026-02-10 07:07:57,3326
11493,338,665,2026-02-10 07:26:26,470
11494,193,113,2026-02-10 07:41:56,224
11495,60,116,2026-02-10 07:44:49,2111
11496,318,347,2026-02-10 07:58:40,3037
11497,320,152,2026-02-10 08:08:13,1097
11498,172,121,2026-02-10 09:04:55,1550
11499,217,313,2026-02-10 09:30:11,1076
11500,404,462,2026-02-10 09:46:55,1165
11501,1,717,2026-02-10 10:00:24,276
11502,423,111,2026-02-10 10:12:44,207
11503,93,281,2026-02-10 10:30:06,516
11504,396,272,2026-02-10 10:36:36,2503
11505,42,683,2026-02-10 13:43:57,2335
11506,329,594,2026-02-10 13:56:07,2275
11507,167,67,2026-02-10 14:41:25,2391
11508,447,245,2026-02-10 15:07:46,1691
11509,457,657,2026-02-10 15:31:12,858
11510,132,547,2026-02-10 16:56:50,2185
11511,146,632,2026-02-10 17:02:10,396
11512,36,35,2026-02-10 17:11:56,2451
11513,314,554,2026-02-10 17:27:54,263
11514,479,196,2026-02-10 17:42:43,162
11515,87,399,2026-02-10 18:07:22,1854
11516,429,717,2026-02-10 18:49:15,776
11517,173,578,2026-02-10 19:02:20,2884
11518,221,285,2026-02-10 19:02:21,111
11519,57,59,2026-02-10 19:03:23,2550
11520,51,19,2026-02-10 19:19:12,2849
11521,425,27,2026-02-10 19:23:16,2018
11522,149,594,2026-02-10 19:32:37,1408
11523,101,609,2026-02-10 20:11:58,475
11524,375,446,2026-02-10 21:17:26,2834
11525,290,252,2026-02-10 21:59:01,1476
11526,407,152,2026-02-10 23:30:46,1103
11527,375,128,2026-02-10 23:42:26,167
11528,380,572,2026-02-10 23:47:09,1224
11529,344,245,2026-02-11 00:00:00,616
11530,322,224,2026-02-11 00:56:33,323
11531,238,757,2026-02-11 00:56:53,1585
11532,168,344,2026-02-11 01:40:11,2434
11533,380,734,2026-02-11 02:02:30,3031
11534,226,475,2026-02-11 02:03:27,1021
11535,280,31,2026-02-11 03:10:59,2676
11536,65,270,2026-02-11 03:49:56,2734
11537,498,20,2026-02-11 03:54:36,573
11538,412,354,2026-02-11 04:43:06,1519
11539,48,189,2026-02-11 05:02:54,2414
11540,155,452,2026-02-11 05:29:58,2075
11541,305,401,2026-02-11 05:38:33,215
11542,10,69,2026-02-11 05:41:16,2174
11543,355,602,2026-02-11 06:23:26,1720
11544,154,319,2026-02-11 08:11:37,1994
11545,473,384,2026-02-11 08:30:08,459
11546,283,630,2026-02-11 08:42:47,3283
11547,112,597,2026-02-11 09:06:31,728
11548,235,414,2026-02-11 10:12:10,1642
11549,78,263,2026-02-11 10:42:16,1502
11550,124,107,2026-02-11 10:54:16,744
11551,304,506,2026-02-11 10:58:34,615
11552,286,68,2026-02-11 11:00:14,284
11553,30,485,2026-02-11 11:02:59,1461
11554,22,692,2026-02-11 11:17:54,3010
11555,448,106,2026-02-11 11:23:48,2956
11556,392,796,2026-02-11 12:07:10,1766
11557,311,662,2026-02-11 12:57:06,938
11558,44,473,2026-02-11 13:17:25,852
11559,214,352,2026-02-11 13:31:18,1560
11560,66,446,2026-02-11 13:46:03,221
11561,481,140,2026-02-11 14:00:52,1184
11562,43,688,2026-02-11 15:27:55,2965
11563,110,208,2026-02-11 15:43:00,1061
11564,465,59,2026-02-11 17:41:50,205
11565,115,45,2026-02-11 17:42:54,2336
11566,242,752,2026-02-11 18:08:02,1116
11567,474,790,2026-02-11 18:12:46,3280
11568,58,779,2026-02-11 18:13:39,307
11569,113,332,2026-02-11 18:26:23,2391
11570,379,569,2026-02-11 21:48:34,2814
11571,398,522,2026-02-11 22:38:20,420
11572,122,388,2026-02-11 23:47:30,1076
11573,421,721,2026-02-12 00:06:26,2945
11574,488,534,2026-02-12 01:37:02,2690
11575,333,627,2026-02-12 02:16:54,694
11576,83,99,2026-02-12 02:29:57,2786
11577,263,48,2026-02-12 02:50:22,1497
11578,43,718,2026-02-12 03:21:18,1994
11579,251,270,2026-02-12 03:30:35,2974
11580,69,772,2026-02-12 04:07:40,771
11581,98,710,2026-02-12 04:15:58,282
11582,241,589,2026-02-12 05:00:50,2734
11583,358,727,2026-02-12 05:20:54,2830
11584,224,755,2026-02-12 06:47:33,2303
11585,78,353,2026-02-12 07:15:46,758
11586,249,126,2026-02-12 07:16:13,1949
11587,188,707,2026-02-12 07:29:01,2469
11588,496,456,2026-02-12 07:45:03,955
11589,317,739,2026-02-12 08:23:04,2931
11590,479,134,2026-02-12 08:34:13,545
11591,496,461,2026-02-12 08:47:37,174
11592,112,678,2026-02-12 09:56:45,1294
11593,356,365,2026-02-12 10:19:23,2427
11594,232,642,2026-02-12 11:56:06,1393
11595,163,137,2026-02-12 11:56:11,2933
11596,433,9,2026-02-12 11:57:36,2040
11597,297,218,2026-02-12 12:27:32,2760
11598,323,263,2026-02-12 12:42:57,904
11599,404,120,2026-02-12 12:43:12,1074
11600,428,711,2026-02-12 12:50:33,1136
11601,21,628,2026-02-12 14:26:00,915
11602,135,402,2026-02-12 14:39:45,546
11603,473,48,2026-02-12 15:35:50,1586
11604,214,548,2026-02-12 16:02:09,2031
11605,103,562,2026-02-12 16:34:14,2393
11606,325,186,2026-02-12 16:57:20,1310
11607,118,588,2026-02-12 17:10:13,2535
11608,175,220,2026-02-12 17:21:30,1463
11609,444,23,2026-02-12 17:22:46,2587
11610,372,728,2026-02-12 17:29:48,1935
11611,162,320,2026-02-12 17:55:20,266
11612,85,568,2026-02-12 18:04:27,1728
11613,38,171,2026-02-12 18:36:31,2706
11614,122,266,2026-02-12 19:32:11,3125
11615,447,68,2026-02-12 20:11:33,712
11616,136,696,2026-02-12 20:14:50,1295
11617,286,162,2026-02-12 20:39:08,1346
11618,348,278,2026-02-12 20:55:35,1615
11619,404,684,2026-02-12 20:59:53,1981
11620,403,681,2026-02-12 21:24:34,2474
11621,159,309,2026-02-12 22:07:45,1946
11622,61,645,2026-02-12 22:12:36,844
11623,48,263,2026-02-12 22:37:48,959
11624,113,208,2026-02-12 22:59:49,894
11625,274,133,2026-02-12 23:56:44,1354
11626,60,785,2026-02-13 00:09:47,1908
11627,136,376,2026-02-13 00:10:12,3163
11628,459,344,2026-02-13 00:39:56,2560
11629,227,177,2026-02-13 03:51:06,2016
11630,240,452,2026-02-13 03:55:42,1946
11631,318,693,2026-02-13 04:38:25,2061
11632,314,743,2026-02-13 04:49:34,601
11633,27,732,2026-02-13 05:31:34,2931
11634,289,119,2026-02-13 06:31:01,2758
11635,328,597,2026-02-13 07:09:42,691
11636,479,701,2026-02-13 07:39:15,1128
11637,108,741,2026-02-13 07:48:55,2319
11638,156,545,2026-02-13 08:26:30,1422
11639,19,401,2026-02-13 09:17:00,1572
11640,136,425,2026-02-13 09:30:14,1048
11641,395,650,2026-02-13 09:33:47,1946
11642,362,772,2026-02-13 09:51:31,768
11643,367,182,2026-02-13 11:50:02,2400
11644,491,313,2026-02-13 12:03:26,559
11645,180,86,2026-02-13 12:13:50,2223
11646,232,352,2026-02-13 13:44:58,602
11647,198,768,2026-02-13 13:53:48,634
11648,146,342,2026-02-13 14:58:04,947
11649,72,76,2026-02-13 15:36:39,1203
11650,332,515,2026-02-13 16:44:42,801
11651,498,55,2026-02-13 16:46:52,1215
11652,284,588,2026-02-13 16:57:24,2522
11653,290,719,2026-02-13 17:40:13,1153
11654,21,169,2026-02-13 18:07:58,614
11655,415,512,2026-02-13 19:02:23,1025
11656,24,697,2026-02-13 19:51:29,1283
11657,82,566,2026-02-13 20:24:15,1861
11658,31,701,2026-02-13 23:07:40,1289
11659,340,493,2026-02-13 23:09:01,1281
11660,298,675,2026-02-13 23:12:35,1037
11661,180,606,2026-02-13 23:35:19,69
11662,187,341,2026-02-13 23:42:06,2475
11663,114,259,2026-02-14 00:12:36,2191
11664,200,440,2026-02-14 00:47:37,1046
11665,325,337,2026-02-14 00:58:44,2999
11666,323,89,2026-02-14 01:03:20,598
11667,318,745,2026-02-14 01:09:31,1303
11668,387,715,2026-02-14 01:16:32,2844
11669,192,328,2026-02-14 01:18:55,2880
11670,497,754,2026-02-14 01:26:07,2815
11671,283,333,2026-02-14 02:00:58,1322
11672,199,611,2026-02-14 02:27:56,1469
11673,268,214,2026-02-14 02:31:44,1925
11674,287,515,2026-02-14 03:12:13,1252
11675,488,594,2026-02-14 03:17:58,1446
11676,496,573,2026-02-14 03:32:44,3094
11677,259,593,2026-02-14 04:44:20,2174
11678,348,349,2026-02-14 04:46:15,2525
11679,272,353,2026-02-14 04:50:26,670
11680,161,179,2026-02-14 04:59:29,2100
11681,486,261,2026-02-14 05:06:19,2403
11682,404,240,2026-02-14 05:31:32,2667
11683,255,267,2026-02-14 07:00:06,1185
11684,338,653,2026-02-14 07:27:42,663
11685,151,5,2026-02-14 07:29:19,2610
11686,117,617,2026-02-14 08:11:18,2465
11687,433,86,2026-02-14 08:12:28,137
11688,52,357,2026-02-14 08:15:33,1739
11689,136,175,2026-02-14 08:28:32,2868
11690,268,290,2026-02-14 08:31:59,2802
11691,256,107,2026-02-14 08:38:15,446
11692,465,531,2026-02-14 09:34:17,784
11693,434,80,2026-02-14 12:28:45,754
11694,426,165,2026-02-14 12:34:07,295
11695,234,648,2026-02-14 12:57:40,1385
11696,284,537,2026-02-14 13:02:44,824
11697,434,414,2026-02-14 13:12:42,1577
11698,355,596,2026-02-14 15:14:34,2545
11699,157,105,2026-02-14 16:15:17,2507
11700,96,786,2026-02-14 16:59:23,2852
11701,451,390,2026-02-14 17:42:34,2403
11702,222,345,2026-02-14 17:57:36,291
11703,377,385,2026-02-14 18:46:24,819
11704,215,211,2026-02-14 19:29:54,723
11705,204,70,2026-02-14 19:38:35,577
11706,208,531,2026-02-14 21:15:45,862
11707,71,319,2026-02-14 22:15:39,234
11708,253,309,2026-02-14 22:31:42,1986
11709,127,280,2026-02-15 00:48:14,2404
11710,6,126,2026-02-15 01:01:28,1941
11711,412,571,2026-02-15 01:29:14,1321
11712,293,683,2026-02-15 01:56:50,2156
11713,46,760,2026-02-15 01:57:32,1839
11714,416,313,2026-02-15 02:51:00,1182
11715,161,704,2026-02-15 02:55:25,2055
11716,446,281,2026-02-15 02:56:43,511
11717,96,757,2026-02-15 03:07:02,109
11718,276,158,2026-02-15 03:35:57,954
11719,261,26,2026-02-15 03:50:59,1363
11720,265,660,2026-02-15 05:32:05,2255
11721,210,711,2026-02-15 05:44:58,578
11722,159,696,2026-02-15 06:33:53,1409
11723,450,111,2026-02-15 07:07:38,2282
11724,205,416,2026-02-15 08:09:04,1052
11725,1,496,2026-02-15 08:19:50,2995
11726,68,772,2026-02-15 09:31:59,867
11727,268,664,2026-02-15 10:02:43,1326
11728,483,709,2026-02-15 10:08:09,591
11729,376,284,2026-02-15 10:56:21,1631
11730,448,48,2026-02-15 12:07:55,1670
11731,353,206,2026-02-15 13:00:02,959
11732,359,610,2026-02-15 13:23:29,1168
11733,143,2,2026-02-15 14:12:45,1307
11734,215,709,2026-02-15 14:26:29,465
11735,368,283,2026-02-15 14:40:26,1539
11736,348,301,2026-02-15 15:00:42,2738
11737,147,467,2026-02-15 16:51:46,1142
11738,325,621,2026-02-15 17:39:41,1314
11739,389,442,2026-02-15 18:03:30,112
11740,67,256,2026-02-15 18:41:57,1019
11741,9,15,2026-02-15 20:06:10,1150
11742,5,432,2026-02-15 21:38:16,2043
11743,321,275,2026-02-15 21:39:02,2713
11744,313,151,2026-02-15 21:51:22,1936
11745,264,561,2026-02-15 22:03:19,1309
11746,488,328,2026-02-15 23:20:05,3334
11747,464,179,2026-02-16 00:26:07,1836
11748,74,231,2026-02-16 00:32:08,1432
11749,394,402,2026-02-16 01:38:11,2976
11750,479,660,2026-02-16 01:39:34,2156
11751,332,610,2026-02-16 02:14:11,795
11752,344,169,2026-02-16 03:10:37,425
11753,258,745,2026-02-16 03:11:18,1996
11754,62,617,2026-02-16 03:58:42,2449
11755,363,97,2026-02-16 04:23:40,1793
11756,469,114,2026-02-16 05:42:43,715
11757,355,326,2026-02-16 06:10:36,2667
11758,399,267,2026-02-16 07:17:21,1055
11759,229,135,2026-02-16 07:40:01,965
11760,136,529,2026-02-16 07:58:58,3496
11761,253,270,2026-02-16 08:41:04,2568
11762,176,629,2026-02-16 08:48:21,1096
11763,252,260,2026-02-16 09:17:23,624
11764,269,218,2026-02-16 09:55:28,2771
11765,114,149,2026-02-16 09:55:29,2292
11766,27,410,2026-02-16 10:16:11,3261
11767,127,3,2026-02-16 11:20:38,2305
11768,223,765,2026-02-16 11:40:42,1205
11769,260,365,2026-02-16 12:06:44,2241
11770,48,745,2026-02-16 12:25:39,1807
11771,120,232,2026-02-16 12:48:44,1896
11772,256,785,2026-02-16 13:06:55,3195
11773,274,741,2026-02-16 13:48:06,2479
11774,150,692,2026-02-16 14:10:36,316
11775,348,470,2026-02-16 14:39:55,1581
11776,238,757,2026-02-16 14:58:00,1537
11777,462,45,2026-02-16 15:37:47,3096
11778,277,37,2026-02-16 15:39:24,1305
11779,82,269,2026-02-16 16:19:52,2743
11780,60,461,2026-02-16 16:32:38,863
11781,28,81,2026-02-16 18:22:27,3207
11782,12,66,2026-02-16 18:39:14,1369
11783,356,401,2026-02-16 18:53:56,1762
11784,189,115,2026-02-16 20:11:05,298
11785,444,305,2026-02-16 20:16:44,414
11786,261,578,2026-02-16 20:46:37,3022
11787,64,718,2026-02-16 21:24:51,1891
11788,432,757,2026-02-16 21:38:31,1512
11789,85,294,2026-02-16 22:27:23,2682
11790,346,693,2026-02-17 00:54:43,2548
11791,110,230,2026-02-17 01:32:35,2979
11792,499,124,2026-02-17 01:35:23,2800
11793,10,201,2026-02-17 01:50:29,2491
11794,118,522,2026-02-17 01:59:53,616
11795,190,276,2026-02-17 02:21:15,1953
11796,377,226,2026-02-17 02:29:25,482
11797,408,712,2026-02-17 03:00:27,301
11798,264,642,2026-02-17 03:34:26,1391
11799,395,632,2026-02-17 04:05:28,731
11800,290,474,2026-02-17 04:09:32,1202
11801,69,493,2026-02-17 04:15:22,1368
11802,268,241,2026-02-17 05:03:51,2386
11803,277,406,2026-02-17 06:07:55,1399
11804,215,183,2026-02-17 06:51:37,317
11805,288,425,2026-02-17 07:01:36,1495
11806,278,66,2026-02-17 07:18:27,2927
11807,387,264,2026-02-17 07:47:24,776
11808,195,716,2026-02-17 07:47:44,3108
11809,448,263,2026-02-17 08:20:14,669
11810,280,360,2026-02-17 09:11:54,90
11811,86,451,2026-02-17 09:18:52,2017
11812,236,235,2026-02-17 09:33:54,46
11813,24,539,2026-02-17 09:38:00,2929
11814,438,230,2026-02-17 09:40:49,123
11815,475,185,2026-02-17 10:25:58,1944
11816,59,704,2026-02-17 11:07:03,2087
11817,492,748,2026-02-17 13:06:23,1788
11818,36,124,2026-02-17 13:24:20,2511
11819,198,393,2026-02-17 14:48:02,1055
11820,237,450,2026-02-17 15:14:09,3286
11821,239,452,2026-02-17 15:18:43,1940
11822,141,418,2026-02-17 15:22:48,105
11823,488,404,2026-02-17 15:55:15,2953
11824,147,778,2026-02-17 16:38:10,1200
11825,119,266,2026-02-17 16:50:14,3093
11826,321,610,2026-02-17 17:16:09,965
11827,388,411,2026-02-17 17:16:33,3045
11828,391,510,2026-02-17 17:39:57,1233
11829,167,248,2026-02-17 18:01:37,2568
11830,279,66,2026-02-17 18:04:38,39
11831,436,720,2026-02-17 19:23:49,706
11832,429,531,2026-02-17 21:06:41,677
11833,245,655,2026-02-17 21:08:02,499
11834,382,49,2026-02-17 21:33:18,334
11835,376,528,2026-02-17 21:38:03,59
11836,77,165,2026-02-17 21:42:24,833
11837,448,379,2026-02-17 22:14:49,414
11838,146,788,2026-02-17 22:18:30,790
11839,266,507,2026-02-17 22:36:55,3436
11840,409,449,2026-02-17 23:48:46,2147
11841,418,78,2026-02-18 00:01:36,970
11842,286,397,2026-02-18 00:11:28,1752
11843,65,6,2026-02-18 00:43:46,1395
11844,220,624,2026-02-18 00:55:06,987
11845,193,88,2026-02-18 01:13:46,3037
11846,310,210,2026-02-18 01:15:08,2139
11847,395,506,2026-02-18 01:46:03,3059
11848,40,181,2026-02-18 02:34:54,3194
11849,112,324,2026-02-18 02:46:49,2621
11850,58,375,2026-02-18 02:48:29,790
11851,463,399,2026-02-18 03:16:43,1262
11852,377,105,2026-02-18 05:22:07,2258
11853,409,792,2026-02-18 06:03:26,2145
11854,345,188,2026-02-18 06:45:09,782
11855,131,29,2026-02-18 06:59:54,2125
11856,454,714,2026-02-18 07:42:14,588
11857,24,577,2026-02-18 08:23:08,2644
11858,333,121,2026-02-18 08:36:33,902
11859,338,429,2026-02-18 10:09:51,2684
11860,106,27,2026-02-18 10:20:08,790
11861,382,273,2026-02-18 11:21:27,303
11862,244,359,2026-02-18 11:21:42,76
11863,350,548,2026-02-18 13:14:21,1836
11864,378,669,2026-02-18 13:18:04,427
11865,289,630,2026-02-18 13:22:38,3416
11866,417,335,2026-02-18 13:27:34,48
11867,140,637,2026-02-18 13:45:36,2193
11868,173,94,2026-02-18 14:01:14,593
11869,207,553,2026-02-18 14:16:33,526
11870,468,596,2026-02-18 14:28:25,2502
11871,451,102,2026-02-18 15:49:12,102
11872,281,464,2026-02-18 16:25:34,1197
11873,85,143,2026-02-18 16:27:04,1462
11874,374,675,2026-02-18 16:37:50,961
11875,173,632,2026-02-18 16:56:35,456
11876,81,784,2026-02-18 17:54:26,1441
11877,451,293,2026-02-18 18:16:21,1699
11878,162,641,2026-02-18 19:04:35,322
11879,163,559,2026-02-18 19:49:29,1371
11880,495,451,2026-02-18 19:54:28,1322
11881,249,533,2026-02-18 20:26:09,284
11882,458,83,2026-02-18 21:41:49,2628
11883,93,415,2026-02-18 22:00:21,2747
11884,312,712,2026-02-18 22:03:35,1860
11885,107,478,2026-02-18 22:11:15,1683
11886,58,512,2026-02-18 22:48:54,945
11887,36,293,2026-02-18 23:32:32,1773
11888,13,696,2026-02-19 00:27:19,1309
11889,314,371,2026-02-19 02:06:05,2088
11890,383,536,2026-02-19 02:47:17,794
11891,139,585,2026-02-19 03:22:06,264
11892,168,731,2026-02-19 04:14:14,2277
11893,304,240,2026-02-19 04:44:35,3254
11894,250,792,2026-02-19 05:15:01,2471
11895,208,194,2026-02-19 05:28:28,1338
11896,24,359,2026-02-19 05:39:37,659
11897,4,677,2026-02-19 05:41:29,1536
11898,344,715,2026-02-19 05:42:38,1591
11899,225,165,2026-02-19 06:06:41,832
11900,18,555,2026-02-19 07:54:20,2989
11901,474,661,2026-02-19 08:42:37,207
11902,303,407,2026-02-19 09:16:11,573
11903,271,549,2026-02-19 09:24:28,1420
11904,172,518,2026-02-19 09:55:15,2595
11905,308,683,2026-02-19 11:29:58,2292
11906,42,437,2026-02-19 12:38:14,774
11907,208,338,2026-02-19 12:39:48,336
11908,459,520,2026-02-19 12:43:11,1146
11909,244,199,2026-02-19 12:50:12,2892
11910,261,784,2026-02-19 12:54:12,2541
11911,245,699,2026-02-19 13:13:07,2483
11912,327,351,2026-02-19 13:14:08,1952
11913,98,320,2026-02-19 13:37:16,528
11914,386,737,2026-02-19 13:54:14,801
11915,187,316,2026-02-19 14:47:30,548
11916,165,437,2026-02-19 15:23:36,767
11917,44,658,2026-02-19 15:34:25,1950
11918,200,411,2026-02-19 15:41:02,3051
11919,277,59,2026-02-19 16:11:21,2605
11920,301,154,2026-02-19 17:22:47,187
11921,122,105,2026-02-19 17:22:52,2565
11922,366,419,2026-02-19 18:38:30,222
11923,159,578,2026-02-19 19:16:07,3070
11924,172,337,2026-02-19 20:41:34,3167
11925,104,744,2026-02-19 20:53:45,810
11926,298,255,2026-02-19 21:40:46,572
11927,167,592,2026-02-19 22:46:13,1725
11928,323,179,2026-02-19 23:33:30,2186
11929,220,446,2026-02-20 00:15:25,2559
11930,470,715,2026-02-20 00:48:09,2855
11931,78,550,2026-02-20 01:09:14,2668
11932,459,172,2026-02-20 01:32:31,1322
11933,239,575,2026-02-20 01:54:37,425
11934,408,263,2026-02-20 02:47:52,1511
11935,458,72,2026-02-20 02:51:39,1379
11936,356,498,2026-02-20 03:10:42,1428
11937,375,624,2026-02-20 03:43:15,1000
11938,32,777,2026-02-20 04:33:09,106
11939,60,371,2026-02-20 05:49:38,2269
11940,300,161,2026-02-20 05:49:40,1766
11941,443,405,2026-02-20 06:51:22,785
11942,148,140,2026-02-20 06:57:37,1152
11943,13,113,2026-02-20 08:53:31,2685
11944,452,699,2026-02-20 09:24:54,263
11945,465,301,2026-02-20 09:57:46,2469
11946,287,385,2026-02-20 11:34:34,320
11947,5,467,2026-02-20 11:57:53,1276
11948,476,136,2026-02-20 12:03:14,2081
11949,438,699,2026-02-20 12:04:12,1523
11950,53,502,2026-02-20 12:40:33,1180
11951,495,653,2026-02-20 13:18:00,359
11952,195,287,2026-02-20 13:37:59,1594
11953,271,702,2026-02-20 15:39:32,731
11954,313,736,2026-02-20 15:42:07,1327
11955,332,134,2026-02-20 15:50:18,693
11956,270,297,2026-02-20 16:18:18,1694
11957,212,221,2026-02-20 16:36:06,1676
11958,342,18,2026-02-20 17:10:37,20
11959,411,581,2026-02-20 17:10:41,2055
11960,367,604,2026-02-20 18:00:30,1702
11961,173,591,2026-02-20 18:00:41,2907
11962,294,397,2026-02-20 18:11:26,1678
11963,173,639,2026-02-20 18:12:01,2476
11964,340,602,2026-02-20 18:16:19,1691
11965,477,73,2026-02-20 18:46:29,49
11966,259,559,2026-02-20 19:11:32,2740
11967,127,764,2026-02-20 20:35:22,2299
11968,68,69,2026-02-20 21:19:29,1557
11969,4,35,2026-02-20 21:31:39,1433
11970,182,148,2026-02-20 21:41:57,521
11971,283,442,2026-02-20 21:56:39,833
11972,170,725,2026-02-20 22:02:09,2252
11973,73,188,2026-02-20 22:43:41,301
11974,165,273,2026-02-20 22:56:13,815
11975,178,392,2026-02-20 23:56:33,1635
11976,111,715,2026-02-21 00:15:43,3287
11977,428,34,2026-02-21 00:27:11,2046
11978,348,529,2026-02-21 01:16:01,2944
11979,389,538,2026-02-21 01:34:49,2355
11980,97,576,2026-02-21 02:43:33,2231
11981,454,342,2026-02-21 02:47:22,204
11982,28,312,2026-02-21 04:57:20,1540
11983,101,715,2026-02-21 05:05:19,673
11984,237,255,2026-02-21 05:21:23,573
11985,81,472,2026-02-21 05:44:34,2001
11986,80,714,2026-02-21 06:44:09,1766
11987,66,346,2026-02-21 07:44:16,320
11988,272,216,2026-02-21 08:12:58,2336
11989,71,238,2026-02-21 08:54:34,1469
11990,211,263,2026-02-21 09:23:18,1425
11991,16,255,2026-02-21 10:00:05,691
11992,379,303,2026-02-21 10:15:43,2415
11993,85,64,2026-02-21 10:27:01,1532
11994,417,124,2026-02-21 10:29:50,2391
11995,111,224,2026-02-21 10:53:22,388
11996,28,595,2026-02-21 10:53:29,1926
11997,22,680,2026-02-21 11:33:43,773
11998,374,542,2026-02-21 11:43:03,2163
11999,150,683,2026-02-21 11:58:05,2208
12000,156,160,2026-02-21 12:02:27,436
12001,200,536,2026-02-21 12:15:13,1489
12002,431,787,2026-02-21 12:34:29,2784
12003,90,507,2026-02-21 13:51:33,2858
12004,75,369,2026-02-21 15:55:19,1289
12005,313,287,2026-02-21 16:15:08,630
12006,47,435,2026-02-21 16:32:26,2674
12007,90,196,2026-02-21 16:53:44,1224
12008,281,461,2026-02-21 17:10:23,56
12009,375,718,2026-02-21 17:44:48,873
12010,231,638,2026-02-21 18:07:18,1252
12011,302,252,2026-02-21 18:22:19,2868
12012,76,773,2026-02-21 18:44:32,1047
12013,328,360,2026-02-21 19:35:18,1787
12014,153,495,2026-02-21 20:25:09,2285
12015,448,793,2026-02-21 21:48:19,3008
12016,183,522,2026-02-21 21:59:39,408
12017,183,308,2026-02-21 22:38:56,1610
12018,496,637,2026-02-21 23:05:00,2051
12019,451,568,2026-02-21 23:23:58,1713
12020,126,730,2026-02-22 00:23:59,2202
12021,271,106,2026-02-22 01:06:45,2765
12022,449,658,2026-02-22 01:43:34,1919
12023,269,728,2026-02-22 01:43:53,1111
12024,320,22,2026-02-22 01:44:01,1261
12025,51,734,2026-02-22 01:48:37,3111
12026,50,45,2026-02-22 02:36:55,2874
12027,280,126,2026-02-22 03:07:42,2122
12028,447,391,2026-02-22 03:29:45,521
12029,312,29,2026-02-22 04:08:41,61
12030,427,130,2026-02-22 05:12:41,3130
12031,374,191,2026-02-22 05:18:51,2946
12032,183,777,2026-02-22 06:45:43,2811
12033,31,400,2026-02-22 09:40:40,426
12034,399,99,2026-02-22 10:24:43,2666
12035,313,11,2026-02-22 10:29:21,2852
12036,438,416,2026-02-22 10:46:57,1089
12037,398,69,2026-02-22 10:50:55,2280
12038,43,596,2026-02-22 12:25:33,2502
12039,89,509,2026-02-22 12:32:08,825
12040,243,253,2026-02-22 12:52:00,948
12041,426,144,2026-02-22 13:18:05,1284
12042,414,208,2026-02-22 13:46:46,987
12043,422,652,2026-02-22 14:13:38,178
12044,410,210,2026-02-22 15:15:52,2295
12045,397,81,2026-02-22 15:54:53,3152
12046,203,215,2026-02-22 16:08:22,2019
12047,355,396,2026-02-22 17:02:15,1536
12048,334,69,2026-02-22 17:03:20,2098
12049,108,359,2026-02-22 17:19:48,53
12050,186,635,2026-02-22 17:45:13,1265
12051,49,153,2026-02-22 18:32:08,2494
12052,477,592,2026-02-22 18:58:50,1606
12053,121,367,2026-02-22 20:31:27,3131
12054,143,710,2026-02-22 21:24:35,166
12055,385,495,2026-02-22 22:27:42,1284
12056,355,134,2026-02-22 22:41:11,673
12057,354,114,2026-02-22 23:27:35,765
12058,479,240,2026-02-22 23:40:40,2842
12059,399,480,2026-02-23 00:36:38,2146
12060,226,783,2026-02-23 00:51:43,1431
12061,342,531,2026-02-23 00:59:10,419
12062,68,166,2026-02-23 01:09:36,2080
12063,3,133,2026-02-23 01:22:59,278
12064,223,497,2026-02-23 02:22:36,870
12065,385,745,2026-02-23 02:36:29,1635
12066,180,126,2026-02-23 04:35:46,2212
12067,251,305,2026-02-23 04:45:34,621
12068,436,777,2026-02-23 05:23:20,2535
12069,371,284,2026-02-23 07:11:23,1128
12070,10,700,2026-02-23 07:18:03,637
12071,449,745,2026-02-23 07:34:43,1908
12072,118,472,2026-02-23 07:34:52,2016
12073,290,468,2026-02-23 07:58:56,299
12074,267,634,2026-02-23 08:12:52,2341
12075,384,199,2026-02-23 08:22:21,2334
12076,445,800,2026-02-23 08:25:38,339
12077,94,459,2026-02-23 09:46:13,687
12078,297,8,2026-02-23 09:54:11,505
12079,57,225,2026-02-23 10:26:24,3260
12080,452,506,2026-02-23 10:59:08,3133
12081,72,167,2026-02-23 11:13:05,996
12082,321,684,2026-02-23 11:19:42,1287
12083,376,313,2026-02-23 11:51:38,48
12084,144,137,2026-02-23 12:09:19,3178
12085,348,559,2026-02-23 14:23:33,2883
12086,471,787,2026-02-23 14:50:23,2814
12087,28,129,2026-02-23 14:58:18,239
12088,279,204,2026-02-23 15:05:02,1246
12089,387,194,2026-02-23 15:15:18,1368
12090,319,312,2026-02-23 15:56:05,1764
12091,356,329,2026-02-23 17:14:50,590
12092,330,318,2026-02-23 18:10:29,819
12093,357,166,2026-02-23 18:11:38,2087
12094,437,323,2026-02-23 18:41:54,2027
12095,108,91,2026-02-23 18:54:36,688
12096,56,408,2026-02-23 19:10:12,1797
12097,154,190,2026-02-23 20:13:46,1460
12098,50,348,2026-02-23 20:48:25,416
12099,152,621,2026-02-24 01:04:30,1781
12100,347,266,2026-02-24 01:32:13,2806
12101,478,692,2026-02-24 01:38:43,1064
12102,191,659,2026-02-24 01:39:52,376
12103,93,435,2026-02-24 01:57:09,2690
12104,141,612,2026-02-24 02:16:52,1965
12105,179,104,2026-02-24 03:06:27,752
12106,212,169,2026-02-24 04:24:38,526
12107,308,334,2026-02-24 05:00:52,936
12108,273,158,2026-02-24 05:59:53,1062
12109,27,609,2026-02-24 07:08:38,802
12110,176,582,2026-02-24 08:13:04,1520
12111,187,687,2026-02-24 09:59:35,2687
12112,469,562,2026-02-24 11:17:36,2323
12113,133,100,2026-02-24 12:22:33,961
12114,197,596,2026-02-24 12:56:39,2546
12115,77,381,2026-02-24 13:37:58,2069
12116,147,659,2026-02-24 13:45:36,818
12117,386,347,2026-02-24 13:48:50,3076
12118,266,231,2026-02-24 15:00:43,258
12119,353,676,2026-02-24 15:09:29,539
12120,423,270,2026-02-24 15:33:22,3016
12121,427,539,2026-02-24 16:04:22,2836
12122,33,545,2026-02-24 17:09:48,46
12123,129,118,2026-02-24 17:18:17,2315
12124,309,511,2026-02-24 18:26:02,2404
12125,391,479,2026-02-24 20:05:03,685
12126,369,586,2026-02-24 20:33:06,1742
12127,11,360,2026-02-24 20:49:55,2460
12128,413,781,2026-02-24 20:57:27,615
12129,309,548,2026-02-24 20:58:37,2008
12130,63,493,2026-02-24 21:25:28,675
12131,73,455,2026-02-24 21:27:09,1916
12132,86,171,2026-02-24 21:55:00,2455
12133,411,514,2026-02-24 22:37:25,1663
12134,236,31,2026-02-24 22:42:20,2406
12135,232,700,2026-02-25 00:01:19,496
12136,60,38,2026-02-25 00:23:28,116
12137,92,262,2026-02-25 00:29:32,1928
12138,442,155,2026-02-25 00:57:38,2384
12139,292,589,2026-02-25 01:12:45,2950
12140,92,410,2026-02-25 01:13:28,2854
12141,27,525,2026-02-25 01:17:39,367
12142,431,55,2026-02-25 02:06:39,710
12143,297,368,2026-02-25 02:11:15,1730
12144,110,330,2026-02-25 04:03:21,503
12145,139,154,2026-02-25 04:19:57,1459
12146,185,583,2026-02-25 04:37:12,1747
12147,467,497,2026-02-25 04:43:00,2170
12148,368,429,2026-02-25 05:58:04,1695
12149,478,290,2026-02-25 06:46:03,141
12150,145,584,2026-02-25 06:56:25,1627
12151,105,776,2026-02-25 07:32:12,2501
12152,74,232,2026-02-25 07:40:01,2385
12153,405,215,2026-02-25 08:20:38,2041
12154,266,547,2026-02-25 11:14:08,2224
12155,459,443,2026-02-25 11:39:31,1535
12156,376,383,2026-02-25 12:14:49,2890
12157,379,54,2026-02-25 12:17:16,1361
12158,193,588,2026-02-25 12:43:16,2657
12159,406,525,2026-02-25 13:19:40,2956
12160,23,126,2026-02-25 13:55:07,2132
12161,471,780,2026-02-25 14:07:39,2896
12162,309,341,2026-02-25 14:14:33,1084
12163,393,345,2026-02-25 15:19:36,562
12164,329,401,2026-02-25 15:41:28,1763
12165,107,129,2026-02-25 15:58:39,1417
12166,474,705,2026-02-25 16:18:29,2230
12167,370,449,2026-02-25 16:20:51,2177
12168,68,758,2026-02-25 16:25:34,1620
12169,378,538,2026-02-25 16:32:53,121
12170,38,564,2026-02-25 17:07:30,1367
12171,234,292,2026-02-25 17:10:23,807
12172,21,258,2026-02-25 17:30:24,2998
12173,163,445,2026-02-25 17:46:00,3238
12174,108,401,2026-02-25 17:58:54,1053
12175,59,214,2026-02-25 18:35:32,1967
12176,72,181,2026-02-25 19:21:32,1044
12177,387,188,2026-02-25 19:39:07,50
12178,498,585,2026-02-25 19:55:26,631
12179,330,551,2026-02-25 19:55:52,2198
12180,256,741,2026-02-25 20:22:42,401
12181,103,344,2026-02-25 20:27:00,2589
12182,478,763,2026-02-25 20:29:21,1353
12183,378,356,2026-02-25 20:56:48,2070
12184,302,697,2026-02-25 21:19:47,1309
12185,35,240,2026-02-25 21:34:41,1014
12186,453,486,2026-02-25 22:05:49,2825
12187,456,330,2026-02-25 22:19:58,233
12188,152,617,2026-02-25 22:28:33,2714
12189,116,619,2026-02-25 23:14:46,736
12190,211,594,2026-02-25 23:37:30,2108
12191,431,152,2026-02-25 23:48:37,1141
12192,281,15,2026-02-26 00:06:22,1300
12193,128,576,2026-02-26 00:07:13,960
12194,234,766,2026-02-26 00:50:12,2358
12195,208,72,2026-02-26 01:55:39,853
12196,345,424,2026-02-26 02:35:15,58
12197,462,431,2026-02-26 03:20:38,460
12198,56,518,2026-02-26 03:54:52,1020
12199,490,625,2026-02-26 04:41:44,2619
12200,487,593,2026-02-26 05:04:05,1783
12201,318,503,2026-02-26 05:34:20,773
12202,176,731,2026-02-26 06:47:54,2413
12203,333,151,2026-02-26 07:04:32,518
12204,349,573,2026-02-26 08:38:33,2967
12205,4,493,2026-02-26 08:41:24,531
12206,335,689,2026-02-26 08:56:48,1940
12207,226,532,2026-02-26 09:10:42,982
12208,390,317,2026-02-26 09:19:47,290
12209,105,315,2026-02-26 10:16:57,2828
12210,128,498,2026-02-26 10:48:46,668
12211,48,508,2026-02-26 12:08:44,2783
12212,256,45,2026-02-26 13:40:39,1783
12213,328,195,2026-02-26 14:02:57,416
12214,468,71,2026-02-26 15:02:23,929
12215,123,757,2026-02-26 15:07:39,1779
12216,90,246,2026-02-26 15:21:48,1072
12217,383,157,2026-02-26 15:28:15,788
12218,165,622,2026-02-26 18:30:01,1165
12219,193,781,2026-02-26 19:04:33,455
12220,459,68,2026-02-26 19:21:23,722
12221,404,443,2026-02-26 19:36:33,2756
12222,45,707,2026-02-26 19:57:33,2330
12223,360,192,2026-02-26 20:57:33,642
12224,11,309,2026-02-26 22:16:44,1275
12225,364,560,2026-02-26 23:30:53,1938
12226,495,317,2026-02-26 23:42:42,141
12227,486,154,2026-02-26 23:55:32,1480
12228,25,397,2026-02-27 00:02:54,1512
12229,83,333,2026-02-27 00:26:03,1313
12230,407,518,2026-02-27 01:05:39,3084
12231,466,427,2026-02-27 01:48:37,2780
12232,289,25,2026-02-27 02:43:34,1740
12233,330,601,2026-02-27 02:48:22,1637
12234,384,15,2026-02-27 02:53:07,1137
12235,145,491,2026-02-27 03:04:20,1012
12236,226,573,2026-02-27 03:11:11,2917
12237,198,230,2026-02-27 03:37:53,1972
12238,131,303,2026-02-27 03:47:08,1159
12239,283,668,2026-02-27 03:50:50,68
12240,31,221,2026-02-27 04:06:41,1719
12241,123,220,2026-02-27 04:26:17,2975
12242,440,25,2026-02-27 04:30:15,1923
12243,380,379,2026-02-27 05:47:08,582
12244,440,544,2026-02-27 06:39:45,736
12245,19,271,2026-02-27 06:42:34,90
12246,430,287,2026-02-27 07:06:06,985
12247,58,733,2026-02-27 07:11:27,1979
12248,431,315,2026-02-27 07:17:33,3090
12249,147,667,2026-02-27 07:41:55,906
12250,119,58,2026-02-27 07:46:34,193
12251,23,683,2026-02-27 08:04:47,2483
12252,399,84,2026-02-27 08:38:33,1075
12253,180,242,2026-02-27 09:07:02,1949
12254,309,156,2026-02-27 09:08:39,1527
12255,376,768,2026-02-27 09:42:05,1127
12256,495,584,2026-02-27 10:19:22,1783
12257,227,201,2026-02-27 10:25:42,970
12258,428,630,2026-02-27 10:32:08,3228
12259,441,362,2026-02-27 12:10:06,2630
12260,337,61,2026-02-27 12:50:11,1125
12261,273,19,2026-02-27 13:03:20,2593
12262,254,691,2026-02-27 14:14:19,3151
12263,305,379,2026-02-27 14:47:27,136
12264,381,287,2026-02-27 15:14:43,1371
12265,190,609,2026-02-27 15:24:12,86
12266,23,118,2026-02-27 16:30:27,1876
12267,464,519,2026-02-27 17:06:51,2940
12268,421,456,2026-02-27 18:26:56,1056
12269,324,62,2026-02-27 18:33:27,16
12270,376,226,2026-02-27 20:35:18,696
12271,124,317,2026-02-27 21:29:46,907
12272,90,98,2026-02-27 22:24:49,1888
12273,436,632,2026-02-27 23:09:55,756
12274,53,507,2026-02-27 23:19:56,3228
12275,423,560,2026-02-27 23:41:17,2290
12276,82,262,2026-02-27 23:52:10,1954
12277,25,34,2026-02-28 00:15:55,1351
12278,363,343,2026-02-28 00:29:56,1877
12279,20,655,2026-02-28 01:03:03,35
12280,383,274,2026-02-28 01:40:01,413
12281,191,661,2026-02-28 02:15:55,1098
12282,446,140,2026-02-28 02:49:17,1046
12283,480,690,2026-02-28 02:57:56,344
12284,160,186,2026-02-28 04:00:17,905
12285,273,727,2026-02-28 04:23:20,2640
12286,482,727,2026-02-28 04:53:23,1342
12287,303,192,2026-02-28 04:56:39,671
12288,430,762,2026-02-28 05:04:10,2256
12289,78,6,2026-02-28 05:21:07,1540
12290,410,376,2026-02-28 06:07:37,2853
12291,417,364,2026-02-28 08:03:42,2748
12292,6,297,2026-02-28 08:51:29,942
12293,186,581,2026-02-28 10:17:19,2175
12294,200,529,2026-02-28 10:31:28,3050
12295,253,212,2026-02-28 10:58:03,809
12296,74,624,2026-02-28 11:13:43,199
12297,55,704,2026-02-28 12:19:59,1779
12298,60,659,2026-02-28 12:21:45,375
12299,293,480,2026-02-28 12:32:15,1992
12300,214,221,2026-02-28 12:42:11,810
12301,148,240,2026-02-28 12:42:15,2876
12302,134,771,2026-02-28 13:21:56,2440
12303,182,22,2026-02-28 13:30:39,1300
12304,75,541,2026-02-28 14:03:04,1698
12305,42,239,2026-02-28 14:18:24,3194
12306,168,701,2026-02-28 16:22:27,1342
12307,116,147,2026-02-28 16:37:42,2063
12308,179,352,2026-02-28 16:51:37,985
12309,267,425,2026-02-28 17:20:45,1013
12310,398,557,2026-02-28 17:31:54,610
12311,86,205,2026-02-28 17:52:03,3266
12312,247,63,2026-02-28 18:36:05,1053
12313,72,489,2026-02-28 20:06:53,2292
12314,181,352,2026-02-28 20:09:08,1771
12315,287,52,2026-02-28 20:44:59,1572
12316,15,520,2026-02-28 21:01:50,103
12317,275,748,2026-02-28 21:03:55,131
12318,48,260,2026-02-28 21:13:32,329
12319,243,231,2026-02-28 22:16:18,1652
12320,297,48,2026-02-28 22:22:46,1557
12321,47,547,2026-03-01 00:26:57,2320
12322,485,68,2026-03-01 01:08:57,780
12323,389,40,2026-03-01 01:41:33,2864
12324,497,419,2026-03-01 01:53:00,58
12325,97,742,2026-03-01 02:02:38,373
12326,165,330,2026-03-01 02:07:47,1523
12327,98,298,2026-03-01 03:47:14,2160
12328,438,663,2026-03-01 03:49:31,618
12329,286,58,2026-03-01 04:39:51,621
12330,74,770,2026-03-01 05:27:33,3455
12331,317,440,2026-03-01 05:58:30,969
12332,360,108,2026-03-01 06:04:35,497
12333,388,185,2026-03-01 06:36:57,1763
12334,232,282,2026-03-01 07:17:50,2977
12335,334,772,2026-03-01 07:39:11,922
12336,220,195,2026-03-01 07:41:56,2991
12337,119,426,2026-03-01 07:55:27,2049
12338,486,237,2026-03-01 08:11:44,2036
12339,125,55,2026-03-01 08:47:25,1158
12340,169,544,2026-03-01 10:38:36,451
12341,385,553,2026-03-01 11:04:14,806
12342,34,51,2026-03-01 11:16:03,399
12343,255,289,2026-03-01 11:18:19,1002
12344,203,403,2026-03-01 11:41:18,547
12345,205,17,2026-03-01 12:09:51,1495
12346,427,520,2026-03-01 13:03:12,1285
12347,317,217,2026-03-01 13:10:22,2565
12348,466,628,2026-03-01 13:51:14,1065
12349,413,614,2026-03-01 13:51:48,2521
12350,415,345,2026-03-01 14:24:14,507
12351,167,299,2026-03-01 15:38:48,1893
12352,212,466,2026-03-01 16:24:31,2786
12353,424,659,2026-03-01 16:28:42,745
12354,32,92,2026-03-01 17:05:52,462
12355,199,450,2026-03-01 17:12:09,2113
12356,378,659,2026-03-01 17:13:53,721
12357,179,604,2026-03-01 18:05:48,643
12358,246,755,2026-03-01 18:31:21,1526
12359,457,230,2026-03-01 19:35:59,2701
12360,302,468,2026-03-01 20:59:04,662
12361,205,154,2026-03-01 21:29:29,1377
12362,338,52,2026-03-01 22:53:17,2255
12363,239,604,2026-03-01 23:16:16,1949
12364,111,655,2026-03-01 23:31:37,883
12365,40,486,2026-03-02 00:00:56,2850
12366,187,429,2026-03-02 00:06:13,1046
12367,487,465,2026-03-02 01:44:38,1649
12368,73,393,2026-03-02 03:10:06,1212
12369,225,226,2026-03-02 04:07:27,669
12370,181,703,2026-03-02 04:24:31,1594
12371,154,308,2026-03-02 06:04:33,1534
12372,2,38,2026-03-02 06:05:16,781
12373,234,776,2026-03-02 07:23:54,2589
12374,120,663,2026-03-02 07:52:38,620
12375,51,398,2026-03-02 08:12:38,2509
12376,360,625,2026-03-02 08:16:49,2554
12377,451,136,2026-03-02 11:10:13,2238
12378,119,663,2026-03-02 11:29:50,549
12379,232,438,2026-03-02 12:22:29,1125
12380,191,132,2026-03-02 12:29:07,2954
12381,411,464,2026-03-02 14:04:40,965
12382,287,283,2026-03-02 14:12:18,677
12383,400,513,2026-03-02 14:38:58,2358
12384,470,153,2026-03-02 15:31:24,2363
12385,458,658,2026-03-02 16:38:32,1583
12386,437,657,2026-03-02 17:29:08,935
12387,275,697,2026-03-02 18:42:43,1393
12388,213,724,2026-03-02 19:14:29,281
12389,88,566,2026-03-02 19:44:04,2638
12390,14,149,2026-03-02 19:49:17,1653
12391,151,398,2026-03-02 19:50:59,2564
12392,48,485,2026-03-02 20:18:30,1504
12393,210,188,2026-03-02 21:29:44,814
12394,27,306,2026-03-02 21:46:00,1197
12395,101,773,2026-03-02 21:50:06,2955
12396,374,535,2026-03-02 23:34:45,1694
12397,96,793,2026-03-02 23:38:22,2836
12398,393,261,2026-03-03 00:14:41,2201
12399,452,304,2026-03-03 00:31:04,1287
12400,284,269,2026-03-03 01:18:45,2699
12401,450,468,2026-03-03 02:39:27,115
12402,240,159,2026-03-03 02:41:40,244
12403,435,398,2026-03-03 03:10:52,2479
12404,212,471,2026-03-03 03:34:34,1626
12405,57,514,2026-03-03 05:20:20,1719
12406,210,554,2026-03-03 06:52:47,127
12407,372,48,2026-03-03 06:54:09,45
12408,242,482,2026-03-03 07:58:53,2387
12409,92,164,2026-03-03 08:29:34,375
12410,359,441,2026-03-03 09:07:34,1525
12411,70,255,2026-03-03 10:08:41,549
12412,160,104,2026-03-03 10:29:35,761
12413,361,412,2026-03-03 11:20:43,638
12414,452,24,2026-03-03 11:22:40,903
12415,421,27,2026-03-03 11:57:07,1914
12416,292,413,2026-03-03 12:20:03,2756
12417,161,100,2026-03-03 13:16:00,941
12418,315,574,2026-03-03 13:21:04,1336
12419,166,27,2026-03-03 13:31:55,2170
12420,76,524,2026-03-03 13:45:46,2155
12421,499,503,2026-03-03 15:54:34,580
12422,99,729,2026-03-03 15:56:51,2638
12423,6,416,2026-03-03 16:26:13,448
12424,257,375,2026-03-03 17:30:33,888
12425,21,615,2026-03-03 18:31:26,1872
12426,307,590,2026-03-03 18:32:08,698
12427,66,229,2026-03-03 18:39:20,1483
12428,156,593,2026-03-03 19:18:32,75
12429,338,433,2026-03-03 19:19:14,538
12430,449,395,2026-03-03 20:37:57,3152
12431,161,552,2026-03-03 21:29:48,1999
12432,330,472,2026-03-03 21:40:33,2084
12433,173,196,2026-03-03 21:48:18,1355
12434,39,737,2026-03-03 21:58:22,2051
12435,109,748,2026-03-03 23:09:21,1994
12436,296,463,2026-03-03 23:12:24,1259
12437,462,474,2026-03-03 23:18:35,1992
12438,483,527,2026-03-03 23:56:49,36
12439,132,684,2026-03-04 00:17:19,1831
12440,462,794,2026-03-04 00:34:56,3349
12441,313,320,2026-03-04 01:38:57,498
12442,136,785,2026-03-04 03:08:12,1229
12443,8,35,2026-03-04 03:09:06,2606
12444,199,374,2026-03-04 03:11:48,1483
12445,98,229,2026-03-04 03:57:58,819
12446,118,306,2026-03-04 04:33:55,1289
12447,146,449,2026-03-04 05:24:50,1997
12448,460,499,2026-03-04 05:53:33,1981
12449,322,257,2026-03-04 06:06:23,537
12450,476,195,2026-03-04 06:14:29,2792
12451,60,747,2026-03-04 07:23:10,2578
12452,243,713,2026-03-04 08:07:58,1939
12453,25,234,2026-03-04 09:21:12,2451
12454,21,788,2026-03-04 09:50:11,1545
12455,64,460,2026-03-04 10:36:48,428
12456,290,503,2026-03-04 10:41:13,720
12457,397,187,2026-03-04 10:51:37,2195
12458,438,685,2026-03-04 12:21:34,639
12459,476,57,2026-03-04 12:41:04,2826
12460,297,135,2026-03-04 12:43:41,1556
12461,78,149,2026-03-04 13:16:35,127
12462,16,260,2026-03-04 13:32:21,622
12463,332,527,2026-03-04 13:33:46,1862
12464,153,199,2026-03-04 14:27:28,129
12465,396,281,2026-03-04 15:12:01,504
12466,60,630,2026-03-04 15:15:06,3219
12467,375,344,2026-03-04 15:20:22,2348
12468,124,123,2026-03-04 15:53:59,1423
12469,80,485,2026-03-04 16:18:28,1448
12470,152,548,2026-03-04 17:33:08,2077
12471,186,737,2026-03-04 18:11:56,2147
12472,272,57,2026-03-04 18:33:40,3064
12473,458,357,2026-03-04 19:00:36,2067
12474,64,108,2026-03-04 19:26:30,100
12475,109,81,2026-03-04 19:46:14,2788
12476,201,484,2026-03-04 19:48:38,1130
12477,387,108,2026-03-04 20:47:25,218
12478,425,134,2026-03-04 21:51:44,730
12479,267,69,2026-03-04 23:24:06,98
12480,323,687,2026-03-04 23:26:14,2751
12481,205,328,2026-03-04 23:35:00,3316
12482,23,514,2026-03-04 23:53:25,1483
12483,172,616,2026-03-05 00:47:17,3353
12484,324,793,2026-03-05 01:17:05,2494
12485,157,247,2026-03-05 02:05:59,1721
12486,277,621,2026-03-05 03:24:16,1714
12487,279,312,2026-03-05 03:44:36,1855
12488,75,398,2026-03-05 04:37:56,2543
12489,188,611,2026-03-05 05:31:47,2856
12490,54,580,2026-03-05 06:53:09,2217
12491,1,790,2026-03-05 08:40:08,3077
12492,490,516,2026-03-05 08:50:24,2724
12493,497,594,2026-03-05 09:01:54,931
12494,465,477,2026-03-05 10:46:08,3109
12495,297,140,2026-03-05 11:44:26,1093
12496,399,148,2026-03-05 11:53:46,2713
12497,54,230,2026-03-05 12:31:55,1180
12498,360,367,2026-03-05 12:46:30,2974
12499,395,661,2026-03-05 14:46:39,1095
12500,41,433,2026-03-05 15:03:13,427
12501,66,688,2026-03-05 15:11:39,2439
12502,428,334,2026-03-05 15:19:05,923
12503,264,771,2026-03-05 15:43:03,2259
12504,209,715,2026-03-05 15:50:48,491
12505,426,547,2026-03-05 16:18:20,25
12506,456,494,2026-03-05 16:53:08,1406
12507,119,16,2026-03-05 17:13:40,1088
12508,49,723,2026-03-05 17:38:06,1242
12509,229,195,2026-03-05 17:46:49,2788
12510,125,651,2026-03-05 18:44:00,860
12511,146,311,2026-03-05 18:48:08,1661
12512,285,351,2026-03-05 18:49:12,2341
12513,453,211,2026-03-05 19:19:34,839
12514,36,281,2026-03-05 19:58:38,588
12515,308,17,2026-03-05 19:58:46,579
12516,223,550,2026-03-05 20:26:04,2954
12517,197,301,2026-03-05 20:45:25,2832
12518,257,791,2026-03-05 20:59:42,2103
12519,78,36,2026-03-05 21:08:04,2424
12520,260,364,2026-03-05 22:22:14,2144
12521,338,611,2026-03-05 22:29:39,360
12522,417,35,2026-03-06 00:11:58,188
12523,264,481,2026-03-06 00:17:01,845
12524,84,488,2026-03-06 00:24:31,2345
12525,137,400,2026-03-06 00:49:18,2824
12526,497,707,2026-03-06 00:52:20,2253
12527,15,521,2026-03-06 01:44:14,1765
12528,397,272,2026-03-06 02:09:02,2534
12529,222,642,2026-03-06 02:19:18,1409
12530,348,503,2026-03-06 03:22:38,303
12531,131,606,2026-03-06 05:37:12,1818
12532,45,253,2026-03-06 06:53:35,589
12533,202,74,2026-03-06 07:44:01,2714
12534,207,21,2026-03-06 08:29:56,605
12535,467,459,2026-03-06 08:39:23,361
12536,370,720,2026-03-06 09:01:48,727
12537,196,86,2026-03-06 09:47:01,2235
12538,49,205,2026-03-06 10:19:28,1333
12539,346,771,2026-03-06 11:28:28,423
12540,25,190,2026-03-06 12:18:00,1333
12541,227,277,2026-03-06 13:37:54,1174
12542,30,305,2026-03-06 13:39:10,262
12543,347,427,2026-03-06 13:40:26,2394
12544,203,57,2026-03-06 14:06:37,1300
12545,369,28,2026-03-06 14:35:22,2476
12546,458,397,2026-03-06 14:41:04,1473
12547,397,736,2026-03-06 15:30:01,866
12548,247,775,2026-03-06 15:48:10,2780
12549,195,740,2026-03-06 16:34:51,2624
12550,247,190,2026-03-06 16:37:36,1440
12551,87,495,2026-03-06 17:24:56,2350
12552,434,552,2026-03-06 18:47:25,2214
12553,496,109,2026-03-06 19:34:05,1667
12554,500,109,2026-03-06 19:42:14,1777
12555,444,567,2026-03-06 21:10:33,2477
12556,147,675,2026-03-06 21:15:26,1150
12557,160,710,2026-03-06 21:41:46,813
12558,91,470,2026-03-06 21:55:37,1912
12559,151,38,2026-03-06 23:13:04,863
12560,74,332,2026-03-06 23:31:51,2825
12561,137,534,2026-03-06 23:43:18,271
12562,236,77,2026-03-07 00:13:57,1853
12563,316,199,2026-03-07 00:50:11,3369
12564,275,757,2026-03-07 01:11:54,1611
12565,14,345,2026-03-07 01:51:18,269
12566,14,747,2026-03-07 02:09:59,2493
12567,238,785,2026-03-07 02:40:05,2646
12568,193,142,2026-03-07 02:48:28,1012
12569,123,198,2026-03-07 02:56:37,1156
12570,191,787,2026-03-07 03:18:36,1691
12571,242,554,2026-03-07 03:46:30,2332
12572,480,207,2026-03-07 05:38:04,1784
12573,477,70,2026-03-07 07:08:21,425
12574,280,580,2026-03-07 07:08:50,2025
12575,430,618,2026-03-07 07:36:34,2769
12576,25,348,2026-03-07 08:00:12,980
12577,404,90,2026-03-07 09:19:36,3436
12578,330,391,2026-03-07 10:03:01,512
12579,23,593,2026-03-07 10:24:44,2205
12580,297,656,2026-03-07 10:58:11,644
12581,270,642,2026-03-07 12:25:26,1179
12582,424,501,2026-03-07 12:55:30,73
12583,384,400,2026-03-07 13:38:04,2755
12584,419,552,2026-03-07 13:47:39,2357
12585,450,96,2026-03-07 14:15:12,444
12586,180,445,2026-03-07 14:30:55,3168
12587,424,731,2026-03-07 15:27:19,1987
12588,464,375,2026-03-07 15:52:14,907
12589,97,394,2026-03-07 18:17:23,1910
12590,124,572,2026-03-07 19:07:30,832
12591,328,792,2026-03-07 19:50:56,2296
12592,359,289,2026-03-07 19:56:55,420
12593,221,477,2026-03-07 19:57:37,3417
12594,411,406,2026-03-07 20:41:48,2617
12595,393,337,2026-03-07 20:57:44,3069
12596,458,419,2026-03-07 21:58:39,1048
12597,344,59,2026-03-07 22:18:12,2590
12598,214,29,2026-03-08 00:14:03,2454
12599,478,558,2026-03-08 00:51:34,2129
12600,50,292,2026-03-08 01:34:52,754
12601,150,555,2026-03-08 03:17:26,2909
12602,375,730,2026-03-08 03:21:41,2415
12603,104,13,2026-03-08 03:30:53,1916
12604,320,599,2026-03-08 03:46:53,2653
12605,413,157,2026-03-08 05:05:42,382
12606,201,322,2026-03-08 06:06:16,807
12607,137,201,2026-03-08 06:30:15,2627
12608,156,232,2026-03-08 07:06:41,2185
12609,268,281,2026-03-08 07:36:24,257
12610,295,363,2026-03-08 07:39:47,3521
12611,370,466,2026-03-08 07:46:27,1816
12612,218,735,2026-03-08 07:53:10,1156
12613,330,135,2026-03-08 08:15:17,2695
12614,97,665,2026-03-08 08:54:20,239
12615,439,166,2026-03-08 09:43:39,2260
12616,305,93,2026-03-08 10:01:50,1713
12617,399,617,2026-03-08 10:45:22,2740
12618,231,403,2026-03-08 11:58:56,592
12619,299,419,2026-03-08 12:22:43,734
12620,405,83,2026-03-08 12:30:38,2852
12621,137,40,2026-03-08 12:32:43,2409
12622,464,655,2026-03-08 13:05:00,891
12623,59,90,2026-03-08 13:07:44,3296
12624,421,290,2026-03-08 13:24:54,2639
12625,61,36,2026-03-08 13:39:11,2619
12626,444,187,2026-03-08 14:14:06,2259
12627,473,492,2026-03-08 14:26:45,1744
12628,259,714,2026-03-08 15:52:27,1847
12629,415,183,2026-03-08 15:58:43,1401
12630,34,579,2026-03-08 16:11:55,2862
12631,216,596,2026-03-08 16:21:20,2170
12632,24,46,2026-03-08 16:38:31,1437
12633,81,433,2026-03-08 16:43:02,1145
12634,300,89,2026-03-08 17:52:20,1526
12635,496,16,2026-03-08 18:42:57,149
12636,109,692,2026-03-08 19:31:50,3232
12637,183,300,2026-03-08 19:34:08,376
12638,14,500,2026-03-08 20:08:45,846
12639,328,712,2026-03-08 20:26:27,1664
12640,170,206,2026-03-08 22:28:09,60
12641,356,670,2026-03-08 22:42:35,2831
12642,172,634,2026-03-08 22:47:47,872
12643,379,54,2026-03-08 23:06:10,132
12644,370,696,2026-03-09 00:16:32,1276
12645,329,119,2026-03-09 00:45:28,1195
12646,260,675,2026-03-09 01:55:39,1000
12647,74,2,2026-03-09 02:25:19,1573
12648,240,178,2026-03-09 02:33:55,292
12649,371,440,2026-03-09 02:59:42,1170
12650,15,678,2026-03-09 03:02:04,1337
12651,410,501,2026-03-09 03:08:21,1961
12652,223,496,2026-03-09 04:51:16,1413
12653,357,352,2026-03-09 05:01:13,1910
12654,187,619,2026-03-09 05:02:52,1666
12655,324,740,2026-03-09 05:26:20,426
12656,418,701,2026-03-09 05:59:51,538
12657,360,168,2026-03-09 06:01:51,2225
12658,441,40,2026-03-09 06:02:32,2853
12659,72,103,2026-03-09 06:29:57,621
12660,13,585,2026-03-09 07:09:50,728
12661,134,497,2026-03-09 07:12:16,2297
12662,37,712,2026-03-09 08:02:39,579
12663,386,572,2026-03-09 08:27:59,709
12664,380,480,2026-03-09 08:54:38,2180
12665,160,320,2026-03-09 09:22:21,228
12666,422,378,2026-03-09 09:33:10,3337
12667,493,615,2026-03-09 10:18:47,1590
12668,121,598,2026-03-09 13:00:51,2211
12669,470,692,2026-03-09 13:16:17,3123
12670,43,41,2026-03-09 13:45:48,2509
12671,174,515,2026-03-09 14:28:25,2344
12672,194,685,2026-03-09 14:34:15,537
12673,338,78,2026-03-09 15:47:39,1114
12674,275,220,2026-03-09 16:15:40,2919
12675,175,642,2026-03-09 17:04:45,1245
12676,429,192,2026-03-09 17:07:20,593
12677,6,278,2026-03-09 17:10:41,1168
12678,288,375,2026-03-09 17:33:38,925
12679,117,114,2026-03-09 17:35:45,209
12680,180,421,2026-03-09 17:37:15,1436
12681,81,523,2026-03-09 18:19:45,1028
12682,128,529,2026-03-09 18:35:16,2882
12683,291,363,2026-03-09 18:40:28,3260
12684,365,192,2026-03-09 19:08:54,295
12685,449,278,2026-03-09 19:12:37,1081
12686,381,410,2026-03-09 20:32:14,3311
12687,177,588,2026-03-09 21:24:34,2511
12688,449,606,2026-03-09 21:50:03,1914
12689,420,554,2026-03-09 21:54:18,2146
12690,288,173,2026-03-09 22:43:22,1675
12691,61,302,2026-03-09 22:44:47,605
12692,363,495,2026-03-09 23:13:28,1081
12693,400,353,2026-03-09 23:18:24,68
12694,20,566,2026-03-09 23:39:23,3070
12695,263,3,2026-03-10 00:03:03,2545
12696,115,531,2026-03-10 00:06:37,724
12697,136,159,2026-03-10 00:32:42,1866
12698,184,476,2026-03-10 00:52:55,79
12699,393,384,2026-03-10 01:09:11,1154
12700,373,192,2026-03-10 02:46:33,651
12701,295,161,2026-03-10 03:04:03,2037
12702,382,590,2026-03-10 03:20:01,708
12703,415,74,2026-03-10 03:23:30,2832
12704,225,147,2026-03-10 03:35:07,2327
12705,27,186,2026-03-10 04:06:15,2033
12706,48,396,2026-03-10 06:15:24,1453
12707,28,155,2026-03-10 07:30:55,1140
12708,85,428,2026-03-10 08:19:22,679
12709,282,212,2026-03-10 08:27:32,1605
12710,471,593,2026-03-10 09:15:30,384
12711,429,592,2026-03-10 09:19:48,1193
12712,432,69,2026-03-10 10:20:31,2241
12713,47,694,2026-03-10 11:15:53,204
12714,118,55,2026-03-10 11:22:57,1054
12715,237,147,2026-03-10 11:25:10,2262
12716,271,462,2026-03-10 11:51:56,1179
12717,499,767,2026-03-10 12:57:34,30
12718,241,687,2026-03-10 14:12:19,3222
12719,4,15,2026-03-10 16:11:38,1236
12720,235,632,2026-03-10 17:21:32,646
12721,234,755,2026-03-10 17:53:36,447
12722,189,153,2026-03-10 18:04:39,2463
12723,317,68,2026-03-10 18:11:27,411
12724,486,70,2026-03-10 20:49:01,395
12725,333,268,2026-03-10 21:09:25,539
12726,358,125,2026-03-10 21:09:47,1672
12727,88,688,2026-03-10 22:30:10,1205
12728,191,735,2026-03-10 22:34:18,958
12729,170,66,2026-03-10 22:58:46,350
12730,418,106,2026-03-10 23:11:53,2959
12731,341,464,2026-03-10 23:28:38,517
12732,309,647,2026-03-10 23:47:31,917
12733,148,691,2026-03-11 00:03:27,3036
12734,230,697,2026-03-11 03:16:59,889
12735,443,508,2026-03-11 03:23:02,2649
12736,389,561,2026-03-11 04:26:19,1144
12737,116,378,2026-03-11 05:17:32,1411
12738,414,734,2026-03-11 05:41:53,2082
12739,61,438,2026-03-11 05:50:43,1725
12740,446,492,2026-03-11 07:23:39,1998
12741,394,207,2026-03-11 08:37:15,213
12742,497,713,2026-03-11 09:25:23,1816
12743,316,118,2026-03-11 10:28:29,1866
12744,139,285,2026-03-11 11:05:36,3200
12745,426,590,2026-03-11 11:05:48,651
12746,356,436,2026-03-11 12:06:18,503
12747,59,491,2026-03-11 12:46:58,3450
12748,444,301,2026-03-11 13:00:18,1314
12749,210,476,2026-03-11 13:46:43,583
12750,468,667,2026-03-11 14:04:11,1018
12751,102,705,2026-03-11 14:33:35,2135
12752,99,349,2026-03-11 14:43:50,2357
12753,372,280,2026-03-11 14:57:13,2476
12754,460,741,2026-03-11 15:41:51,2277
12755,498,117,2026-03-11 16:24:22,1120
12756,478,419,2026-03-11 16:33:37,997
12757,69,251,2026-03-11 16:38:23,1404
12758,183,127,2026-03-11 17:02:42,2421
12759,100,673,2026-03-11 17:40:50,641
12760,408,162,2026-03-11 18:00:02,3009
12761,255,124,2026-03-11 18:05:52,2706
12762,239,114,2026-03-11 18:58:40,1729
12763,214,289,2026-03-11 19:04:56,932
12764,307,167,2026-03-11 19:26:07,2404
12765,137,499,2026-03-11 19:27:36,3138
12766,190,711,2026-03-11 19:33:55,853
12767,202,531,2026-03-11 22:25:08,748
12768,175,222,2026-03-11 22:28:15,358
12769,3,641,2026-03-11 23:15:57,1865
12770,343,554,2026-03-11 23:48:36,1939
12771,279,745,2026-03-11 23:54:22,585
12772,356,30,2026-03-12 00:59:57,1802
12773,175,459,2026-03-12 02:41:59,672
12774,220,684,2026-03-12 02:49:38,1296
12775,421,440,2026-03-12 02:53:04,35
12776,483,787,2026-03-12 03:09:13,3443
12777,434,442,2026-03-12 03:28:51,993
12778,304,341,2026-03-12 04:13:36,2709
12779,382,78,2026-03-12 05:11:11,1039
12780,253,500,2026-03-12 05:46:07,305
12781,263,542,2026-03-12 06:46:30,1978
12782,199,230,2026-03-12 07:15:14,2108
12783,209,229,2026-03-12 07:26:07,1402
12784,435,680,2026-03-12 08:17:39,144
12785,172,151,2026-03-12 09:36:43,2689
12786,323,588,2026-03-12 10:01:11,2675
12787,437,572,2026-03-12 12:37:49,629
12788,15,718,2026-03-12 15:45:15,1643
12789,313,19,2026-03-12 16:14:19,2649
12790,236,641,2026-03-12 16:15:04,2160
12791,194,144,2026-03-12 16:48:41,2280
12792,131,470,2026-03-12 16:52:14,2081
12793,207,528,2026-03-12 16:56:44,1175
12794,406,659,2026-03-12 17:01:08,734
12795,260,160,2026-03-12 17:14:33,993
12796,495,489,2026-03-12 18:24:41,1035
12797,115,747,2026-03-12 18:42:54,272
12798,208,156,2026-03-12 19:42:19,1103
12799,127,763,2026-03-12 19:56:38,2200
12800,65,649,2026-03-12 20:25:53,2501
12801,148,13,2026-03-12 20:54:42,2943
12802,177,138,2026-03-12 21:18:04,482
12803,275,507,2026-03-12 22:29:44,3049
12804,179,427,2026-03-12 22:55:20,2681
12805,253,39,2026-03-12 23:24:48,1490
12806,338,487,2026-03-13 00:47:08,1293
12807,42,262,2026-03-13 01:45:00,1365
12808,180,760,2026-03-13 02:36:11,1761
12809,349,549,2026-03-13 03:00:59,1326
12810,208,397,2026-03-13 03:02:15,231
12811,465,795,2026-03-13 03:07:05,1843
12812,47,662,2026-03-13 03:19:13,865
12813,285,101,2026-03-13 03:22:18,2559
12814,445,380,2026-03-13 04:15:22,815
12815,160,522,2026-03-13 06:13:52,600
12816,4,566,2026-03-13 07:03:23,1677
12817,140,612,2026-03-13 07:34:53,2163
12818,464,580,2026-03-13 10:09:13,2380
12819,220,782,2026-03-13 10:13:28,183
12820,42,773,2026-03-13 11:26:17,2646
12821,452,301,2026-03-13 11:27:48,82
12822,221,169,2026-03-13 11:57:17,600
12823,51,152,2026-03-13 12:05:26,1115
12824,22,607,2026-03-13 12:37:47,3033
12825,266,141,2026-03-13 12:45:50,401
12826,307,561,2026-03-13 13:55:17,2128
12827,244,217,2026-03-13 14:35:26,1553
12828,229,153,2026-03-13 14:38:25,1493
12829,162,505,2026-03-13 14:46:05,55
12830,257,456,2026-03-13 15:11:44,1007
12831,434,607,2026-03-13 16:54:04,3381
12832,187,167,2026-03-13 17:06:45,2584
12833,164,332,2026-03-13 21:27:15,2643
12834,162,277,2026-03-13 21:36:42,604
12835,28,296,2026-03-13 21:39:27,917
12836,121,3,2026-03-13 23:02:55,2335
12837,208,749,2026-03-13 23:34:06,602
12838,476,306,2026-03-13 23:38:32,1094
12839,454,707,2026-03-14 00:02:22,459
12840,99,255,2026-03-14 00:50:11,569
12841,350,50,2026-03-14 00:53:03,2359
12842,271,559,2026-03-14 01:55:51,312
12843,267,296,2026-03-14 02:37:55,1604
12844,460,724,2026-03-14 04:06:11,2582
12845,200,353,2026-03-14 04:53:06,502
12846,131,486,2026-03-14 05:17:08,2698
12847,284,363,2026-03-14 05:29:24,3129
12848,161,56,2026-03-14 06:48:34,2725
12849,158,31,2026-03-14 06:53:23,1322
12850,252,693,2026-03-14 06:54:47,469
12851,471,604,2026-03-14 07:01:13,1670
12852,295,251,2026-03-14 07:18:34,2546
12853,449,106,2026-03-14 07:36:17,1206
12854,293,533,2026-03-14 07:37:58,120
12855,324,295,2026-03-14 07:51:46,974
12856,157,650,2026-03-14 09:11:00,1922
12857,444,448,2026-03-14 09:36:18,843
12858,213,385,2026-03-14 10:03:16,807
12859,231,195,2026-03-14 10:34:20,3057
12860,173,653,2026-03-14 11:32:56,381
12861,114,198,2026-03-14 11:47:57,279
12862,109,76,2026-03-14 12:11:35,1134
12863,285,128,2026-03-14 12:16:12,887
12864,278,501,2026-03-14 12:40:31,2567
12865,469,562,2026-03-14 13:21:31,44
12866,256,573,2026-03-14 13:32:49,3166
12867,293,708,2026-03-14 13:39:23,2009
12868,6,711,2026-03-14 14:30:57,1302
12869,261,677,2026-03-14 14:52:02,1563
12870,481,91,2026-03-14 14:53:19,611
12871,116,546,2026-03-14 15:16:23,48
12872,151,621,2026-03-14 16:34:04,1642
12873,28,369,2026-03-14 18:21:53,2782
12874,193,637,2026-03-14 19:19:32,2279
12875,126,528,2026-03-14 20:11:39,1056
12876,110,499,2026-03-14 20:14:09,1525
12877,47,345,2026-03-14 20:19:02,569
12878,145,585,2026-03-14 21:17:20,733
12879,94,231,2026-03-14 21:45:26,20
12880,312,139,2026-03-14 21:56:50,2380
12881,205,62,2026-03-14 21:57:58,932
12882,166,707,2026-03-14 21:58:05,2291
12883,321,557,2026-03-14 22:47:49,98
12884,435,693,2026-03-14 22:58:59,2527
12885,82,396,2026-03-14 23:14:01,1344
12886,211,507,2026-03-14 23:14:28,3344
12887,323,786,2026-03-14 23:59:04,2589
12888,28,647,2026-03-15 00:14:31,875
12889,142,633,2026-03-15 00:15:36,2260
12890,245,265,2026-03-15 00:26:19,902
12891,484,415,2026-03-15 00:38:20,1334
12892,382,220,2026-03-15 00:52:03,369
12893,36,7,2026-03-15 01:06:11,1918
12894,184,420,2026-03-15 01:46:22,1772
12895,102,264,2026-03-15 02:03:02,366
12896,38,633,2026-03-15 02:05:23,520
12897,16,26,2026-03-15 02:30:44,625
12898,37,136,2026-03-15 02:33:32,2157
12899,493,408,2026-03-15 02:37:09,1688
12900,190,778,2026-03-15 02:40:58,1163
12901,50,133,2026-03-15 03:16:28,1219
12902,48,496,2026-03-15 03:43:14,2996
12903,130,788,2026-03-15 04:52:03,1484
12904,364,637,2026-03-15 04:52:17,1421
12905,441,485,2026-03-15 04:54:25,1732
12906,45,208,2026-03-15 04:55:35,900
12907,214,538,2026-03-15 07:08:11,2246
12908,258,644,2026-03-15 07:19:42,2345
12909,325,157,2026-03-15 07:42:54,776
12910,416,130,2026-03-15 08:02:56,2933
12911,180,661,2026-03-15 08:18:50,1014
12912,123,784,2026-03-15 09:39:00,1932
12913,267,489,2026-03-15 10:37:46,460
12914,361,281,2026-03-15 11:17:48,599
12915,384,160,2026-03-15 11:34:01,1000
12916,341,237,2026-03-15 12:11:00,1616
12917,200,215,2026-03-15 12:22:10,2132
12918,132,583,2026-03-15 12:30:49,1770
12919,51,86,2026-03-15 12:34:24,435
12920,429,170,2026-03-15 13:39:41,2187
12921,48,360,2026-03-15 14:18:48,2766
12922,273,74,2026-03-15 16:49:34,1498
12923,288,540,2026-03-15 17:00:05,2091
12924,89,238,2026-03-15 17:05:38,1219
12925,127,673,2026-03-15 17:37:44,628
12926,369,271,2026-03-15 18:22:54,3004
12927,10,215,2026-03-15 18:46:47,214
12928,29,89,2026-03-15 20:22:05,1504
12929,143,482,2026-03-15 20:36:32,244
12930,51,300,2026-03-15 20:40:45,104
12931,184,449,2026-03-15 21:22:57,2138
12932,426,777,2026-03-15 21:50:46,3093
12933,227,778,2026-03-15 22:05:57,1237
12934,35,417,2026-03-15 22:17:08,1802
12935,234,402,2026-03-15 23:03:43,3284
12936,191,755,2026-03-15 23:20:09,2222
12937,496,362,2026-03-16 01:35:40,2573
12938,225,149,2026-03-16 02:07:11,2116
12939,394,222,2026-03-16 02:21:57,933
12940,48,312,2026-03-16 02:51:21,1880
12941,496,178,2026-03-16 03:21:44,2528
12942,408,708,2026-03-16 03:36:59,1822
12943,289,416,2026-03-16 03:59:47,982
12944,406,298,2026-03-16 04:18:31,2149
12945,401,342,2026-03-16 04:27:18,352
12946,372,231,2026-03-16 04:27:22,1664
12947,340,620,2026-03-16 04:33:41,678
12948,449,478,2026-03-16 05:01:01,1614
12949,315,606,2026-03-16 05:20:10,282
12950,278,606,2026-03-16 05:56:22,2068
12951,116,104,2026-03-16 06:22:04,1231
12952,434,680,2026-03-16 08:26:33,782
12953,171,459,2026-03-16 08:44:34,757
12954,62,433,2026-03-16 08:49:42,848
12955,222,484,2026-03-16 09:04:31,144
12956,221,505,2026-03-16 09:09:12,1000
12957,375,436,2026-03-16 09:46:01,2741
12958,477,377,2026-03-16 09:48:00,511
12959,154,62,2026-03-16 10:29:40,180
12960,148,717,2026-03-16 10:30:13,194
12961,264,600,2026-03-16 11:02:07,1709
12962,329,94,2026-03-16 13:46:27,96
12963,251,548,2026-03-16 14:04:50,2026
12964,287,794,2026-03-16 14:44:35,3327
12965,207,422,2026-03-16 15:39:42,2294
12966,488,390,2026-03-16 16:15:16,2129
12967,49,206,2026-03-16 16:25:38,872
12968,198,574,2026-03-16 16:44:13,1781
12969,301,634,2026-03-16 17:31:55,1981
12970,460,651,2026-03-16 17:47:14,1454
12971,24,109,2026-03-16 17:58:02,2793
12972,321,150,2026-03-16 18:54:09,1448
12973,32,179,2026-03-16 20:35:47,1336
12974,275,629,2026-03-16 22:30:29,1031
12975,60,303,2026-03-16 22:59:32,2596
12976,141,3,2026-03-16 23:18:25,2522
12977,378,433,2026-03-16 23:40:06,547
12978,179,800,2026-03-16 23:48:43,952
12979,104,453,2026-03-17 00:34:25,1733
12980,290,563,2026-03-17 01:07:11,1570
12981,67,450,2026-03-17 01:12:15,3288
12982,204,475,2026-03-17 01:30:52,894
12983,8,373,2026-03-17 02:16:01,3151
12984,124,468,2026-03-17 02:26:55,598
12985,192,706,2026-03-17 02:28:31,2160
12986,265,209,2026-03-17 03:49:02,66
12987,289,267,2026-03-17 04:27:45,1175
12988,27,285,2026-03-17 04:46:06,3262
12989,299,306,2026-03-17 05:57:38,774
12990,466,599,2026-03-17 05:58:22,2427
12991,493,218,2026-03-17 07:04:01,2882
12992,15,37,2026-03-17 07:29:49,903
12993,86,710,2026-03-17 08:50:58,911
12994,87,219,2026-03-17 08:59:59,2354
12995,250,3,2026-03-17 09:40:34,2557
12996,20,71,2026-03-17 09:57:33,946
12997,352,178,2026-03-17 10:36:00,2387
12998,473,130,2026-03-17 11:17:11,2692
12999,12,220,2026-03-17 11:41:26,3214
13000,419,37,2026-03-17 11:56:37,61
13001,422,795,2026-03-17 12:34:49,1717
13002,407,604,2026-03-17 12:37:44,1618
13003,438,125,2026-03-17 13:15:48,1558
13004,97,31,2026-03-17 13:48:28,2439
13005,401,564,2026-03-17 14:05:52,1471
13006,383,315,2026-03-17 15:12:02,3173
13007,68,506,2026-03-17 15:16:38,3115
13008,415,727,2026-03-17 15:32:12,2832
13009,305,506,2026-03-17 17:26:25,1731
13010,154,427,2026-03-17 17:26:43,2454
13011,88,195,2026-03-17 18:14:40,1892
13012,131,170,2026-03-17 18:41:21,1761
13013,492,473,2026-03-17 18:42:51,122
13014,359,498,2026-03-17 18:46:23,747
13015,279,558,2026-03-17 18:51:57,2691
13016,209,446,2026-03-17 19:16:42,2952
13017,14,86,2026-03-17 19:28:45,313
13018,81,653,2026-03-17 19:55:40,523
13019,284,108,2026-03-17 19:58:30,281
13020,92,758,2026-03-17 20:17:34,1891
13021,313,665,2026-03-17 20:39:42,1009
13022,48,386,2026-03-17 21:16:01,1935
13023,81,49,2026-03-17 21:22:35,730
13024,413,36,2026-03-17 21:35:25,2214
13025,94,600,2026-03-17 22:02:56,2049
13026,341,353,2026-03-18 00:00:20,1533
13027,147,152,2026-03-18 00:08:29,1203
13028,363,504,2026-03-18 00:45:15,1310
13029,235,141,2026-03-18 01:07:23,581
13030,442,569,2026-03-18 01:12:28,2618
13031,159,274,2026-03-18 02:40:20,2418
13032,477,295,2026-03-18 02:45:09,992
13033,40,684,2026-03-18 03:17:01,1955
13034,76,642,2026-03-18 04:58:27,53
13035,143,26,2026-03-18 05:00:59,1537
13036,119,448,2026-03-18 06:12:52,969
13037,423,608,2026-03-18 07:06:12,64
13038,114,578,2026-03-18 07:55:19,1531
13039,113,745,2026-03-18 08:57:24,799
13040,342,305,2026-03-18 09:14:09,698
13041,66,323,2026-03-18 11:20:14,1997
13042,216,742,2026-03-18 11:20:26,935
13043,436,514,2026-03-18 12:22:05,1638
13044,84,270,2026-03-18 13:16:47,1198
13045,427,721,2026-03-18 13:30:02,2802
13046,470,405,2026-03-18 13:35:26,393
13047,22,93,2026-03-18 15:10:12,1236
13048,124,363,2026-03-18 16:11:15,3198
13049,314,730,2026-03-18 16:31:35,2087
13050,459,415,2026-03-18 16:33:04,2627
13051,217,508,2026-03-18 16:42:56,3019
13052,494,589,2026-03-18 16:49:26,2512
13053,53,403,2026-03-18 17:04:02,603
13054,490,286,2026-03-18 17:51:23,2877
13055,73,166,2026-03-18 17:51:28,1618
13056,181,205,2026-03-18 19:11:03,3340
13057,147,708,2026-03-18 19:53:30,1733
13058,7,17,2026-03-18 21:58:58,879
13059,318,44,2026-03-18 22:10:17,1642
13060,392,633,2026-03-18 22:59:19,2825
13061,391,300,2026-03-18 23:03:18,1922
13062,44,550,2026-03-18 23:05:44,2989
13063,318,469,2026-03-18 23:34:55,1667
13064,276,222,2026-03-18 23:35:46,780
13065,255,367,2026-03-18 23:56:06,591
13066,337,217,2026-03-18 23:56:41,2571
13067,58,215,2026-03-19 00:18:15,2471
13068,372,716,2026-03-19 00:25:02,3238
13069,77,705,2026-03-19 00:31:31,2088
13070,300,330,2026-03-19 00:44:22,73
13071,75,776,2026-03-19 01:50:21,2177
13072,294,366,2026-03-19 02:19:35,3054
13073,293,794,2026-03-19 03:18:02,1442
13074,225,114,2026-03-19 04:09:09,1587
13075,111,389,2026-03-19 06:12:31,2049
13076,331,482,2026-03-19 06:25:18,2031
13077,344,255,2026-03-19 06:58:58,290
13078,204,73,2026-03-19 07:18:12,2440
13079,363,638,2026-03-19 07:21:38,1796
13080,336,429,2026-03-19 08:02:12,2411
13081,280,124,2026-03-19 09:22:11,2439
13082,151,419,2026-03-19 09:29:32,1129
13083,61,506,2026-03-19 09:34:17,1016
13084,107,559,2026-03-19 09:43:48,3345
13085,443,210,2026-03-19 10:04:11,2178
13086,475,473,2026-03-19 11:48:27,326
13087,61,208,2026-03-19 12:19:00,1053
13088,370,190,2026-03-19 12:57:31,1291
13089,195,714,2026-03-19 13:14:16,1791
13090,104,712,2026-03-19 13:52:52,1904
13091,117,607,2026-03-19 14:01:15,2295
13092,197,3,2026-03-19 14:24:13,491
13093,58,713,2026-03-19 15:30:07,933
13094,141,611,2026-03-19 17:06:30,2799
13095,113,634,2026-03-19 17:17:14,1603
13096,152,529,2026-03-19 17:19:53,1353
13097,190,242,2026-03-19 20:02:49,1274
13098,466,637,2026-03-19 21:02:16,1634
13099,257,31,2026-03-19 21:17:48,2644
13100,189,549,2026-03-19 23:29:32,1053
13101,378,245,2026-03-19 23:33:53,1860
13102,465,385,2026-03-20 00:13:58,48
13103,175,786,2026-03-20 01:11:16,2920
13104,3,491,2026-03-20 01:46:11,2652
13105,32,493,2026-03-20 02:29:45,1486
13106,345,542,2026-03-20 03:08:24,2208
13107,219,414,2026-03-20 03:46:14,1528
13108,388,617,2026-03-20 03:58:51,2617
13109,204,253,2026-03-20 04:55:27,740
13110,251,24,2026-03-20 05:09:41,743
13111,101,728,2026-03-20 05:54:03,2092
13112,459,633,2026-03-20 06:16:33,1360
13113,88,525,2026-03-20 09:17:15,3047
13114,273,524,2026-03-20 09:26:35,987
13115,381,640,2026-03-20 10:02:23,1896
13116,90,569,2026-03-20 10:45:20,2777
13117,469,20,2026-03-20 11:07:41,2972
13118,173,512,2026-03-20 11:37:12,1029
13119,302,159,2026-03-20 11:45:51,1142
13120,119,333,2026-03-20 12:19:56,1339
13121,111,776,2026-03-20 12:34:14,2440
13122,425,637,2026-03-20 13:17:30,2214
13123,217,202,2026-03-20 13:27:21,1557
13124,307,141,2026-03-20 13:51:26,556
13125,258,704,2026-03-20 13:57:15,1803
13126,412,369,2026-03-20 14:57:47,2606
13127,441,197,2026-03-20 17:19:39,1533
13128,278,422,2026-03-20 18:13:46,2483
13129,94,487,2026-03-20 19:25:10,1775
13130,265,117,2026-03-20 19:31:21,2397
13131,151,330,2026-03-20 20:07:33,1353
13132,458,134,2026-03-20 20:16:47,650
13133,178,619,2026-03-20 20:48:45,271
13134,301,270,2026-03-20 20:49:43,1817
13135,159,696,2026-03-20 21:35:49,1185
13136,278,515,2026-03-20 21:59:54,2292
13137,396,120,2026-03-20 22:35:31,1166
13138,285,182,2026-03-20 22:57:25,2036
13139,194,113,2026-03-20 23:05:00,2748
13140,280,137,2026-03-20 23:44:43,2871
13141,469,751,2026-03-21 00:20:39,723
13142,413,520,2026-03-21 01:12:03,1141
13143,479,94,2026-03-21 01:46:13,685
13144,312,579,2026-03-21 02:03:51,2637
13145,346,489,2026-03-21 03:21:09,2537
13146,158,455,2026-03-21 03:35:15,2211
13147,381,235,2026-03-21 05:25:33,1306
13148,402,796,2026-03-21 05:25:34,1821
13149,84,198,2026-03-21 05:31:43,1226
13150,84,372,2026-03-21 05:32:34,498
13151,376,141,2026-03-21 06:14:00,127
13152,189,527,2026-03-21 06:14:31,918
13153,316,645,2026-03-21 06:35:35,1017
13154,170,85,2026-03-21 07:01:48,1228
13155,491,443,2026-03-21 07:20:19,2634
13156,136,33,2026-03-21 07:48:26,751
13157,120,784,2026-03-21 07:54:07,2391
13158,342,640,2026-03-21 08:22:42,1955
13159,477,367,2026-03-21 08:25:51,1199
13160,225,495,2026-03-21 10:09:38,2055
13161,407,565,2026-03-21 11:53:28,675
13162,161,292,2026-03-21 11:56:42,537
13163,374,515,2026-03-21 12:30:43,2098
13164,402,592,2026-03-21 13:10:00,1034
13165,451,700,2026-03-21 13:10:12,666
13166,188,693,2026-03-21 13:47:55,2168
13167,324,439,2026-03-21 14:18:23,2702
13168,321,77,2026-03-21 15:25:22,1946
13169,182,365,2026-03-21 15:32:49,2259
13170,68,610,2026-03-21 15:35:22,1096
13171,438,424,2026-03-21 15:51:16,590
13172,326,485,2026-03-21 16:53:39,902
13173,255,290,2026-03-21 18:54:58,2634
13174,109,424,2026-03-21 19:10:20,899
13175,342,723,2026-03-21 19:11:47,104
13176,424,120,2026-03-21 20:19:34,1137
13177,465,21,2026-03-21 20:33:40,655
13178,321,565,2026-03-21 20:37:37,1171
13179,260,527,2026-03-21 21:08:51,2036
13180,81,474,2026-03-21 22:05:02,972
13181,450,302,2026-03-21 22:17:26,150
13182,483,571,2026-03-21 22:57:36,719
13183,121,382,2026-03-21 23:24:27,42
13184,344,768,2026-03-21 23:58:41,1089
13185,433,21,2026-03-22 00:00:34,534
13186,339,265,2026-03-22 00:02:14,174
13187,37,656,2026-03-22 01:31:20,306
13188,496,429,2026-03-22 02:06:10,1202
13189,321,343,2026-03-22 02:14:02,1498
13190,406,141,2026-03-22 03:10:24,567
13191,95,56,2026-03-22 03:48:23,1471
13192,474,31,2026-03-22 04:37:38,2956
13193,305,360,2026-03-22 04:42:01,995
13194,318,332,2026-03-22 05:28:00,2769
13195,412,131,2026-03-22 06:26:32,591
13196,135,336,2026-03-22 07:13:28,2866
13197,290,433,2026-03-22 08:25:03,168
13198,39,760,2026-03-22 08:27:30,2916
13199,197,393,2026-03-22 09:35:57,1000
13200,449,64,2026-03-22 09:54:22,2467
13201,176,735,2026-03-22 10:16:43,1002
13202,182,98,2026-03-22 11:32:03,119
13203,142,23,2026-03-22 12:24:31,2457
13204,372,288,2026-03-22 12:30:06,422
13205,468,529,2026-03-22 13:33:58,3475
13206,165,231,2026-03-22 14:13:39,650
13207,149,444,2026-03-22 14:28:29,1624
13208,80,298,2026-03-22 16:15:20,2139
13209,134,81,2026-03-22 17:11:57,1767
13210,71,425,2026-03-22 18:09:21,1391
13211,197,379,2026-03-22 18:51:12,605
13212,90,484,2026-03-22 19:04:30,506
13213,333,632,2026-03-22 19:29:51,700
13214,14,734,2026-03-22 20:39:48,3562
13215,138,333,2026-03-22 21:51:18,1371
13216,225,53,2026-03-22 22:04:30,1968
13217,318,384,2026-03-22 22:36:32,1247
13218,290,107,2026-03-22 23:28:28,431
13219,130,263,2026-03-22 23:29:29,1627
13220,312,262,2026-03-22 23:30:54,1597
13221,284,317,2026-03-22 23:38:37,932
13222,129,611,2026-03-23 00:08:31,2670
13223,415,769,2026-03-23 00:08:55,621
13224,59,318,2026-03-23 00:44:05,1856
13225,17,670,2026-03-23 01:34:57,3172
13226,7,77,2026-03-23 01:56:11,1904
13227,428,631,2026-03-23 02:50:09,1030
13228,461,560,2026-03-23 03:11:37,2168
13229,387,225,2026-03-23 03:16:41,2705
13230,146,471,2026-03-23 03:32:31,226
13231,358,260,2026-03-23 03:53:05,417
13232,432,690,2026-03-23 04:10:54,944
13233,499,712,2026-03-23 04:40:40,266
13234,491,89,2026-03-23 06:42:30,99
13235,348,136,2026-03-23 06:56:06,2414
13236,480,136,2026-03-23 08:10:36,184
13237,413,445,2026-03-23 08:12:56,2247
13238,1,8,2026-03-23 09:02:17,899
13239,335,483,2026-03-23 11:28:19,799
13240,158,246,2026-03-23 12:24:54,972
13241,260,378,2026-03-23 13:07:53,3408
13242,494,743,2026-03-23 13:17:09,1066
13243,289,238,2026-03-23 13:21:43,1637
13244,23,739,2026-03-23 14:55:59,2926
13245,442,729,2026-03-23 15:47:28,3108
13246,370,42,2026-03-23 15:57:38,638
13247,46,100,2026-03-23 16:16:56,45
13248,354,198,2026-03-23 16:33:53,1282
13249,468,595,2026-03-23 16:36:12,866
13250,59,712,2026-03-23 18:05:47,1787
13251,295,281,2026-03-23 18:07:00,8
13252,420,442,2026-03-23 18:22:59,892
13253,235,792,2026-03-23 18:55:12,2418
13254,275,84,2026-03-23 19:03:17,847
13255,388,767,2026-03-23 19:07:28,733
13256,391,699,2026-03-23 19:12:17,385
13257,472,373,2026-03-23 19:23:27,2889
13258,351,475,2026-03-23 19:27:56,846
13259,115,709,2026-03-23 20:10:40,838
13260,209,490,2026-03-23 21:10:39,831
13261,139,602,2026-03-23 22:47:43,1599
13262,249,8,2026-03-23 23:04:52,552
13263,386,508,2026-03-23 23:19:30,2575
13264,234,120,2026-03-24 00:04:45,1080
13265,379,447,2026-03-24 00:19:29,559
13266,268,646,2026-03-24 00:39:23,2268
13267,87,537,2026-03-24 01:16:15,2190
13268,88,407,2026-03-24 01:34:08,1461
13269,202,4,2026-03-24 02:10:32,1161
13270,207,519,2026-03-24 02:19:24,2980
13271,310,624,2026-03-24 02:54:15,859
13272,320,79,2026-03-24 03:13:29,742
13273,376,33,2026-03-24 06:07:26,716
13274,310,334,2026-03-24 06:24:19,929
13275,399,355,2026-03-24 06:36:16,757
13276,146,320,2026-03-24 08:10:08,514
13277,159,702,2026-03-24 08:36:19,786
13278,461,99,2026-03-24 09:00:21,2357
13279,338,734,2026-03-24 09:25:15,2860
13280,432,98,2026-03-24 09:28:33,1813
13281,226,601,2026-03-24 10:10:06,343
13282,137,129,2026-03-24 12:03:28,1056
13283,412,690,2026-03-24 12:32:32,1787
13284,257,27,2026-03-24 12:34:47,2115
13285,304,7,2026-03-24 12:47:36,2142
13286,50,643,2026-03-24 12:56:59,1461
13287,6,450,2026-03-24 13:14:55,3223
13288,245,338,2026-03-24 13:16:07,1763
13289,355,456,2026-03-24 15:05:46,912
13290,307,434,2026-03-24 15:12:51,2489
13291,116,286,2026-03-24 18:23:34,3339
13292,492,447,2026-03-24 18:47:37,1007
13293,19,46,2026-03-24 18:50:51,1510
13294,139,590,2026-03-24 19:47:40,50
13295,35,448,2026-03-24 19:51:12,962
13296,492,114,2026-03-24 20:01:54,596
13297,437,328,2026-03-24 20:14:05,1166
13298,215,482,2026-03-24 20:56:38,292
13299,440,716,2026-03-24 21:25:52,3288
13300,14,70,2026-03-24 21:51:48,522
13301,162,266,2026-03-24 23:22:05,2896
13302,167,568,2026-03-24 23:45:27,246
13303,130,568,2026-03-25 00:38:29,1717
13304,156,697,2026-03-25 01:17:45,1202
13305,74,381,2026-03-25 02:43:27,1874
13306,171,252,2026-03-25 06:03:05,2826
13307,347,246,2026-03-25 06:11:19,138
13308,480,552,2026-03-25 06:50:40,2090
13309,2,288,2026-03-25 07:01:59,2896
13310,33,36,2026-03-25 08:21:26,2511
13311,34,587,2026-03-25 08:24:55,873
13312,193,94,2026-03-25 09:20:27,585
13313,357,555,2026-03-25 10:20:03,2940
13314,198,793,2026-03-25 10:33:17,1365
13315,284,74,2026-03-25 10:37:56,2641
13316,492,233,2026-03-25 10:45:34,1365
13317,198,662,2026-03-25 11:11:57,187
13318,389,677,2026-03-25 11:19:58,1495
13319,494,539,2026-03-25 11:54:02,3158
13320,33,336,2026-03-25 12:20:33,2941
13321,407,669,2026-03-25 12:44:53,735
13322,109,560,2026-03-25 12:48:01,1918
13323,20,241,2026-03-25 12:59:21,2444
13324,302,455,2026-03-25 13:49:32,2214
13325,237,233,2026-03-25 14:29:53,1578
13326,487,760,2026-03-25 16:29:01,2913
13327,330,106,2026-03-25 16:41:26,361
13328,71,33,2026-03-25 17:12:37,828
13329,140,763,2026-03-25 17:14:01,283
13330,154,711,2026-03-25 17:23:54,262
13331,479,608,2026-03-25 18:06:20,2997
13332,164,370,2026-03-25 18:14:08,2112
13333,166,298,2026-03-25 18:17:20,2423
13334,65,174,2026-03-25 19:05:11,717
13335,133,94,2026-03-25 20:46:12,661
13336,76,360,2026-03-25 20:50:14,2732
13337,56,241,2026-03-25 21:10:02,954
13338,6,357,2026-03-25 21:24:22,2077
13339,117,111,2026-03-25 21:37:12,325
13340,253,144,2026-03-25 22:23:50,3240
13341,216,481,2026-03-25 22:24:02,962
13342,381,128,2026-03-25 22:35:15,1227
13343,324,181,2026-03-25 22:42:45,2683
13344,40,107,2026-03-25 22:58:47,629
13345,111,679,2026-03-26 00:06:25,856
13346,110,225,2026-03-26 00:52:03,1802
13347,97,529,2026-03-26 01:56:46,3273
13348,311,576,2026-03-26 04:06:25,2346
13349,11,166,2026-03-26 04:22:23,357
13350,79,576,2026-03-26 04:27:30,2270
13351,260,652,2026-03-26 04:45:05,706
13352,392,326,2026-03-26 05:03:30,2910
13353,266,432,2026-03-26 05:21:34,1116
13354,190,518,2026-03-26 06:34:17,2728
13355,269,793,2026-03-26 07:08:10,2873
13356,224,513,2026-03-26 07:23:57,251
13357,27,183,2026-03-26 07:24:22,778
13358,476,205,2026-03-26 07:31:53,3383
13359,325,739,2026-03-26 07:50:47,3144
13360,372,800,2026-03-26 08:44:39,933
13361,451,149,2026-03-26 08:52:49,2319
13362,131,149,2026-03-26 09:21:29,2377
13363,328,270,2026-03-26 10:05:32,2807
13364,238,397,2026-03-26 10:48:23,1671
13365,107,412,2026-03-26 10:59:04,660
13366,172,638,2026-03-26 11:33:13,3218
13367,347,538,2026-03-26 12:17:45,1938
13368,127,278,2026-03-26 12:19:42,1431
13369,142,333,2026-03-26 13:08:02,732
13370,432,193,2026-03-26 14:06:54,569
13371,112,267,2026-03-26 15:02:14,1076
13372,37,74,2026-03-26 15:42:54,2525
13373,304,387,2026-03-26 15:52:53,1296
13374,157,676,2026-03-26 16:14:42,530
13375,479,600,2026-03-26 16:34:10,296
13376,365,359,2026-03-26 16:50:41,608
13377,60,99,2026-03-26 17:11:08,854
13378,338,220,2026-03-26 17:32:09,3119
13379,302,428,2026-03-26 17:46:14,410
13380,438,361,2026-03-26 18:32:03,662
13381,411,371,2026-03-26 19:15:28,357
13382,223,20,2026-03-26 19:32:47,2794
13383,148,547,2026-03-26 19:36:52,2227
13384,391,68,2026-03-26 20:22:32,726
13385,383,324,2026-03-26 21:02:02,2389
13386,334,219,2026-03-26 21:39:35,2372
13387,326,38,2026-03-26 21:42:31,804
13388,482,240,2026-03-26 21:43:15,2686
13389,495,631,2026-03-26 21:51:19,1217
13390,141,434,2026-03-26 22:05:51,2505
13391,153,7,2026-03-26 22:22:14,2122
13392,174,346,2026-03-26 22:48:22,1646
13393,421,205,2026-03-26 23:37:27,2146
13394,149,233,2026-03-26 23:40:21,1582
13395,69,701,2026-03-27 00:24:20,1185
13396,357,230,2026-03-27 00:55:59,596
13397,382,264,2026-03-27 01:03:25,32
13398,424,695,2026-03-27 01:57:38,180
13399,164,156,2026-03-27 03:31:45,1548
13400,43,48,2026-03-27 04:15:44,1812
13401,362,643,2026-03-27 05:04:10,1451
13402,281,289,2026-03-27 06:22:46,1062
13403,149,138,2026-03-27 08:55:00,504
13404,215,402,2026-03-27 10:04:27,2750
13405,117,761,2026-03-27 10:10:58,1548
13406,48,290,2026-03-27 11:22:15,3128
13407,132,111,2026-03-27 11:40:07,1928
13408,444,130,2026-03-27 12:08:55,3262
13409,406,767,2026-03-27 12:41:55,788
13410,303,278,2026-03-27 13:04:09,1595
13411,72,479,2026-03-27 14:21:31,613
13412,306,270,2026-03-27 14:23:44,2695
13413,273,710,2026-03-27 15:05:46,812
13414,101,325,2026-03-27 15:31:22,725
13415,239,293,2026-03-27 16:30:10,1528
13416,406,458,2026-03-27 17:26:40,1305
13417,234,610,2026-03-27 17:34:38,972
13418,420,615,2026-03-27 17:46:37,1728
13419,98,435,2026-03-27 18:47:02,2378
13420,56,340,2026-03-27 18:55:09,2143
13421,426,225,2026-03-27 21:54:55,3061
13422,232,680,2026-03-27 23:58:55,705
13423,129,718,2026-03-27 23:59:23,2027
13424,212,86,2026-03-28 00:00:07,933
13425,189,578,2026-03-28 00:06:22,3107
13426,125,131,2026-03-28 00:48:57,875
13427,174,267,2026-03-28 00:49:52,1090
13428,8,290,2026-03-28 04:06:34,2225
13429,401,702,2026-03-28 04:32:07,713
13430,266,342,2026-03-28 06:56:22,1091
13431,293,416,2026-03-28 06:56:34,1229
13432,352,453,2026-03-28 06:59:45,2029
13433,96,506,2026-03-28 07:19:58,3107
13434,327,732,2026-03-28 08:21:01,465
13435,253,596,2026-03-28 08:22:21,2154
13436,250,754,2026-03-28 08:58:13,2601
13437,94,17,2026-03-28 09:07:51,1706
13438,121,717,2026-03-28 09:37:26,797
13439,464,776,2026-03-28 09:41:48,1732
13440,260,762,2026-03-28 10:05:54,1328
13441,77,733,2026-03-28 10:48:34,1841
13442,247,293,2026-03-28 11:27:37,1831
13443,454,198,2026-03-28 11:47:45,1245
13444,330,753,2026-03-28 12:44:07,2290
13445,239,755,2026-03-28 13:27:18,2272
13446,257,570,2026-03-28 14:04:53,985
13447,459,384,2026-03-28 15:19:41,1139
13448,4,30,2026-03-28 18:12:38,1266
13449,115,312,2026-03-28 20:37:26,1616
13450,500,97,2026-03-28 20:45:34,1982
13451,146,198,2026-03-28 21:49:42,1199
13452,63,252,2026-03-28 21:54:22,2716
13453,338,280,2026-03-28 22:12:22,2594
13454,424,33,2026-03-28 22:19:29,799
13455,395,430,2026-03-28 23:50:43,1781
13456,173,240,2026-03-29 00:29:20,2864
13457,91,155,2026-03-29 01:33:21,98
13458,163,585,2026-03-29 02:19:46,698
13459,197,6,2026-03-29 02:51:33,595
13460,334,37,2026-03-29 03:01:25,832
13461,44,243,2026-03-29 03:13:29,2699
13462,274,18,2026-03-29 04:07:02,101
13463,352,419,2026-03-29 07:33:00,798
13464,119,574,2026-03-29 08:30:36,2767
13465,225,643,2026-03-29 09:58:21,1491
13466,390,8,2026-03-29 11:29:26,144
13467,337,132,2026-03-29 12:45:10,2885
13468,368,607,2026-03-29 13:26:57,1125
13469,52,1,2026-03-29 13:29:07,1686
13470,29,287,2026-03-29 13:38:59,631
13471,415,772,2026-03-29 13:52:34,789
13472,431,112,2026-03-29 14:43:45,1609
13473,88,295,2026-03-29 15:37:01,630
13474,382,751,2026-03-29 16:20:58,1233
13475,126,184,2026-03-29 16:37:48,873
13476,386,124,2026-03-29 17:06:53,1579
13477,475,734,2026-03-29 17:15:41,3212
13478,458,124,2026-03-29 18:33:01,1114
13479,19,177,2026-03-29 19:49:26,1471
13480,414,633,2026-03-29 20:45:12,576
13481,390,87,2026-03-29 21:01:35,1900
13482,350,146,2026-03-29 21:16:46,877
13483,258,657,2026-03-29 22:29:27,567
13484,442,678,2026-03-29 23:12:49,1311
13485,443,253,2026-03-29 23:44:48,1350
13486,317,664,2026-03-30 00:25:13,1551
13487,293,480,2026-03-30 00:40:24,2149
13488,249,417,2026-03-30 01:14:21,1023
13489,336,766,2026-03-30 01:19:50,2254
13490,142,215,2026-03-30 01:54:54,2390
13491,27,81,2026-03-30 02:24:08,2788
13492,481,309,2026-03-30 02:50:42,2338
13493,71,29,2026-03-30 04:22:18,2419
13494,75,664,2026-03-30 04:46:13,1525
13495,97,648,2026-03-30 05:48:58,854
13496,189,149,2026-03-30 06:04:14,2476
13497,313,467,2026-03-30 06:35:12,912
13498,65,53,2026-03-30 06:35:17,1881
13499,211,705,2026-03-30 07:13:17,2067
13500,391,436,2026-03-30 07:13:35,2999
13501,73,476,2026-03-30 07:15:38,1492
13502,412,278,2026-03-30 08:30:29,1379
13503,296,462,2026-03-30 09:03:20,896
13504,383,170,2026-03-30 09:43:10,2034
13505,23,470,2026-03-30 11:33:30,1547
13506,444,562,2026-03-30 12:00:28,2726
13507,424,119,2026-03-30 12:02:51,3334
13508,365,689,2026-03-30 12:31:46,1622
13509,279,719,2026-03-30 12:31:51,1394
13510,207,769,2026-03-30 13:00:27,219
13511,267,673,2026-03-30 13:22:39,383
13512,408,443,2026-03-30 13:31:58,2313
13513,277,269,2026-03-30 14:46:07,2667
13514,7,298,2026-03-30 14:55:34,2435
13515,96,724,2026-03-30 16:25:35,2510
13516,500,37,2026-03-30 16:26:56,1290
13517,398,473,2026-03-30 17:08:25,833
13518,64,175,2026-03-30 17:41:26,3013
13519,125,229,2026-03-30 18:06:19,1159
13520,279,305,2026-03-30 18:07:05,614
13521,214,616,2026-03-30 18:25:26,3137
13522,61,52,2026-03-30 18:26:06,2231
13523,26,516,2026-03-30 19:20:08,2612
13524,205,265,2026-03-30 19:41:59,897
13525,133,262,2026-03-30 20:10:25,223
13526,183,752,2026-03-30 20:52:30,1019
13527,242,765,2026-03-30 20:55:55,534
13528,177,36,2026-03-30 22:22:01,1742
13529,343,652,2026-03-30 23:30:07,1976
13530,359,577,2026-03-31 00:28:43,2792
13531,9,608,2026-03-31 01:03:12,2650
13532,309,89,2026-03-31 01:58:03,825
13533,51,464,2026-03-31 02:29:22,1100
13534,457,598,2026-03-31 03:13:39,976
13535,430,526,2026-03-31 05:16:49,1523
13536,342,513,2026-03-31 06:43:54,2872
13537,225,615,2026-03-31 07:36:06,1715
13538,437,285,2026-03-31 08:36:41,3006
13539,12,582,2026-03-31 09:20:25,1848
13540,273,668,2026-03-31 09:33:08,1481
13541,223,202,2026-03-31 09:44:19,1813
13542,471,66,2026-03-31 10:37:41,469
13543,429,578,2026-03-31 11:02:19,2746
13544,62,517,2026-03-31 11:24:57,3151
13545,126,108,2026-03-31 11:46:18,537
13546,190,378,2026-03-31 12:24:47,3366
13547,114,1,2026-03-31 12:39:37,271
13548,417,198,2026-03-31 13:05:27,685
13549,41,357,2026-03-31 13:18:45,1856
13550,459,645,2026-03-31 14:32:31,1016
13551,207,581,2026-03-31 16:00:14,811
13552,500,746,2026-03-31 16:17:49,3504
13553,489,150,2026-03-31 17:08:53,2975
13554,316,393,2026-03-31 17:44:40,1089
13555,235,269,2026-03-31 18:03:09,2686
13556,420,434,2026-03-31 20:19:47,2209
13557,385,324,2026-03-31 20:23:57,2325
13558,109,250,2026-03-31 20:24:40,2242
13559,230,119,2026-03-31 21:50:25,304
13560,236,585,2026-03-31 22:06:25,637
13561,95,288,2026-03-31 22:59:47,3071
13562,117,319,2026-03-31 23:25:53,1058
13563,258,324,2026-03-31 23:39:17,234
13564,106,509,2026-04-01 00:04:35,877
13565,149,71,2026-04-01 00:18:27,956
13566,213,758,2026-04-01 01:05:50,3208
13567,486,551,2026-04-01 01:19:24,1993
13568,24,377,2026-04-01 02:32:30,605
13569,105,337,2026-04-01 04:22:49,3377
13570,52,439,2026-04-01 04:42:52,3133
13571,472,317,2026-04-01 05:23:54,938
13572,327,57,2026-04-01 05:29:49,2727
13573,160,392,2026-04-01 05:45:01,1702
13574,4,536,2026-04-01 06:33:26,1501
13575,201,314,2026-04-01 06:45:31,3328
13576,193,208,2026-04-01 09:12:43,1069
13577,400,442,2026-04-01 09:45:30,827
13578,319,643,2026-04-01 09:47:47,783
13579,383,345,2026-04-01 10:57:50,539
13580,311,58,2026-04-01 11:02:28,591
13581,477,501,2026-04-01 11:26:32,2130
13582,84,683,2026-04-01 11:27:07,1134
13583,39,266,2026-04-01 11:40:40,3023
13584,411,762,2026-04-01 11:53:20,2183
13585,131,29,2026-04-01 12:13:28,2156
13586,366,676,2026-04-01 12:50:09,500
13587,441,597,2026-04-01 12:52:48,731
13588,230,179,2026-04-01 13:11:29,985
13589,234,441,2026-04-01 13:11:54,1083
13590,50,309,2026-04-01 13:56:02,2211
13591,305,349,2026-04-01 13:59:40,2313
13592,494,576,2026-04-01 14:45:43,1237
13593,252,13,2026-04-01 14:52:24,1417
13594,202,783,2026-04-01 15:06:24,1509
13595,423,255,2026-04-01 15:11:45,635
13596,400,337,2026-04-01 15:51:25,389
13597,198,59,2026-04-01 16:02:23,2527
13598,317,561,2026-04-01 16:13:07,2080
13599,45,66,2026-04-01 18:30:14,149
13600,426,603,2026-04-01 19:06:31,709
13601,285,710,2026-04-01 19:23:01,743
13602,414,304,2026-04-01 19:27:23,2747
13603,203,416,2026-04-01 19:39:44,1134
13604,410,4,2026-04-01 20:38:45,987
13605,100,588,2026-04-01 20:40:39,2187
13606,401,14,2026-04-01 21:44:11,529
13607,288,7,2026-04-01 21:54:18,2109
13608,446,697,2026-04-01 22:33:24,1334
13609,272,726,2026-04-01 22:45:22,836
13610,87,308,2026-04-01 22:51:55,1476
13611,424,221,2026-04-01 22:54:42,1765
13612,291,705,2026-04-01 23:32:41,1270
13613,425,270,2026-04-02 00:00:00,2673
13614,464,767,2026-04-02 00:40:02,762
13615,377,449,2026-04-02 00:51:23,1908
13616,64,606,2026-04-02 02:25:10,1887
13617,393,284,2026-04-02 02:33:18,1706
13618,266,175,2026-04-02 02:54:42,2916
13619,218,234,2026-04-02 05:54:01,2105
13620,265,86,2026-04-02 06:01:53,2210
13621,223,235,2026-04-02 06:25:05,1575
13622,387,204,2026-04-02 07:27:54,1287
13623,283,645,2026-04-02 08:20:21,539
13624,230,41,2026-04-02 09:29:58,2812
13625,59,338,2026-04-02 10:05:01,2494
13626,105,123,2026-04-02 10:07:58,1293
13627,103,745,2026-04-02 11:41:13,1597
13628,135,200,2026-04-02 11:43:47,867
13629,408,178,2026-04-02 12:16:26,549
13630,316,132,2026-04-02 12:20:29,2831
13631,2,390,2026-04-02 15:11:52,2249
13632,69,683,2026-04-02 15:38:52,2246
13633,130,379,2026-04-02 16:56:17,689
13634,391,239,2026-04-02 16:59:58,3210
13635,204,655,2026-04-02 17:15:52,757
13636,393,690,2026-04-02 18:12:13,1651
13637,239,314,2026-04-02 18:49:25,1919
13638,415,601,2026-04-02 19:58:58,1654
13639,478,505,2026-04-02 21:17:35,969
13640,482,372,2026-04-02 21:23:30,2905
13641,126,399,2026-04-02 21:30:57,300
13642,385,714,2026-04-02 22:20:46,1797
13643,110,72,2026-04-02 22:33:53,389
13644,255,164,2026-04-02 23:01:38,2417
13645,21,556,2026-04-02 23:34:56,219
13646,176,30,2026-04-02 23:44:57,1194
13647,23,410,2026-04-03 00:05:35,1983
13648,270,764,2026-04-03 00:05:50,102
13649,284,339,2026-04-03 00:06:10,2426
13650,338,442,2026-04-03 00:06:19,909
13651,82,75,2026-04-03 00:14:44,885
13652,325,387,2026-04-03 00:47:12,1378
13653,100,762,2026-04-03 01:00:09,2083
13654,474,495,2026-04-03 01:08:21,2327
13655,316,213,2026-04-03 01:15:48,34
13656,242,15,2026-04-03 01:58:55,692
13657,253,298,2026-04-03 02:32:56,2542
13658,260,680,2026-04-03 03:00:52,793
13659,191,689,2026-04-03 04:48:47,1679
13660,388,346,2026-04-03 06:02:50,1550
13661,189,649,2026-04-03 06:16:09,2675
13662,89,100,2026-04-03 06:34:04,65
13663,23,357,2026-04-03 07:19:23,2025
13664,411,605,2026-04-03 07:36:13,841
13665,262,238,2026-04-03 07:42:02,59
13666,218,51,2026-04-03 08:05:01,725
13667,189,732,2026-04-03 08:05:33,2949
13668,361,745,2026-04-03 08:07:05,1859
13669,232,781,2026-04-03 08:08:14,633
13670,15,776,2026-04-03 08:19:50,2222
13671,264,246,2026-04-03 09:02:28,1061
13672,150,755,2026-04-03 09:34:14,2275
13673,456,308,2026-04-03 09:39:22,1628
13674,392,527,2026-04-03 09:44:52,1859
13675,112,421,2026-04-03 10:35:54,819
13676,41,706,2026-04-03 10:41:37,1965
13677,418,796,2026-04-03 11:27:20,1881
13678,284,64,2026-04-03 12:40:45,2883
13679,129,357,2026-04-03 12:42:18,1981
13680,96,269,2026-04-03 12:58:49,2473
13681,230,266,2026-04-03 13:03:42,2846
13682,294,208,2026-04-03 14:27:05,159
13683,456,493,2026-04-03 15:09:28,1338
13684,374,264,2026-04-03 15:12:48,704
13685,433,85,2026-04-03 15:19:27,1197
13686,54,678,2026-04-03 15:31:57,1244
13687,160,790,2026-04-03 15:37:23,2816
13688,211,199,2026-04-03 15:54:32,3125
13689,142,434,2026-04-03 15:59:27,1694
13690,394,349,2026-04-03 16:24:26,2445
13691,253,556,2026-04-03 16:41:52,1548
13692,247,565,2026-04-03 16:44:52,1131
13693,219,798,2026-04-03 18:29:18,464
13694,57,654,2026-04-03 19:29:34,1775
13695,220,85,2026-04-03 20:10:52,1081
13696,490,520,2026-04-03 20:15:19,1150
13697,364,104,2026-04-03 20:57:26,1638
13698,211,526,2026-04-03 21:26:41,1007
13699,483,145,2026-04-03 21:42:23,791
13700,302,647,2026-04-03 22:05:33,35
13701,57,29,2026-04-03 22:13:17,2520
13702,102,232,2026-04-03 23:30:55,2449
13703,363,252,2026-04-03 23:33:10,1661
13704,66,280,2026-04-03 23:37:04,1898
13705,162,554,2026-04-03 23:53:14,2225
13706,69,353,2026-04-04 00:30:54,1552
13707,382,457,2026-04-04 01:15:55,2984
13708,138,686,2026-04-04 02:11:56,778
13709,62,394,2026-04-04 02:46:51,1158
13710,102,537,2026-04-04 02:50:55,434
13711,377,476,2026-04-04 03:16:40,1324
13712,48,531,2026-04-04 04:07:35,662
13713,119,703,2026-04-04 05:06:17,1640
13714,351,275,2026-04-04 05:34:31,101
13715,421,47,2026-04-04 05:40:34,1110
13716,339,569,2026-04-04 06:05:35,2946
13717,145,650,2026-04-04 07:17:41,2091
13718,436,792,2026-04-04 09:22:57,2159
13719,149,163,2026-04-04 09:29:16,1976
13720,322,258,2026-04-04 10:36:56,2888
13721,475,479,2026-04-04 11:15:25,644
13722,385,534,2026-04-04 11:23:00,3019
13723,497,351,2026-04-04 11:33:20,1807
13724,67,689,2026-04-04 12:10:22,1602
13725,408,205,2026-04-04 13:00:47,2881
13726,412,178,2026-04-04 14:48:57,2596
13727,267,99,2026-04-04 15:24:29,2404
13728,293,62,2026-04-04 16:16:02,860
13729,72,479,2026-04-04 17:23:11,395
13730,489,131,2026-04-04 17:31:48,98
13731,220,264,2026-04-04 17:47:46,816
13732,84,578,2026-04-04 20:24:56,2576
13733,405,321,2026-04-04 20:26:59,1846
13734,19,124,2026-04-04 20:29:50,2864
13735,219,771,2026-04-04 21:35:54,2672
13736,341,130,2026-04-04 22:41:18,2778
13737,149,225,2026-04-04 23:01:18,3202
13738,488,160,2026-04-04 23:07:14,1146
13739,473,359,2026-04-05 01:00:55,500
13740,477,653,2026-04-05 01:51:28,735
13741,226,50,2026-04-05 03:48:26,2557
13742,464,384,2026-04-05 04:02:47,1304
13743,498,362,2026-04-05 04:50:53,1385
13744,372,133,2026-04-05 05:43:58,1351
13745,131,705,2026-04-05 06:22:47,754
13746,332,789,2026-04-05 06:28:22,251
13747,285,359,2026-04-05 06:33:38,705
13748,55,705,2026-04-05 06:44:06,328
13749,280,83,2026-04-05 06:44:40,2596
13750,408,518,2026-04-05 06:46:35,2697
13751,62,542,2026-04-05 06:59:28,1964
13752,106,478,2026-04-05 08:17:15,1488
13753,35,589,2026-04-05 08:40:28,2428
13754,425,182,2026-04-05 09:02:09,1997
13755,10,265,2026-04-05 09:59:42,850
13756,293,774,2026-04-05 10:48:05,526
13757,222,529,2026-04-05 11:03:37,3264
13758,100,455,2026-04-05 12:03:59,2180
13759,481,65,2026-04-05 12:14:12,1724
13760,302,85,2026-04-05 13:23:33,202
13761,151,178,2026-04-05 13:33:16,1723
13762,229,665,2026-04-05 13:35:19,1188
13763,445,282,2026-04-05 13:54:56,3764
13764,202,702,2026-04-05 14:28:59,63
13765,362,719,2026-04-05 14:58:07,1433
13766,207,398,2026-04-05 15:05:13,2524
13767,27,97,2026-04-05 15:49:47,1725
13768,53,258,2026-04-05 16:11:06,3331
13769,16,151,2026-04-05 16:49:04,2814
13770,258,113,2026-04-05 17:12:24,44
13771,201,705,2026-04-05 17:45:38,1938
13772,36,197,2026-04-05 19:51:59,1624
13773,220,256,2026-04-05 20:07:05,1092
13774,269,536,2026-04-05 20:32:03,1556
13775,170,702,2026-04-05 21:50:25,655
13776,274,116,2026-04-05 22:28:05,1894
13777,252,153,2026-04-05 22:57:43,895
13778,330,781,2026-04-05 23:43:32,267
13779,235,328,2026-04-05 23:56:07,3305
13780,242,51,2026-04-06 01:26:23,777
13781,14,344,2026-04-06 01:30:06,2403
13782,94,303,2026-04-06 01:40:29,2909
13783,428,635,2026-04-06 01:52:05,245
13784,81,743,2026-04-06 02:15:47,1198
13785,143,691,2026-04-06 02:29:55,1861
13786,242,565,2026-04-06 02:54:31,1175
13787,183,758,2026-04-06 03:45:59,1605
13788,142,795,2026-04-06 04:09:45,1913
13789,256,622,2026-04-06 04:16:54,690
13790,239,220,2026-04-06 04:37:02,2994
13791,466,705,2026-04-06 05:55:54,1944
13792,131,320,2026-04-06 06:02:23,410
13793,62,168,2026-04-06 06:33:16,2589
13794,480,75,2026-04-06 06:48:54,594
13795,214,612,2026-04-06 09:04:07,1433
13796,50,796,2026-04-06 09:40:48,928
13797,192,242,2026-04-06 09:42:11,1905
13798,308,497,2026-04-06 10:45:04,2116
13799,121,520,2026-04-06 11:28:03,1259
13800,481,446,2026-04-06 11:51:54,2425
13801,442,506,2026-04-06 12:14:00,1761
13802,286,134,2026-04-06 12:30:44,666
13803,312,130,2026-04-06 13:01:01,1046
13804,470,586,2026-04-06 14:23:15,1649
13805,465,24,2026-04-06 14:29:01,941
13806,146,27,2026-04-06 14:42:00,2460
13807,168,106,2026-04-06 14:42:43,2530
13808,390,63,2026-04-06 15:02:13,533
13809,83,473,2026-04-06 15:23:31,841
13810,337,371,2026-04-06 15:56:46,513
13811,249,108,2026-04-06 17:35:35,559
13812,226,153,2026-04-06 18:38:52,2084
13813,383,269,2026-04-06 21:17:08,366
13814,243,592,2026-04-06 22:32:38,1784
13815,349,737,2026-04-06 22:43:05,1300
13816,484,766,2026-04-06 23:12:41,158
13817,354,657,2026-04-06 23:28:14,830
13818,198,473,2026-04-07 00:13:47,694
13819,435,108,2026-04-07 01:08:10,551
13820,402,141,2026-04-07 01:26:03,583
13821,475,503,2026-04-07 02:26:49,758
13822,346,555,2026-04-07 02:48:27,3381
13823,352,199,2026-04-07 03:11:44,330
13824,178,485,2026-04-07 03:23:34,1521
13825,195,325,2026-04-07 03:31:03,689
13826,101,7,2026-04-07 04:08:38,387
13827,83,169,2026-04-07 04:11:50,40
13828,216,667,2026-04-07 04:42:50,968
13829,124,427,2026-04-07 04:44:52,2646
13830,43,741,2026-04-07 05:00:46,2183
13831,342,715,2026-04-07 05:54:01,3253
13832,385,524,2026-04-07 07:34:55,1871
13833,306,671,2026-04-07 07:44:54,828
13834,28,237,2026-04-07 10:16:54,73
13835,87,762,2026-04-07 10:17:24,2268
13836,359,453,2026-04-07 10:41:43,1927
13837,95,354,2026-04-07 10:50:18,1306
13838,213,544,2026-04-07 12:11:30,569
13839,113,153,2026-04-07 12:22:56,2105
13840,36,651,2026-04-07 12:39:22,198
13841,470,251,2026-04-07 13:18:12,2700
13842,481,575,2026-04-07 13:19:13,2870
13843,73,171,2026-04-07 13:40:26,170
13844,397,776,2026-04-07 14:28:05,2559
13845,66,98,2026-04-07 14:46:31,35
13846,140,341,2026-04-07 14:49:43,1971
13847,361,53,2026-04-07 14:55:01,374
13848,312,644,2026-04-07 15:21:37,2114
13849,262,381,2026-04-07 15:30:17,1743
13850,429,331,2026-04-07 15:53:03,267
13851,424,166,2026-04-07 17:45:09,2015
13852,59,171,2026-04-07 18:00:38,2527
13853,170,62,2026-04-07 18:40:07,868
13854,22,200,2026-04-07 19:09:29,1165
13855,5,450,2026-04-07 19:43:30,2806
13856,124,505,2026-04-07 20:29:58,1093
13857,17,283,2026-04-07 20:50:07,1542
13858,361,551,2026-04-07 20:59:47,2225
13859,163,770,2026-04-07 22:06:13,2833
13860,117,303,2026-04-07 22:12:29,2506
13861,34,164,2026-04-07 22:36:33,3026
13862,382,190,2026-04-07 23:41:11,1477
13863,317,762,2026-04-08 00:00:23,109
13864,99,750,2026-04-08 00:14:25,1131
13865,413,793,2026-04-08 00:28:24,2823
13866,248,564,2026-04-08 01:34:50,892
13867,332,387,2026-04-08 03:01:29,1354
13868,323,647,2026-04-08 03:19:29,853
13869,283,75,2026-04-08 03:51:10,407
13870,44,483,2026-04-08 04:14:01,826
13871,242,437,2026-04-08 04:16:47,760
13872,467,473,2026-04-08 04:39:47,147
13873,53,35,2026-04-08 04:51:30,1696
13874,11,485,2026-04-08 05:21:47,1003
13875,288,400,2026-04-08 06:56:24,2870
13876,319,479,2026-04-08 07:20:14,582
13877,442,668,2026-04-08 07:42:22,1379
13878,453,440,2026-04-08 07:54:30,952
13879,126,267,2026-04-08 07:57:40,1048
13880,225,305,2026-04-08 08:49:19,626
13881,157,243,2026-04-08 09:31:06,2432
13882,309,173,2026-04-08 10:18:42,1433
13883,306,353,2026-04-08 10:45:55,304
13884,366,234,2026-04-08 11:24:50,2561
13885,469,718,2026-04-08 11:26:44,1898
13886,164,346,2026-04-08 11:36:46,1666
13887,317,164,2026-04-08 11:39:41,2523
13888,46,195,2026-04-08 12:04:41,3394
13889,332,422,2026-04-08 12:12:26,1605
13890,42,210,2026-04-08 12:56:43,1027
13891,467,690,2026-04-08 13:32:31,1839
13892,483,554,2026-04-08 13:43:25,2172
13893,363,538,2026-04-08 13:46:52,2161
13894,124,60,2026-04-08 14:04:10,3265
13895,242,145,2026-04-08 14:19:30,733
13896,406,54,2026-04-08 14:27:38,1281
13897,96,649,2026-04-08 15:30:39,2478
13898,210,722,2026-04-08 16:02:18,2374
13899,469,2,2026-04-08 16:34:09,1437
13900,460,187,2026-04-08 17:07:20,2205
13901,442,518,2026-04-08 17:47:23,2939
13902,236,654,2026-04-08 18:40:47,1715
13903,135,118,2026-04-08 20:04:52,1938
13904,62,421,2026-04-08 20:47:27,1639
13905,230,140,2026-04-08 20:49:40,601
13906,390,235,2026-04-08 21:17:36,270
13907,115,200,2026-04-08 21:44:09,1045
13908,169,128,2026-04-08 21:44:33,1172
13909,230,21,2026-04-08 21:51:18,296
13910,24,175,2026-04-08 22:35:13,1333
13911,469,773,2026-04-08 23:00:37,2748
13912,251,124,2026-04-09 00:20:09,2923
13913,112,485,2026-04-09 02:08:58,334
13914,16,11,2026-04-09 02:17:25,3058
13915,262,153,2026-04-09 02:18:54,2108
13916,74,36,2026-04-09 02:26:02,1854
13917,467,327,2026-04-09 02:43:07,1567
13918,25,496,2026-04-09 02:44:34,3358
13919,242,587,2026-04-09 03:21:56,932
13920,237,107,2026-04-09 03:39:00,703
13921,403,460,2026-04-09 03:50:26,341
13922,435,610,2026-04-09 03:58:51,1043
13923,264,460,2026-04-09 04:10:55,1035
13924,302,714,2026-04-09 04:17:32,1215
13925,324,355,2026-04-09 04:42:57,235
13926,325,572,2026-04-09 04:49:27,127
13927,117,338,2026-04-09 04:58:17,2097
13928,303,706,2026-04-09 04:59:22,1328
13929,57,496,2026-04-09 05:49:54,3441
13930,44,539,2026-04-09 08:02:38,3300
13931,412,477,2026-04-09 08:05:53,3562
13932,333,720,2026-04-09 09:39:26,689
13933,353,57,2026-04-09 10:17:34,2697
13934,101,625,2026-04-09 12:03:00,1755
13935,82,430,2026-04-09 13:57:42,681
13936,101,277,2026-04-09 13:59:38,1240
13937,32,188,2026-04-09 15:16:37,845
13938,436,321,2026-04-09 15:18:05,2799
13939,234,464,2026-04-09 15:37:27,512
13940,373,699,2026-04-09 16:05:56,1400
13941,100,759,2026-04-09 16:25:36,2071
13942,104,166,2026-04-09 16:36:42,229
13943,284,752,2026-04-09 16:48:30,1011
13944,228,4,2026-04-09 16:58:54,402
13945,305,600,2026-04-09 17:17:23,1136
13946,69,269,2026-04-09 17:22:48,2564
13947,313,799,2026-04-09 17:26:27,2104
13948,243,660,2026-04-09 17:35:32,2050
13949,12,731,2026-04-09 18:05:42,2380
13950,187,203,2026-04-09 18:53:22,71
13951,253,109,2026-04-09 19:48:46,2322
13952,69,185,2026-04-09 20:28:18,1631
13953,272,267,2026-04-09 22:06:01,1172
13954,183,428,2026-04-09 22:20:43,1883
13955,326,732,2026-04-10 00:02:29,2701
13956,111,454,2026-04-10 00:33:54,2192
13957,154,372,2026-04-10 00:44:41,3114
13958,41,720,2026-04-10 01:51:02,453
13959,229,443,2026-04-10 04:17:04,2409
13960,243,761,2026-04-10 04:37:15,1570
13961,491,67,2026-04-10 05:18:56,2403
13962,194,539,2026-04-10 05:23:42,3243
13963,454,49,2026-04-10 05:33:55,555
13964,232,444,2026-04-10 05:53:04,2053
13965,254,87,2026-04-10 06:17:18,1820
13966,188,29,2026-04-10 07:03:02,2443
13967,212,532,2026-04-10 07:17:33,2873
13968,148,620,2026-04-10 08:14:44,977
13969,247,286,2026-04-10 08:33:33,1408
13970,170,463,2026-04-10 09:08:54,1043
13971,488,375,2026-04-10 09:12:05,585
13972,130,488,2026-04-10 09:14:55,1338
13973,134,71,2026-04-10 10:04:34,947
13974,245,512,2026-04-10 11:37:47,385
13975,303,294,2026-04-10 12:39:10,1096
13976,97,597,2026-04-10 12:44:13,750
13977,253,42,2026-04-10 12:50:56,806
13978,337,381,2026-04-10 12:52:53,2109
13979,139,481,2026-04-10 13:40:43,868
13980,119,91,2026-04-10 15:19:45,612
13981,406,575,2026-04-10 15:49:59,1036
13982,308,486,2026-04-10 15:56:02,2632
13983,164,203,2026-04-10 16:25:28,1174
13984,114,592,2026-04-10 16:28:12,1036
13985,311,588,2026-04-10 16:34:19,282
13986,60,598,2026-04-10 16:39:35,2276
13987,94,283,2026-04-10 16:54:37,1539
13988,395,119,2026-04-10 16:58:59,372
13989,119,743,2026-04-10 17:15:34,628
13990,217,110,2026-04-10 18:04:02,3079
13991,136,503,2026-04-10 18:33:35,278
13992,203,252,2026-04-10 19:01:52,2437
13993,87,73,2026-04-10 19:22:59,2308
13994,202,67,2026-04-10 19:27:38,2240
13995,200,293,2026-04-10 19:57:00,2033
13996,315,21,2026-04-10 20:42:18,649
13997,421,317,2026-04-10 20:56:04,189
13998,188,371,2026-04-10 20:59:00,318
13999,231,562,2026-04-10 21:20:47,1018
14000,483,498,2026-04-10 21:23:40,278
14001,123,199,2026-04-10 21:31:51,3202
14002,70,678,2026-04-10 22:59:46,1323
14003,64,158,2026-04-10 23:11:45,1404
14004,462,83,2026-04-10 23:20:01,2868
14005,335,47,2026-04-11 01:20:04,118
14006,74,396,2026-04-11 01:53:55,1073
14007,109,172,2026-04-11 03:13:29,1400
14008,491,745,2026-04-11 03:51:54,1608
14009,495,142,2026-04-11 04:22:18,885
14010,420,493,2026-04-11 04:52:20,525
14011,147,491,2026-04-11 05:59:15,2118
14012,113,313,2026-04-11 06:19:52,1046
14013,396,703,2026-04-11 06:33:21,1437
14014,229,339,2026-04-11 07:52:06,2222
14015,478,363,2026-04-11 08:27:55,3064
14016,465,74,2026-04-11 09:19:55,2444
14017,413,520,2026-04-11 09:30:49,1256
14018,264,770,2026-04-11 09:48:08,530
14019,480,147,2026-04-11 10:01:41,1662
14020,144,113,2026-04-11 10:48:53,2766
14021,116,365,2026-04-11 11:30:37,2266
14022,263,713,2026-04-11 13:29:23,1612
14023,113,603,2026-04-11 13:32:05,693
14024,419,28,2026-04-11 14:01:40,2649
14025,209,454,2026-04-11 14:21:42,2831
14026,481,358,2026-04-11 15:38:37,3119
14027,146,280,2026-04-11 16:18:49,2604
14028,463,662,2026-04-11 16:38:46,2128
14029,288,193,2026-04-11 17:18:58,294
14030,130,546,2026-04-11 17:24:12,539
14031,354,459,2026-04-11 18:01:57,782
14032,253,555,2026-04-11 18:11:28,2967
14033,462,79,2026-04-11 18:34:25,511
14034,111,117,2026-04-11 21:04:18,1914
14035,481,391,2026-04-11 21:45:56,588
14036,181,454,2026-04-11 21:53:08,326
14037,246,96,2026-04-11 22:09:02,821
14038,115,236,2026-04-11 22:36:32,2743
14039,86,791,2026-04-11 23:58:19,2302
14040,63,211,2026-04-12 01:18:19,802
14041,397,57,2026-04-12 01:19:19,2634
14042,40,239,2026-04-12 02:04:56,3310
14043,479,678,2026-04-12 02:36:17,1128
14044,500,467,2026-04-12 02:49:23,906
14045,436,130,2026-04-12 03:25:37,3048
14046,410,407,2026-04-12 04:40:02,1427
14047,285,713,2026-04-12 05:32:38,1715
14048,385,493,2026-04-12 06:14:54,189
14049,146,557,2026-04-12 08:02:07,603
14050,305,768,2026-04-12 08:04:29,1190
14051,220,575,2026-04-12 08:35:34,2662
14052,390,340,2026-04-12 08:35:54,2154
14053,10,132,2026-04-12 08:35:57,3036
14054,107,539,2026-04-12 08:38:43,2917
14055,126,150,2026-04-12 09:11:34,3098
14056,369,398,2026-04-12 09:23:25,2500
14057,98,704,2026-04-12 09:34:41,1708
14058,433,249,2026-04-12 10:04:11,1291
14059,429,331,2026-04-12 10:42:58,1573
14060,354,402,2026-04-12 11:31:24,3273
14061,51,678,2026-04-12 11:43:00,1197
14062,392,114,2026-04-12 12:24:37,1746
14063,198,301,2026-04-12 13:13:25,2933
14064,474,423,2026-04-12 13:16:18,1830
14065,319,426,2026-04-12 13:26:21,3312
14066,288,155,2026-04-12 13:31:32,2198
14067,2,289,2026-04-12 14:24:17,898
14068,21,761,2026-04-12 14:49:42,209
14069,273,314,2026-04-12 17:16:12,3207
14070,42,207,2026-04-12 18:12:20,1566
14071,61,22,2026-04-12 18:39:47,1321
14072,331,676,2026-04-12 19:25:08,497
14073,361,9,2026-04-12 19:55:05,2001
14074,258,149,2026-04-12 21:00:46,1129
14075,392,88,2026-04-12 21:46:38,649
14076,76,765,2026-04-12 21:50:07,1226
14077,106,730,2026-04-12 22:57:00,1987
14078,419,656,2026-04-12 23:19:14,20
14079,51,6,2026-04-13 00:28:44,1586
14080,307,502,2026-04-13 00:32:36,1829
14081,14,289,2026-04-13 00:36:41,992
14082,298,449,2026-04-13 01:19:23,2248
14083,208,437,2026-04-13 01:28:11,799
14084,26,618,2026-04-13 02:43:26,2900
14085,373,726,2026-04-13 03:44:51,724
14086,197,335,2026-04-13 03:48:00,1042
14087,133,494,2026-04-13 04:41:37,1282
14088,7,494,2026-04-13 04:42:00,1477
14089,420,131,2026-04-13 04:42:24,962
14090,21,596,2026-04-13 05:04:47,2616
14091,472,266,2026-04-13 05:41:35,2785
14092,400,682,2026-04-13 05:42:14,648
14093,110,426,2026-04-13 05:50:44,665
14094,224,732,2026-04-13 06:43:16,2918
14095,365,393,2026-04-13 09:07:01,389
14096,239,167,2026-04-13 09:45:04,1959
14097,191,559,2026-04-13 10:01:29,1357
14098,61,455,2026-04-13 10:38:15,1829
14099,263,630,2026-04-13 11:13:49,2819
14100,165,453,2026-04-13 11:59:58,1909
14101,107,238,2026-04-13 12:26:12,1752
14102,173,543,2026-04-13 12:51:59,584
14103,73,673,2026-04-13 13:06:31,420
14104,68,148,2026-04-13 13:25:23,2355
14105,326,282,2026-04-13 13:38:43,2835
14106,186,391,2026-04-13 13:46:28,610
14107,232,432,2026-04-13 13:48:12,335
14108,327,155,2026-04-13 13:54:33,2255
14109,155,177,2026-04-13 14:55:22,1298
14110,316,550,2026-04-13 15:13:24,3290
14111,358,581,2026-04-13 15:24:54,347
14112,211,268,2026-04-13 15:44:46,937
14113,488,154,2026-04-13 15:49:04,1416
14114,285,487,2026-04-13 15:52:45,1011
14115,321,106,2026-04-13 16:03:44,2891
14116,366,718,2026-04-13 16:14:32,1695
14117,411,701,2026-04-13 18:10:12,1283
14118,403,708,2026-04-13 19:38:26,1842
14119,220,578,2026-04-13 20:00:54,1494
14120,457,654,2026-04-13 20:09:11,1960
14121,243,466,2026-04-13 21:48:35,2728
14122,143,733,2026-04-13 21:51:16,1822
14123,161,480,2026-04-13 23:11:44,1928
14124,343,572,2026-04-13 23:18:47,990
14125,252,679,2026-04-13 23:30:54,806
14126,443,164,2026-04-13 23:36:39,2675
14127,121,497,2026-04-13 23:41:29,952
14128,24,295,2026-04-14 00:47:48,1064
14129,161,163,2026-04-14 01:13:19,238
14130,173,487,2026-04-14 02:49:52,1193
14131,282,198,2026-04-14 02:57:36,1237
14132,370,765,2026-04-14 02:57:58,23
14133,25,498,2026-04-14 03:18:15,1591
14134,327,95,2026-04-14 03:27:39,749
14135,100,185,2026-04-14 04:30:14,1025
14136,292,627,2026-04-14 06:59:18,1717
14137,220,166,2026-04-14 07:16:01,2114
14138,103,73,2026-04-14 07:26:48,2496
14139,279,56,2026-04-14 08:20:33,2514
14140,139,723,2026-04-14 09:08:50,1039
14141,351,34,2026-04-14 09:34:55,2539
14142,166,65,2026-04-14 09:46:29,1800
14143,164,257,2026-04-14 10:34:11,796
14144,140,169,2026-04-14 10:40:37,507
14145,187,148,2026-04-14 10:42:59,1386
14146,385,542,2026-04-14 10:54:24,1800
14147,291,543,2026-04-14 12:28:38,619
14148,327,612,2026-04-14 13:19:37,961
14149,123,685,2026-04-14 15:19:49,429
14150,100,332,2026-04-14 18:01:37,2831
14151,497,669,2026-04-14 18:30:35,253
14152,3,212,2026-04-14 18:40:01,1762
14153,412,40,2026-04-14 18:58:57,2365
14154,122,406,2026-04-14 19:13:55,2390
14155,223,624,2026-04-14 19:57:24,899
14156,311,15,2026-04-14 20:28:31,625
14157,23,345,2026-04-14 20:29:14,580
14158,299,594,2026-04-14 22:57:52,1861
14159,138,628,2026-04-15 00:09:47,924
14160,44,373,2026-04-15 01:32:09,2666
14161,313,716,2026-04-15 02:16:35,2844
14162,72,333,2026-04-15 02:21:52,1317
14163,452,798,2026-04-15 02:39:52,1668
14164,325,45,2026-04-15 02:53:01,3311
14165,197,26,2026-04-15 03:06:11,662
14166,331,91,2026-04-15 03:56:02,730
14167,467,427,2026-04-15 04:05:38,2376
14168,444,203,2026-04-15 04:33:48,812
14169,408,177,2026-04-15 07:10:16,2146
14170,92,759,2026-04-15 08:46:32,1943
14171,192,523,2026-04-15 09:00:09,86
14172,213,99,2026-04-15 09:18:41,2726
14173,210,565,2026-04-15 09:48:02,889
14174,186,423,2026-04-15 10:00:13,1848
14175,250,708,2026-04-15 10:09:13,1789
14176,335,711,2026-04-15 11:13:36,1333
14177,9,686,2026-04-15 12:10:32,874
14178,72,353,2026-04-15 12:51:23,1281
14179,357,632,2026-04-15 14:40:52,648
14180,468,564,2026-04-15 15:59:09,1416
14181,244,53,2026-04-15 16:26:19,1821
14182,418,338,2026-04-15 16:41:50,408
14183,346,675,2026-04-15 17:15:00,201
14184,382,462,2026-04-15 17:46:50,1424
14185,216,311,2026-04-15 19:46:54,1800
14186,354,571,2026-04-15 19:55:02,1134
14187,204,72,2026-04-15 19:57:29,598
14188,212,596,2026-04-15 21:13:39,2207
14189,217,139,2026-04-15 21:41:13,2429
14190,465,112,2026-04-15 22:04:15,1879
14191,471,156,2026-04-15 22:22:12,1554
14192,256,294,2026-04-15 22:33:44,2630
14193,63,216,2026-04-15 23:27:05,2157
14194,461,795,2026-04-15 23:39:43,1869
14195,193,238,2026-04-15 23:50:10,1860
14196,420,44,2026-04-16 01:01:16,1761
14197,231,141,2026-04-16 01:16:35,553
14198,55,138,2026-04-16 01:50:31,1318
14199,500,355,2026-04-16 01:55:34,768
14200,35,598,2026-04-16 02:59:21,2372
14201,370,173,2026-04-16 05:06:36,1667
14202,47,793,2026-04-16 05:25:05,1773
14203,218,29,2026-04-16 05:31:15,2110
14204,320,346,2026-04-16 05:36:07,1796
14205,302,679,2026-04-16 05:36:58,647
14206,86,631,2026-04-16 06:05:15,869
14207,95,231,2026-04-16 07:39:00,149
14208,248,596,2026-04-16 08:43:18,2468
14209,5,264,2026-04-16 08:49:17,820
14210,394,547,2026-04-16 08:52:28,2568
14211,41,728,2026-04-16 08:53:01,1741
14212,161,236,2026-04-16 09:41:53,3161
14213,388,726,2026-04-16 10:01:44,442
14214,330,79,2026-04-16 12:10:43,745
14215,289,215,2026-04-16 12:29:46,2332
14216,139,207,2026-04-16 13:27:24,171
14217,42,270,2026-04-16 14:06:01,2791
14218,144,183,2026-04-16 15:54:57,1333
14219,86,54,2026-04-16 16:29:00,1312
14220,249,63,2026-04-16 16:44:43,1092
14221,382,642,2026-04-16 16:45:45,1175
14222,417,279,2026-04-16 17:04:59,39
14223,262,21,2026-04-16 17:47:43,58
14224,480,476,2026-04-16 18:28:48,555
14225,418,589,2026-04-16 18:40:28,2599
14226,370,33,2026-04-16 19:04:29,692
14227,426,570,2026-04-16 20:32:48,820
14228,460,359,2026-04-16 20:41:29,700
14229,453,380,2026-04-16 21:15:45,572
14230,26,154,2026-04-16 23:11:43,1576
14231,36,466,2026-04-16 23:58:42,1358
14232,346,626,2026-04-17 00:08:07,2717
14233,108,696,2026-04-17 00:52:22,184
14234,49,76,2026-04-17 01:39:06,1110
14235,143,796,2026-04-17 01:58:14,1766
14236,260,379,2026-04-17 02:44:24,655
14237,479,26,2026-04-17 02:56:11,1576
14238,75,161,2026-04-17 03:14:36,1849
14239,283,640,2026-04-17 04:17:02,2003
14240,211,795,2026-04-17 04:31:19,1035
14241,382,51,2026-04-17 05:00:46,12
14242,31,487,2026-04-17 06:31:57,1005
14243,206,330,2026-04-17 06:43:30,1548
14244,60,624,2026-04-17 07:27:10,1004
14245,291,44,2026-04-17 07:58:01,620
14246,215,322,2026-04-17 08:02:59,68
14247,348,675,2026-04-17 08:20:15,1173
14248,118,665,2026-04-17 08:36:40,1162
14249,429,604,2026-04-17 08:44:57,1587
14250,177,628,2026-04-17 09:13:55,936
14251,358,369,2026-04-17 09:14:49,519
14252,307,619,2026-04-17 09:21:51,1144
14253,94,745,2026-04-17 09:42:47,1898
14254,49,224,2026-04-17 09:55:24,2050
14255,168,533,2026-04-17 10:11:16,91
14256,30,605,2026-04-17 10:21:57,20
14257,368,350,2026-04-17 11:04:33,2619
14258,312,369,2026-04-17 11:32:53,2739
14259,337,310,2026-04-17 14:24:35,2261
14260,201,560,2026-04-17 14:35:33,2206
14261,424,197,2026-04-17 14:55:01,1557
14262,98,455,2026-04-17 15:44:08,844
14263,350,353,2026-04-17 16:51:46,1499
14264,36,340,2026-04-17 17:53:17,267
14265,7,749,2026-04-17 19:26:43,3151
14266,116,220,2026-04-17 19:27:20,3253
14267,149,710,2026-04-17 19:43:02,794
14268,397,364,2026-04-17 21:07:41,2918
14269,35,64,2026-04-17 21:50:10,3339
14270,444,439,2026-04-17 22:36:40,3004
14271,435,188,2026-04-17 23:39:16,831
14272,268,610,2026-04-18 00:47:12,984
14273,68,635,2026-04-18 01:29:03,212
14274,312,508,2026-04-18 01:34:04,2615
14275,34,683,2026-04-18 01:53:24,2465
14276,212,428,2026-04-18 02:31:24,2152
14277,418,176,2026-04-18 02:46:57,1876
14278,435,796,2026-04-18 02:50:23,1083
14279,371,153,2026-04-18 03:17:06,1590
14280,17,534,2026-04-18 03:33:06,3247
14281,70,166,2026-04-18 04:07:20,2202
14282,316,451,2026-04-18 04:28:45,1446
14283,19,110,2026-04-18 05:19:54,566
14284,293,306,2026-04-18 05:51:43,744
14285,302,58,2026-04-18 06:44:29,74
14286,227,495,2026-04-18 07:45:41,2093
14287,50,581,2026-04-18 07:47:26,1214
14288,290,379,2026-04-18 07:52:46,590
14289,219,717,2026-04-18 08:59:29,2164
14290,91,304,2026-04-18 09:34:01,2731
14291,442,624,2026-04-18 09:55:47,425
14292,286,786,2026-04-18 10:01:35,2796
14293,242,280,2026-04-18 10:08:22,2510
14294,468,3,2026-04-18 10:55:09,2309
14295,393,753,2026-04-18 11:10:50,2540
14296,332,600,2026-04-18 14:58:32,2066
14297,403,29,2026-04-18 15:25:25,2103
14298,334,260,2026-04-18 16:17:10,571
14299,256,254,2026-04-18 16:22:48,1937
14300,98,693,2026-04-18 16:32:44,2310
14301,99,100,2026-04-18 16:55:50,188
14302,373,627,2026-04-18 17:02:01,1038
14303,164,418,2026-04-18 17:06:57,2262
14304,115,123,2026-04-18 17:43:11,968
14305,382,383,2026-04-18 18:12:04,2379
14306,96,225,2026-04-18 19:14:36,3321
14307,319,728,2026-04-18 21:17:54,141
14308,438,530,2026-04-18 21:20:56,2565
14309,227,305,2026-04-18 21:27:34,26
14310,271,47,2026-04-18 21:32:57,933
14311,319,620,2026-04-18 22:10:53,1783
14312,310,23,2026-04-18 22:18:13,2202
14313,478,716,2026-04-18 22:41:42,3075
14314,38,368,2026-04-18 22:58:08,1619
14315,8,477,2026-04-18 23:16:25,3901
14316,218,85,2026-04-18 23:44:51,1221
14317,156,59,2026-04-19 00:01:23,2778
14318,397,167,2026-04-19 00:35:31,2509
14319,260,98,2026-04-19 00:44:24,2107
14320,413,468,2026-04-19 00:54:35,695
14321,54,85,2026-04-19 01:32:13,680
14322,199,93,2026-04-19 01:41:52,1766
14323,235,113,2026-04-19 02:33:00,3348
14324,403,609,2026-04-19 02:54:11,758
14325,195,502,2026-04-19 03:21:45,130
14326,280,178,2026-04-19 03:48:02,2613
14327,22,56,2026-04-19 05:16:30,3064
14328,467,114,2026-04-19 05:24:39,1514
14329,372,144,2026-04-19 05:35:13,266
14330,410,455,2026-04-19 06:27:19,2211
14331,207,773,2026-04-19 07:30:43,1240
14332,244,209,2026-04-19 07:35:36,762
14333,284,266,2026-04-19 09:23:11,1689
14334,48,459,2026-04-19 09:33:19,690
14335,278,357,2026-04-19 10:28:31,2009
14336,209,109,2026-04-19 11:00:36,1265
14337,449,255,2026-04-19 11:07:10,539
14338,347,515,2026-04-19 11:07:16,1933
14339,188,539,2026-04-19 11:17:15,3350
14340,65,778,2026-04-19 11:35:30,1293
14341,409,101,2026-04-19 11:37:57,2468
14342,260,240,2026-04-19 11:39:11,2301
14343,40,606,2026-04-19 12:13:09,2062
14344,215,514,2026-04-19 13:11:28,1678
14345,162,70,2026-04-19 13:29:12,91
14346,201,69,2026-04-19 14:21:15,2141
14347,70,541,2026-04-19 14:27:20,1668
14348,338,360,2026-04-19 15:20:42,1589
14349,109,503,2026-04-19 15:31:14,781
14350,481,161,2026-04-19 16:24:44,2101
14351,83,447,2026-04-19 16:38:22,1175
14352,15,90,2026-04-19 17:23:52,1226
14353,338,141,2026-04-19 17:38:27,573
14354,145,39,2026-04-19 19:21:19,1393
14355,461,766,2026-04-19 20:10:51,2261
14356,224,266,2026-04-19 20:32:14,3215
14357,268,445,2026-04-19 20:41:40,241
14358,497,121,2026-04-19 21:38:58,1068
14359,202,798,2026-04-19 21:47:22,98
14360,254,147,2026-04-19 22:37:18,2169
14361,373,364,2026-04-19 22:40:52,2629
14362,39,673,2026-04-19 22:43:27,338
14363,37,60,2026-04-19 22:58:51,3069
14364,427,763,2026-04-19 23:30:55,2175
14365,205,223,2026-04-19 23:40:45,2028
14366,117,487,2026-04-19 23:42:34,1674
14367,324,301,2026-04-20 00:04:54,2094
14368,6,163,2026-04-20 00:37:25,1965
14369,360,187,2026-04-20 00:56:08,749
14370,265,210,2026-04-20 01:23:27,2266
14371,133,735,2026-04-20 02:04:38,954
14372,409,148,2026-04-20 02:38:36,887
14373,34,45,2026-04-20 03:02:51,2926
14374,12,423,2026-04-20 03:28:26,1711
14375,198,508,2026-04-20 03:48:40,2859
14376,12,649,2026-04-20 03:53:14,2540
14377,162,774,2026-04-20 04:12:03,1105
14378,459,18,2026-04-20 04:51:47,815
14379,157,592,2026-04-20 04:54:40,1627
14380,94,99,2026-04-20 05:10:32,2682
14381,160,171,2026-04-20 05:35:31,2674
14382,145,785,2026-04-20 08:30:49,1435
14383,41,605,2026-04-20 08:38:35,930
14384,26,52,2026-04-20 08:57:55,2516
14385,349,339,2026-04-20 09:24:57,2184
14386,317,161,2026-04-20 09:48:52,1792
14387,143,735,2026-04-20 10:10:42,871
14388,279,674,2026-04-20 10:11:54,199
14389,22,551,2026-04-20 10:26:35,2202
14390,374,666,2026-04-20 10:53:44,2710
14391,314,156,2026-04-20 10:55:31,1568
14392,355,79,2026-04-20 11:20:14,651
14393,276,476,2026-04-20 11:40:39,1483
14394,88,178,2026-04-20 12:46:52,2493
14395,348,257,2026-04-20 13:15:24,552
14396,276,397,2026-04-20 14:41:07,1711
14397,309,54,2026-04-20 15:02:45,825
14398,209,144,2026-04-20 15:03:43,3119
14399,119,326,2026-04-20 15:27:53,2465
14400,145,189,2026-04-20 15:56:52,2576
14401,305,86,2026-04-20 16:12:01,2255
14402,172,672,2026-04-20 17:42:37,2294
14403,110,644,2026-04-20 17:52:12,1779
14404,442,435,2026-04-20 18:02:53,2995
14405,24,436,2026-04-20 18:11:44,2680
14406,389,780,2026-04-20 20:21:29,507
14407,363,156,2026-04-20 21:05:40,1367
14408,36,79,2026-04-20 21:06:24,714
14409,184,35,2026-04-20 21:33:48,1249
14410,437,344,2026-04-20 21:51:21,2568
14411,238,708,2026-04-20 21:58:45,2056
14412,34,54,2026-04-20 22:05:12,1394
14413,275,484,2026-04-20 22:06:59,1142
14414,262,22,2026-04-20 22:44:01,1524
14415,350,259,2026-04-20 23:26:03,2449
14416,15,344,2026-04-21 00:35:05,2201
14417,257,378,2026-04-21 00:40:15,3258
14418,49,207,2026-04-21 00:42:14,1767
14419,55,131,2026-04-21 01:35:03,325
14420,274,416,2026-04-21 01:48:46,1004
14421,90,623,2026-04-21 02:00:11,1053
14422,387,578,2026-04-21 03:44:50,2995
14423,474,611,2026-04-21 03:46:09,3169
14424,439,422,2026-04-21 04:40:21,2473
14425,422,59,2026-04-21 06:06:19,2376
14426,146,198,2026-04-21 09:59:55,1235
14427,17,728,2026-04-21 10:16:14,1969
14428,219,45,2026-04-21 10:48:30,3072
14429,315,703,2026-04-21 10:56:01,1013
14430,453,767,2026-04-21 11:00:40,675
14431,167,105,2026-04-21 11:02:46,420
14432,133,643,2026-04-21 12:13:11,1484
14433,409,154,2026-04-21 12:18:14,1489
14434,474,525,2026-04-21 15:41:55,2577
14435,255,478,2026-04-21 15:43:14,1588
14436,186,371,2026-04-21 15:46:41,2250
14437,354,193,2026-04-21 16:36:28,585
14438,458,419,2026-04-21 16:47:22,1073
14439,145,346,2026-04-21 17:11:58,1747
14440,358,680,2026-04-21 17:43:36,803
14441,372,564,2026-04-21 17:52:12,1214
14442,317,792,2026-04-21 18:58:56,2180
14443,111,132,2026-04-21 19:09:57,3264
14444,422,138,2026-04-21 19:57:18,3074
14445,120,100,2026-04-21 20:28:56,910
14446,416,35,2026-04-21 20:59:51,833
14447,142,421,2026-04-21 21:41:54,1537
14448,382,431,2026-04-21 23:23:51,3054
14449,375,6,2026-04-21 23:54:01,1369
14450,28,638,2026-04-22 00:23:56,2747
14451,80,577,2026-04-22 00:27:58,2582
14452,146,789,2026-04-22 00:51:12,1577
14453,433,647,2026-04-22 01:07:46,931
14454,145,588,2026-04-22 01:23:29,437
14455,26,55,2026-04-22 02:52:43,686
14456,253,641,2026-04-22 03:19:22,411
14457,113,664,2026-04-22 06:15:24,1753
14458,126,641,2026-04-22 07:03:32,2078
14459,107,412,2026-04-22 07:06:48,1150
14460,320,706,2026-04-22 07:39:40,1967
14461,193,597,2026-04-22 07:43:46,747
14462,346,82,2026-04-22 08:23:55,981
14463,215,276,2026-04-22 08:57:27,2880
14464,26,442,2026-04-22 10:08:10,857
14465,426,27,2026-04-22 11:38:14,1894
14466,292,436,2026-04-22 11:47:58,2649
14467,438,572,2026-04-22 14:33:57,437
14468,432,253,2026-04-22 15:02:46,1185
14469,414,650,2026-04-22 16:25:02,1369
14470,397,75,2026-04-22 16:44:00,90
14471,361,197,2026-04-22 17:59:59,1481
14472,248,298,2026-04-22 18:41:15,2509
14473,68,105,2026-04-22 20:10:17,2582
14474,321,163,2026-04-22 20:45:39,2182
14475,215,8,2026-04-22 21:00:12,896
14476,444,632,2026-04-22 21:18:10,679
14477,13,247,2026-04-22 22:20:00,1728
14478,278,533,2026-04-22 22:52:37,827
14479,152,103,2026-04-23 00:05:19,612
14480,445,365,2026-04-23 00:20:53,2245
14481,239,740,2026-04-23 00:47:05,2862
14482,80,140,2026-04-23 01:26:09,1013
14483,35,446,2026-04-23 02:09:32,143
14484,398,634,2026-04-23 02:52:30,2080
14485,99,555,2026-04-23 03:16:55,3023
14486,30,251,2026-04-23 03:24:13,1765
14487,131,444,2026-04-23 03:28:31,890
14488,72,140,2026-04-23 04:13:17,1180
14489,323,10,2026-04-23 04:28:24,2147
14490,151,691,2026-04-23 05:25:44,2691
14491,367,499,2026-04-23 06:16:56,2859
14492,259,293,2026-04-23 07:55:23,1680
14493,392,586,2026-04-23 07:57:21,1741
14494,414,59,2026-04-23 11:12:10,2696
14495,445,785,2026-04-23 11:39:11,2591
14496,300,231,2026-04-23 11:40:14,1572
14497,34,482,2026-04-23 11:44:03,1643
14498,273,271,2026-04-23 11:57:31,3367
14499,493,774,2026-04-23 12:36:21,687
14500,163,260,2026-04-23 13:20:05,552
14501,490,687,2026-04-23 14:00:21,1202
14502,154,598,2026-04-23 14:30:25,2020
14503,153,650,2026-04-23 14:32:13,2240
14504,448,36,2026-04-23 14:55:32,2262
14505,107,312,2026-04-23 15:04:17,1960
14506,300,329,2026-04-23 15:04:24,473
14507,164,205,2026-04-23 15:15:40,3068
14508,93,162,2026-04-23 15:53:16,3324
14509,148,562,2026-04-23 15:55:55,1658
14510,184,294,2026-04-23 16:26:18,2581
14511,166,352,2026-04-23 18:45:49,1304
14512,180,555,2026-04-23 19:00:40,3495
14513,376,652,2026-04-23 19:11:16,1932
14514,477,275,2026-04-23 19:44:29,2743
14515,382,632,2026-04-23 20:18:09,818
14516,172,217,2026-04-23 21:37:51,2605
14517,64,772,2026-04-23 22:36:30,892
14518,28,546,2026-04-23 23:28:01,904
14519,42,191,2026-04-23 23:39:45,2072
14520,458,780,2026-04-24 00:15:45,2703
14521,72,366,2026-04-24 00:21:07,3000
14522,106,696,2026-04-24 00:28:07,22
14523,340,616,2026-04-24 01:09:21,3349
14524,49,147,2026-04-24 02:30:09,2468
14525,257,98,2026-04-24 02:38:30,45
14526,411,777,2026-04-24 02:49:22,2749
14527,276,491,2026-04-24 04:11:55,38
14528,150,38,2026-04-24 04:16:34,349
14529,285,55,2026-04-24 04:17:20,233
14530,170,532,2026-04-24 04:23:21,2552
14531,319,255,2026-04-24 05:03:37,575
14532,449,248,2026-04-24 05:24:16,3032
14533,198,283,2026-04-24 05:40:06,1638
14534,349,319,2026-04-24 06:01:11,1966
14535,289,147,2026-04-24 06:22:00,167
14536,186,53,2026-04-24 06:40:45,1709
14537,308,90,2026-04-24 07:19:06,3236
14538,30,493,2026-04-24 07:48:20,1233
14539,187,191,2026-04-24 08:04:25,1149
14540,334,415,2026-04-24 10:47:56,2647
14541,69,349,2026-04-24 10:58:32,2317
14542,396,39,2026-04-24 11:22:52,178
14543,188,532,2026-04-24 11:27:39,2585
14544,348,320,2026-04-24 11:47:12,554
14545,33,507,2026-04-24 12:11:09,3079
14546,422,678,2026-04-24 12:11:15,1149
14547,180,239,2026-04-24 13:00:19,3708
14548,207,450,2026-04-24 13:25:12,2749
14549,247,645,2026-04-24 13:31:32,906
14550,480,487,2026-04-24 13:31:57,1759
14551,210,454,2026-04-24 15:30:25,3052
14552,296,591,2026-04-24 15:33:34,1357
14553,17,91,2026-04-24 17:12:18,527
14554,75,179,2026-04-24 18:18:09,1329
14555,314,758,2026-04-24 18:23:40,2861
14556,157,50,2026-04-24 18:52:36,2751
14557,347,238,2026-04-24 18:59:41,1555
14558,438,486,2026-04-24 19:43:28,2661
14559,174,584,2026-04-24 19:58:38,1599
14560,117,389,2026-04-24 20:10:59,2349
14561,422,539,2026-04-24 20:15:15,3055
14562,32,601,2026-04-24 20:23:08,1464
14563,200,292,2026-04-24 21:57:00,431
14564,244,364,2026-04-24 22:19:06,2857
14565,172,727,2026-04-24 22:28:30,2224
14566,392,360,2026-04-24 23:17:39,2966
14567,15,778,2026-04-24 23:26:56,1054
14568,408,478,2026-04-24 23:29:49,1823
14569,210,52,2026-04-25 00:30:39,2388
14570,29,204,2026-04-25 00:58:27,1200
14571,59,660,2026-04-25 01:04:06,2494
14572,323,414,2026-04-25 01:18:34,706
14573,65,524,2026-04-25 01:38:14,2028
14574,239,278,2026-04-25 01:48:01,928
14575,258,702,2026-04-25 01:49:02,718
14576,71,754,2026-04-25 01:49:48,2667
14577,225,750,2026-04-25 01:54:04,1052
14578,21,705,2026-04-25 03:05:02,2110
14579,487,67,2026-04-25 03:27:15,2346
14580,343,400,2026-04-25 03:59:39,2742
14581,434,239,2026-04-25 04:42:24,113
14582,84,579,2026-04-25 04:43:33,3167
14583,229,259,2026-04-25 05:15:06,2509
14584,379,210,2026-04-25 05:23:52,2060
14585,40,63,2026-04-25 07:26:40,1173
14586,388,102,2026-04-25 08:55:43,503
14587,318,126,2026-04-25 10:16:04,2085
14588,489,525,2026-04-25 10:16:22,2907
14589,457,614,2026-04-25 10:57:27,422
14590,151,640,2026-04-25 11:39:39,1476
14591,479,780,2026-04-25 11:48:31,2568
14592,122,212,2026-04-25 12:22:05,1956
14593,206,511,2026-04-25 12:33:19,820
14594,72,697,2026-04-25 12:59:04,1272
14595,339,599,2026-04-25 13:18:46,2258
14596,184,89,2026-04-25 13:48:06,800
14597,76,614,2026-04-25 15:49:50,33
14598,445,174,2026-04-25 16:39:49,711
14599,332,35,2026-04-25 16:50:58,2329
14600,424,675,2026-04-25 17:18:40,471
14601,482,211,2026-04-25 17:53:13,93
14602,321,509,2026-04-25 20:31:44,135
14603,76,745,2026-04-25 20:39:36,1824
14604,76,646,2026-04-25 21:38:54,2521
14605,450,549,2026-04-25 21:57:27,1271
14606,97,195,2026-04-25 22:17:52,2752
14607,15,204,2026-04-25 22:34:43,205
14608,348,773,2026-04-25 22:53:53,2818
14609,41,90,2026-04-25 22:59:30,1071
14610,49,359,2026-04-25 23:40:29,240
14611,8,290,2026-04-26 01:18:20,316
14612,239,501,2026-04-26 03:35:10,1942
14613,480,526,2026-04-26 04:13:52,2353
14614,480,383,2026-04-26 04:20:44,1647
14615,106,686,2026-04-26 04:34:20,831
14616,265,113,2026-04-26 04:37:48,2771
14617,141,164,2026-04-26 05:19:50,2462
14618,225,23,2026-04-26 05:40:59,2149
14619,452,124,2026-04-26 06:00:08,2894
14620,72,66,2026-04-26 06:41:35,1064
14621,334,124,2026-04-26 07:31:14,1206
14622,24,766,2026-04-26 08:12:48,2352
14623,487,516,2026-04-26 08:35:13,975
14624,388,66,2026-04-26 09:08:11,3060
14625,64,385,2026-04-26 09:12:55,113
14626,171,254,2026-04-26 10:33:29,1663
14627,382,524,2026-04-26 11:43:09,2065
14628,121,188,2026-04-26 12:13:50,779
14629,125,729,2026-04-26 12:17:37,2733
14630,306,565,2026-04-26 12:31:40,1125
14631,76,363,2026-04-26 13:09:00,2894
14632,99,725,2026-04-26 14:15:28,2170
14633,81,124,2026-04-26 14:52:52,2928
14634,69,271,2026-04-26 16:22:55,2894
14635,449,770,2026-04-26 16:38:05,2890
14636,53,414,2026-04-26 16:39:20,236
14637,159,789,2026-04-26 17:51:00,1755
14638,93,68,2026-04-26 18:59:50,708
14639,344,716,2026-04-26 19:38:25,3031
14640,363,141,2026-04-26 19:42:03,594
14641,137,429,2026-04-26 19:49:06,2569
14642,13,199,2026-04-26 20:47:24,2171
14643,410,239,2026-04-26 21:10:48,3417
14644,156,557,2026-04-26 21:48:34,305
14645,16,555,2026-04-27 00:37:32,3014
14646,43,503,2026-04-27 00:41:26,730
14647,268,590,2026-04-27 00:46:25,653
14648,366,269,2026-04-27 00:59:30,2646
14649,415,547,2026-04-27 01:08:59,1937
14650,305,628,2026-04-27 01:18:35,1042
14651,499,661,2026-04-27 01:26:57,1025
14652,27,614,2026-04-27 01:53:08,1048
14653,263,139,2026-04-27 02:11:27,904
14654,75,72,2026-04-27 02:34:00,1061
14655,35,675,2026-04-27 03:05:32,1096
14656,380,211,2026-04-27 03:27:15,737
14657,51,351,2026-04-27 04:47:12,1862
14658,444,600,2026-04-27 06:07:56,2054
14659,205,786,2026-04-27 06:28:38,3058
14660,98,106,2026-04-27 07:53:42,2705
14661,430,533,2026-04-27 07:54:15,481
14662,190,660,2026-04-27 08:29:02,2154
14663,406,297,2026-04-27 09:45:14,906
14664,403,698,2026-04-27 11:23:28,1730
14665,142,404,2026-04-27 11:42:10,3378
14666,265,726,2026-04-27 12:14:18,780
14667,418,609,2026-04-27 12:32:57,763
14668,355,748,2026-04-27 13:02:13,659
14669,485,678,2026-04-27 13:46:43,1214
14670,370,377,2026-04-27 13:57:59,900
14671,416,161,2026-04-27 15:10:13,375
14672,165,712,2026-04-27 18:08:01,1170
14673,369,797,2026-04-27 18:10:37,941
14674,113,321,2026-04-27 19:18:13,2682
14675,279,181,2026-04-27 20:45:50,363
14676,232,713,2026-04-27 20:54:46,342
14677,474,668,2026-04-27 21:07:16,1487
14678,190,227,2026-04-27 23:35:22,1918
14679,360,506,2026-04-28 00:51:06,3195
14680,198,410,2026-04-28 00:57:42,2326
14681,412,787,2026-04-28 01:20:40,2903
14682,456,286,2026-04-28 01:33:13,2740
14683,489,782,2026-04-28 02:03:26,2885
14684,233,67,2026-04-28 02:07:52,2201
14685,457,366,2026-04-28 02:56:41,1798
14686,187,341,2026-04-28 03:44:19,2715
14687,228,418,2026-04-28 05:47:39,2077
14688,430,8,2026-04-28 06:16:31,77
14689,352,325,2026-04-28 06:46:47,688
14690,130,21,2026-04-28 07:02:24,622
14691,454,610,2026-04-28 08:13:38,569
14692,231,10,2026-04-28 09:53:20,2463
14693,110,233,2026-04-28 10:16:14,1477
14694,86,200,2026-04-28 11:04:20,1079
14695,67,253,2026-04-28 12:20:42,1267
14696,381,483,2026-04-28 12:27:35,79
14697,482,78,2026-04-28 13:12:06,1194
14698,268,602,2026-04-28 13:17:28,1803
14699,361,746,2026-04-28 13:40:31,2987
14700,171,791,2026-04-28 13:48:57,2251
14701,287,292,2026-04-28 14:45:28,43
14702,387,64,2026-04-28 15:36:36,2801
14703,401,7,2026-04-28 16:30:02,1359
14704,48,582,2026-04-28 16:51:03,596
14705,113,133,2026-04-28 17:11:51,533
14706,470,337,2026-04-28 17:14:56,309
14707,431,253,2026-04-28 17:27:21,1123
14708,440,767,2026-04-28 18:31:38,786
14709,343,251,2026-04-28 18:35:03,2744
14710,121,249,2026-04-28 19:01:47,1143
14711,250,210,2026-04-28 19:03:19,1991
14712,31,335,2026-04-28 19:05:23,1119
14713,426,600,2026-04-28 20:27:55,1923
14714,383,516,2026-04-28 20:48:53,601
14715,166,630,2026-04-28 20:54:47,2990
14716,141,414,2026-04-28 21:40:44,1807
14717,237,204,2026-04-28 23:45:35,125
14718,238,40,2026-04-28 23:47:57,1494
14719,428,144,2026-04-28 23:52:06,3511
14720,475,685,2026-04-29 00:06:29,662
14721,73,636,2026-04-29 00:06:47,871
14722,110,201,2026-04-29 00:44:42,2646
14723,294,246,2026-04-29 02:15:09,1078
14724,402,42,2026-04-29 03:25:51,594
14725,233,441,2026-04-29 03:30:19,1815
14726,301,101,2026-04-29 03:34:28,2736
14727,403,340,2026-04-29 03:43:09,2125
14728,111,103,2026-04-29 04:24:29,40
14729,381,72,2026-04-29 04:30:18,1248
14730,444,187,2026-04-29 04:33:36,2031
14731,37,578,2026-04-29 04:55:22,120
14732,60,226,2026-04-29 05:19:34,646
14733,329,764,2026-04-29 05:53:01,248
14734,451,484,2026-04-29 06:27:42,194
14735,386,596,2026-04-29 06:50:30,2658
14736,130,91,2026-04-29 06:58:21,690
14737,490,677,2026-04-29 07:10:23,1379
14738,372,400,2026-04-29 07:31:42,2663
14739,321,40,2026-04-29 07:45:38,2551
14740,159,10,2026-04-29 08:28:41,2157
14741,292,188,2026-04-29 08:46:52,867
14742,109,43,2026-04-29 10:05:34,2431
14743,372,638,2026-04-29 10:13:07,3236
14744,182,416,2026-04-29 11:24:53,1108
14745,14,481,2026-04-29 11:30:17,868
14746,154,680,2026-04-29 11:34:57,849
14747,315,385,2026-04-29 11:38:15,545
14748,41,452,2026-04-29 12:36:31,2019
14749,462,187,2026-04-29 13:24:09,2008
14750,232,241,2026-04-29 13:43:26,2466
14751,72,424,2026-04-29 14:34:54,549
14752,217,115,2026-04-29 14:45:24,2976
14753,33,198,2026-04-29 15:08:22,1170
14754,270,107,2026-04-29 15:14:54,703
14755,184,158,2026-04-29 15:17:48,1080
14756,161,465,2026-04-29 15:23:54,1573
14757,92,74,2026-04-29 16:09:14,2859
14758,451,668,2026-04-29 16:15:14,1364
14759,203,94,2026-04-29 16:35:43,593
14760,169,469,2026-04-29 17:29:27,1855
14761,113,85,2026-04-29 17:43:59,1055
14762,491,637,2026-04-29 18:15:40,31
14763,223,360,2026-04-29 19:10:44,2437
14764,424,243,2026-04-29 20:10:51,383
14765,14,434,2026-04-29 20:40:04,2229
14766,84,194,2026-04-29 21:14:18,664
14767,329,296,2026-04-29 22:25:00,1207
14768,423,10,2026-04-29 22:34:53,1405
14769,152,514,2026-04-29 22:37:47,1409
14770,207,495,2026-04-29 22:51:40,1067
14771,122,145,2026-04-29 23:46:45,780
14772,459,760,2026-04-29 23:50:30,2764
14773,166,149,2026-04-30 00:35:51,285
14774,311,305,2026-04-30 00:53:06,343
14775,11,129,2026-04-30 01:19:29,1669
14776,14,578,2026-04-30 03:05:57,2938
14777,110,646,2026-04-30 03:39:00,2232
14778,494,482,2026-04-30 03:43:01,2301
14779,267,759,2026-04-30 04:00:10,2034
14780,316,197,2026-04-30 04:02:52,635
14781,267,17,2026-04-30 04:23:46,1440
14782,5,123,2026-04-30 05:13:19,1185
14783,179,285,2026-04-30 05:21:46,3025
14784,39,429,2026-04-30 06:12:20,2687
14785,264,126,2026-04-30 06:29:14,2021
14786,372,15,2026-04-30 08:19:01,1271
14787,4,119,2026-04-30 08:28:24,1037
14788,493,543,2026-04-30 08:37:31,520
14789,374,59,2026-04-30 08:40:17,2551
14790,319,341,2026-04-30 10:52:38,2080
14791,287,554,2026-04-30 11:16:06,2044
14792,411,503,2026-04-30 11:29:52,563
14793,14,315,2026-04-30 11:52:58,3018
14794,335,306,2026-04-30 12:04:43,1207
14795,366,729,2026-04-30 13:17:54,1116
14796,282,512,2026-04-30 13:32:20,542
14797,86,103,2026-04-30 13:39:44,1769
14798,152,204,2026-04-30 14:06:40,1378
14799,436,516,2026-04-30 14:24:41,1384
14800,260,98,2026-04-30 14:41:24,1915
14801,108,721,2026-04-30 14:43:42,1791
14802,491,334,2026-04-30 14:51:50,941
14803,432,542,2026-04-30 14:52:03,693
14804,356,259,2026-04-30 16:11:26,419
14805,460,483,2026-04-30 16:23:56,794
14806,66,585,2026-04-30 16:39:45,623
14807,96,772,2026-04-30 17:41:48,911
14808,74,241,2026-04-30 17:54:51,2260
14809,337,236,2026-04-30 18:55:53,2031
14810,269,514,2026-04-30 20:03:58,1604
14811,31,695,2026-04-30 20:20:38,1410
14812,30,651,2026-04-30 20:24:04,1225
14813,59,32,2026-04-30 20:29:36,768
14814,13,396,2026-04-30 20:38:40,1594
14815,243,704,2026-04-30 20:45:14,1827
14816,125,563,2026-04-30 22:03:47,1744
14817,106,413,2026-04-30 22:16:59,2628
14818,172,730,2026-04-30 23:10:08,2370
14819,440,174,2026-05-01 01:41:50,669
14820,371,274,2026-05-01 02:12:57,2542
14821,225,760,2026-05-01 02:53:08,1870
14822,284,55,2026-05-01 03:09:25,1158
14823,453,91,2026-05-01 03:31:47,618
14824,451,552,2026-05-01 03:43:26,1168
14825,360,135,2026-05-01 05:34:39,2961
14826,254,10,2026-05-01 06:53:37,2135
14827,18,178,2026-05-01 07:06:01,2351
14828,82,575,2026-05-01 07:13:48,2873
14829,452,619,2026-05-01 07:38:56,1017
14830,485,566,2026-05-01 08:06:51,2987
14831,115,714,2026-05-01 08:12:49,1843
14832,298,22,2026-05-01 09:04:47,1389
14833,39,434,2026-05-01 10:35:12,2327
14834,334,227,2026-05-01 12:17:50,30
14835,43,556,2026-05-01 12:41:16,1553
14836,388,497,2026-05-01 15:19:55,2012
14837,12,226,2026-05-01 15:20:14,585
14838,50,496,2026-05-01 16:40:32,3217
14839,466,23,2026-05-01 17:41:06,2470
14840,125,146,2026-05-01 17:41:26,922
14841,128,407,2026-05-01 18:00:16,477
14842,228,411,2026-05-01 18:14:42,2211
14843,360,474,2026-05-01 18:14:46,1386
14844,309,249,2026-05-01 18:38:10,696
14845,257,793,2026-05-01 19:03:42,3053
14846,482,534,2026-05-01 19:23:38,2893
14847,476,400,2026-05-01 21:09:06,1197
14848,252,289,2026-05-01 21:58:34,429
14849,300,59,2026-05-01 22:12:50,2842
14850,131,146,2026-05-01 22:17:27,1045
14851,210,227,2026-05-01 22:33:59,1663
14852,108,7,2026-05-01 23:03:00,1502
14853,158,346,2026-05-01 23:47:18,1805
14854,200,12,2026-05-01 23:51:26,52
14855,402,174,2026-05-02 00:23:23,716
14856,387,445,2026-05-02 00:54:18,3132
14857,252,200,2026-05-02 01:18:01,1192
14858,236,128,2026-05-02 02:14:26,38
14859,210,361,2026-05-02 02:36:11,816
14860,244,138,2026-05-02 04:08:13,1171
14861,349,301,2026-05-02 04:11:32,2485
14862,229,405,2026-05-02 04:56:12,717
14863,203,775,2026-05-02 05:01:28,2818
14864,154,234,2026-05-02 05:18:10,2441
14865,439,453,2026-05-02 05:26:34,1843
14866,204,724,2026-05-02 05:39:49,2708
14867,229,563,2026-05-02 06:02:08,1655
14868,489,6,2026-05-02 06:20:43,1739
14869,253,509,2026-05-02 07:05:00,917
14870,497,259,2026-05-02 08:45:00,333
14871,16,406,2026-05-02 09:06:32,2594
14872,179,88,2026-05-02 09:22:48,3078
14873,64,89,2026-05-02 10:36:14,1413
14874,408,182,2026-05-02 11:15:14,2062
14875,64,646,2026-05-02 11:33:44,969
14876,6,791,2026-05-02 11:38:51,2128
14877,312,225,2026-05-02 12:21:23,3039
14878,404,748,2026-05-02 12:33:32,235
14879,198,678,2026-05-02 12:39:41,1278
14880,434,693,2026-05-02 13:26:57,2183
14881,163,762,2026-05-02 13:38:31,2048
14882,231,537,2026-05-02 14:35:23,2327
14883,37,181,2026-05-02 14:54:38,585
14884,298,25,2026-05-02 15:16:27,2130
14885,214,558,2026-05-02 15:33:56,2928
14886,394,658,2026-05-02 15:40:13,1944
14887,63,119,2026-05-02 15:40:55,3057
14888,490,684,2026-05-02 15:47:23,2082
14889,156,10,2026-05-02 16:30:53,78
14890,183,145,2026-05-02 17:30:34,48
14891,246,434,2026-05-02 18:37:18,2268
14892,404,104,2026-05-02 19:01:20,1818
14893,149,362,2026-05-02 19:22:45,1395
14894,105,126,2026-05-02 19:52:21,225
14895,155,449,2026-05-02 19:59:31,2264
14896,241,455,2026-05-02 20:40:08,2071
14897,296,420,2026-05-02 21:15:33,856
14898,85,493,2026-05-02 21:21:55,1293
14899,292,549,2026-05-02 21:31:09,1287
14900,30,629,2026-05-02 22:16:27,1153
14901,462,374,2026-05-03 02:13:05,18
14902,233,367,2026-05-03 03:43:51,3217
14903,446,736,2026-05-03 03:54:06,87
14904,281,471,2026-05-03 04:07:04,359
14905,404,762,2026-05-03 04:54:35,2435
14906,99,281,2026-05-03 05:03:21,121
14907,101,552,2026-05-03 05:06:13,1925
14908,103,55,2026-05-03 05:34:47,470
14909,346,650,2026-05-03 05:35:18,1615
14910,12,47,2026-05-03 06:19:22,983
14911,261,546,2026-05-03 06:49:47,1148
14912,410,296,2026-05-03 06:56:18,354
14913,279,320,2026-05-03 07:18:02,581
14914,225,289,2026-05-03 07:27:06,862
14915,297,171,2026-05-03 07:57:10,1602
14916,278,203,2026-05-03 07:58:53,1915
14917,455,353,2026-05-03 08:06:44,855
14918,193,130,2026-05-03 08:40:16,2625
14919,239,784,2026-05-03 08:52:36,2492
14920,299,184,2026-05-03 09:17:22,1284
14921,331,375,2026-05-03 09:50:10,866
14922,197,711,2026-05-03 10:30:38,1125
14923,373,628,2026-05-03 10:48:00,1030
14924,375,531,2026-05-03 11:09:52,764
14925,209,447,2026-05-03 11:37:16,1014
14926,459,224,2026-05-03 11:54:16,2322
14927,244,566,2026-05-03 12:07:05,2796
14928,444,534,2026-05-03 12:48:04,65
14929,333,96,2026-05-03 12:49:59,848
14930,382,385,2026-05-03 14:00:06,761
14931,75,52,2026-05-03 14:45:50,2265
14932,166,652,2026-05-03 14:53:50,1849
14933,273,229,2026-05-03 15:23:27,1451
14934,499,459,2026-05-03 15:25:29,539
14935,93,453,2026-05-03 16:41:44,2031
14936,356,467,2026-05-03 16:44:36,53
14937,477,634,2026-05-03 17:04:22,332
14938,316,172,2026-05-03 17:34:03,1494
14939,488,725,2026-05-03 17:35:48,2367
14940,167,448,2026-05-03 17:51:11,962
14941,313,244,2026-05-03 18:59:03,2952
14942,221,503,2026-05-03 19:34:46,716
14943,352,262,2026-05-03 19:56:55,1980
14944,289,750,2026-05-03 20:08:17,1081
14945,88,24,2026-05-03 20:38:34,1857
14946,92,117,2026-05-04 02:19:48,2843
14947,343,694,2026-05-04 03:09:37,1064
14948,281,583,2026-05-04 03:15:35,979
14949,143,17,2026-05-04 03:33:01,1508
14950,164,298,2026-05-04 04:43:37,2194
14951,197,800,2026-05-04 05:23:37,882
14952,298,745,2026-05-04 05:47:49,1860
14953,457,386,2026-05-04 06:14:05,1988
14954,230,284,2026-05-04 06:31:48,808
14955,257,643,2026-05-04 08:33:09,1355
14956,14,10,2026-05-04 08:51:32,977
14957,324,794,2026-05-04 09:02:16,3314
14958,11,640,2026-05-04 09:04:54,2157
14959,101,74,2026-05-04 09:05:34,1400
14960,443,255,2026-05-04 10:18:39,546
14961,104,561,2026-05-04 10:23:19,291
14962,324,287,2026-05-04 10:43:17,1649
14963,180,84,2026-05-04 10:54:00,1154
14964,124,792,2026-05-04 11:04:35,2172
14965,78,357,2026-05-04 11:43:36,346
14966,234,729,2026-05-04 11:43:45,113
14967,389,226,2026-05-04 11:51:00,706
14968,9,594,2026-05-04 12:00:57,135
14969,476,401,2026-05-04 13:49:44,1778
14970,360,86,2026-05-04 14:41:39,2219
14971,458,344,2026-05-04 15:17:59,2592
14972,355,137,2026-05-04 15:26:07,2812
14973,315,14,2026-05-04 16:19:21,732
14974,158,668,2026-05-04 17:23:24,1451
14975,154,342,2026-05-04 17:27:16,1114
14976,437,692,2026-05-04 18:09:58,71
14977,468,590,2026-05-04 18:51:39,714
14978,146,419,2026-05-04 20:25:11,921
14979,15,394,2026-05-04 20:53:44,1638
14980,467,505,2026-05-04 21:36:59,1081
14981,249,185,2026-05-04 22:32:02,1393
14982,277,560,2026-05-05 00:38:54,2120
14983,397,347,2026-05-05 00:39:40,3065
14984,200,563,2026-05-05 02:51:35,1677
14985,228,214,2026-05-05 02:57:43,2246
14986,53,551,2026-05-05 04:06:58,1788
14987,315,696,2026-05-05 04:33:43,1170
14988,310,518,2026-05-05 04:51:27,2014
14989,369,511,2026-05-05 05:11:40,2457
14990,126,732,2026-05-05 06:18:51,2761
14991,169,421,2026-05-05 08:03:20,1380
14992,468,368,2026-05-05 08:11:58,1622
14993,493,398,2026-05-05 09:31:05,2154
14994,435,776,2026-05-05 09:48:19,2412
14995,125,666,2026-05-05 10:09:13,2498
14996,61,10,2026-05-05 10:31:47,2457
14997,481,648,2026-05-05 10:53:34,1657
14998,2,24,2026-05-05 11:10:46,262
14999,2,48,2026-05-05 12:08:09,1753
